ISO-10303-21;
HEADER;
FILE_DESCRIPTION(('Aetheris AP242 subset export'),'2;1');
FILE_NAME('aetheris_export.step','1970-01-01T00:00:00',('Aetheris'),('Aetheris'),'Aetheris.Kernel','Aetheris.Kernel','');
FILE_SCHEMA(('AP242_MANAGED_MODEL_BASED_3D_ENGINEERING_MIM_LF'));
ENDSEC;
DATA;
#1=CARTESIAN_POINT($,(0,0,0));
#2=DIRECTION($,(0,0,-1));
#3=DIRECTION($,(1,0,0));
#4=AXIS2_PLACEMENT_3D($,#1,#2,#3);
#5=PLANE($,#4);
#6=CARTESIAN_POINT($,(402.051790441049,248.351340352839,0));
#7=VERTEX_POINT($,#6);
#8=CARTESIAN_POINT($,(402.051790441049,261.051340352839,0));
#9=VERTEX_POINT($,#8);
#10=CARTESIAN_POINT($,(402.051790441049,248.351340352839,0));
#11=DIRECTION($,(0,1,0));
#12=VECTOR($,#11,1);
#13=LINE($,#10,#12);
#14=EDGE_CURVE($,#7,#9,#13,.T.);
#15=ORIENTED_EDGE($,$,$,#14,.T.);
#16=CARTESIAN_POINT($,(414.751790441049,261.051340352839,-0));
#17=VERTEX_POINT($,#16);
#18=CARTESIAN_POINT($,(402.051790441049,261.051340352839,0));
#19=DIRECTION($,(1,0,0));
#20=VECTOR($,#19,1);
#21=LINE($,#18,#20);
#22=EDGE_CURVE($,#9,#17,#21,.T.);
#23=ORIENTED_EDGE($,$,$,#22,.T.);
#24=CARTESIAN_POINT($,(414.751790441049,362.651340352839,-0));
#25=VERTEX_POINT($,#24);
#26=CARTESIAN_POINT($,(414.751790441049,261.051340352839,-0));
#27=DIRECTION($,(0,1,0));
#28=VECTOR($,#27,1);
#29=LINE($,#26,#28);
#30=EDGE_CURVE($,#17,#25,#29,.T.);
#31=ORIENTED_EDGE($,$,$,#30,.T.);
#32=CARTESIAN_POINT($,(402.051790441049,362.651340352839,0));
#33=VERTEX_POINT($,#32);
#34=CARTESIAN_POINT($,(414.751790441049,362.651340352839,-0));
#35=DIRECTION($,(-1,0,0));
#36=VECTOR($,#35,1);
#37=LINE($,#34,#36);
#38=EDGE_CURVE($,#25,#33,#37,.T.);
#39=ORIENTED_EDGE($,$,$,#38,.T.);
#40=CARTESIAN_POINT($,(402.051790441049,375.351340352839,-0));
#41=VERTEX_POINT($,#40);
#42=CARTESIAN_POINT($,(402.051790441049,362.651340352839,0));
#43=DIRECTION($,(0,1,0));
#44=VECTOR($,#43,1);
#45=LINE($,#42,#44);
#46=EDGE_CURVE($,#33,#41,#45,.T.);
#47=ORIENTED_EDGE($,$,$,#46,.T.);
#48=CARTESIAN_POINT($,(353.537790441049,375.351340352839,0));
#49=VERTEX_POINT($,#48);
#50=CARTESIAN_POINT($,(402.051790441049,375.351340352839,-0));
#51=DIRECTION($,(-1,0,0));
#52=VECTOR($,#51,1);
#53=LINE($,#50,#52);
#54=EDGE_CURVE($,#41,#49,#53,.T.);
#55=ORIENTED_EDGE($,$,$,#54,.T.);
#56=CARTESIAN_POINT($,(347.802420352839,375.351340352839,0));
#57=VERTEX_POINT($,#56);
#58=CARTESIAN_POINT($,(353.537790441049,375.351340352839,0));
#59=DIRECTION($,(-1,0,0));
#60=VECTOR($,#59,1);
#61=LINE($,#58,#60);
#62=EDGE_CURVE($,#49,#57,#61,.T.);
#63=ORIENTED_EDGE($,$,$,#62,.T.);
#64=CARTESIAN_POINT($,(347.802420352839,485.358740352839,-0));
#65=VERTEX_POINT($,#64);
#66=CARTESIAN_POINT($,(347.802420352839,375.351340352839,0));
#67=DIRECTION($,(0,1,0));
#68=VECTOR($,#67,1);
#69=LINE($,#66,#68);
#70=EDGE_CURVE($,#57,#65,#69,.T.);
#71=ORIENTED_EDGE($,$,$,#70,.T.);
#72=CARTESIAN_POINT($,(318.691480352839,485.358740352839,0));
#73=VERTEX_POINT($,#72);
#74=CARTESIAN_POINT($,(347.802420352839,485.358740352839,-0));
#75=DIRECTION($,(-1,0,0));
#76=VECTOR($,#75,1);
#77=LINE($,#74,#76);
#78=EDGE_CURVE($,#65,#73,#77,.T.);
#79=ORIENTED_EDGE($,$,$,#78,.T.);
#80=CARTESIAN_POINT($,(307.22074017642,485.35874035284,0));
#81=VERTEX_POINT($,#80);
#82=CARTESIAN_POINT($,(318.691480352839,485.358740352839,0));
#83=DIRECTION($,(-1,0,0));
#84=VECTOR($,#83,1);
#85=LINE($,#82,#84);
#86=EDGE_CURVE($,#73,#81,#85,.T.);
#87=ORIENTED_EDGE($,$,$,#86,.T.);
#88=CARTESIAN_POINT($,(307.22074017642,492.266701934679,-0));
#89=VERTEX_POINT($,#88);
#90=CARTESIAN_POINT($,(307.22074017642,485.35874035284,0));
#91=DIRECTION($,(0,1,0));
#92=VECTOR($,#91,1);
#93=LINE($,#90,#92);
#94=EDGE_CURVE($,#81,#89,#93,.T.);
#95=ORIENTED_EDGE($,$,$,#94,.T.);
#96=CARTESIAN_POINT($,(302.057092906805,487.103054665064,0));
#97=VERTEX_POINT($,#96);
#98=CARTESIAN_POINT($,(307.22074017642,492.266701934679,-0));
#99=DIRECTION($,(-0.707106781186548,-0.707106781186548,0));
#100=VECTOR($,#99,1);
#101=LINE($,#98,#100);
#102=EDGE_CURVE($,#89,#97,#101,.T.);
#103=ORIENTED_EDGE($,$,$,#102,.T.);
#104=CARTESIAN_POINT($,(300.710054488645,488.450093083225,0));
#105=VERTEX_POINT($,#104);
#106=CARTESIAN_POINT($,(302.057092906805,487.103054665064,0));
#107=DIRECTION($,(-0.707106781186533,0.707106781186562,0));
#108=VECTOR($,#107,1);
#109=LINE($,#106,#108);
#110=EDGE_CURVE($,#97,#105,#109,.T.);
#111=ORIENTED_EDGE($,$,$,#110,.T.);
#112=CARTESIAN_POINT($,(305.873701758259,493.613740352839,-0));
#113=VERTEX_POINT($,#112);
#114=CARTESIAN_POINT($,(300.710054488645,488.450093083225,0));
#115=DIRECTION($,(0.707106781186544,0.707106781186551,0));
#116=VECTOR($,#115,1);
#117=LINE($,#114,#116);
#118=EDGE_CURVE($,#105,#113,#117,.T.);
#119=ORIENTED_EDGE($,$,$,#118,.T.);
#120=CARTESIAN_POINT($,(298.96574017642,493.613740352839,0));
#121=VERTEX_POINT($,#120);
#122=CARTESIAN_POINT($,(305.873701758259,493.613740352839,-0));
#123=DIRECTION($,(-1,0,0));
#124=VECTOR($,#123,1);
#125=LINE($,#122,#124);
#126=EDGE_CURVE($,#113,#121,#125,.T.);
#127=ORIENTED_EDGE($,$,$,#126,.T.);
#128=CARTESIAN_POINT($,(298.96574017642,505.084480529259,0));
#129=VERTEX_POINT($,#128);
#130=CARTESIAN_POINT($,(298.96574017642,493.613740352839,0));
#131=DIRECTION($,(0,1,0));
#132=VECTOR($,#131,1);
#133=LINE($,#130,#132);
#134=EDGE_CURVE($,#121,#129,#133,.T.);
#135=ORIENTED_EDGE($,$,$,#134,.T.);
#136=CARTESIAN_POINT($,(298.96574017642,566.677020529259,0));
#137=VERTEX_POINT($,#136);
#138=CARTESIAN_POINT($,(298.96574017642,505.084480529259,0));
#139=DIRECTION($,(0,1,0));
#140=VECTOR($,#139,1);
#141=LINE($,#138,#140);
#142=EDGE_CURVE($,#129,#137,#141,.T.);
#143=ORIENTED_EDGE($,$,$,#142,.T.);
#144=CARTESIAN_POINT($,(298.96574017642,578.147760705679,0));
#145=VERTEX_POINT($,#144);
#146=CARTESIAN_POINT($,(298.96574017642,566.677020529259,0));
#147=DIRECTION($,(0,1,0));
#148=VECTOR($,#147,1);
#149=LINE($,#146,#148);
#150=EDGE_CURVE($,#137,#145,#149,.T.);
#151=ORIENTED_EDGE($,$,$,#150,.T.);
#152=CARTESIAN_POINT($,(298.96574017642,622.597760705679,-0));
#153=VERTEX_POINT($,#152);
#154=CARTESIAN_POINT($,(298.96574017642,578.147760705679,0));
#155=DIRECTION($,(0,1,0));
#156=VECTOR($,#155,1);
#157=LINE($,#154,#156);
#158=EDGE_CURVE($,#145,#153,#157,.T.);
#159=ORIENTED_EDGE($,$,$,#158,.T.);
#160=CARTESIAN_POINT($,(74.1757401764197,622.597760705679,-0));
#161=VERTEX_POINT($,#160);
#162=CARTESIAN_POINT($,(298.96574017642,622.597760705679,-0));
#163=DIRECTION($,(-1,0,0));
#164=VECTOR($,#163,1);
#165=LINE($,#162,#164);
#166=EDGE_CURVE($,#153,#161,#165,.T.);
#167=ORIENTED_EDGE($,$,$,#166,.T.);
#168=CARTESIAN_POINT($,(74.1757401764197,578.147760705679,0));
#169=VERTEX_POINT($,#168);
#170=CARTESIAN_POINT($,(74.1757401764197,622.597760705679,-0));
#171=DIRECTION($,(0,-1,0));
#172=VECTOR($,#171,1);
#173=LINE($,#170,#172);
#174=EDGE_CURVE($,#161,#169,#173,.T.);
#175=ORIENTED_EDGE($,$,$,#174,.T.);
#176=CARTESIAN_POINT($,(74.1757401764197,566.677020529259,0));
#177=VERTEX_POINT($,#176);
#178=CARTESIAN_POINT($,(74.1757401764197,578.147760705679,0));
#179=DIRECTION($,(0,-1,0));
#180=VECTOR($,#179,1);
#181=LINE($,#178,#180);
#182=EDGE_CURVE($,#169,#177,#181,.T.);
#183=ORIENTED_EDGE($,$,$,#182,.T.);
#184=CARTESIAN_POINT($,(74.1757401764197,505.084480529259,0));
#185=VERTEX_POINT($,#184);
#186=CARTESIAN_POINT($,(74.1757401764197,566.677020529259,0));
#187=DIRECTION($,(0,-1,0));
#188=VECTOR($,#187,1);
#189=LINE($,#186,#188);
#190=EDGE_CURVE($,#177,#185,#189,.T.);
#191=ORIENTED_EDGE($,$,$,#190,.T.);
#192=CARTESIAN_POINT($,(74.1757401764197,493.613740352839,0));
#193=VERTEX_POINT($,#192);
#194=CARTESIAN_POINT($,(74.1757401764197,505.084480529259,0));
#195=DIRECTION($,(0,-1,0));
#196=VECTOR($,#195,1);
#197=LINE($,#194,#196);
#198=EDGE_CURVE($,#185,#193,#197,.T.);
#199=ORIENTED_EDGE($,$,$,#198,.T.);
#200=CARTESIAN_POINT($,(67.2677785945802,493.613740352839,-0));
#201=VERTEX_POINT($,#200);
#202=CARTESIAN_POINT($,(74.1757401764197,493.613740352839,0));
#203=DIRECTION($,(-1,0,0));
#204=VECTOR($,#203,1);
#205=LINE($,#202,#204);
#206=EDGE_CURVE($,#193,#201,#205,.T.);
#207=ORIENTED_EDGE($,$,$,#206,.T.);
#208=CARTESIAN_POINT($,(72.4314258641949,488.450093083225,0));
#209=VERTEX_POINT($,#208);
#210=CARTESIAN_POINT($,(67.2677785945802,493.613740352839,-0));
#211=DIRECTION($,(0.707106781186545,-0.70710678118655,0));
#212=VECTOR($,#211,1);
#213=LINE($,#210,#212);
#214=EDGE_CURVE($,#201,#209,#213,.T.);
#215=ORIENTED_EDGE($,$,$,#214,.T.);
#216=CARTESIAN_POINT($,(71.0843874460345,487.103054665064,0));
#217=VERTEX_POINT($,#216);
#218=CARTESIAN_POINT($,(72.4314258641949,488.450093083225,0));
#219=DIRECTION($,(-0.707106781186536,-0.707106781186559,0));
#220=VECTOR($,#219,1);
#221=LINE($,#218,#220);
#222=EDGE_CURVE($,#209,#217,#221,.T.);
#223=ORIENTED_EDGE($,$,$,#222,.T.);
#224=CARTESIAN_POINT($,(65.9207401764197,492.266701934679,-0));
#225=VERTEX_POINT($,#224);
#226=CARTESIAN_POINT($,(71.0843874460345,487.103054665064,0));
#227=DIRECTION($,(-0.707106781186545,0.70710678118655,0));
#228=VECTOR($,#227,1);
#229=LINE($,#226,#228);
#230=EDGE_CURVE($,#217,#225,#229,.T.);
#231=ORIENTED_EDGE($,$,$,#230,.T.);
#232=CARTESIAN_POINT($,(65.9207401764197,485.35874035284,0));
#233=VERTEX_POINT($,#232);
#234=CARTESIAN_POINT($,(65.9207401764197,492.266701934679,-0));
#235=DIRECTION($,(0,-1,0));
#236=VECTOR($,#235,1);
#237=LINE($,#234,#236);
#238=EDGE_CURVE($,#225,#233,#237,.T.);
#239=ORIENTED_EDGE($,$,$,#238,.T.);
#240=CARTESIAN_POINT($,(54.45,485.35874035284,0));
#241=VERTEX_POINT($,#240);
#242=CARTESIAN_POINT($,(65.9207401764197,485.35874035284,0));
#243=DIRECTION($,(-1,0,0));
#244=VECTOR($,#243,1);
#245=LINE($,#242,#244);
#246=EDGE_CURVE($,#233,#241,#245,.T.);
#247=ORIENTED_EDGE($,$,$,#246,.T.);
#248=CARTESIAN_POINT($,(10,485.35874035284,-0));
#249=VERTEX_POINT($,#248);
#250=CARTESIAN_POINT($,(54.45,485.35874035284,0));
#251=DIRECTION($,(-1,0,0));
#252=VECTOR($,#251,1);
#253=LINE($,#250,#252);
#254=EDGE_CURVE($,#241,#249,#253,.T.);
#255=ORIENTED_EDGE($,$,$,#254,.T.);
#256=CARTESIAN_POINT($,(10,133.568740352839,-0));
#257=VERTEX_POINT($,#256);
#258=CARTESIAN_POINT($,(10,485.35874035284,-0));
#259=DIRECTION($,(0,-1,0));
#260=VECTOR($,#259,1);
#261=LINE($,#258,#260);
#262=EDGE_CURVE($,#249,#257,#261,.T.);
#263=ORIENTED_EDGE($,$,$,#262,.T.);
#264=CARTESIAN_POINT($,(54.45,133.568740352839,0));
#265=VERTEX_POINT($,#264);
#266=CARTESIAN_POINT($,(10,133.568740352839,-0));
#267=DIRECTION($,(1,0,0));
#268=VECTOR($,#267,1);
#269=LINE($,#266,#268);
#270=EDGE_CURVE($,#257,#265,#269,.T.);
#271=ORIENTED_EDGE($,$,$,#270,.T.);
#272=CARTESIAN_POINT($,(65.9207401764197,133.568740352839,0));
#273=VERTEX_POINT($,#272);
#274=CARTESIAN_POINT($,(54.45,133.568740352839,0));
#275=DIRECTION($,(1,0,0));
#276=VECTOR($,#275,1);
#277=LINE($,#274,#276);
#278=EDGE_CURVE($,#265,#273,#277,.T.);
#279=ORIENTED_EDGE($,$,$,#278,.T.);
#280=CARTESIAN_POINT($,(65.9207401764197,126.660778771,-0));
#281=VERTEX_POINT($,#280);
#282=CARTESIAN_POINT($,(65.9207401764197,133.568740352839,0));
#283=DIRECTION($,(0,-1,0));
#284=VECTOR($,#283,1);
#285=LINE($,#282,#284);
#286=EDGE_CURVE($,#273,#281,#285,.T.);
#287=ORIENTED_EDGE($,$,$,#286,.T.);
#288=CARTESIAN_POINT($,(71.0843874460345,131.824426040615,0));
#289=VERTEX_POINT($,#288);
#290=CARTESIAN_POINT($,(65.9207401764197,126.660778771,-0));
#291=DIRECTION($,(0.707106781186548,0.707106781186548,0));
#292=VECTOR($,#291,1);
#293=LINE($,#290,#292);
#294=EDGE_CURVE($,#281,#289,#293,.T.);
#295=ORIENTED_EDGE($,$,$,#294,.T.);
#296=CARTESIAN_POINT($,(72.4314258641949,130.477387622454,0));
#297=VERTEX_POINT($,#296);
#298=CARTESIAN_POINT($,(71.0843874460345,131.824426040615,0));
#299=DIRECTION($,(0.707106781186551,-0.707106781186544,0));
#300=VECTOR($,#299,1);
#301=LINE($,#298,#300);
#302=EDGE_CURVE($,#289,#297,#301,.T.);
#303=ORIENTED_EDGE($,$,$,#302,.T.);
#304=CARTESIAN_POINT($,(67.2677785945801,125.313740352839,-0));
#305=VERTEX_POINT($,#304);
#306=CARTESIAN_POINT($,(72.4314258641949,130.477387622454,0));
#307=DIRECTION($,(-0.707106781186548,-0.707106781186547,0));
#308=VECTOR($,#307,1);
#309=LINE($,#306,#308);
#310=EDGE_CURVE($,#297,#305,#309,.T.);
#311=ORIENTED_EDGE($,$,$,#310,.T.);
#312=CARTESIAN_POINT($,(74.1757401764197,125.313740352839,0));
#313=VERTEX_POINT($,#312);
#314=CARTESIAN_POINT($,(67.2677785945801,125.313740352839,-0));
#315=DIRECTION($,(1,0,0));
#316=VECTOR($,#315,1);
#317=LINE($,#314,#316);
#318=EDGE_CURVE($,#305,#313,#317,.T.);
#319=ORIENTED_EDGE($,$,$,#318,.T.);
#320=CARTESIAN_POINT($,(74.1757401764197,113.84300017642,0));
#321=VERTEX_POINT($,#320);
#322=CARTESIAN_POINT($,(74.1757401764197,125.313740352839,0));
#323=DIRECTION($,(0,-1,0));
#324=VECTOR($,#323,1);
#325=LINE($,#322,#324);
#326=EDGE_CURVE($,#313,#321,#325,.T.);
#327=ORIENTED_EDGE($,$,$,#326,.T.);
#328=CARTESIAN_POINT($,(74.1757401764197,52.2504601764197,0));
#329=VERTEX_POINT($,#328);
#330=CARTESIAN_POINT($,(74.1757401764197,113.84300017642,0));
#331=DIRECTION($,(0,-1,0));
#332=VECTOR($,#331,1);
#333=LINE($,#330,#332);
#334=EDGE_CURVE($,#321,#329,#333,.T.);
#335=ORIENTED_EDGE($,$,$,#334,.T.);
#336=CARTESIAN_POINT($,(74.1757401764197,40.77972,0));
#337=VERTEX_POINT($,#336);
#338=CARTESIAN_POINT($,(74.1757401764197,52.2504601764197,0));
#339=DIRECTION($,(0,-1,0));
#340=VECTOR($,#339,1);
#341=LINE($,#338,#340);
#342=EDGE_CURVE($,#329,#337,#341,.T.);
#343=ORIENTED_EDGE($,$,$,#342,.T.);
#344=CARTESIAN_POINT($,(74.1757401764197,10,-0));
#345=VERTEX_POINT($,#344);
#346=CARTESIAN_POINT($,(74.1757401764197,40.77972,0));
#347=DIRECTION($,(0,-1,0));
#348=VECTOR($,#347,1);
#349=LINE($,#346,#348);
#350=EDGE_CURVE($,#337,#345,#349,.T.);
#351=ORIENTED_EDGE($,$,$,#350,.T.);
#352=CARTESIAN_POINT($,(298.96574017642,10,-0));
#353=VERTEX_POINT($,#352);
#354=CARTESIAN_POINT($,(74.1757401764197,10,-0));
#355=DIRECTION($,(1,0,0));
#356=VECTOR($,#355,1);
#357=LINE($,#354,#356);
#358=EDGE_CURVE($,#345,#353,#357,.T.);
#359=ORIENTED_EDGE($,$,$,#358,.T.);
#360=CARTESIAN_POINT($,(298.96574017642,40.77972,0));
#361=VERTEX_POINT($,#360);
#362=CARTESIAN_POINT($,(298.96574017642,10,-0));
#363=DIRECTION($,(0,1,0));
#364=VECTOR($,#363,1);
#365=LINE($,#362,#364);
#366=EDGE_CURVE($,#353,#361,#365,.T.);
#367=ORIENTED_EDGE($,$,$,#366,.T.);
#368=CARTESIAN_POINT($,(298.96574017642,52.2504601764197,0));
#369=VERTEX_POINT($,#368);
#370=CARTESIAN_POINT($,(298.96574017642,40.77972,0));
#371=DIRECTION($,(0,1,0));
#372=VECTOR($,#371,1);
#373=LINE($,#370,#372);
#374=EDGE_CURVE($,#361,#369,#373,.T.);
#375=ORIENTED_EDGE($,$,$,#374,.T.);
#376=CARTESIAN_POINT($,(298.96574017642,113.84300017642,0));
#377=VERTEX_POINT($,#376);
#378=CARTESIAN_POINT($,(298.96574017642,52.2504601764197,0));
#379=DIRECTION($,(0,1,0));
#380=VECTOR($,#379,1);
#381=LINE($,#378,#380);
#382=EDGE_CURVE($,#369,#377,#381,.T.);
#383=ORIENTED_EDGE($,$,$,#382,.T.);
#384=CARTESIAN_POINT($,(298.96574017642,125.313740352839,0));
#385=VERTEX_POINT($,#384);
#386=CARTESIAN_POINT($,(298.96574017642,113.84300017642,0));
#387=DIRECTION($,(0,1,0));
#388=VECTOR($,#387,1);
#389=LINE($,#386,#388);
#390=EDGE_CURVE($,#377,#385,#389,.T.);
#391=ORIENTED_EDGE($,$,$,#390,.T.);
#392=CARTESIAN_POINT($,(305.873701758259,125.313740352839,-0));
#393=VERTEX_POINT($,#392);
#394=CARTESIAN_POINT($,(298.96574017642,125.313740352839,0));
#395=DIRECTION($,(1,0,0));
#396=VECTOR($,#395,1);
#397=LINE($,#394,#396);
#398=EDGE_CURVE($,#385,#393,#397,.T.);
#399=ORIENTED_EDGE($,$,$,#398,.T.);
#400=CARTESIAN_POINT($,(300.710054488645,130.477387622454,0));
#401=VERTEX_POINT($,#400);
#402=CARTESIAN_POINT($,(305.873701758259,125.313740352839,-0));
#403=DIRECTION($,(-0.707106781186546,0.707106781186549,0));
#404=VECTOR($,#403,1);
#405=LINE($,#402,#404);
#406=EDGE_CURVE($,#393,#401,#405,.T.);
#407=ORIENTED_EDGE($,$,$,#406,.T.);
#408=CARTESIAN_POINT($,(302.057092906805,131.824426040615,0));
#409=VERTEX_POINT($,#408);
#410=CARTESIAN_POINT($,(300.710054488645,130.477387622454,0));
#411=DIRECTION($,(0.707106781186548,0.707106781186548,0));
#412=VECTOR($,#411,1);
#413=LINE($,#410,#412);
#414=EDGE_CURVE($,#401,#409,#413,.T.);
#415=ORIENTED_EDGE($,$,$,#414,.T.);
#416=CARTESIAN_POINT($,(307.22074017642,126.660778771,-0));
#417=VERTEX_POINT($,#416);
#418=CARTESIAN_POINT($,(302.057092906805,131.824426040615,0));
#419=DIRECTION($,(0.707106781186549,-0.707106781186546,0));
#420=VECTOR($,#419,1);
#421=LINE($,#418,#420);
#422=EDGE_CURVE($,#409,#417,#421,.T.);
#423=ORIENTED_EDGE($,$,$,#422,.T.);
#424=CARTESIAN_POINT($,(307.22074017642,133.568740352839,0));
#425=VERTEX_POINT($,#424);
#426=CARTESIAN_POINT($,(307.22074017642,126.660778771,-0));
#427=DIRECTION($,(0,1,0));
#428=VECTOR($,#427,1);
#429=LINE($,#426,#428);
#430=EDGE_CURVE($,#417,#425,#429,.T.);
#431=ORIENTED_EDGE($,$,$,#430,.T.);
#432=CARTESIAN_POINT($,(318.691480352839,133.568740352839,0));
#433=VERTEX_POINT($,#432);
#434=CARTESIAN_POINT($,(307.22074017642,133.568740352839,0));
#435=DIRECTION($,(1,0,0));
#436=VECTOR($,#435,1);
#437=LINE($,#434,#436);
#438=EDGE_CURVE($,#425,#433,#437,.T.);
#439=ORIENTED_EDGE($,$,$,#438,.T.);
#440=CARTESIAN_POINT($,(347.802420352839,133.568740352839,-0));
#441=VERTEX_POINT($,#440);
#442=CARTESIAN_POINT($,(318.691480352839,133.568740352839,0));
#443=DIRECTION($,(1,0,0));
#444=VECTOR($,#443,1);
#445=LINE($,#442,#444);
#446=EDGE_CURVE($,#433,#441,#445,.T.);
#447=ORIENTED_EDGE($,$,$,#446,.T.);
#448=CARTESIAN_POINT($,(347.802420352839,248.351340352839,0));
#449=VERTEX_POINT($,#448);
#450=CARTESIAN_POINT($,(347.802420352839,133.568740352839,-0));
#451=DIRECTION($,(0,1,0));
#452=VECTOR($,#451,1);
#453=LINE($,#450,#452);
#454=EDGE_CURVE($,#441,#449,#453,.T.);
#455=ORIENTED_EDGE($,$,$,#454,.T.);
#456=CARTESIAN_POINT($,(353.537790441049,248.351340352839,0));
#457=VERTEX_POINT($,#456);
#458=CARTESIAN_POINT($,(347.802420352839,248.351340352839,0));
#459=DIRECTION($,(1,0,0));
#460=VECTOR($,#459,1);
#461=LINE($,#458,#460);
#462=EDGE_CURVE($,#449,#457,#461,.T.);
#463=ORIENTED_EDGE($,$,$,#462,.T.);
#464=CARTESIAN_POINT($,(353.537790441049,248.351340352839,0));
#465=DIRECTION($,(1,0,0));
#466=VECTOR($,#465,1);
#467=LINE($,#464,#466);
#468=EDGE_CURVE($,#457,#7,#467,.T.);
#469=ORIENTED_EDGE($,$,$,#468,.T.);
#470=EDGE_LOOP($,(#15,#23,#31,#39,#47,#55,#63,#71,#79,#87,#95,#103,#111,#119,#127,#135,#143,#151,#159,#167,#175,#183,#191,#199,#207,#215,#223,#231,#239,#247,#255,#263,#271,#279,#287,#295,#303,#311,#319,#327,#335,#343,#351,#359,#367,#375,#383,#391,#399,#407,#415,#423,#431,#439,#447,#455,#463,#469));
#471=FACE_OUTER_BOUND('',#470,.T.);
#472=CARTESIAN_POINT($,(277.05824017642,164.000480352839,0));
#473=VERTEX_POINT($,#472);
#474=CARTESIAN_POINT($,(261.18324017642,164.000480352839,0));
#475=VERTEX_POINT($,#474);
#476=CARTESIAN_POINT($,(269.12074017642,164.000480352839,0));
#477=DIRECTION($,(0,0,1));
#478=DIRECTION($,(1,0,0));
#479=AXIS2_PLACEMENT_3D($,#476,#477,#478);
#480=CIRCLE($,#479,7.9375);
#481=TRIMMED_CURVE($,#480,(PARAMETER_VALUE(0)),(PARAMETER_VALUE(3.14159265358979)),.T.,.PARAMETER.);
#482=EDGE_CURVE($,#473,#475,#481,.T.);
#483=ORIENTED_EDGE($,$,$,#482,.F.);
#484=CARTESIAN_POINT($,(269.12074017642,164.000480352839,0));
#485=DIRECTION($,(0,0,1));
#486=DIRECTION($,(1,0,0));
#487=AXIS2_PLACEMENT_3D($,#484,#485,#486);
#488=CIRCLE($,#487,7.9375);
#489=TRIMMED_CURVE($,#488,(PARAMETER_VALUE(3.14159265358979)),(PARAMETER_VALUE(6.28318530717959)),.T.,.PARAMETER.);
#490=EDGE_CURVE($,#475,#473,#489,.T.);
#491=ORIENTED_EDGE($,$,$,#490,.F.);
#492=EDGE_LOOP($,(#483,#491));
#493=FACE_BOUND('',#492,.T.);
#494=CARTESIAN_POINT($,(277.05824017642,208.450480352839,0));
#495=VERTEX_POINT($,#494);
#496=CARTESIAN_POINT($,(261.18324017642,208.450480352839,0));
#497=VERTEX_POINT($,#496);
#498=CARTESIAN_POINT($,(269.12074017642,208.450480352839,0));
#499=DIRECTION($,(0,0,1));
#500=DIRECTION($,(1,0,0));
#501=AXIS2_PLACEMENT_3D($,#498,#499,#500);
#502=CIRCLE($,#501,7.9375);
#503=TRIMMED_CURVE($,#502,(PARAMETER_VALUE(0)),(PARAMETER_VALUE(3.14159265358979)),.T.,.PARAMETER.);
#504=EDGE_CURVE($,#495,#497,#503,.T.);
#505=ORIENTED_EDGE($,$,$,#504,.F.);
#506=CARTESIAN_POINT($,(269.12074017642,208.450480352839,0));
#507=DIRECTION($,(0,0,1));
#508=DIRECTION($,(1,0,0));
#509=AXIS2_PLACEMENT_3D($,#506,#507,#508);
#510=CIRCLE($,#509,7.9375);
#511=TRIMMED_CURVE($,#510,(PARAMETER_VALUE(3.14159265358979)),(PARAMETER_VALUE(6.28318530717959)),.T.,.PARAMETER.);
#512=EDGE_CURVE($,#497,#495,#511,.T.);
#513=ORIENTED_EDGE($,$,$,#512,.F.);
#514=EDGE_LOOP($,(#505,#513));
#515=FACE_BOUND('',#514,.T.);
#516=CARTESIAN_POINT($,(277.05824017642,252.90048035284,0));
#517=VERTEX_POINT($,#516);
#518=CARTESIAN_POINT($,(261.18324017642,252.90048035284,0));
#519=VERTEX_POINT($,#518);
#520=CARTESIAN_POINT($,(269.12074017642,252.90048035284,0));
#521=DIRECTION($,(0,0,1));
#522=DIRECTION($,(1,0,0));
#523=AXIS2_PLACEMENT_3D($,#520,#521,#522);
#524=CIRCLE($,#523,7.9375);
#525=TRIMMED_CURVE($,#524,(PARAMETER_VALUE(0)),(PARAMETER_VALUE(3.14159265358979)),.T.,.PARAMETER.);
#526=EDGE_CURVE($,#517,#519,#525,.T.);
#527=ORIENTED_EDGE($,$,$,#526,.F.);
#528=CARTESIAN_POINT($,(269.12074017642,252.90048035284,0));
#529=DIRECTION($,(0,0,1));
#530=DIRECTION($,(1,0,0));
#531=AXIS2_PLACEMENT_3D($,#528,#529,#530);
#532=CIRCLE($,#531,7.9375);
#533=TRIMMED_CURVE($,#532,(PARAMETER_VALUE(3.14159265358979)),(PARAMETER_VALUE(6.28318530717959)),.T.,.PARAMETER.);
#534=EDGE_CURVE($,#519,#517,#533,.T.);
#535=ORIENTED_EDGE($,$,$,#534,.F.);
#536=EDGE_LOOP($,(#527,#535));
#537=FACE_BOUND('',#536,.T.);
#538=CARTESIAN_POINT($,(277.05824017642,297.350480352839,0));
#539=VERTEX_POINT($,#538);
#540=CARTESIAN_POINT($,(261.18324017642,297.350480352839,0));
#541=VERTEX_POINT($,#540);
#542=CARTESIAN_POINT($,(269.12074017642,297.350480352839,0));
#543=DIRECTION($,(0,0,1));
#544=DIRECTION($,(1,0,0));
#545=AXIS2_PLACEMENT_3D($,#542,#543,#544);
#546=CIRCLE($,#545,7.9375);
#547=TRIMMED_CURVE($,#546,(PARAMETER_VALUE(0)),(PARAMETER_VALUE(3.14159265358979)),.T.,.PARAMETER.);
#548=EDGE_CURVE($,#539,#541,#547,.T.);
#549=ORIENTED_EDGE($,$,$,#548,.F.);
#550=CARTESIAN_POINT($,(269.12074017642,297.350480352839,0));
#551=DIRECTION($,(0,0,1));
#552=DIRECTION($,(1,0,0));
#553=AXIS2_PLACEMENT_3D($,#550,#551,#552);
#554=CIRCLE($,#553,7.9375);
#555=TRIMMED_CURVE($,#554,(PARAMETER_VALUE(3.14159265358979)),(PARAMETER_VALUE(6.28318530717959)),.T.,.PARAMETER.);
#556=EDGE_CURVE($,#541,#539,#555,.T.);
#557=ORIENTED_EDGE($,$,$,#556,.F.);
#558=EDGE_LOOP($,(#549,#557));
#559=FACE_BOUND('',#558,.T.);
#560=CARTESIAN_POINT($,(90.5333401764198,16.34746,0));
#561=VERTEX_POINT($,#560);
#562=CARTESIAN_POINT($,(79.4081401764197,16.34746,0));
#563=VERTEX_POINT($,#562);
#564=CARTESIAN_POINT($,(84.9707401764198,16.34746,0));
#565=DIRECTION($,(0,0,1));
#566=DIRECTION($,(1,0,0));
#567=AXIS2_PLACEMENT_3D($,#564,#565,#566);
#568=CIRCLE($,#567,5.5626);
#569=TRIMMED_CURVE($,#568,(PARAMETER_VALUE(0)),(PARAMETER_VALUE(3.14159265358979)),.T.,.PARAMETER.);
#570=EDGE_CURVE($,#561,#563,#569,.T.);
#571=ORIENTED_EDGE($,$,$,#570,.F.);
#572=CARTESIAN_POINT($,(84.9707401764198,16.34746,0));
#573=DIRECTION($,(0,0,1));
#574=DIRECTION($,(1,0,0));
#575=AXIS2_PLACEMENT_3D($,#572,#573,#574);
#576=CIRCLE($,#575,5.5626);
#577=TRIMMED_CURVE($,#576,(PARAMETER_VALUE(3.14159265358979)),(PARAMETER_VALUE(6.28318530717959)),.T.,.PARAMETER.);
#578=EDGE_CURVE($,#563,#561,#577,.T.);
#579=ORIENTED_EDGE($,$,$,#578,.F.);
#580=EDGE_LOOP($,(#571,#579));
#581=FACE_BOUND('',#580,.T.);
#582=CARTESIAN_POINT($,(293.73334017642,16.34746,0));
#583=VERTEX_POINT($,#582);
#584=CARTESIAN_POINT($,(282.60814017642,16.34746,0));
#585=VERTEX_POINT($,#584);
#586=CARTESIAN_POINT($,(288.17074017642,16.34746,0));
#587=DIRECTION($,(0,0,1));
#588=DIRECTION($,(1,0,0));
#589=AXIS2_PLACEMENT_3D($,#586,#587,#588);
#590=CIRCLE($,#589,5.5626);
#591=TRIMMED_CURVE($,#590,(PARAMETER_VALUE(0)),(PARAMETER_VALUE(3.14159265358979)),.T.,.PARAMETER.);
#592=EDGE_CURVE($,#583,#585,#591,.T.);
#593=ORIENTED_EDGE($,$,$,#592,.F.);
#594=CARTESIAN_POINT($,(288.17074017642,16.34746,0));
#595=DIRECTION($,(0,0,1));
#596=DIRECTION($,(1,0,0));
#597=AXIS2_PLACEMENT_3D($,#594,#595,#596);
#598=CIRCLE($,#597,5.5626);
#599=TRIMMED_CURVE($,#598,(PARAMETER_VALUE(3.14159265358979)),(PARAMETER_VALUE(6.28318530717959)),.T.,.PARAMETER.);
#600=EDGE_CURVE($,#585,#583,#599,.T.);
#601=ORIENTED_EDGE($,$,$,#600,.F.);
#602=EDGE_LOOP($,(#593,#601));
#603=FACE_BOUND('',#602,.T.);
#604=CARTESIAN_POINT($,(263.25334017642,398.747280352839,0));
#605=VERTEX_POINT($,#604);
#606=CARTESIAN_POINT($,(225.15334017642,398.747280352839,0));
#607=VERTEX_POINT($,#606);
#608=CARTESIAN_POINT($,(244.20334017642,398.747280352839,0));
#609=DIRECTION($,(0,0,1));
#610=DIRECTION($,(1,0,0));
#611=AXIS2_PLACEMENT_3D($,#608,#609,#610);
#612=CIRCLE($,#611,19.05);
#613=TRIMMED_CURVE($,#612,(PARAMETER_VALUE(0)),(PARAMETER_VALUE(3.14159265358979)),.T.,.PARAMETER.);
#614=EDGE_CURVE($,#605,#607,#613,.T.);
#615=ORIENTED_EDGE($,$,$,#614,.F.);
#616=CARTESIAN_POINT($,(244.20334017642,398.747280352839,0));
#617=DIRECTION($,(0,0,1));
#618=DIRECTION($,(1,0,0));
#619=AXIS2_PLACEMENT_3D($,#616,#617,#618);
#620=CIRCLE($,#619,19.05);
#621=TRIMMED_CURVE($,#620,(PARAMETER_VALUE(3.14159265358979)),(PARAMETER_VALUE(6.28318530717959)),.T.,.PARAMETER.);
#622=EDGE_CURVE($,#607,#605,#621,.T.);
#623=ORIENTED_EDGE($,$,$,#622,.F.);
#624=EDGE_LOOP($,(#615,#623));
#625=FACE_BOUND('',#624,.T.);
#626=CARTESIAN_POINT($,(180.70334017642,424.147280352839,0));
#627=VERTEX_POINT($,#626);
#628=CARTESIAN_POINT($,(129.90334017642,424.147280352839,0));
#629=VERTEX_POINT($,#628);
#630=CARTESIAN_POINT($,(155.30334017642,424.147280352839,0));
#631=DIRECTION($,(0,0,1));
#632=DIRECTION($,(1,0,0));
#633=AXIS2_PLACEMENT_3D($,#630,#631,#632);
#634=CIRCLE($,#633,25.4);
#635=TRIMMED_CURVE($,#634,(PARAMETER_VALUE(0)),(PARAMETER_VALUE(3.14159265358979)),.T.,.PARAMETER.);
#636=EDGE_CURVE($,#627,#629,#635,.T.);
#637=ORIENTED_EDGE($,$,$,#636,.F.);
#638=CARTESIAN_POINT($,(155.30334017642,424.147280352839,0));
#639=DIRECTION($,(0,0,1));
#640=DIRECTION($,(1,0,0));
#641=AXIS2_PLACEMENT_3D($,#638,#639,#640);
#642=CIRCLE($,#641,25.4);
#643=TRIMMED_CURVE($,#642,(PARAMETER_VALUE(3.14159265358979)),(PARAMETER_VALUE(6.28318530717959)),.T.,.PARAMETER.);
#644=EDGE_CURVE($,#629,#627,#643,.T.);
#645=ORIENTED_EDGE($,$,$,#644,.F.);
#646=EDGE_LOOP($,(#637,#645));
#647=FACE_BOUND('',#646,.T.);
#648=CARTESIAN_POINT($,(293.73334017642,603.550300705679,0));
#649=VERTEX_POINT($,#648);
#650=CARTESIAN_POINT($,(282.60814017642,603.550300705679,0));
#651=VERTEX_POINT($,#650);
#652=CARTESIAN_POINT($,(288.17074017642,603.550300705679,0));
#653=DIRECTION($,(0,0,1));
#654=DIRECTION($,(1,0,0));
#655=AXIS2_PLACEMENT_3D($,#652,#653,#654);
#656=CIRCLE($,#655,5.5626);
#657=TRIMMED_CURVE($,#656,(PARAMETER_VALUE(0)),(PARAMETER_VALUE(3.14159265358979)),.T.,.PARAMETER.);
#658=EDGE_CURVE($,#649,#651,#657,.T.);
#659=ORIENTED_EDGE($,$,$,#658,.F.);
#660=CARTESIAN_POINT($,(288.17074017642,603.550300705679,0));
#661=DIRECTION($,(0,0,1));
#662=DIRECTION($,(1,0,0));
#663=AXIS2_PLACEMENT_3D($,#660,#661,#662);
#664=CIRCLE($,#663,5.5626);
#665=TRIMMED_CURVE($,#664,(PARAMETER_VALUE(3.14159265358979)),(PARAMETER_VALUE(6.28318530717959)),.T.,.PARAMETER.);
#666=EDGE_CURVE($,#651,#649,#665,.T.);
#667=ORIENTED_EDGE($,$,$,#666,.F.);
#668=EDGE_LOOP($,(#659,#667));
#669=FACE_BOUND('',#668,.T.);
#670=CARTESIAN_POINT($,(90.5333401764198,603.550300705679,0));
#671=VERTEX_POINT($,#670);
#672=CARTESIAN_POINT($,(79.4081401764197,603.550300705679,0));
#673=VERTEX_POINT($,#672);
#674=CARTESIAN_POINT($,(84.9707401764198,603.550300705679,0));
#675=DIRECTION($,(0,0,1));
#676=DIRECTION($,(1,0,0));
#677=AXIS2_PLACEMENT_3D($,#674,#675,#676);
#678=CIRCLE($,#677,5.5626);
#679=TRIMMED_CURVE($,#678,(PARAMETER_VALUE(0)),(PARAMETER_VALUE(3.14159265358979)),.T.,.PARAMETER.);
#680=EDGE_CURVE($,#671,#673,#679,.T.);
#681=ORIENTED_EDGE($,$,$,#680,.F.);
#682=CARTESIAN_POINT($,(84.9707401764198,603.550300705679,0));
#683=DIRECTION($,(0,0,1));
#684=DIRECTION($,(1,0,0));
#685=AXIS2_PLACEMENT_3D($,#682,#683,#684);
#686=CIRCLE($,#685,5.5626);
#687=TRIMMED_CURVE($,#686,(PARAMETER_VALUE(3.14159265358979)),(PARAMETER_VALUE(6.28318530717959)),.T.,.PARAMETER.);
#688=EDGE_CURVE($,#673,#671,#687,.T.);
#689=ORIENTED_EDGE($,$,$,#688,.F.);
#690=EDGE_LOOP($,(#681,#689));
#691=FACE_BOUND('',#690,.T.);
#692=CARTESIAN_POINT($,(397.799086493049,311.851340352839,0));
#693=VERTEX_POINT($,#692);
#694=CARTESIAN_POINT($,(370.748086493049,311.851340352839,0));
#695=VERTEX_POINT($,#694);
#696=CARTESIAN_POINT($,(384.273586493049,311.851340352839,0));
#697=DIRECTION($,(0,0,1));
#698=DIRECTION($,(1,0,0));
#699=AXIS2_PLACEMENT_3D($,#696,#697,#698);
#700=CIRCLE($,#699,13.5255);
#701=TRIMMED_CURVE($,#700,(PARAMETER_VALUE(0)),(PARAMETER_VALUE(3.14159265358979)),.T.,.PARAMETER.);
#702=EDGE_CURVE($,#693,#695,#701,.T.);
#703=ORIENTED_EDGE($,$,$,#702,.F.);
#704=CARTESIAN_POINT($,(384.273586493049,311.851340352839,0));
#705=DIRECTION($,(0,0,1));
#706=DIRECTION($,(1,0,0));
#707=AXIS2_PLACEMENT_3D($,#704,#705,#706);
#708=CIRCLE($,#707,13.5255);
#709=TRIMMED_CURVE($,#708,(PARAMETER_VALUE(3.14159265358979)),(PARAMETER_VALUE(6.28318530717959)),.T.,.PARAMETER.);
#710=EDGE_CURVE($,#695,#693,#709,.T.);
#711=ORIENTED_EDGE($,$,$,#710,.F.);
#712=EDGE_LOOP($,(#703,#711));
#713=FACE_BOUND('',#712,.T.);
#714=CARTESIAN_POINT($,(372.684836493049,292.801340352839,0));
#715=VERTEX_POINT($,#714);
#716=CARTESIAN_POINT($,(367.922336493049,292.801340352839,0));
#717=VERTEX_POINT($,#716);
#718=CARTESIAN_POINT($,(370.303586493049,292.801340352839,0));
#719=DIRECTION($,(0,0,1));
#720=DIRECTION($,(1,0,0));
#721=AXIS2_PLACEMENT_3D($,#718,#719,#720);
#722=CIRCLE($,#721,2.38125);
#723=TRIMMED_CURVE($,#722,(PARAMETER_VALUE(0)),(PARAMETER_VALUE(3.14159265358979)),.T.,.PARAMETER.);
#724=EDGE_CURVE($,#715,#717,#723,.T.);
#725=ORIENTED_EDGE($,$,$,#724,.F.);
#726=CARTESIAN_POINT($,(370.303586493049,292.801340352839,0));
#727=DIRECTION($,(0,0,1));
#728=DIRECTION($,(1,0,0));
#729=AXIS2_PLACEMENT_3D($,#726,#727,#728);
#730=CIRCLE($,#729,2.38125);
#731=TRIMMED_CURVE($,#730,(PARAMETER_VALUE(3.14159265358979)),(PARAMETER_VALUE(6.28318530717959)),.T.,.PARAMETER.);
#732=EDGE_CURVE($,#717,#715,#731,.T.);
#733=ORIENTED_EDGE($,$,$,#732,.F.);
#734=EDGE_LOOP($,(#725,#733));
#735=FACE_BOUND('',#734,.T.);
#736=CARTESIAN_POINT($,(372.684836493049,330.901340352839,0));
#737=VERTEX_POINT($,#736);
#738=CARTESIAN_POINT($,(367.922336493049,330.901340352839,0));
#739=VERTEX_POINT($,#738);
#740=CARTESIAN_POINT($,(370.303586493049,330.901340352839,0));
#741=DIRECTION($,(0,0,1));
#742=DIRECTION($,(1,0,0));
#743=AXIS2_PLACEMENT_3D($,#740,#741,#742);
#744=CIRCLE($,#743,2.38125);
#745=TRIMMED_CURVE($,#744,(PARAMETER_VALUE(0)),(PARAMETER_VALUE(3.14159265358979)),.T.,.PARAMETER.);
#746=EDGE_CURVE($,#737,#739,#745,.T.);
#747=ORIENTED_EDGE($,$,$,#746,.F.);
#748=CARTESIAN_POINT($,(370.303586493049,330.901340352839,0));
#749=DIRECTION($,(0,0,1));
#750=DIRECTION($,(1,0,0));
#751=AXIS2_PLACEMENT_3D($,#748,#749,#750);
#752=CIRCLE($,#751,2.38125);
#753=TRIMMED_CURVE($,#752,(PARAMETER_VALUE(3.14159265358979)),(PARAMETER_VALUE(6.28318530717959)),.T.,.PARAMETER.);
#754=EDGE_CURVE($,#739,#737,#753,.T.);
#755=ORIENTED_EDGE($,$,$,#754,.F.);
#756=EDGE_LOOP($,(#747,#755));
#757=FACE_BOUND('',#756,.T.);
#758=CARTESIAN_POINT($,(404.434836493049,292.801340352839,0));
#759=VERTEX_POINT($,#758);
#760=CARTESIAN_POINT($,(399.672336493049,292.801340352839,0));
#761=VERTEX_POINT($,#760);
#762=CARTESIAN_POINT($,(402.053586493049,292.801340352839,0));
#763=DIRECTION($,(0,0,1));
#764=DIRECTION($,(1,0,0));
#765=AXIS2_PLACEMENT_3D($,#762,#763,#764);
#766=CIRCLE($,#765,2.38125);
#767=TRIMMED_CURVE($,#766,(PARAMETER_VALUE(0)),(PARAMETER_VALUE(3.14159265358979)),.T.,.PARAMETER.);
#768=EDGE_CURVE($,#759,#761,#767,.T.);
#769=ORIENTED_EDGE($,$,$,#768,.F.);
#770=CARTESIAN_POINT($,(402.053586493049,292.801340352839,0));
#771=DIRECTION($,(0,0,1));
#772=DIRECTION($,(1,0,0));
#773=AXIS2_PLACEMENT_3D($,#770,#771,#772);
#774=CIRCLE($,#773,2.38125);
#775=TRIMMED_CURVE($,#774,(PARAMETER_VALUE(3.14159265358979)),(PARAMETER_VALUE(6.28318530717959)),.T.,.PARAMETER.);
#776=EDGE_CURVE($,#761,#759,#775,.T.);
#777=ORIENTED_EDGE($,$,$,#776,.F.);
#778=EDGE_LOOP($,(#769,#777));
#779=FACE_BOUND('',#778,.T.);
#780=CARTESIAN_POINT($,(404.434836493049,330.901340352839,0));
#781=VERTEX_POINT($,#780);
#782=CARTESIAN_POINT($,(399.672336493049,330.901340352839,0));
#783=VERTEX_POINT($,#782);
#784=CARTESIAN_POINT($,(402.053586493049,330.901340352839,0));
#785=DIRECTION($,(0,0,1));
#786=DIRECTION($,(1,0,0));
#787=AXIS2_PLACEMENT_3D($,#784,#785,#786);
#788=CIRCLE($,#787,2.38125);
#789=TRIMMED_CURVE($,#788,(PARAMETER_VALUE(0)),(PARAMETER_VALUE(3.14159265358979)),.T.,.PARAMETER.);
#790=EDGE_CURVE($,#781,#783,#789,.T.);
#791=ORIENTED_EDGE($,$,$,#790,.F.);
#792=CARTESIAN_POINT($,(402.053586493049,330.901340352839,0));
#793=DIRECTION($,(0,0,1));
#794=DIRECTION($,(1,0,0));
#795=AXIS2_PLACEMENT_3D($,#792,#793,#794);
#796=CIRCLE($,#795,2.38125);
#797=TRIMMED_CURVE($,#796,(PARAMETER_VALUE(3.14159265358979)),(PARAMETER_VALUE(6.28318530717959)),.T.,.PARAMETER.);
#798=EDGE_CURVE($,#783,#781,#797,.T.);
#799=ORIENTED_EDGE($,$,$,#798,.F.);
#800=EDGE_LOOP($,(#791,#799));
#801=FACE_BOUND('',#800,.T.);
#802=CARTESIAN_POINT($,(107.67834017642,189.298880352839,-0));
#803=VERTEX_POINT($,#802);
#804=CARTESIAN_POINT($,(126.72834017642,189.298880352839,0));
#805=VERTEX_POINT($,#804);
#806=CARTESIAN_POINT($,(107.67834017642,189.298880352839,-0));
#807=DIRECTION($,(1,0,0));
#808=VECTOR($,#807,1);
#809=LINE($,#806,#808);
#810=EDGE_CURVE($,#803,#805,#809,.T.);
#811=ORIENTED_EDGE($,$,$,#810,.F.);
#812=CARTESIAN_POINT($,(107.67834017642,278.198880352839,-0));
#813=VERTEX_POINT($,#812);
#814=CARTESIAN_POINT($,(107.67834017642,278.198880352839,-0));
#815=DIRECTION($,(0,-1,0));
#816=VECTOR($,#815,1);
#817=LINE($,#814,#816);
#818=EDGE_CURVE($,#813,#803,#817,.T.);
#819=ORIENTED_EDGE($,$,$,#818,.F.);
#820=CARTESIAN_POINT($,(126.72834017642,278.198880352839,-0));
#821=VERTEX_POINT($,#820);
#822=CARTESIAN_POINT($,(126.72834017642,278.198880352839,-0));
#823=DIRECTION($,(-1,0,0));
#824=VECTOR($,#823,1);
#825=LINE($,#822,#824);
#826=EDGE_CURVE($,#821,#813,#825,.T.);
#827=ORIENTED_EDGE($,$,$,#826,.F.);
#828=CARTESIAN_POINT($,(126.72834017642,189.298880352839,0));
#829=DIRECTION($,(0,1,0));
#830=VECTOR($,#829,1);
#831=LINE($,#828,#830);
#832=EDGE_CURVE($,#805,#821,#831,.T.);
#833=ORIENTED_EDGE($,$,$,#832,.F.);
#834=EDGE_LOOP($,(#811,#819,#827,#833));
#835=FACE_BOUND('',#834,.T.);
#836=CARTESIAN_POINT($,(171.17834017642,189.298880352839,-0));
#837=VERTEX_POINT($,#836);
#838=CARTESIAN_POINT($,(190.22834017642,189.298880352839,0));
#839=VERTEX_POINT($,#838);
#840=CARTESIAN_POINT($,(171.17834017642,189.298880352839,-0));
#841=DIRECTION($,(1,0,0));
#842=VECTOR($,#841,1);
#843=LINE($,#840,#842);
#844=EDGE_CURVE($,#837,#839,#843,.T.);
#845=ORIENTED_EDGE($,$,$,#844,.F.);
#846=CARTESIAN_POINT($,(171.17834017642,278.198880352839,-0));
#847=VERTEX_POINT($,#846);
#848=CARTESIAN_POINT($,(171.17834017642,278.198880352839,-0));
#849=DIRECTION($,(0,-1,0));
#850=VECTOR($,#849,1);
#851=LINE($,#848,#850);
#852=EDGE_CURVE($,#847,#837,#851,.T.);
#853=ORIENTED_EDGE($,$,$,#852,.F.);
#854=CARTESIAN_POINT($,(190.22834017642,278.198880352839,-0));
#855=VERTEX_POINT($,#854);
#856=CARTESIAN_POINT($,(190.22834017642,278.198880352839,-0));
#857=DIRECTION($,(-1,0,0));
#858=VECTOR($,#857,1);
#859=LINE($,#856,#858);
#860=EDGE_CURVE($,#855,#847,#859,.T.);
#861=ORIENTED_EDGE($,$,$,#860,.F.);
#862=CARTESIAN_POINT($,(190.22834017642,189.298880352839,0));
#863=DIRECTION($,(0,1,0));
#864=VECTOR($,#863,1);
#865=LINE($,#862,#864);
#866=EDGE_CURVE($,#839,#855,#865,.T.);
#867=ORIENTED_EDGE($,$,$,#866,.F.);
#868=EDGE_LOOP($,(#845,#853,#861,#867));
#869=FACE_BOUND('',#868,.T.);
#870=ADVANCED_FACE('',(#471,#493,#515,#537,#559,#581,#603,#625,#647,#669,#691,#713,#735,#757,#779,#801,#835,#869),#5,.T.);
#871=CARTESIAN_POINT($,(0,0,1.905));
#872=DIRECTION($,(0,0,1));
#873=DIRECTION($,(1,0,0));
#874=AXIS2_PLACEMENT_3D($,#871,#872,#873);
#875=PLANE($,#874);
#876=CARTESIAN_POINT($,(402.051790441049,248.351340352839,1.905));
#877=VERTEX_POINT($,#876);
#878=CARTESIAN_POINT($,(402.051790441049,261.051340352839,1.905));
#879=VERTEX_POINT($,#878);
#880=CARTESIAN_POINT($,(402.051790441049,248.351340352839,1.905));
#881=DIRECTION($,(0,1,0));
#882=VECTOR($,#881,1);
#883=LINE($,#880,#882);
#884=EDGE_CURVE($,#877,#879,#883,.T.);
#885=ORIENTED_EDGE($,$,$,#884,.T.);
#886=CARTESIAN_POINT($,(414.751790441049,261.051340352839,1.905));
#887=VERTEX_POINT($,#886);
#888=CARTESIAN_POINT($,(402.051790441049,261.051340352839,1.905));
#889=DIRECTION($,(1,0,0));
#890=VECTOR($,#889,1);
#891=LINE($,#888,#890);
#892=EDGE_CURVE($,#879,#887,#891,.T.);
#893=ORIENTED_EDGE($,$,$,#892,.T.);
#894=CARTESIAN_POINT($,(414.751790441049,362.651340352839,1.905));
#895=VERTEX_POINT($,#894);
#896=CARTESIAN_POINT($,(414.751790441049,261.051340352839,1.905));
#897=DIRECTION($,(0,1,0));
#898=VECTOR($,#897,1);
#899=LINE($,#896,#898);
#900=EDGE_CURVE($,#887,#895,#899,.T.);
#901=ORIENTED_EDGE($,$,$,#900,.T.);
#902=CARTESIAN_POINT($,(402.051790441049,362.651340352839,1.905));
#903=VERTEX_POINT($,#902);
#904=CARTESIAN_POINT($,(414.751790441049,362.651340352839,1.905));
#905=DIRECTION($,(-1,0,0));
#906=VECTOR($,#905,1);
#907=LINE($,#904,#906);
#908=EDGE_CURVE($,#895,#903,#907,.T.);
#909=ORIENTED_EDGE($,$,$,#908,.T.);
#910=CARTESIAN_POINT($,(402.051790441049,375.351340352839,1.905));
#911=VERTEX_POINT($,#910);
#912=CARTESIAN_POINT($,(402.051790441049,362.651340352839,1.905));
#913=DIRECTION($,(0,1,0));
#914=VECTOR($,#913,1);
#915=LINE($,#912,#914);
#916=EDGE_CURVE($,#903,#911,#915,.T.);
#917=ORIENTED_EDGE($,$,$,#916,.T.);
#918=CARTESIAN_POINT($,(353.537790441049,375.351340352839,1.905));
#919=VERTEX_POINT($,#918);
#920=CARTESIAN_POINT($,(402.051790441049,375.351340352839,1.905));
#921=DIRECTION($,(-1,0,0));
#922=VECTOR($,#921,1);
#923=LINE($,#920,#922);
#924=EDGE_CURVE($,#911,#919,#923,.T.);
#925=ORIENTED_EDGE($,$,$,#924,.T.);
#926=CARTESIAN_POINT($,(347.802420352839,375.351340352839,1.905));
#927=VERTEX_POINT($,#926);
#928=CARTESIAN_POINT($,(353.537790441049,375.351340352839,1.905));
#929=DIRECTION($,(-1,0,0));
#930=VECTOR($,#929,1);
#931=LINE($,#928,#930);
#932=EDGE_CURVE($,#919,#927,#931,.T.);
#933=ORIENTED_EDGE($,$,$,#932,.T.);
#934=CARTESIAN_POINT($,(347.802420352839,485.358740352839,1.905));
#935=VERTEX_POINT($,#934);
#936=CARTESIAN_POINT($,(347.802420352839,375.351340352839,1.905));
#937=DIRECTION($,(0,1,0));
#938=VECTOR($,#937,1);
#939=LINE($,#936,#938);
#940=EDGE_CURVE($,#927,#935,#939,.T.);
#941=ORIENTED_EDGE($,$,$,#940,.T.);
#942=CARTESIAN_POINT($,(318.691480352839,485.358740352839,1.905));
#943=VERTEX_POINT($,#942);
#944=CARTESIAN_POINT($,(347.802420352839,485.358740352839,1.905));
#945=DIRECTION($,(-1,0,0));
#946=VECTOR($,#945,1);
#947=LINE($,#944,#946);
#948=EDGE_CURVE($,#935,#943,#947,.T.);
#949=ORIENTED_EDGE($,$,$,#948,.T.);
#950=CARTESIAN_POINT($,(307.22074017642,485.35874035284,1.905));
#951=VERTEX_POINT($,#950);
#952=CARTESIAN_POINT($,(318.691480352839,485.358740352839,1.905));
#953=DIRECTION($,(-1,0,0));
#954=VECTOR($,#953,1);
#955=LINE($,#952,#954);
#956=EDGE_CURVE($,#943,#951,#955,.T.);
#957=ORIENTED_EDGE($,$,$,#956,.T.);
#958=CARTESIAN_POINT($,(307.22074017642,492.266701934679,1.905));
#959=VERTEX_POINT($,#958);
#960=CARTESIAN_POINT($,(307.22074017642,485.35874035284,1.905));
#961=DIRECTION($,(0,1,0));
#962=VECTOR($,#961,1);
#963=LINE($,#960,#962);
#964=EDGE_CURVE($,#951,#959,#963,.T.);
#965=ORIENTED_EDGE($,$,$,#964,.T.);
#966=CARTESIAN_POINT($,(302.057092906805,487.103054665064,1.905));
#967=VERTEX_POINT($,#966);
#968=CARTESIAN_POINT($,(307.22074017642,492.266701934679,1.905));
#969=DIRECTION($,(-0.707106781186548,-0.707106781186548,0));
#970=VECTOR($,#969,1);
#971=LINE($,#968,#970);
#972=EDGE_CURVE($,#959,#967,#971,.T.);
#973=ORIENTED_EDGE($,$,$,#972,.T.);
#974=CARTESIAN_POINT($,(300.710054488645,488.450093083225,1.905));
#975=VERTEX_POINT($,#974);
#976=CARTESIAN_POINT($,(302.057092906805,487.103054665064,1.905));
#977=DIRECTION($,(-0.707106781186533,0.707106781186562,0));
#978=VECTOR($,#977,1);
#979=LINE($,#976,#978);
#980=EDGE_CURVE($,#967,#975,#979,.T.);
#981=ORIENTED_EDGE($,$,$,#980,.T.);
#982=CARTESIAN_POINT($,(305.873701758259,493.613740352839,1.905));
#983=VERTEX_POINT($,#982);
#984=CARTESIAN_POINT($,(300.710054488645,488.450093083225,1.905));
#985=DIRECTION($,(0.707106781186544,0.707106781186551,0));
#986=VECTOR($,#985,1);
#987=LINE($,#984,#986);
#988=EDGE_CURVE($,#975,#983,#987,.T.);
#989=ORIENTED_EDGE($,$,$,#988,.T.);
#990=CARTESIAN_POINT($,(298.96574017642,493.613740352839,1.905));
#991=VERTEX_POINT($,#990);
#992=CARTESIAN_POINT($,(305.873701758259,493.613740352839,1.905));
#993=DIRECTION($,(-1,0,0));
#994=VECTOR($,#993,1);
#995=LINE($,#992,#994);
#996=EDGE_CURVE($,#983,#991,#995,.T.);
#997=ORIENTED_EDGE($,$,$,#996,.T.);
#998=CARTESIAN_POINT($,(298.96574017642,505.084480529259,1.905));
#999=VERTEX_POINT($,#998);
#1000=CARTESIAN_POINT($,(298.96574017642,493.613740352839,1.905));
#1001=DIRECTION($,(0,1,0));
#1002=VECTOR($,#1001,1);
#1003=LINE($,#1000,#1002);
#1004=EDGE_CURVE($,#991,#999,#1003,.T.);
#1005=ORIENTED_EDGE($,$,$,#1004,.T.);
#1006=CARTESIAN_POINT($,(298.96574017642,566.677020529259,1.905));
#1007=VERTEX_POINT($,#1006);
#1008=CARTESIAN_POINT($,(298.96574017642,505.084480529259,1.905));
#1009=DIRECTION($,(0,1,0));
#1010=VECTOR($,#1009,1);
#1011=LINE($,#1008,#1010);
#1012=EDGE_CURVE($,#999,#1007,#1011,.T.);
#1013=ORIENTED_EDGE($,$,$,#1012,.T.);
#1014=CARTESIAN_POINT($,(298.96574017642,578.147760705679,1.905));
#1015=VERTEX_POINT($,#1014);
#1016=CARTESIAN_POINT($,(298.96574017642,566.677020529259,1.905));
#1017=DIRECTION($,(0,1,0));
#1018=VECTOR($,#1017,1);
#1019=LINE($,#1016,#1018);
#1020=EDGE_CURVE($,#1007,#1015,#1019,.T.);
#1021=ORIENTED_EDGE($,$,$,#1020,.T.);
#1022=CARTESIAN_POINT($,(298.96574017642,622.597760705679,1.905));
#1023=VERTEX_POINT($,#1022);
#1024=CARTESIAN_POINT($,(298.96574017642,578.147760705679,1.905));
#1025=DIRECTION($,(0,1,0));
#1026=VECTOR($,#1025,1);
#1027=LINE($,#1024,#1026);
#1028=EDGE_CURVE($,#1015,#1023,#1027,.T.);
#1029=ORIENTED_EDGE($,$,$,#1028,.T.);
#1030=CARTESIAN_POINT($,(74.1757401764197,622.597760705679,1.905));
#1031=VERTEX_POINT($,#1030);
#1032=CARTESIAN_POINT($,(298.96574017642,622.597760705679,1.905));
#1033=DIRECTION($,(-1,0,0));
#1034=VECTOR($,#1033,1);
#1035=LINE($,#1032,#1034);
#1036=EDGE_CURVE($,#1023,#1031,#1035,.T.);
#1037=ORIENTED_EDGE($,$,$,#1036,.T.);
#1038=CARTESIAN_POINT($,(74.1757401764197,578.147760705679,1.905));
#1039=VERTEX_POINT($,#1038);
#1040=CARTESIAN_POINT($,(74.1757401764197,622.597760705679,1.905));
#1041=DIRECTION($,(0,-1,0));
#1042=VECTOR($,#1041,1);
#1043=LINE($,#1040,#1042);
#1044=EDGE_CURVE($,#1031,#1039,#1043,.T.);
#1045=ORIENTED_EDGE($,$,$,#1044,.T.);
#1046=CARTESIAN_POINT($,(74.1757401764197,566.677020529259,1.905));
#1047=VERTEX_POINT($,#1046);
#1048=CARTESIAN_POINT($,(74.1757401764197,578.147760705679,1.905));
#1049=DIRECTION($,(0,-1,0));
#1050=VECTOR($,#1049,1);
#1051=LINE($,#1048,#1050);
#1052=EDGE_CURVE($,#1039,#1047,#1051,.T.);
#1053=ORIENTED_EDGE($,$,$,#1052,.T.);
#1054=CARTESIAN_POINT($,(74.1757401764197,505.084480529259,1.905));
#1055=VERTEX_POINT($,#1054);
#1056=CARTESIAN_POINT($,(74.1757401764197,566.677020529259,1.905));
#1057=DIRECTION($,(0,-1,0));
#1058=VECTOR($,#1057,1);
#1059=LINE($,#1056,#1058);
#1060=EDGE_CURVE($,#1047,#1055,#1059,.T.);
#1061=ORIENTED_EDGE($,$,$,#1060,.T.);
#1062=CARTESIAN_POINT($,(74.1757401764197,493.613740352839,1.905));
#1063=VERTEX_POINT($,#1062);
#1064=CARTESIAN_POINT($,(74.1757401764197,505.084480529259,1.905));
#1065=DIRECTION($,(0,-1,0));
#1066=VECTOR($,#1065,1);
#1067=LINE($,#1064,#1066);
#1068=EDGE_CURVE($,#1055,#1063,#1067,.T.);
#1069=ORIENTED_EDGE($,$,$,#1068,.T.);
#1070=CARTESIAN_POINT($,(67.2677785945802,493.613740352839,1.905));
#1071=VERTEX_POINT($,#1070);
#1072=CARTESIAN_POINT($,(74.1757401764197,493.613740352839,1.905));
#1073=DIRECTION($,(-1,0,0));
#1074=VECTOR($,#1073,1);
#1075=LINE($,#1072,#1074);
#1076=EDGE_CURVE($,#1063,#1071,#1075,.T.);
#1077=ORIENTED_EDGE($,$,$,#1076,.T.);
#1078=CARTESIAN_POINT($,(72.4314258641949,488.450093083225,1.905));
#1079=VERTEX_POINT($,#1078);
#1080=CARTESIAN_POINT($,(67.2677785945802,493.613740352839,1.905));
#1081=DIRECTION($,(0.707106781186545,-0.70710678118655,0));
#1082=VECTOR($,#1081,1);
#1083=LINE($,#1080,#1082);
#1084=EDGE_CURVE($,#1071,#1079,#1083,.T.);
#1085=ORIENTED_EDGE($,$,$,#1084,.T.);
#1086=CARTESIAN_POINT($,(71.0843874460345,487.103054665064,1.905));
#1087=VERTEX_POINT($,#1086);
#1088=CARTESIAN_POINT($,(72.4314258641949,488.450093083225,1.905));
#1089=DIRECTION($,(-0.707106781186536,-0.707106781186559,0));
#1090=VECTOR($,#1089,1);
#1091=LINE($,#1088,#1090);
#1092=EDGE_CURVE($,#1079,#1087,#1091,.T.);
#1093=ORIENTED_EDGE($,$,$,#1092,.T.);
#1094=CARTESIAN_POINT($,(65.9207401764197,492.266701934679,1.905));
#1095=VERTEX_POINT($,#1094);
#1096=CARTESIAN_POINT($,(71.0843874460345,487.103054665064,1.905));
#1097=DIRECTION($,(-0.707106781186545,0.70710678118655,0));
#1098=VECTOR($,#1097,1);
#1099=LINE($,#1096,#1098);
#1100=EDGE_CURVE($,#1087,#1095,#1099,.T.);
#1101=ORIENTED_EDGE($,$,$,#1100,.T.);
#1102=CARTESIAN_POINT($,(65.9207401764197,485.35874035284,1.905));
#1103=VERTEX_POINT($,#1102);
#1104=CARTESIAN_POINT($,(65.9207401764197,492.266701934679,1.905));
#1105=DIRECTION($,(0,-1,0));
#1106=VECTOR($,#1105,1);
#1107=LINE($,#1104,#1106);
#1108=EDGE_CURVE($,#1095,#1103,#1107,.T.);
#1109=ORIENTED_EDGE($,$,$,#1108,.T.);
#1110=CARTESIAN_POINT($,(54.45,485.35874035284,1.905));
#1111=VERTEX_POINT($,#1110);
#1112=CARTESIAN_POINT($,(65.9207401764197,485.35874035284,1.905));
#1113=DIRECTION($,(-1,0,0));
#1114=VECTOR($,#1113,1);
#1115=LINE($,#1112,#1114);
#1116=EDGE_CURVE($,#1103,#1111,#1115,.T.);
#1117=ORIENTED_EDGE($,$,$,#1116,.T.);
#1118=CARTESIAN_POINT($,(10,485.35874035284,1.905));
#1119=VERTEX_POINT($,#1118);
#1120=CARTESIAN_POINT($,(54.45,485.35874035284,1.905));
#1121=DIRECTION($,(-1,0,0));
#1122=VECTOR($,#1121,1);
#1123=LINE($,#1120,#1122);
#1124=EDGE_CURVE($,#1111,#1119,#1123,.T.);
#1125=ORIENTED_EDGE($,$,$,#1124,.T.);
#1126=CARTESIAN_POINT($,(10,133.568740352839,1.905));
#1127=VERTEX_POINT($,#1126);
#1128=CARTESIAN_POINT($,(10,485.35874035284,1.905));
#1129=DIRECTION($,(0,-1,0));
#1130=VECTOR($,#1129,1);
#1131=LINE($,#1128,#1130);
#1132=EDGE_CURVE($,#1119,#1127,#1131,.T.);
#1133=ORIENTED_EDGE($,$,$,#1132,.T.);
#1134=CARTESIAN_POINT($,(54.45,133.568740352839,1.905));
#1135=VERTEX_POINT($,#1134);
#1136=CARTESIAN_POINT($,(10,133.568740352839,1.905));
#1137=DIRECTION($,(1,0,0));
#1138=VECTOR($,#1137,1);
#1139=LINE($,#1136,#1138);
#1140=EDGE_CURVE($,#1127,#1135,#1139,.T.);
#1141=ORIENTED_EDGE($,$,$,#1140,.T.);
#1142=CARTESIAN_POINT($,(65.9207401764197,133.568740352839,1.905));
#1143=VERTEX_POINT($,#1142);
#1144=CARTESIAN_POINT($,(54.45,133.568740352839,1.905));
#1145=DIRECTION($,(1,0,0));
#1146=VECTOR($,#1145,1);
#1147=LINE($,#1144,#1146);
#1148=EDGE_CURVE($,#1135,#1143,#1147,.T.);
#1149=ORIENTED_EDGE($,$,$,#1148,.T.);
#1150=CARTESIAN_POINT($,(65.9207401764197,126.660778771,1.905));
#1151=VERTEX_POINT($,#1150);
#1152=CARTESIAN_POINT($,(65.9207401764197,133.568740352839,1.905));
#1153=DIRECTION($,(0,-1,0));
#1154=VECTOR($,#1153,1);
#1155=LINE($,#1152,#1154);
#1156=EDGE_CURVE($,#1143,#1151,#1155,.T.);
#1157=ORIENTED_EDGE($,$,$,#1156,.T.);
#1158=CARTESIAN_POINT($,(71.0843874460345,131.824426040615,1.905));
#1159=VERTEX_POINT($,#1158);
#1160=CARTESIAN_POINT($,(65.9207401764197,126.660778771,1.905));
#1161=DIRECTION($,(0.707106781186548,0.707106781186548,0));
#1162=VECTOR($,#1161,1);
#1163=LINE($,#1160,#1162);
#1164=EDGE_CURVE($,#1151,#1159,#1163,.T.);
#1165=ORIENTED_EDGE($,$,$,#1164,.T.);
#1166=CARTESIAN_POINT($,(72.4314258641949,130.477387622454,1.905));
#1167=VERTEX_POINT($,#1166);
#1168=CARTESIAN_POINT($,(71.0843874460345,131.824426040615,1.905));
#1169=DIRECTION($,(0.707106781186551,-0.707106781186544,0));
#1170=VECTOR($,#1169,1);
#1171=LINE($,#1168,#1170);
#1172=EDGE_CURVE($,#1159,#1167,#1171,.T.);
#1173=ORIENTED_EDGE($,$,$,#1172,.T.);
#1174=CARTESIAN_POINT($,(67.2677785945801,125.313740352839,1.905));
#1175=VERTEX_POINT($,#1174);
#1176=CARTESIAN_POINT($,(72.4314258641949,130.477387622454,1.905));
#1177=DIRECTION($,(-0.707106781186548,-0.707106781186547,0));
#1178=VECTOR($,#1177,1);
#1179=LINE($,#1176,#1178);
#1180=EDGE_CURVE($,#1167,#1175,#1179,.T.);
#1181=ORIENTED_EDGE($,$,$,#1180,.T.);
#1182=CARTESIAN_POINT($,(74.1757401764197,125.313740352839,1.905));
#1183=VERTEX_POINT($,#1182);
#1184=CARTESIAN_POINT($,(67.2677785945801,125.313740352839,1.905));
#1185=DIRECTION($,(1,0,0));
#1186=VECTOR($,#1185,1);
#1187=LINE($,#1184,#1186);
#1188=EDGE_CURVE($,#1175,#1183,#1187,.T.);
#1189=ORIENTED_EDGE($,$,$,#1188,.T.);
#1190=CARTESIAN_POINT($,(74.1757401764197,113.84300017642,1.905));
#1191=VERTEX_POINT($,#1190);
#1192=CARTESIAN_POINT($,(74.1757401764197,125.313740352839,1.905));
#1193=DIRECTION($,(0,-1,0));
#1194=VECTOR($,#1193,1);
#1195=LINE($,#1192,#1194);
#1196=EDGE_CURVE($,#1183,#1191,#1195,.T.);
#1197=ORIENTED_EDGE($,$,$,#1196,.T.);
#1198=CARTESIAN_POINT($,(74.1757401764197,52.2504601764197,1.905));
#1199=VERTEX_POINT($,#1198);
#1200=CARTESIAN_POINT($,(74.1757401764197,113.84300017642,1.905));
#1201=DIRECTION($,(0,-1,0));
#1202=VECTOR($,#1201,1);
#1203=LINE($,#1200,#1202);
#1204=EDGE_CURVE($,#1191,#1199,#1203,.T.);
#1205=ORIENTED_EDGE($,$,$,#1204,.T.);
#1206=CARTESIAN_POINT($,(74.1757401764197,40.77972,1.905));
#1207=VERTEX_POINT($,#1206);
#1208=CARTESIAN_POINT($,(74.1757401764197,52.2504601764197,1.905));
#1209=DIRECTION($,(0,-1,0));
#1210=VECTOR($,#1209,1);
#1211=LINE($,#1208,#1210);
#1212=EDGE_CURVE($,#1199,#1207,#1211,.T.);
#1213=ORIENTED_EDGE($,$,$,#1212,.T.);
#1214=CARTESIAN_POINT($,(74.1757401764197,10,1.905));
#1215=VERTEX_POINT($,#1214);
#1216=CARTESIAN_POINT($,(74.1757401764197,40.77972,1.905));
#1217=DIRECTION($,(0,-1,0));
#1218=VECTOR($,#1217,1);
#1219=LINE($,#1216,#1218);
#1220=EDGE_CURVE($,#1207,#1215,#1219,.T.);
#1221=ORIENTED_EDGE($,$,$,#1220,.T.);
#1222=CARTESIAN_POINT($,(298.96574017642,10,1.905));
#1223=VERTEX_POINT($,#1222);
#1224=CARTESIAN_POINT($,(74.1757401764197,10,1.905));
#1225=DIRECTION($,(1,0,0));
#1226=VECTOR($,#1225,1);
#1227=LINE($,#1224,#1226);
#1228=EDGE_CURVE($,#1215,#1223,#1227,.T.);
#1229=ORIENTED_EDGE($,$,$,#1228,.T.);
#1230=CARTESIAN_POINT($,(298.96574017642,40.77972,1.905));
#1231=VERTEX_POINT($,#1230);
#1232=CARTESIAN_POINT($,(298.96574017642,10,1.905));
#1233=DIRECTION($,(0,1,0));
#1234=VECTOR($,#1233,1);
#1235=LINE($,#1232,#1234);
#1236=EDGE_CURVE($,#1223,#1231,#1235,.T.);
#1237=ORIENTED_EDGE($,$,$,#1236,.T.);
#1238=CARTESIAN_POINT($,(298.96574017642,52.2504601764197,1.905));
#1239=VERTEX_POINT($,#1238);
#1240=CARTESIAN_POINT($,(298.96574017642,40.77972,1.905));
#1241=DIRECTION($,(0,1,0));
#1242=VECTOR($,#1241,1);
#1243=LINE($,#1240,#1242);
#1244=EDGE_CURVE($,#1231,#1239,#1243,.T.);
#1245=ORIENTED_EDGE($,$,$,#1244,.T.);
#1246=CARTESIAN_POINT($,(298.96574017642,113.84300017642,1.905));
#1247=VERTEX_POINT($,#1246);
#1248=CARTESIAN_POINT($,(298.96574017642,52.2504601764197,1.905));
#1249=DIRECTION($,(0,1,0));
#1250=VECTOR($,#1249,1);
#1251=LINE($,#1248,#1250);
#1252=EDGE_CURVE($,#1239,#1247,#1251,.T.);
#1253=ORIENTED_EDGE($,$,$,#1252,.T.);
#1254=CARTESIAN_POINT($,(298.96574017642,125.313740352839,1.905));
#1255=VERTEX_POINT($,#1254);
#1256=CARTESIAN_POINT($,(298.96574017642,113.84300017642,1.905));
#1257=DIRECTION($,(0,1,0));
#1258=VECTOR($,#1257,1);
#1259=LINE($,#1256,#1258);
#1260=EDGE_CURVE($,#1247,#1255,#1259,.T.);
#1261=ORIENTED_EDGE($,$,$,#1260,.T.);
#1262=CARTESIAN_POINT($,(305.873701758259,125.313740352839,1.905));
#1263=VERTEX_POINT($,#1262);
#1264=CARTESIAN_POINT($,(298.96574017642,125.313740352839,1.905));
#1265=DIRECTION($,(1,0,0));
#1266=VECTOR($,#1265,1);
#1267=LINE($,#1264,#1266);
#1268=EDGE_CURVE($,#1255,#1263,#1267,.T.);
#1269=ORIENTED_EDGE($,$,$,#1268,.T.);
#1270=CARTESIAN_POINT($,(300.710054488645,130.477387622454,1.905));
#1271=VERTEX_POINT($,#1270);
#1272=CARTESIAN_POINT($,(305.873701758259,125.313740352839,1.905));
#1273=DIRECTION($,(-0.707106781186546,0.707106781186549,0));
#1274=VECTOR($,#1273,1);
#1275=LINE($,#1272,#1274);
#1276=EDGE_CURVE($,#1263,#1271,#1275,.T.);
#1277=ORIENTED_EDGE($,$,$,#1276,.T.);
#1278=CARTESIAN_POINT($,(302.057092906805,131.824426040615,1.905));
#1279=VERTEX_POINT($,#1278);
#1280=CARTESIAN_POINT($,(300.710054488645,130.477387622454,1.905));
#1281=DIRECTION($,(0.707106781186548,0.707106781186548,0));
#1282=VECTOR($,#1281,1);
#1283=LINE($,#1280,#1282);
#1284=EDGE_CURVE($,#1271,#1279,#1283,.T.);
#1285=ORIENTED_EDGE($,$,$,#1284,.T.);
#1286=CARTESIAN_POINT($,(307.22074017642,126.660778771,1.905));
#1287=VERTEX_POINT($,#1286);
#1288=CARTESIAN_POINT($,(302.057092906805,131.824426040615,1.905));
#1289=DIRECTION($,(0.707106781186549,-0.707106781186546,0));
#1290=VECTOR($,#1289,1);
#1291=LINE($,#1288,#1290);
#1292=EDGE_CURVE($,#1279,#1287,#1291,.T.);
#1293=ORIENTED_EDGE($,$,$,#1292,.T.);
#1294=CARTESIAN_POINT($,(307.22074017642,133.568740352839,1.905));
#1295=VERTEX_POINT($,#1294);
#1296=CARTESIAN_POINT($,(307.22074017642,126.660778771,1.905));
#1297=DIRECTION($,(0,1,0));
#1298=VECTOR($,#1297,1);
#1299=LINE($,#1296,#1298);
#1300=EDGE_CURVE($,#1287,#1295,#1299,.T.);
#1301=ORIENTED_EDGE($,$,$,#1300,.T.);
#1302=CARTESIAN_POINT($,(318.691480352839,133.568740352839,1.905));
#1303=VERTEX_POINT($,#1302);
#1304=CARTESIAN_POINT($,(307.22074017642,133.568740352839,1.905));
#1305=DIRECTION($,(1,0,0));
#1306=VECTOR($,#1305,1);
#1307=LINE($,#1304,#1306);
#1308=EDGE_CURVE($,#1295,#1303,#1307,.T.);
#1309=ORIENTED_EDGE($,$,$,#1308,.T.);
#1310=CARTESIAN_POINT($,(347.802420352839,133.568740352839,1.905));
#1311=VERTEX_POINT($,#1310);
#1312=CARTESIAN_POINT($,(318.691480352839,133.568740352839,1.905));
#1313=DIRECTION($,(1,0,0));
#1314=VECTOR($,#1313,1);
#1315=LINE($,#1312,#1314);
#1316=EDGE_CURVE($,#1303,#1311,#1315,.T.);
#1317=ORIENTED_EDGE($,$,$,#1316,.T.);
#1318=CARTESIAN_POINT($,(347.802420352839,248.351340352839,1.905));
#1319=VERTEX_POINT($,#1318);
#1320=CARTESIAN_POINT($,(347.802420352839,133.568740352839,1.905));
#1321=DIRECTION($,(0,1,0));
#1322=VECTOR($,#1321,1);
#1323=LINE($,#1320,#1322);
#1324=EDGE_CURVE($,#1311,#1319,#1323,.T.);
#1325=ORIENTED_EDGE($,$,$,#1324,.T.);
#1326=CARTESIAN_POINT($,(353.537790441049,248.351340352839,1.905));
#1327=VERTEX_POINT($,#1326);
#1328=CARTESIAN_POINT($,(347.802420352839,248.351340352839,1.905));
#1329=DIRECTION($,(1,0,0));
#1330=VECTOR($,#1329,1);
#1331=LINE($,#1328,#1330);
#1332=EDGE_CURVE($,#1319,#1327,#1331,.T.);
#1333=ORIENTED_EDGE($,$,$,#1332,.T.);
#1334=CARTESIAN_POINT($,(353.537790441049,248.351340352839,1.905));
#1335=DIRECTION($,(1,0,0));
#1336=VECTOR($,#1335,1);
#1337=LINE($,#1334,#1336);
#1338=EDGE_CURVE($,#1327,#877,#1337,.T.);
#1339=ORIENTED_EDGE($,$,$,#1338,.T.);
#1340=EDGE_LOOP($,(#885,#893,#901,#909,#917,#925,#933,#941,#949,#957,#965,#973,#981,#989,#997,#1005,#1013,#1021,#1029,#1037,#1045,#1053,#1061,#1069,#1077,#1085,#1093,#1101,#1109,#1117,#1125,#1133,#1141,#1149,#1157,#1165,#1173,#1181,#1189,#1197,#1205,#1213,#1221,#1229,#1237,#1245,#1253,#1261,#1269,#1277,#1285,#1293,#1301,#1309,#1317,#1325,#1333,#1339));
#1341=FACE_OUTER_BOUND('',#1340,.T.);
#1342=CARTESIAN_POINT($,(277.05824017642,164.000480352839,1.905));
#1343=VERTEX_POINT($,#1342);
#1344=CARTESIAN_POINT($,(261.18324017642,164.000480352839,1.905));
#1345=VERTEX_POINT($,#1344);
#1346=CARTESIAN_POINT($,(269.12074017642,164.000480352839,1.905));
#1347=DIRECTION($,(0,0,1));
#1348=DIRECTION($,(1,0,0));
#1349=AXIS2_PLACEMENT_3D($,#1346,#1347,#1348);
#1350=CIRCLE($,#1349,7.9375);
#1351=TRIMMED_CURVE($,#1350,(PARAMETER_VALUE(0)),(PARAMETER_VALUE(3.14159265358979)),.T.,.PARAMETER.);
#1352=EDGE_CURVE($,#1343,#1345,#1351,.T.);
#1353=ORIENTED_EDGE($,$,$,#1352,.F.);
#1354=CARTESIAN_POINT($,(269.12074017642,164.000480352839,1.905));
#1355=DIRECTION($,(0,0,1));
#1356=DIRECTION($,(1,0,0));
#1357=AXIS2_PLACEMENT_3D($,#1354,#1355,#1356);
#1358=CIRCLE($,#1357,7.9375);
#1359=TRIMMED_CURVE($,#1358,(PARAMETER_VALUE(3.14159265358979)),(PARAMETER_VALUE(6.28318530717959)),.T.,.PARAMETER.);
#1360=EDGE_CURVE($,#1345,#1343,#1359,.T.);
#1361=ORIENTED_EDGE($,$,$,#1360,.F.);
#1362=EDGE_LOOP($,(#1353,#1361));
#1363=FACE_BOUND('',#1362,.T.);
#1364=CARTESIAN_POINT($,(277.05824017642,208.450480352839,1.905));
#1365=VERTEX_POINT($,#1364);
#1366=CARTESIAN_POINT($,(261.18324017642,208.450480352839,1.905));
#1367=VERTEX_POINT($,#1366);
#1368=CARTESIAN_POINT($,(269.12074017642,208.450480352839,1.905));
#1369=DIRECTION($,(0,0,1));
#1370=DIRECTION($,(1,0,0));
#1371=AXIS2_PLACEMENT_3D($,#1368,#1369,#1370);
#1372=CIRCLE($,#1371,7.9375);
#1373=TRIMMED_CURVE($,#1372,(PARAMETER_VALUE(0)),(PARAMETER_VALUE(3.14159265358979)),.T.,.PARAMETER.);
#1374=EDGE_CURVE($,#1365,#1367,#1373,.T.);
#1375=ORIENTED_EDGE($,$,$,#1374,.F.);
#1376=CARTESIAN_POINT($,(269.12074017642,208.450480352839,1.905));
#1377=DIRECTION($,(0,0,1));
#1378=DIRECTION($,(1,0,0));
#1379=AXIS2_PLACEMENT_3D($,#1376,#1377,#1378);
#1380=CIRCLE($,#1379,7.9375);
#1381=TRIMMED_CURVE($,#1380,(PARAMETER_VALUE(3.14159265358979)),(PARAMETER_VALUE(6.28318530717959)),.T.,.PARAMETER.);
#1382=EDGE_CURVE($,#1367,#1365,#1381,.T.);
#1383=ORIENTED_EDGE($,$,$,#1382,.F.);
#1384=EDGE_LOOP($,(#1375,#1383));
#1385=FACE_BOUND('',#1384,.T.);
#1386=CARTESIAN_POINT($,(277.05824017642,252.90048035284,1.905));
#1387=VERTEX_POINT($,#1386);
#1388=CARTESIAN_POINT($,(261.18324017642,252.90048035284,1.905));
#1389=VERTEX_POINT($,#1388);
#1390=CARTESIAN_POINT($,(269.12074017642,252.90048035284,1.905));
#1391=DIRECTION($,(0,0,1));
#1392=DIRECTION($,(1,0,0));
#1393=AXIS2_PLACEMENT_3D($,#1390,#1391,#1392);
#1394=CIRCLE($,#1393,7.9375);
#1395=TRIMMED_CURVE($,#1394,(PARAMETER_VALUE(0)),(PARAMETER_VALUE(3.14159265358979)),.T.,.PARAMETER.);
#1396=EDGE_CURVE($,#1387,#1389,#1395,.T.);
#1397=ORIENTED_EDGE($,$,$,#1396,.F.);
#1398=CARTESIAN_POINT($,(269.12074017642,252.90048035284,1.905));
#1399=DIRECTION($,(0,0,1));
#1400=DIRECTION($,(1,0,0));
#1401=AXIS2_PLACEMENT_3D($,#1398,#1399,#1400);
#1402=CIRCLE($,#1401,7.9375);
#1403=TRIMMED_CURVE($,#1402,(PARAMETER_VALUE(3.14159265358979)),(PARAMETER_VALUE(6.28318530717959)),.T.,.PARAMETER.);
#1404=EDGE_CURVE($,#1389,#1387,#1403,.T.);
#1405=ORIENTED_EDGE($,$,$,#1404,.F.);
#1406=EDGE_LOOP($,(#1397,#1405));
#1407=FACE_BOUND('',#1406,.T.);
#1408=CARTESIAN_POINT($,(277.05824017642,297.350480352839,1.905));
#1409=VERTEX_POINT($,#1408);
#1410=CARTESIAN_POINT($,(261.18324017642,297.350480352839,1.905));
#1411=VERTEX_POINT($,#1410);
#1412=CARTESIAN_POINT($,(269.12074017642,297.350480352839,1.905));
#1413=DIRECTION($,(0,0,1));
#1414=DIRECTION($,(1,0,0));
#1415=AXIS2_PLACEMENT_3D($,#1412,#1413,#1414);
#1416=CIRCLE($,#1415,7.9375);
#1417=TRIMMED_CURVE($,#1416,(PARAMETER_VALUE(0)),(PARAMETER_VALUE(3.14159265358979)),.T.,.PARAMETER.);
#1418=EDGE_CURVE($,#1409,#1411,#1417,.T.);
#1419=ORIENTED_EDGE($,$,$,#1418,.F.);
#1420=CARTESIAN_POINT($,(269.12074017642,297.350480352839,1.905));
#1421=DIRECTION($,(0,0,1));
#1422=DIRECTION($,(1,0,0));
#1423=AXIS2_PLACEMENT_3D($,#1420,#1421,#1422);
#1424=CIRCLE($,#1423,7.9375);
#1425=TRIMMED_CURVE($,#1424,(PARAMETER_VALUE(3.14159265358979)),(PARAMETER_VALUE(6.28318530717959)),.T.,.PARAMETER.);
#1426=EDGE_CURVE($,#1411,#1409,#1425,.T.);
#1427=ORIENTED_EDGE($,$,$,#1426,.F.);
#1428=EDGE_LOOP($,(#1419,#1427));
#1429=FACE_BOUND('',#1428,.T.);
#1430=CARTESIAN_POINT($,(90.5333401764198,16.34746,1.905));
#1431=VERTEX_POINT($,#1430);
#1432=CARTESIAN_POINT($,(79.4081401764197,16.34746,1.905));
#1433=VERTEX_POINT($,#1432);
#1434=CARTESIAN_POINT($,(84.9707401764198,16.34746,1.905));
#1435=DIRECTION($,(0,0,1));
#1436=DIRECTION($,(1,0,0));
#1437=AXIS2_PLACEMENT_3D($,#1434,#1435,#1436);
#1438=CIRCLE($,#1437,5.5626);
#1439=TRIMMED_CURVE($,#1438,(PARAMETER_VALUE(0)),(PARAMETER_VALUE(3.14159265358979)),.T.,.PARAMETER.);
#1440=EDGE_CURVE($,#1431,#1433,#1439,.T.);
#1441=ORIENTED_EDGE($,$,$,#1440,.F.);
#1442=CARTESIAN_POINT($,(84.9707401764198,16.34746,1.905));
#1443=DIRECTION($,(0,0,1));
#1444=DIRECTION($,(1,0,0));
#1445=AXIS2_PLACEMENT_3D($,#1442,#1443,#1444);
#1446=CIRCLE($,#1445,5.5626);
#1447=TRIMMED_CURVE($,#1446,(PARAMETER_VALUE(3.14159265358979)),(PARAMETER_VALUE(6.28318530717959)),.T.,.PARAMETER.);
#1448=EDGE_CURVE($,#1433,#1431,#1447,.T.);
#1449=ORIENTED_EDGE($,$,$,#1448,.F.);
#1450=EDGE_LOOP($,(#1441,#1449));
#1451=FACE_BOUND('',#1450,.T.);
#1452=CARTESIAN_POINT($,(293.73334017642,16.34746,1.905));
#1453=VERTEX_POINT($,#1452);
#1454=CARTESIAN_POINT($,(282.60814017642,16.34746,1.905));
#1455=VERTEX_POINT($,#1454);
#1456=CARTESIAN_POINT($,(288.17074017642,16.34746,1.905));
#1457=DIRECTION($,(0,0,1));
#1458=DIRECTION($,(1,0,0));
#1459=AXIS2_PLACEMENT_3D($,#1456,#1457,#1458);
#1460=CIRCLE($,#1459,5.5626);
#1461=TRIMMED_CURVE($,#1460,(PARAMETER_VALUE(0)),(PARAMETER_VALUE(3.14159265358979)),.T.,.PARAMETER.);
#1462=EDGE_CURVE($,#1453,#1455,#1461,.T.);
#1463=ORIENTED_EDGE($,$,$,#1462,.F.);
#1464=CARTESIAN_POINT($,(288.17074017642,16.34746,1.905));
#1465=DIRECTION($,(0,0,1));
#1466=DIRECTION($,(1,0,0));
#1467=AXIS2_PLACEMENT_3D($,#1464,#1465,#1466);
#1468=CIRCLE($,#1467,5.5626);
#1469=TRIMMED_CURVE($,#1468,(PARAMETER_VALUE(3.14159265358979)),(PARAMETER_VALUE(6.28318530717959)),.T.,.PARAMETER.);
#1470=EDGE_CURVE($,#1455,#1453,#1469,.T.);
#1471=ORIENTED_EDGE($,$,$,#1470,.F.);
#1472=EDGE_LOOP($,(#1463,#1471));
#1473=FACE_BOUND('',#1472,.T.);
#1474=CARTESIAN_POINT($,(263.25334017642,398.747280352839,1.905));
#1475=VERTEX_POINT($,#1474);
#1476=CARTESIAN_POINT($,(225.15334017642,398.747280352839,1.905));
#1477=VERTEX_POINT($,#1476);
#1478=CARTESIAN_POINT($,(244.20334017642,398.747280352839,1.905));
#1479=DIRECTION($,(0,0,1));
#1480=DIRECTION($,(1,0,0));
#1481=AXIS2_PLACEMENT_3D($,#1478,#1479,#1480);
#1482=CIRCLE($,#1481,19.05);
#1483=TRIMMED_CURVE($,#1482,(PARAMETER_VALUE(0)),(PARAMETER_VALUE(3.14159265358979)),.T.,.PARAMETER.);
#1484=EDGE_CURVE($,#1475,#1477,#1483,.T.);
#1485=ORIENTED_EDGE($,$,$,#1484,.F.);
#1486=CARTESIAN_POINT($,(244.20334017642,398.747280352839,1.905));
#1487=DIRECTION($,(0,0,1));
#1488=DIRECTION($,(1,0,0));
#1489=AXIS2_PLACEMENT_3D($,#1486,#1487,#1488);
#1490=CIRCLE($,#1489,19.05);
#1491=TRIMMED_CURVE($,#1490,(PARAMETER_VALUE(3.14159265358979)),(PARAMETER_VALUE(6.28318530717959)),.T.,.PARAMETER.);
#1492=EDGE_CURVE($,#1477,#1475,#1491,.T.);
#1493=ORIENTED_EDGE($,$,$,#1492,.F.);
#1494=EDGE_LOOP($,(#1485,#1493));
#1495=FACE_BOUND('',#1494,.T.);
#1496=CARTESIAN_POINT($,(180.70334017642,424.147280352839,1.905));
#1497=VERTEX_POINT($,#1496);
#1498=CARTESIAN_POINT($,(129.90334017642,424.147280352839,1.905));
#1499=VERTEX_POINT($,#1498);
#1500=CARTESIAN_POINT($,(155.30334017642,424.147280352839,1.905));
#1501=DIRECTION($,(0,0,1));
#1502=DIRECTION($,(1,0,0));
#1503=AXIS2_PLACEMENT_3D($,#1500,#1501,#1502);
#1504=CIRCLE($,#1503,25.4);
#1505=TRIMMED_CURVE($,#1504,(PARAMETER_VALUE(0)),(PARAMETER_VALUE(3.14159265358979)),.T.,.PARAMETER.);
#1506=EDGE_CURVE($,#1497,#1499,#1505,.T.);
#1507=ORIENTED_EDGE($,$,$,#1506,.F.);
#1508=CARTESIAN_POINT($,(155.30334017642,424.147280352839,1.905));
#1509=DIRECTION($,(0,0,1));
#1510=DIRECTION($,(1,0,0));
#1511=AXIS2_PLACEMENT_3D($,#1508,#1509,#1510);
#1512=CIRCLE($,#1511,25.4);
#1513=TRIMMED_CURVE($,#1512,(PARAMETER_VALUE(3.14159265358979)),(PARAMETER_VALUE(6.28318530717959)),.T.,.PARAMETER.);
#1514=EDGE_CURVE($,#1499,#1497,#1513,.T.);
#1515=ORIENTED_EDGE($,$,$,#1514,.F.);
#1516=EDGE_LOOP($,(#1507,#1515));
#1517=FACE_BOUND('',#1516,.T.);
#1518=CARTESIAN_POINT($,(293.73334017642,603.550300705679,1.905));
#1519=VERTEX_POINT($,#1518);
#1520=CARTESIAN_POINT($,(282.60814017642,603.550300705679,1.905));
#1521=VERTEX_POINT($,#1520);
#1522=CARTESIAN_POINT($,(288.17074017642,603.550300705679,1.905));
#1523=DIRECTION($,(0,0,1));
#1524=DIRECTION($,(1,0,0));
#1525=AXIS2_PLACEMENT_3D($,#1522,#1523,#1524);
#1526=CIRCLE($,#1525,5.5626);
#1527=TRIMMED_CURVE($,#1526,(PARAMETER_VALUE(0)),(PARAMETER_VALUE(3.14159265358979)),.T.,.PARAMETER.);
#1528=EDGE_CURVE($,#1519,#1521,#1527,.T.);
#1529=ORIENTED_EDGE($,$,$,#1528,.F.);
#1530=CARTESIAN_POINT($,(288.17074017642,603.550300705679,1.905));
#1531=DIRECTION($,(0,0,1));
#1532=DIRECTION($,(1,0,0));
#1533=AXIS2_PLACEMENT_3D($,#1530,#1531,#1532);
#1534=CIRCLE($,#1533,5.5626);
#1535=TRIMMED_CURVE($,#1534,(PARAMETER_VALUE(3.14159265358979)),(PARAMETER_VALUE(6.28318530717959)),.T.,.PARAMETER.);
#1536=EDGE_CURVE($,#1521,#1519,#1535,.T.);
#1537=ORIENTED_EDGE($,$,$,#1536,.F.);
#1538=EDGE_LOOP($,(#1529,#1537));
#1539=FACE_BOUND('',#1538,.T.);
#1540=CARTESIAN_POINT($,(90.5333401764198,603.550300705679,1.905));
#1541=VERTEX_POINT($,#1540);
#1542=CARTESIAN_POINT($,(79.4081401764197,603.550300705679,1.905));
#1543=VERTEX_POINT($,#1542);
#1544=CARTESIAN_POINT($,(84.9707401764198,603.550300705679,1.905));
#1545=DIRECTION($,(0,0,1));
#1546=DIRECTION($,(1,0,0));
#1547=AXIS2_PLACEMENT_3D($,#1544,#1545,#1546);
#1548=CIRCLE($,#1547,5.5626);
#1549=TRIMMED_CURVE($,#1548,(PARAMETER_VALUE(0)),(PARAMETER_VALUE(3.14159265358979)),.T.,.PARAMETER.);
#1550=EDGE_CURVE($,#1541,#1543,#1549,.T.);
#1551=ORIENTED_EDGE($,$,$,#1550,.F.);
#1552=CARTESIAN_POINT($,(84.9707401764198,603.550300705679,1.905));
#1553=DIRECTION($,(0,0,1));
#1554=DIRECTION($,(1,0,0));
#1555=AXIS2_PLACEMENT_3D($,#1552,#1553,#1554);
#1556=CIRCLE($,#1555,5.5626);
#1557=TRIMMED_CURVE($,#1556,(PARAMETER_VALUE(3.14159265358979)),(PARAMETER_VALUE(6.28318530717959)),.T.,.PARAMETER.);
#1558=EDGE_CURVE($,#1543,#1541,#1557,.T.);
#1559=ORIENTED_EDGE($,$,$,#1558,.F.);
#1560=EDGE_LOOP($,(#1551,#1559));
#1561=FACE_BOUND('',#1560,.T.);
#1562=CARTESIAN_POINT($,(397.799086493049,311.851340352839,1.905));
#1563=VERTEX_POINT($,#1562);
#1564=CARTESIAN_POINT($,(370.748086493049,311.851340352839,1.905));
#1565=VERTEX_POINT($,#1564);
#1566=CARTESIAN_POINT($,(384.273586493049,311.851340352839,1.905));
#1567=DIRECTION($,(0,0,1));
#1568=DIRECTION($,(1,0,0));
#1569=AXIS2_PLACEMENT_3D($,#1566,#1567,#1568);
#1570=CIRCLE($,#1569,13.5255);
#1571=TRIMMED_CURVE($,#1570,(PARAMETER_VALUE(0)),(PARAMETER_VALUE(3.14159265358979)),.T.,.PARAMETER.);
#1572=EDGE_CURVE($,#1563,#1565,#1571,.T.);
#1573=ORIENTED_EDGE($,$,$,#1572,.F.);
#1574=CARTESIAN_POINT($,(384.273586493049,311.851340352839,1.905));
#1575=DIRECTION($,(0,0,1));
#1576=DIRECTION($,(1,0,0));
#1577=AXIS2_PLACEMENT_3D($,#1574,#1575,#1576);
#1578=CIRCLE($,#1577,13.5255);
#1579=TRIMMED_CURVE($,#1578,(PARAMETER_VALUE(3.14159265358979)),(PARAMETER_VALUE(6.28318530717959)),.T.,.PARAMETER.);
#1580=EDGE_CURVE($,#1565,#1563,#1579,.T.);
#1581=ORIENTED_EDGE($,$,$,#1580,.F.);
#1582=EDGE_LOOP($,(#1573,#1581));
#1583=FACE_BOUND('',#1582,.T.);
#1584=CARTESIAN_POINT($,(372.684836493049,292.801340352839,1.905));
#1585=VERTEX_POINT($,#1584);
#1586=CARTESIAN_POINT($,(367.922336493049,292.801340352839,1.905));
#1587=VERTEX_POINT($,#1586);
#1588=CARTESIAN_POINT($,(370.303586493049,292.801340352839,1.905));
#1589=DIRECTION($,(0,0,1));
#1590=DIRECTION($,(1,0,0));
#1591=AXIS2_PLACEMENT_3D($,#1588,#1589,#1590);
#1592=CIRCLE($,#1591,2.38125);
#1593=TRIMMED_CURVE($,#1592,(PARAMETER_VALUE(0)),(PARAMETER_VALUE(3.14159265358979)),.T.,.PARAMETER.);
#1594=EDGE_CURVE($,#1585,#1587,#1593,.T.);
#1595=ORIENTED_EDGE($,$,$,#1594,.F.);
#1596=CARTESIAN_POINT($,(370.303586493049,292.801340352839,1.905));
#1597=DIRECTION($,(0,0,1));
#1598=DIRECTION($,(1,0,0));
#1599=AXIS2_PLACEMENT_3D($,#1596,#1597,#1598);
#1600=CIRCLE($,#1599,2.38125);
#1601=TRIMMED_CURVE($,#1600,(PARAMETER_VALUE(3.14159265358979)),(PARAMETER_VALUE(6.28318530717959)),.T.,.PARAMETER.);
#1602=EDGE_CURVE($,#1587,#1585,#1601,.T.);
#1603=ORIENTED_EDGE($,$,$,#1602,.F.);
#1604=EDGE_LOOP($,(#1595,#1603));
#1605=FACE_BOUND('',#1604,.T.);
#1606=CARTESIAN_POINT($,(372.684836493049,330.901340352839,1.905));
#1607=VERTEX_POINT($,#1606);
#1608=CARTESIAN_POINT($,(367.922336493049,330.901340352839,1.905));
#1609=VERTEX_POINT($,#1608);
#1610=CARTESIAN_POINT($,(370.303586493049,330.901340352839,1.905));
#1611=DIRECTION($,(0,0,1));
#1612=DIRECTION($,(1,0,0));
#1613=AXIS2_PLACEMENT_3D($,#1610,#1611,#1612);
#1614=CIRCLE($,#1613,2.38125);
#1615=TRIMMED_CURVE($,#1614,(PARAMETER_VALUE(0)),(PARAMETER_VALUE(3.14159265358979)),.T.,.PARAMETER.);
#1616=EDGE_CURVE($,#1607,#1609,#1615,.T.);
#1617=ORIENTED_EDGE($,$,$,#1616,.F.);
#1618=CARTESIAN_POINT($,(370.303586493049,330.901340352839,1.905));
#1619=DIRECTION($,(0,0,1));
#1620=DIRECTION($,(1,0,0));
#1621=AXIS2_PLACEMENT_3D($,#1618,#1619,#1620);
#1622=CIRCLE($,#1621,2.38125);
#1623=TRIMMED_CURVE($,#1622,(PARAMETER_VALUE(3.14159265358979)),(PARAMETER_VALUE(6.28318530717959)),.T.,.PARAMETER.);
#1624=EDGE_CURVE($,#1609,#1607,#1623,.T.);
#1625=ORIENTED_EDGE($,$,$,#1624,.F.);
#1626=EDGE_LOOP($,(#1617,#1625));
#1627=FACE_BOUND('',#1626,.T.);
#1628=CARTESIAN_POINT($,(404.434836493049,292.801340352839,1.905));
#1629=VERTEX_POINT($,#1628);
#1630=CARTESIAN_POINT($,(399.672336493049,292.801340352839,1.905));
#1631=VERTEX_POINT($,#1630);
#1632=CARTESIAN_POINT($,(402.053586493049,292.801340352839,1.905));
#1633=DIRECTION($,(0,0,1));
#1634=DIRECTION($,(1,0,0));
#1635=AXIS2_PLACEMENT_3D($,#1632,#1633,#1634);
#1636=CIRCLE($,#1635,2.38125);
#1637=TRIMMED_CURVE($,#1636,(PARAMETER_VALUE(0)),(PARAMETER_VALUE(3.14159265358979)),.T.,.PARAMETER.);
#1638=EDGE_CURVE($,#1629,#1631,#1637,.T.);
#1639=ORIENTED_EDGE($,$,$,#1638,.F.);
#1640=CARTESIAN_POINT($,(402.053586493049,292.801340352839,1.905));
#1641=DIRECTION($,(0,0,1));
#1642=DIRECTION($,(1,0,0));
#1643=AXIS2_PLACEMENT_3D($,#1640,#1641,#1642);
#1644=CIRCLE($,#1643,2.38125);
#1645=TRIMMED_CURVE($,#1644,(PARAMETER_VALUE(3.14159265358979)),(PARAMETER_VALUE(6.28318530717959)),.T.,.PARAMETER.);
#1646=EDGE_CURVE($,#1631,#1629,#1645,.T.);
#1647=ORIENTED_EDGE($,$,$,#1646,.F.);
#1648=EDGE_LOOP($,(#1639,#1647));
#1649=FACE_BOUND('',#1648,.T.);
#1650=CARTESIAN_POINT($,(404.434836493049,330.901340352839,1.905));
#1651=VERTEX_POINT($,#1650);
#1652=CARTESIAN_POINT($,(399.672336493049,330.901340352839,1.905));
#1653=VERTEX_POINT($,#1652);
#1654=CARTESIAN_POINT($,(402.053586493049,330.901340352839,1.905));
#1655=DIRECTION($,(0,0,1));
#1656=DIRECTION($,(1,0,0));
#1657=AXIS2_PLACEMENT_3D($,#1654,#1655,#1656);
#1658=CIRCLE($,#1657,2.38125);
#1659=TRIMMED_CURVE($,#1658,(PARAMETER_VALUE(0)),(PARAMETER_VALUE(3.14159265358979)),.T.,.PARAMETER.);
#1660=EDGE_CURVE($,#1651,#1653,#1659,.T.);
#1661=ORIENTED_EDGE($,$,$,#1660,.F.);
#1662=CARTESIAN_POINT($,(402.053586493049,330.901340352839,1.905));
#1663=DIRECTION($,(0,0,1));
#1664=DIRECTION($,(1,0,0));
#1665=AXIS2_PLACEMENT_3D($,#1662,#1663,#1664);
#1666=CIRCLE($,#1665,2.38125);
#1667=TRIMMED_CURVE($,#1666,(PARAMETER_VALUE(3.14159265358979)),(PARAMETER_VALUE(6.28318530717959)),.T.,.PARAMETER.);
#1668=EDGE_CURVE($,#1653,#1651,#1667,.T.);
#1669=ORIENTED_EDGE($,$,$,#1668,.F.);
#1670=EDGE_LOOP($,(#1661,#1669));
#1671=FACE_BOUND('',#1670,.T.);
#1672=CARTESIAN_POINT($,(107.67834017642,189.298880352839,1.905));
#1673=VERTEX_POINT($,#1672);
#1674=CARTESIAN_POINT($,(126.72834017642,189.298880352839,1.905));
#1675=VERTEX_POINT($,#1674);
#1676=CARTESIAN_POINT($,(107.67834017642,189.298880352839,1.905));
#1677=DIRECTION($,(1,0,0));
#1678=VECTOR($,#1677,1);
#1679=LINE($,#1676,#1678);
#1680=EDGE_CURVE($,#1673,#1675,#1679,.T.);
#1681=ORIENTED_EDGE($,$,$,#1680,.F.);
#1682=CARTESIAN_POINT($,(107.67834017642,278.198880352839,1.905));
#1683=VERTEX_POINT($,#1682);
#1684=CARTESIAN_POINT($,(107.67834017642,278.198880352839,1.905));
#1685=DIRECTION($,(0,-1,0));
#1686=VECTOR($,#1685,1);
#1687=LINE($,#1684,#1686);
#1688=EDGE_CURVE($,#1683,#1673,#1687,.T.);
#1689=ORIENTED_EDGE($,$,$,#1688,.F.);
#1690=CARTESIAN_POINT($,(126.72834017642,278.198880352839,1.905));
#1691=VERTEX_POINT($,#1690);
#1692=CARTESIAN_POINT($,(126.72834017642,278.198880352839,1.905));
#1693=DIRECTION($,(-1,0,0));
#1694=VECTOR($,#1693,1);
#1695=LINE($,#1692,#1694);
#1696=EDGE_CURVE($,#1691,#1683,#1695,.T.);
#1697=ORIENTED_EDGE($,$,$,#1696,.F.);
#1698=CARTESIAN_POINT($,(126.72834017642,189.298880352839,1.905));
#1699=DIRECTION($,(0,1,0));
#1700=VECTOR($,#1699,1);
#1701=LINE($,#1698,#1700);
#1702=EDGE_CURVE($,#1675,#1691,#1701,.T.);
#1703=ORIENTED_EDGE($,$,$,#1702,.F.);
#1704=EDGE_LOOP($,(#1681,#1689,#1697,#1703));
#1705=FACE_BOUND('',#1704,.T.);
#1706=CARTESIAN_POINT($,(171.17834017642,189.298880352839,1.905));
#1707=VERTEX_POINT($,#1706);
#1708=CARTESIAN_POINT($,(190.22834017642,189.298880352839,1.905));
#1709=VERTEX_POINT($,#1708);
#1710=CARTESIAN_POINT($,(171.17834017642,189.298880352839,1.905));
#1711=DIRECTION($,(1,0,0));
#1712=VECTOR($,#1711,1);
#1713=LINE($,#1710,#1712);
#1714=EDGE_CURVE($,#1707,#1709,#1713,.T.);
#1715=ORIENTED_EDGE($,$,$,#1714,.F.);
#1716=CARTESIAN_POINT($,(171.17834017642,278.198880352839,1.905));
#1717=VERTEX_POINT($,#1716);
#1718=CARTESIAN_POINT($,(171.17834017642,278.198880352839,1.905));
#1719=DIRECTION($,(0,-1,0));
#1720=VECTOR($,#1719,1);
#1721=LINE($,#1718,#1720);
#1722=EDGE_CURVE($,#1717,#1707,#1721,.T.);
#1723=ORIENTED_EDGE($,$,$,#1722,.F.);
#1724=CARTESIAN_POINT($,(190.22834017642,278.198880352839,1.905));
#1725=VERTEX_POINT($,#1724);
#1726=CARTESIAN_POINT($,(190.22834017642,278.198880352839,1.905));
#1727=DIRECTION($,(-1,0,0));
#1728=VECTOR($,#1727,1);
#1729=LINE($,#1726,#1728);
#1730=EDGE_CURVE($,#1725,#1717,#1729,.T.);
#1731=ORIENTED_EDGE($,$,$,#1730,.F.);
#1732=CARTESIAN_POINT($,(190.22834017642,189.298880352839,1.905));
#1733=DIRECTION($,(0,1,0));
#1734=VECTOR($,#1733,1);
#1735=LINE($,#1732,#1734);
#1736=EDGE_CURVE($,#1709,#1725,#1735,.T.);
#1737=ORIENTED_EDGE($,$,$,#1736,.F.);
#1738=EDGE_LOOP($,(#1715,#1723,#1731,#1737));
#1739=FACE_BOUND('',#1738,.T.);
#1740=ADVANCED_FACE('',(#1341,#1363,#1385,#1407,#1429,#1451,#1473,#1495,#1517,#1539,#1561,#1583,#1605,#1627,#1649,#1671,#1705,#1739),#875,.T.);
#1741=CARTESIAN_POINT($,(402.051790441049,248.351340352839,0));
#1742=DIRECTION($,(1,0,0));
#1743=DIRECTION($,(0,0,1));
#1744=AXIS2_PLACEMENT_3D($,#1741,#1742,#1743);
#1745=PLANE($,#1744);
#1746=ORIENTED_EDGE($,$,$,#14,.T.);
#1747=CARTESIAN_POINT($,(402.051790441049,261.051340352839,0));
#1748=DIRECTION($,(0,0,1));
#1749=VECTOR($,#1748,1);
#1750=LINE($,#1747,#1749);
#1751=EDGE_CURVE($,#9,#879,#1750,.T.);
#1752=ORIENTED_EDGE($,$,$,#1751,.T.);
#1753=ORIENTED_EDGE($,$,$,#884,.F.);
#1754=CARTESIAN_POINT($,(402.051790441049,248.351340352839,0));
#1755=DIRECTION($,(0,0,1));
#1756=VECTOR($,#1755,1);
#1757=LINE($,#1754,#1756);
#1758=EDGE_CURVE($,#7,#877,#1757,.T.);
#1759=ORIENTED_EDGE($,$,$,#1758,.F.);
#1760=EDGE_LOOP($,(#1746,#1752,#1753,#1759));
#1761=FACE_OUTER_BOUND('',#1760,.T.);
#1762=ADVANCED_FACE('',(#1761),#1745,.T.);
#1763=CARTESIAN_POINT($,(402.051790441049,261.051340352839,0));
#1764=DIRECTION($,(0,-1,0));
#1765=DIRECTION($,(0,0,1));
#1766=AXIS2_PLACEMENT_3D($,#1763,#1764,#1765);
#1767=PLANE($,#1766);
#1768=ORIENTED_EDGE($,$,$,#22,.T.);
#1769=CARTESIAN_POINT($,(414.751790441049,261.051340352839,-0));
#1770=DIRECTION($,(0,0,1));
#1771=VECTOR($,#1770,1);
#1772=LINE($,#1769,#1771);
#1773=EDGE_CURVE($,#17,#887,#1772,.T.);
#1774=ORIENTED_EDGE($,$,$,#1773,.T.);
#1775=ORIENTED_EDGE($,$,$,#892,.F.);
#1776=ORIENTED_EDGE($,$,$,#1751,.F.);
#1777=EDGE_LOOP($,(#1768,#1774,#1775,#1776));
#1778=FACE_OUTER_BOUND('',#1777,.T.);
#1779=ADVANCED_FACE('',(#1778),#1767,.T.);
#1780=CARTESIAN_POINT($,(414.751790441049,261.051340352839,0));
#1781=DIRECTION($,(1,0,0));
#1782=DIRECTION($,(0,0,1));
#1783=AXIS2_PLACEMENT_3D($,#1780,#1781,#1782);
#1784=PLANE($,#1783);
#1785=ORIENTED_EDGE($,$,$,#30,.T.);
#1786=CARTESIAN_POINT($,(414.751790441049,362.651340352839,-0));
#1787=DIRECTION($,(0,0,1));
#1788=VECTOR($,#1787,1);
#1789=LINE($,#1786,#1788);
#1790=EDGE_CURVE($,#25,#895,#1789,.T.);
#1791=ORIENTED_EDGE($,$,$,#1790,.T.);
#1792=ORIENTED_EDGE($,$,$,#900,.F.);
#1793=ORIENTED_EDGE($,$,$,#1773,.F.);
#1794=EDGE_LOOP($,(#1785,#1791,#1792,#1793));
#1795=FACE_OUTER_BOUND('',#1794,.T.);
#1796=ADVANCED_FACE('',(#1795),#1784,.T.);
#1797=CARTESIAN_POINT($,(414.751790441049,362.651340352839,0));
#1798=DIRECTION($,(0,1,0));
#1799=DIRECTION($,(0,0,1));
#1800=AXIS2_PLACEMENT_3D($,#1797,#1798,#1799);
#1801=PLANE($,#1800);
#1802=ORIENTED_EDGE($,$,$,#38,.T.);
#1803=CARTESIAN_POINT($,(402.051790441049,362.651340352839,0));
#1804=DIRECTION($,(0,0,1));
#1805=VECTOR($,#1804,1);
#1806=LINE($,#1803,#1805);
#1807=EDGE_CURVE($,#33,#903,#1806,.T.);
#1808=ORIENTED_EDGE($,$,$,#1807,.T.);
#1809=ORIENTED_EDGE($,$,$,#908,.F.);
#1810=ORIENTED_EDGE($,$,$,#1790,.F.);
#1811=EDGE_LOOP($,(#1802,#1808,#1809,#1810));
#1812=FACE_OUTER_BOUND('',#1811,.T.);
#1813=ADVANCED_FACE('',(#1812),#1801,.T.);
#1814=CARTESIAN_POINT($,(402.051790441049,362.651340352839,0));
#1815=DIRECTION($,(1,0,0));
#1816=DIRECTION($,(0,0,1));
#1817=AXIS2_PLACEMENT_3D($,#1814,#1815,#1816);
#1818=PLANE($,#1817);
#1819=ORIENTED_EDGE($,$,$,#46,.T.);
#1820=CARTESIAN_POINT($,(402.051790441049,375.351340352839,-0));
#1821=DIRECTION($,(0,0,1));
#1822=VECTOR($,#1821,1);
#1823=LINE($,#1820,#1822);
#1824=EDGE_CURVE($,#41,#911,#1823,.T.);
#1825=ORIENTED_EDGE($,$,$,#1824,.T.);
#1826=ORIENTED_EDGE($,$,$,#916,.F.);
#1827=ORIENTED_EDGE($,$,$,#1807,.F.);
#1828=EDGE_LOOP($,(#1819,#1825,#1826,#1827));
#1829=FACE_OUTER_BOUND('',#1828,.T.);
#1830=ADVANCED_FACE('',(#1829),#1818,.T.);
#1831=CARTESIAN_POINT($,(402.051790441049,375.351340352839,0));
#1832=DIRECTION($,(0,1,0));
#1833=DIRECTION($,(0,0,1));
#1834=AXIS2_PLACEMENT_3D($,#1831,#1832,#1833);
#1835=PLANE($,#1834);
#1836=ORIENTED_EDGE($,$,$,#54,.T.);
#1837=CARTESIAN_POINT($,(353.537790441049,375.351340352839,0));
#1838=DIRECTION($,(0,0,1));
#1839=VECTOR($,#1838,1);
#1840=LINE($,#1837,#1839);
#1841=EDGE_CURVE($,#49,#919,#1840,.T.);
#1842=ORIENTED_EDGE($,$,$,#1841,.T.);
#1843=ORIENTED_EDGE($,$,$,#924,.F.);
#1844=ORIENTED_EDGE($,$,$,#1824,.F.);
#1845=EDGE_LOOP($,(#1836,#1842,#1843,#1844));
#1846=FACE_OUTER_BOUND('',#1845,.T.);
#1847=ADVANCED_FACE('',(#1846),#1835,.T.);
#1848=CARTESIAN_POINT($,(353.537790441049,375.351340352839,0));
#1849=DIRECTION($,(0,1,0));
#1850=DIRECTION($,(0,0,1));
#1851=AXIS2_PLACEMENT_3D($,#1848,#1849,#1850);
#1852=PLANE($,#1851);
#1853=ORIENTED_EDGE($,$,$,#62,.T.);
#1854=CARTESIAN_POINT($,(347.802420352839,375.351340352839,0));
#1855=DIRECTION($,(0,0,1));
#1856=VECTOR($,#1855,1);
#1857=LINE($,#1854,#1856);
#1858=EDGE_CURVE($,#57,#927,#1857,.T.);
#1859=ORIENTED_EDGE($,$,$,#1858,.T.);
#1860=ORIENTED_EDGE($,$,$,#932,.F.);
#1861=ORIENTED_EDGE($,$,$,#1841,.F.);
#1862=EDGE_LOOP($,(#1853,#1859,#1860,#1861));
#1863=FACE_OUTER_BOUND('',#1862,.T.);
#1864=ADVANCED_FACE('',(#1863),#1852,.T.);
#1865=CARTESIAN_POINT($,(347.802420352839,375.351340352839,0));
#1866=DIRECTION($,(1,0,0));
#1867=DIRECTION($,(0,0,1));
#1868=AXIS2_PLACEMENT_3D($,#1865,#1866,#1867);
#1869=PLANE($,#1868);
#1870=ORIENTED_EDGE($,$,$,#70,.T.);
#1871=CARTESIAN_POINT($,(347.802420352839,485.358740352839,-0));
#1872=DIRECTION($,(0,0,1));
#1873=VECTOR($,#1872,1);
#1874=LINE($,#1871,#1873);
#1875=EDGE_CURVE($,#65,#935,#1874,.T.);
#1876=ORIENTED_EDGE($,$,$,#1875,.T.);
#1877=ORIENTED_EDGE($,$,$,#940,.F.);
#1878=ORIENTED_EDGE($,$,$,#1858,.F.);
#1879=EDGE_LOOP($,(#1870,#1876,#1877,#1878));
#1880=FACE_OUTER_BOUND('',#1879,.T.);
#1881=ADVANCED_FACE('',(#1880),#1869,.T.);
#1882=CARTESIAN_POINT($,(347.802420352839,485.358740352839,0));
#1883=DIRECTION($,(0,1,0));
#1884=DIRECTION($,(0,0,1));
#1885=AXIS2_PLACEMENT_3D($,#1882,#1883,#1884);
#1886=PLANE($,#1885);
#1887=ORIENTED_EDGE($,$,$,#78,.T.);
#1888=CARTESIAN_POINT($,(318.691480352839,485.358740352839,0));
#1889=DIRECTION($,(0,0,1));
#1890=VECTOR($,#1889,1);
#1891=LINE($,#1888,#1890);
#1892=EDGE_CURVE($,#73,#943,#1891,.T.);
#1893=ORIENTED_EDGE($,$,$,#1892,.T.);
#1894=ORIENTED_EDGE($,$,$,#948,.F.);
#1895=ORIENTED_EDGE($,$,$,#1875,.F.);
#1896=EDGE_LOOP($,(#1887,#1893,#1894,#1895));
#1897=FACE_OUTER_BOUND('',#1896,.T.);
#1898=ADVANCED_FACE('',(#1897),#1886,.T.);
#1899=CARTESIAN_POINT($,(318.691480352839,485.35874035284,0));
#1900=DIRECTION($,(0,1,0));
#1901=DIRECTION($,(0,0,1));
#1902=AXIS2_PLACEMENT_3D($,#1899,#1900,#1901);
#1903=PLANE($,#1902);
#1904=ORIENTED_EDGE($,$,$,#86,.T.);
#1905=CARTESIAN_POINT($,(307.22074017642,485.35874035284,0));
#1906=DIRECTION($,(0,0,1));
#1907=VECTOR($,#1906,1);
#1908=LINE($,#1905,#1907);
#1909=EDGE_CURVE($,#81,#951,#1908,.T.);
#1910=ORIENTED_EDGE($,$,$,#1909,.T.);
#1911=ORIENTED_EDGE($,$,$,#956,.F.);
#1912=ORIENTED_EDGE($,$,$,#1892,.F.);
#1913=EDGE_LOOP($,(#1904,#1910,#1911,#1912));
#1914=FACE_OUTER_BOUND('',#1913,.T.);
#1915=ADVANCED_FACE('',(#1914),#1903,.T.);
#1916=CARTESIAN_POINT($,(307.22074017642,485.35874035284,0));
#1917=DIRECTION($,(1,0,0));
#1918=DIRECTION($,(0,0,1));
#1919=AXIS2_PLACEMENT_3D($,#1916,#1917,#1918);
#1920=PLANE($,#1919);
#1921=ORIENTED_EDGE($,$,$,#94,.T.);
#1922=CARTESIAN_POINT($,(307.22074017642,492.266701934679,-0));
#1923=DIRECTION($,(0,0,1));
#1924=VECTOR($,#1923,1);
#1925=LINE($,#1922,#1924);
#1926=EDGE_CURVE($,#89,#959,#1925,.T.);
#1927=ORIENTED_EDGE($,$,$,#1926,.T.);
#1928=ORIENTED_EDGE($,$,$,#964,.F.);
#1929=ORIENTED_EDGE($,$,$,#1909,.F.);
#1930=EDGE_LOOP($,(#1921,#1927,#1928,#1929));
#1931=FACE_OUTER_BOUND('',#1930,.T.);
#1932=ADVANCED_FACE('',(#1931),#1920,.T.);
#1933=CARTESIAN_POINT($,(307.22074017642,492.266701934679,0));
#1934=DIRECTION($,(-0.707106781186548,0.707106781186548,0));
#1935=DIRECTION($,(0,0,1));
#1936=AXIS2_PLACEMENT_3D($,#1933,#1934,#1935);
#1937=PLANE($,#1936);
#1938=ORIENTED_EDGE($,$,$,#102,.T.);
#1939=CARTESIAN_POINT($,(302.057092906805,487.103054665064,0));
#1940=DIRECTION($,(0,0,1));
#1941=VECTOR($,#1940,1);
#1942=LINE($,#1939,#1941);
#1943=EDGE_CURVE($,#97,#967,#1942,.T.);
#1944=ORIENTED_EDGE($,$,$,#1943,.T.);
#1945=ORIENTED_EDGE($,$,$,#972,.F.);
#1946=ORIENTED_EDGE($,$,$,#1926,.F.);
#1947=EDGE_LOOP($,(#1938,#1944,#1945,#1946));
#1948=FACE_OUTER_BOUND('',#1947,.T.);
#1949=ADVANCED_FACE('',(#1948),#1937,.T.);
#1950=CARTESIAN_POINT($,(302.057092906805,487.103054665064,0));
#1951=DIRECTION($,(0.707106781186562,0.707106781186533,0));
#1952=DIRECTION($,(0,0,1));
#1953=AXIS2_PLACEMENT_3D($,#1950,#1951,#1952);
#1954=PLANE($,#1953);
#1955=ORIENTED_EDGE($,$,$,#110,.T.);
#1956=CARTESIAN_POINT($,(300.710054488645,488.450093083225,0));
#1957=DIRECTION($,(0,0,1));
#1958=VECTOR($,#1957,1);
#1959=LINE($,#1956,#1958);
#1960=EDGE_CURVE($,#105,#975,#1959,.T.);
#1961=ORIENTED_EDGE($,$,$,#1960,.T.);
#1962=ORIENTED_EDGE($,$,$,#980,.F.);
#1963=ORIENTED_EDGE($,$,$,#1943,.F.);
#1964=EDGE_LOOP($,(#1955,#1961,#1962,#1963));
#1965=FACE_OUTER_BOUND('',#1964,.T.);
#1966=ADVANCED_FACE('',(#1965),#1954,.T.);
#1967=CARTESIAN_POINT($,(300.710054488645,488.450093083225,0));
#1968=DIRECTION($,(0.707106781186551,-0.707106781186544,0));
#1969=DIRECTION($,(0,0,1));
#1970=AXIS2_PLACEMENT_3D($,#1967,#1968,#1969);
#1971=PLANE($,#1970);
#1972=ORIENTED_EDGE($,$,$,#118,.T.);
#1973=CARTESIAN_POINT($,(305.873701758259,493.613740352839,-0));
#1974=DIRECTION($,(0,0,1));
#1975=VECTOR($,#1974,1);
#1976=LINE($,#1973,#1975);
#1977=EDGE_CURVE($,#113,#983,#1976,.T.);
#1978=ORIENTED_EDGE($,$,$,#1977,.T.);
#1979=ORIENTED_EDGE($,$,$,#988,.F.);
#1980=ORIENTED_EDGE($,$,$,#1960,.F.);
#1981=EDGE_LOOP($,(#1972,#1978,#1979,#1980));
#1982=FACE_OUTER_BOUND('',#1981,.T.);
#1983=ADVANCED_FACE('',(#1982),#1971,.T.);
#1984=CARTESIAN_POINT($,(305.873701758259,493.613740352839,0));
#1985=DIRECTION($,(0,1,0));
#1986=DIRECTION($,(0,0,1));
#1987=AXIS2_PLACEMENT_3D($,#1984,#1985,#1986);
#1988=PLANE($,#1987);
#1989=ORIENTED_EDGE($,$,$,#126,.T.);
#1990=CARTESIAN_POINT($,(298.96574017642,493.613740352839,0));
#1991=DIRECTION($,(0,0,1));
#1992=VECTOR($,#1991,1);
#1993=LINE($,#1990,#1992);
#1994=EDGE_CURVE($,#121,#991,#1993,.T.);
#1995=ORIENTED_EDGE($,$,$,#1994,.T.);
#1996=ORIENTED_EDGE($,$,$,#996,.F.);
#1997=ORIENTED_EDGE($,$,$,#1977,.F.);
#1998=EDGE_LOOP($,(#1989,#1995,#1996,#1997));
#1999=FACE_OUTER_BOUND('',#1998,.T.);
#2000=ADVANCED_FACE('',(#1999),#1988,.T.);
#2001=CARTESIAN_POINT($,(298.96574017642,493.613740352839,0));
#2002=DIRECTION($,(1,0,0));
#2003=DIRECTION($,(0,0,1));
#2004=AXIS2_PLACEMENT_3D($,#2001,#2002,#2003);
#2005=PLANE($,#2004);
#2006=ORIENTED_EDGE($,$,$,#134,.T.);
#2007=CARTESIAN_POINT($,(298.96574017642,505.084480529259,0));
#2008=DIRECTION($,(0,0,1));
#2009=VECTOR($,#2008,1);
#2010=LINE($,#2007,#2009);
#2011=EDGE_CURVE($,#129,#999,#2010,.T.);
#2012=ORIENTED_EDGE($,$,$,#2011,.T.);
#2013=ORIENTED_EDGE($,$,$,#1004,.F.);
#2014=ORIENTED_EDGE($,$,$,#1994,.F.);
#2015=EDGE_LOOP($,(#2006,#2012,#2013,#2014));
#2016=FACE_OUTER_BOUND('',#2015,.T.);
#2017=ADVANCED_FACE('',(#2016),#2005,.T.);
#2018=CARTESIAN_POINT($,(298.96574017642,505.084480529259,0));
#2019=DIRECTION($,(1,0,0));
#2020=DIRECTION($,(0,0,1));
#2021=AXIS2_PLACEMENT_3D($,#2018,#2019,#2020);
#2022=PLANE($,#2021);
#2023=ORIENTED_EDGE($,$,$,#142,.T.);
#2024=CARTESIAN_POINT($,(298.96574017642,566.677020529259,0));
#2025=DIRECTION($,(0,0,1));
#2026=VECTOR($,#2025,1);
#2027=LINE($,#2024,#2026);
#2028=EDGE_CURVE($,#137,#1007,#2027,.T.);
#2029=ORIENTED_EDGE($,$,$,#2028,.T.);
#2030=ORIENTED_EDGE($,$,$,#1012,.F.);
#2031=ORIENTED_EDGE($,$,$,#2011,.F.);
#2032=EDGE_LOOP($,(#2023,#2029,#2030,#2031));
#2033=FACE_OUTER_BOUND('',#2032,.T.);
#2034=ADVANCED_FACE('',(#2033),#2022,.T.);
#2035=CARTESIAN_POINT($,(298.96574017642,566.677020529259,0));
#2036=DIRECTION($,(1,0,0));
#2037=DIRECTION($,(0,0,1));
#2038=AXIS2_PLACEMENT_3D($,#2035,#2036,#2037);
#2039=PLANE($,#2038);
#2040=ORIENTED_EDGE($,$,$,#150,.T.);
#2041=CARTESIAN_POINT($,(298.96574017642,578.147760705679,0));
#2042=DIRECTION($,(0,0,1));
#2043=VECTOR($,#2042,1);
#2044=LINE($,#2041,#2043);
#2045=EDGE_CURVE($,#145,#1015,#2044,.T.);
#2046=ORIENTED_EDGE($,$,$,#2045,.T.);
#2047=ORIENTED_EDGE($,$,$,#1020,.F.);
#2048=ORIENTED_EDGE($,$,$,#2028,.F.);
#2049=EDGE_LOOP($,(#2040,#2046,#2047,#2048));
#2050=FACE_OUTER_BOUND('',#2049,.T.);
#2051=ADVANCED_FACE('',(#2050),#2039,.T.);
#2052=CARTESIAN_POINT($,(298.96574017642,578.147760705679,0));
#2053=DIRECTION($,(1,0,0));
#2054=DIRECTION($,(0,0,1));
#2055=AXIS2_PLACEMENT_3D($,#2052,#2053,#2054);
#2056=PLANE($,#2055);
#2057=ORIENTED_EDGE($,$,$,#158,.T.);
#2058=CARTESIAN_POINT($,(298.96574017642,622.597760705679,-0));
#2059=DIRECTION($,(0,0,1));
#2060=VECTOR($,#2059,1);
#2061=LINE($,#2058,#2060);
#2062=EDGE_CURVE($,#153,#1023,#2061,.T.);
#2063=ORIENTED_EDGE($,$,$,#2062,.T.);
#2064=ORIENTED_EDGE($,$,$,#1028,.F.);
#2065=ORIENTED_EDGE($,$,$,#2045,.F.);
#2066=EDGE_LOOP($,(#2057,#2063,#2064,#2065));
#2067=FACE_OUTER_BOUND('',#2066,.T.);
#2068=ADVANCED_FACE('',(#2067),#2056,.T.);
#2069=CARTESIAN_POINT($,(298.96574017642,622.597760705679,0));
#2070=DIRECTION($,(0,1,0));
#2071=DIRECTION($,(0,0,1));
#2072=AXIS2_PLACEMENT_3D($,#2069,#2070,#2071);
#2073=PLANE($,#2072);
#2074=ORIENTED_EDGE($,$,$,#166,.T.);
#2075=CARTESIAN_POINT($,(74.1757401764197,622.597760705679,-0));
#2076=DIRECTION($,(0,0,1));
#2077=VECTOR($,#2076,1);
#2078=LINE($,#2075,#2077);
#2079=EDGE_CURVE($,#161,#1031,#2078,.T.);
#2080=ORIENTED_EDGE($,$,$,#2079,.T.);
#2081=ORIENTED_EDGE($,$,$,#1036,.F.);
#2082=ORIENTED_EDGE($,$,$,#2062,.F.);
#2083=EDGE_LOOP($,(#2074,#2080,#2081,#2082));
#2084=FACE_OUTER_BOUND('',#2083,.T.);
#2085=ADVANCED_FACE('',(#2084),#2073,.T.);
#2086=CARTESIAN_POINT($,(74.1757401764197,622.597760705679,0));
#2087=DIRECTION($,(-1,0,0));
#2088=DIRECTION($,(0,0,1));
#2089=AXIS2_PLACEMENT_3D($,#2086,#2087,#2088);
#2090=PLANE($,#2089);
#2091=ORIENTED_EDGE($,$,$,#174,.T.);
#2092=CARTESIAN_POINT($,(74.1757401764197,578.147760705679,0));
#2093=DIRECTION($,(0,0,1));
#2094=VECTOR($,#2093,1);
#2095=LINE($,#2092,#2094);
#2096=EDGE_CURVE($,#169,#1039,#2095,.T.);
#2097=ORIENTED_EDGE($,$,$,#2096,.T.);
#2098=ORIENTED_EDGE($,$,$,#1044,.F.);
#2099=ORIENTED_EDGE($,$,$,#2079,.F.);
#2100=EDGE_LOOP($,(#2091,#2097,#2098,#2099));
#2101=FACE_OUTER_BOUND('',#2100,.T.);
#2102=ADVANCED_FACE('',(#2101),#2090,.T.);
#2103=CARTESIAN_POINT($,(74.1757401764197,578.147760705679,0));
#2104=DIRECTION($,(-1,0,0));
#2105=DIRECTION($,(0,0,1));
#2106=AXIS2_PLACEMENT_3D($,#2103,#2104,#2105);
#2107=PLANE($,#2106);
#2108=ORIENTED_EDGE($,$,$,#182,.T.);
#2109=CARTESIAN_POINT($,(74.1757401764197,566.677020529259,0));
#2110=DIRECTION($,(0,0,1));
#2111=VECTOR($,#2110,1);
#2112=LINE($,#2109,#2111);
#2113=EDGE_CURVE($,#177,#1047,#2112,.T.);
#2114=ORIENTED_EDGE($,$,$,#2113,.T.);
#2115=ORIENTED_EDGE($,$,$,#1052,.F.);
#2116=ORIENTED_EDGE($,$,$,#2096,.F.);
#2117=EDGE_LOOP($,(#2108,#2114,#2115,#2116));
#2118=FACE_OUTER_BOUND('',#2117,.T.);
#2119=ADVANCED_FACE('',(#2118),#2107,.T.);
#2120=CARTESIAN_POINT($,(74.1757401764197,566.677020529259,0));
#2121=DIRECTION($,(-1,0,0));
#2122=DIRECTION($,(0,0,1));
#2123=AXIS2_PLACEMENT_3D($,#2120,#2121,#2122);
#2124=PLANE($,#2123);
#2125=ORIENTED_EDGE($,$,$,#190,.T.);
#2126=CARTESIAN_POINT($,(74.1757401764197,505.084480529259,0));
#2127=DIRECTION($,(0,0,1));
#2128=VECTOR($,#2127,1);
#2129=LINE($,#2126,#2128);
#2130=EDGE_CURVE($,#185,#1055,#2129,.T.);
#2131=ORIENTED_EDGE($,$,$,#2130,.T.);
#2132=ORIENTED_EDGE($,$,$,#1060,.F.);
#2133=ORIENTED_EDGE($,$,$,#2113,.F.);
#2134=EDGE_LOOP($,(#2125,#2131,#2132,#2133));
#2135=FACE_OUTER_BOUND('',#2134,.T.);
#2136=ADVANCED_FACE('',(#2135),#2124,.T.);
#2137=CARTESIAN_POINT($,(74.1757401764197,505.084480529259,0));
#2138=DIRECTION($,(-1,0,0));
#2139=DIRECTION($,(0,0,1));
#2140=AXIS2_PLACEMENT_3D($,#2137,#2138,#2139);
#2141=PLANE($,#2140);
#2142=ORIENTED_EDGE($,$,$,#198,.T.);
#2143=CARTESIAN_POINT($,(74.1757401764197,493.613740352839,0));
#2144=DIRECTION($,(0,0,1));
#2145=VECTOR($,#2144,1);
#2146=LINE($,#2143,#2145);
#2147=EDGE_CURVE($,#193,#1063,#2146,.T.);
#2148=ORIENTED_EDGE($,$,$,#2147,.T.);
#2149=ORIENTED_EDGE($,$,$,#1068,.F.);
#2150=ORIENTED_EDGE($,$,$,#2130,.F.);
#2151=EDGE_LOOP($,(#2142,#2148,#2149,#2150));
#2152=FACE_OUTER_BOUND('',#2151,.T.);
#2153=ADVANCED_FACE('',(#2152),#2141,.T.);
#2154=CARTESIAN_POINT($,(74.1757401764197,493.613740352839,0));
#2155=DIRECTION($,(0,1,0));
#2156=DIRECTION($,(0,0,1));
#2157=AXIS2_PLACEMENT_3D($,#2154,#2155,#2156);
#2158=PLANE($,#2157);
#2159=ORIENTED_EDGE($,$,$,#206,.T.);
#2160=CARTESIAN_POINT($,(67.2677785945802,493.613740352839,-0));
#2161=DIRECTION($,(0,0,1));
#2162=VECTOR($,#2161,1);
#2163=LINE($,#2160,#2162);
#2164=EDGE_CURVE($,#201,#1071,#2163,.T.);
#2165=ORIENTED_EDGE($,$,$,#2164,.T.);
#2166=ORIENTED_EDGE($,$,$,#1076,.F.);
#2167=ORIENTED_EDGE($,$,$,#2147,.F.);
#2168=EDGE_LOOP($,(#2159,#2165,#2166,#2167));
#2169=FACE_OUTER_BOUND('',#2168,.T.);
#2170=ADVANCED_FACE('',(#2169),#2158,.T.);
#2171=CARTESIAN_POINT($,(67.2677785945801,493.613740352839,0));
#2172=DIRECTION($,(-0.70710678118655,-0.707106781186545,0));
#2173=DIRECTION($,(0,0,1));
#2174=AXIS2_PLACEMENT_3D($,#2171,#2172,#2173);
#2175=PLANE($,#2174);
#2176=ORIENTED_EDGE($,$,$,#214,.T.);
#2177=CARTESIAN_POINT($,(72.4314258641949,488.450093083225,0));
#2178=DIRECTION($,(0,0,1));
#2179=VECTOR($,#2178,1);
#2180=LINE($,#2177,#2179);
#2181=EDGE_CURVE($,#209,#1079,#2180,.T.);
#2182=ORIENTED_EDGE($,$,$,#2181,.T.);
#2183=ORIENTED_EDGE($,$,$,#1084,.F.);
#2184=ORIENTED_EDGE($,$,$,#2164,.F.);
#2185=EDGE_LOOP($,(#2176,#2182,#2183,#2184));
#2186=FACE_OUTER_BOUND('',#2185,.T.);
#2187=ADVANCED_FACE('',(#2186),#2175,.T.);
#2188=CARTESIAN_POINT($,(72.4314258641949,488.450093083225,0));
#2189=DIRECTION($,(-0.707106781186559,0.707106781186536,0));
#2190=DIRECTION($,(0,0,1));
#2191=AXIS2_PLACEMENT_3D($,#2188,#2189,#2190);
#2192=PLANE($,#2191);
#2193=ORIENTED_EDGE($,$,$,#222,.T.);
#2194=CARTESIAN_POINT($,(71.0843874460345,487.103054665064,0));
#2195=DIRECTION($,(0,0,1));
#2196=VECTOR($,#2195,1);
#2197=LINE($,#2194,#2196);
#2198=EDGE_CURVE($,#217,#1087,#2197,.T.);
#2199=ORIENTED_EDGE($,$,$,#2198,.T.);
#2200=ORIENTED_EDGE($,$,$,#1092,.F.);
#2201=ORIENTED_EDGE($,$,$,#2181,.F.);
#2202=EDGE_LOOP($,(#2193,#2199,#2200,#2201));
#2203=FACE_OUTER_BOUND('',#2202,.T.);
#2204=ADVANCED_FACE('',(#2203),#2192,.T.);
#2205=CARTESIAN_POINT($,(71.0843874460345,487.103054665064,0));
#2206=DIRECTION($,(0.70710678118655,0.707106781186545,0));
#2207=DIRECTION($,(0,0,1));
#2208=AXIS2_PLACEMENT_3D($,#2205,#2206,#2207);
#2209=PLANE($,#2208);
#2210=ORIENTED_EDGE($,$,$,#230,.T.);
#2211=CARTESIAN_POINT($,(65.9207401764197,492.266701934679,-0));
#2212=DIRECTION($,(0,0,1));
#2213=VECTOR($,#2212,1);
#2214=LINE($,#2211,#2213);
#2215=EDGE_CURVE($,#225,#1095,#2214,.T.);
#2216=ORIENTED_EDGE($,$,$,#2215,.T.);
#2217=ORIENTED_EDGE($,$,$,#1100,.F.);
#2218=ORIENTED_EDGE($,$,$,#2198,.F.);
#2219=EDGE_LOOP($,(#2210,#2216,#2217,#2218));
#2220=FACE_OUTER_BOUND('',#2219,.T.);
#2221=ADVANCED_FACE('',(#2220),#2209,.T.);
#2222=CARTESIAN_POINT($,(65.9207401764197,492.266701934679,0));
#2223=DIRECTION($,(-1,0,0));
#2224=DIRECTION($,(0,0,1));
#2225=AXIS2_PLACEMENT_3D($,#2222,#2223,#2224);
#2226=PLANE($,#2225);
#2227=ORIENTED_EDGE($,$,$,#238,.T.);
#2228=CARTESIAN_POINT($,(65.9207401764197,485.35874035284,0));
#2229=DIRECTION($,(0,0,1));
#2230=VECTOR($,#2229,1);
#2231=LINE($,#2228,#2230);
#2232=EDGE_CURVE($,#233,#1103,#2231,.T.);
#2233=ORIENTED_EDGE($,$,$,#2232,.T.);
#2234=ORIENTED_EDGE($,$,$,#1108,.F.);
#2235=ORIENTED_EDGE($,$,$,#2215,.F.);
#2236=EDGE_LOOP($,(#2227,#2233,#2234,#2235));
#2237=FACE_OUTER_BOUND('',#2236,.T.);
#2238=ADVANCED_FACE('',(#2237),#2226,.T.);
#2239=CARTESIAN_POINT($,(65.9207401764197,485.35874035284,0));
#2240=DIRECTION($,(0,1,0));
#2241=DIRECTION($,(0,0,1));
#2242=AXIS2_PLACEMENT_3D($,#2239,#2240,#2241);
#2243=PLANE($,#2242);
#2244=ORIENTED_EDGE($,$,$,#246,.T.);
#2245=CARTESIAN_POINT($,(54.45,485.35874035284,0));
#2246=DIRECTION($,(0,0,1));
#2247=VECTOR($,#2246,1);
#2248=LINE($,#2245,#2247);
#2249=EDGE_CURVE($,#241,#1111,#2248,.T.);
#2250=ORIENTED_EDGE($,$,$,#2249,.T.);
#2251=ORIENTED_EDGE($,$,$,#1116,.F.);
#2252=ORIENTED_EDGE($,$,$,#2232,.F.);
#2253=EDGE_LOOP($,(#2244,#2250,#2251,#2252));
#2254=FACE_OUTER_BOUND('',#2253,.T.);
#2255=ADVANCED_FACE('',(#2254),#2243,.T.);
#2256=CARTESIAN_POINT($,(54.45,485.35874035284,0));
#2257=DIRECTION($,(0,1,0));
#2258=DIRECTION($,(0,0,1));
#2259=AXIS2_PLACEMENT_3D($,#2256,#2257,#2258);
#2260=PLANE($,#2259);
#2261=ORIENTED_EDGE($,$,$,#254,.T.);
#2262=CARTESIAN_POINT($,(10,485.35874035284,-0));
#2263=DIRECTION($,(0,0,1));
#2264=VECTOR($,#2263,1);
#2265=LINE($,#2262,#2264);
#2266=EDGE_CURVE($,#249,#1119,#2265,.T.);
#2267=ORIENTED_EDGE($,$,$,#2266,.T.);
#2268=ORIENTED_EDGE($,$,$,#1124,.F.);
#2269=ORIENTED_EDGE($,$,$,#2249,.F.);
#2270=EDGE_LOOP($,(#2261,#2267,#2268,#2269));
#2271=FACE_OUTER_BOUND('',#2270,.T.);
#2272=ADVANCED_FACE('',(#2271),#2260,.T.);
#2273=CARTESIAN_POINT($,(10,485.35874035284,0));
#2274=DIRECTION($,(-1,0,0));
#2275=DIRECTION($,(0,0,1));
#2276=AXIS2_PLACEMENT_3D($,#2273,#2274,#2275);
#2277=PLANE($,#2276);
#2278=ORIENTED_EDGE($,$,$,#262,.T.);
#2279=CARTESIAN_POINT($,(10,133.568740352839,-0));
#2280=DIRECTION($,(0,0,1));
#2281=VECTOR($,#2280,1);
#2282=LINE($,#2279,#2281);
#2283=EDGE_CURVE($,#257,#1127,#2282,.T.);
#2284=ORIENTED_EDGE($,$,$,#2283,.T.);
#2285=ORIENTED_EDGE($,$,$,#1132,.F.);
#2286=ORIENTED_EDGE($,$,$,#2266,.F.);
#2287=EDGE_LOOP($,(#2278,#2284,#2285,#2286));
#2288=FACE_OUTER_BOUND('',#2287,.T.);
#2289=ADVANCED_FACE('',(#2288),#2277,.T.);
#2290=CARTESIAN_POINT($,(10,133.568740352839,0));
#2291=DIRECTION($,(0,-1,0));
#2292=DIRECTION($,(0,0,1));
#2293=AXIS2_PLACEMENT_3D($,#2290,#2291,#2292);
#2294=PLANE($,#2293);
#2295=ORIENTED_EDGE($,$,$,#270,.T.);
#2296=CARTESIAN_POINT($,(54.45,133.568740352839,0));
#2297=DIRECTION($,(0,0,1));
#2298=VECTOR($,#2297,1);
#2299=LINE($,#2296,#2298);
#2300=EDGE_CURVE($,#265,#1135,#2299,.T.);
#2301=ORIENTED_EDGE($,$,$,#2300,.T.);
#2302=ORIENTED_EDGE($,$,$,#1140,.F.);
#2303=ORIENTED_EDGE($,$,$,#2283,.F.);
#2304=EDGE_LOOP($,(#2295,#2301,#2302,#2303));
#2305=FACE_OUTER_BOUND('',#2304,.T.);
#2306=ADVANCED_FACE('',(#2305),#2294,.T.);
#2307=CARTESIAN_POINT($,(54.45,133.568740352839,0));
#2308=DIRECTION($,(0,-1,0));
#2309=DIRECTION($,(0,0,1));
#2310=AXIS2_PLACEMENT_3D($,#2307,#2308,#2309);
#2311=PLANE($,#2310);
#2312=ORIENTED_EDGE($,$,$,#278,.T.);
#2313=CARTESIAN_POINT($,(65.9207401764197,133.568740352839,0));
#2314=DIRECTION($,(0,0,1));
#2315=VECTOR($,#2314,1);
#2316=LINE($,#2313,#2315);
#2317=EDGE_CURVE($,#273,#1143,#2316,.T.);
#2318=ORIENTED_EDGE($,$,$,#2317,.T.);
#2319=ORIENTED_EDGE($,$,$,#1148,.F.);
#2320=ORIENTED_EDGE($,$,$,#2300,.F.);
#2321=EDGE_LOOP($,(#2312,#2318,#2319,#2320));
#2322=FACE_OUTER_BOUND('',#2321,.T.);
#2323=ADVANCED_FACE('',(#2322),#2311,.T.);
#2324=CARTESIAN_POINT($,(65.9207401764197,133.568740352839,0));
#2325=DIRECTION($,(-1,0,0));
#2326=DIRECTION($,(0,0,1));
#2327=AXIS2_PLACEMENT_3D($,#2324,#2325,#2326);
#2328=PLANE($,#2327);
#2329=ORIENTED_EDGE($,$,$,#286,.T.);
#2330=CARTESIAN_POINT($,(65.9207401764197,126.660778771,-0));
#2331=DIRECTION($,(0,0,1));
#2332=VECTOR($,#2331,1);
#2333=LINE($,#2330,#2332);
#2334=EDGE_CURVE($,#281,#1151,#2333,.T.);
#2335=ORIENTED_EDGE($,$,$,#2334,.T.);
#2336=ORIENTED_EDGE($,$,$,#1156,.F.);
#2337=ORIENTED_EDGE($,$,$,#2317,.F.);
#2338=EDGE_LOOP($,(#2329,#2335,#2336,#2337));
#2339=FACE_OUTER_BOUND('',#2338,.T.);
#2340=ADVANCED_FACE('',(#2339),#2328,.T.);
#2341=CARTESIAN_POINT($,(65.9207401764197,126.660778771,0));
#2342=DIRECTION($,(0.707106781186547,-0.707106781186547,0));
#2343=DIRECTION($,(0,0,1));
#2344=AXIS2_PLACEMENT_3D($,#2341,#2342,#2343);
#2345=PLANE($,#2344);
#2346=ORIENTED_EDGE($,$,$,#294,.T.);
#2347=CARTESIAN_POINT($,(71.0843874460345,131.824426040615,0));
#2348=DIRECTION($,(0,0,1));
#2349=VECTOR($,#2348,1);
#2350=LINE($,#2347,#2349);
#2351=EDGE_CURVE($,#289,#1159,#2350,.T.);
#2352=ORIENTED_EDGE($,$,$,#2351,.T.);
#2353=ORIENTED_EDGE($,$,$,#1164,.F.);
#2354=ORIENTED_EDGE($,$,$,#2334,.F.);
#2355=EDGE_LOOP($,(#2346,#2352,#2353,#2354));
#2356=FACE_OUTER_BOUND('',#2355,.T.);
#2357=ADVANCED_FACE('',(#2356),#2345,.T.);
#2358=CARTESIAN_POINT($,(71.0843874460345,131.824426040615,0));
#2359=DIRECTION($,(-0.707106781186544,-0.707106781186551,0));
#2360=DIRECTION($,(0,0,1));
#2361=AXIS2_PLACEMENT_3D($,#2358,#2359,#2360);
#2362=PLANE($,#2361);
#2363=ORIENTED_EDGE($,$,$,#302,.T.);
#2364=CARTESIAN_POINT($,(72.4314258641949,130.477387622454,0));
#2365=DIRECTION($,(0,0,1));
#2366=VECTOR($,#2365,1);
#2367=LINE($,#2364,#2366);
#2368=EDGE_CURVE($,#297,#1167,#2367,.T.);
#2369=ORIENTED_EDGE($,$,$,#2368,.T.);
#2370=ORIENTED_EDGE($,$,$,#1172,.F.);
#2371=ORIENTED_EDGE($,$,$,#2351,.F.);
#2372=EDGE_LOOP($,(#2363,#2369,#2370,#2371));
#2373=FACE_OUTER_BOUND('',#2372,.T.);
#2374=ADVANCED_FACE('',(#2373),#2362,.T.);
#2375=CARTESIAN_POINT($,(72.4314258641949,130.477387622454,0));
#2376=DIRECTION($,(-0.707106781186547,0.707106781186548,0));
#2377=DIRECTION($,(0,0,1));
#2378=AXIS2_PLACEMENT_3D($,#2375,#2376,#2377);
#2379=PLANE($,#2378);
#2380=ORIENTED_EDGE($,$,$,#310,.T.);
#2381=CARTESIAN_POINT($,(67.2677785945801,125.313740352839,-0));
#2382=DIRECTION($,(0,0,1));
#2383=VECTOR($,#2382,1);
#2384=LINE($,#2381,#2383);
#2385=EDGE_CURVE($,#305,#1175,#2384,.T.);
#2386=ORIENTED_EDGE($,$,$,#2385,.T.);
#2387=ORIENTED_EDGE($,$,$,#1180,.F.);
#2388=ORIENTED_EDGE($,$,$,#2368,.F.);
#2389=EDGE_LOOP($,(#2380,#2386,#2387,#2388));
#2390=FACE_OUTER_BOUND('',#2389,.T.);
#2391=ADVANCED_FACE('',(#2390),#2379,.T.);
#2392=CARTESIAN_POINT($,(67.2677785945801,125.313740352839,0));
#2393=DIRECTION($,(0,-1,0));
#2394=DIRECTION($,(0,0,1));
#2395=AXIS2_PLACEMENT_3D($,#2392,#2393,#2394);
#2396=PLANE($,#2395);
#2397=ORIENTED_EDGE($,$,$,#318,.T.);
#2398=CARTESIAN_POINT($,(74.1757401764197,125.313740352839,0));
#2399=DIRECTION($,(0,0,1));
#2400=VECTOR($,#2399,1);
#2401=LINE($,#2398,#2400);
#2402=EDGE_CURVE($,#313,#1183,#2401,.T.);
#2403=ORIENTED_EDGE($,$,$,#2402,.T.);
#2404=ORIENTED_EDGE($,$,$,#1188,.F.);
#2405=ORIENTED_EDGE($,$,$,#2385,.F.);
#2406=EDGE_LOOP($,(#2397,#2403,#2404,#2405));
#2407=FACE_OUTER_BOUND('',#2406,.T.);
#2408=ADVANCED_FACE('',(#2407),#2396,.T.);
#2409=CARTESIAN_POINT($,(74.1757401764197,125.313740352839,0));
#2410=DIRECTION($,(-1,0,0));
#2411=DIRECTION($,(0,0,1));
#2412=AXIS2_PLACEMENT_3D($,#2409,#2410,#2411);
#2413=PLANE($,#2412);
#2414=ORIENTED_EDGE($,$,$,#326,.T.);
#2415=CARTESIAN_POINT($,(74.1757401764197,113.84300017642,0));
#2416=DIRECTION($,(0,0,1));
#2417=VECTOR($,#2416,1);
#2418=LINE($,#2415,#2417);
#2419=EDGE_CURVE($,#321,#1191,#2418,.T.);
#2420=ORIENTED_EDGE($,$,$,#2419,.T.);
#2421=ORIENTED_EDGE($,$,$,#1196,.F.);
#2422=ORIENTED_EDGE($,$,$,#2402,.F.);
#2423=EDGE_LOOP($,(#2414,#2420,#2421,#2422));
#2424=FACE_OUTER_BOUND('',#2423,.T.);
#2425=ADVANCED_FACE('',(#2424),#2413,.T.);
#2426=CARTESIAN_POINT($,(74.1757401764197,113.84300017642,0));
#2427=DIRECTION($,(-1,0,0));
#2428=DIRECTION($,(0,0,1));
#2429=AXIS2_PLACEMENT_3D($,#2426,#2427,#2428);
#2430=PLANE($,#2429);
#2431=ORIENTED_EDGE($,$,$,#334,.T.);
#2432=CARTESIAN_POINT($,(74.1757401764197,52.2504601764197,0));
#2433=DIRECTION($,(0,0,1));
#2434=VECTOR($,#2433,1);
#2435=LINE($,#2432,#2434);
#2436=EDGE_CURVE($,#329,#1199,#2435,.T.);
#2437=ORIENTED_EDGE($,$,$,#2436,.T.);
#2438=ORIENTED_EDGE($,$,$,#1204,.F.);
#2439=ORIENTED_EDGE($,$,$,#2419,.F.);
#2440=EDGE_LOOP($,(#2431,#2437,#2438,#2439));
#2441=FACE_OUTER_BOUND('',#2440,.T.);
#2442=ADVANCED_FACE('',(#2441),#2430,.T.);
#2443=CARTESIAN_POINT($,(74.1757401764197,52.2504601764197,0));
#2444=DIRECTION($,(-1,0,0));
#2445=DIRECTION($,(0,0,1));
#2446=AXIS2_PLACEMENT_3D($,#2443,#2444,#2445);
#2447=PLANE($,#2446);
#2448=ORIENTED_EDGE($,$,$,#342,.T.);
#2449=CARTESIAN_POINT($,(74.1757401764197,40.77972,0));
#2450=DIRECTION($,(0,0,1));
#2451=VECTOR($,#2450,1);
#2452=LINE($,#2449,#2451);
#2453=EDGE_CURVE($,#337,#1207,#2452,.T.);
#2454=ORIENTED_EDGE($,$,$,#2453,.T.);
#2455=ORIENTED_EDGE($,$,$,#1212,.F.);
#2456=ORIENTED_EDGE($,$,$,#2436,.F.);
#2457=EDGE_LOOP($,(#2448,#2454,#2455,#2456));
#2458=FACE_OUTER_BOUND('',#2457,.T.);
#2459=ADVANCED_FACE('',(#2458),#2447,.T.);
#2460=CARTESIAN_POINT($,(74.1757401764197,40.77972,0));
#2461=DIRECTION($,(-1,0,0));
#2462=DIRECTION($,(0,0,1));
#2463=AXIS2_PLACEMENT_3D($,#2460,#2461,#2462);
#2464=PLANE($,#2463);
#2465=ORIENTED_EDGE($,$,$,#350,.T.);
#2466=CARTESIAN_POINT($,(74.1757401764197,10,-0));
#2467=DIRECTION($,(0,0,1));
#2468=VECTOR($,#2467,1);
#2469=LINE($,#2466,#2468);
#2470=EDGE_CURVE($,#345,#1215,#2469,.T.);
#2471=ORIENTED_EDGE($,$,$,#2470,.T.);
#2472=ORIENTED_EDGE($,$,$,#1220,.F.);
#2473=ORIENTED_EDGE($,$,$,#2453,.F.);
#2474=EDGE_LOOP($,(#2465,#2471,#2472,#2473));
#2475=FACE_OUTER_BOUND('',#2474,.T.);
#2476=ADVANCED_FACE('',(#2475),#2464,.T.);
#2477=CARTESIAN_POINT($,(74.1757401764197,10,0));
#2478=DIRECTION($,(0,-1,0));
#2479=DIRECTION($,(0,0,1));
#2480=AXIS2_PLACEMENT_3D($,#2477,#2478,#2479);
#2481=PLANE($,#2480);
#2482=ORIENTED_EDGE($,$,$,#358,.T.);
#2483=CARTESIAN_POINT($,(298.96574017642,10,-0));
#2484=DIRECTION($,(0,0,1));
#2485=VECTOR($,#2484,1);
#2486=LINE($,#2483,#2485);
#2487=EDGE_CURVE($,#353,#1223,#2486,.T.);
#2488=ORIENTED_EDGE($,$,$,#2487,.T.);
#2489=ORIENTED_EDGE($,$,$,#1228,.F.);
#2490=ORIENTED_EDGE($,$,$,#2470,.F.);
#2491=EDGE_LOOP($,(#2482,#2488,#2489,#2490));
#2492=FACE_OUTER_BOUND('',#2491,.T.);
#2493=ADVANCED_FACE('',(#2492),#2481,.T.);
#2494=CARTESIAN_POINT($,(298.96574017642,10,0));
#2495=DIRECTION($,(1,0,0));
#2496=DIRECTION($,(0,0,1));
#2497=AXIS2_PLACEMENT_3D($,#2494,#2495,#2496);
#2498=PLANE($,#2497);
#2499=ORIENTED_EDGE($,$,$,#366,.T.);
#2500=CARTESIAN_POINT($,(298.96574017642,40.77972,0));
#2501=DIRECTION($,(0,0,1));
#2502=VECTOR($,#2501,1);
#2503=LINE($,#2500,#2502);
#2504=EDGE_CURVE($,#361,#1231,#2503,.T.);
#2505=ORIENTED_EDGE($,$,$,#2504,.T.);
#2506=ORIENTED_EDGE($,$,$,#1236,.F.);
#2507=ORIENTED_EDGE($,$,$,#2487,.F.);
#2508=EDGE_LOOP($,(#2499,#2505,#2506,#2507));
#2509=FACE_OUTER_BOUND('',#2508,.T.);
#2510=ADVANCED_FACE('',(#2509),#2498,.T.);
#2511=CARTESIAN_POINT($,(298.96574017642,40.77972,0));
#2512=DIRECTION($,(1,0,0));
#2513=DIRECTION($,(0,0,1));
#2514=AXIS2_PLACEMENT_3D($,#2511,#2512,#2513);
#2515=PLANE($,#2514);
#2516=ORIENTED_EDGE($,$,$,#374,.T.);
#2517=CARTESIAN_POINT($,(298.96574017642,52.2504601764197,0));
#2518=DIRECTION($,(0,0,1));
#2519=VECTOR($,#2518,1);
#2520=LINE($,#2517,#2519);
#2521=EDGE_CURVE($,#369,#1239,#2520,.T.);
#2522=ORIENTED_EDGE($,$,$,#2521,.T.);
#2523=ORIENTED_EDGE($,$,$,#1244,.F.);
#2524=ORIENTED_EDGE($,$,$,#2504,.F.);
#2525=EDGE_LOOP($,(#2516,#2522,#2523,#2524));
#2526=FACE_OUTER_BOUND('',#2525,.T.);
#2527=ADVANCED_FACE('',(#2526),#2515,.T.);
#2528=CARTESIAN_POINT($,(298.96574017642,52.2504601764197,0));
#2529=DIRECTION($,(1,0,0));
#2530=DIRECTION($,(0,0,1));
#2531=AXIS2_PLACEMENT_3D($,#2528,#2529,#2530);
#2532=PLANE($,#2531);
#2533=ORIENTED_EDGE($,$,$,#382,.T.);
#2534=CARTESIAN_POINT($,(298.96574017642,113.84300017642,0));
#2535=DIRECTION($,(0,0,1));
#2536=VECTOR($,#2535,1);
#2537=LINE($,#2534,#2536);
#2538=EDGE_CURVE($,#377,#1247,#2537,.T.);
#2539=ORIENTED_EDGE($,$,$,#2538,.T.);
#2540=ORIENTED_EDGE($,$,$,#1252,.F.);
#2541=ORIENTED_EDGE($,$,$,#2521,.F.);
#2542=EDGE_LOOP($,(#2533,#2539,#2540,#2541));
#2543=FACE_OUTER_BOUND('',#2542,.T.);
#2544=ADVANCED_FACE('',(#2543),#2532,.T.);
#2545=CARTESIAN_POINT($,(298.96574017642,113.84300017642,0));
#2546=DIRECTION($,(1,0,0));
#2547=DIRECTION($,(0,0,1));
#2548=AXIS2_PLACEMENT_3D($,#2545,#2546,#2547);
#2549=PLANE($,#2548);
#2550=ORIENTED_EDGE($,$,$,#390,.T.);
#2551=CARTESIAN_POINT($,(298.96574017642,125.313740352839,0));
#2552=DIRECTION($,(0,0,1));
#2553=VECTOR($,#2552,1);
#2554=LINE($,#2551,#2553);
#2555=EDGE_CURVE($,#385,#1255,#2554,.T.);
#2556=ORIENTED_EDGE($,$,$,#2555,.T.);
#2557=ORIENTED_EDGE($,$,$,#1260,.F.);
#2558=ORIENTED_EDGE($,$,$,#2538,.F.);
#2559=EDGE_LOOP($,(#2550,#2556,#2557,#2558));
#2560=FACE_OUTER_BOUND('',#2559,.T.);
#2561=ADVANCED_FACE('',(#2560),#2549,.T.);
#2562=CARTESIAN_POINT($,(298.96574017642,125.313740352839,0));
#2563=DIRECTION($,(0,-1,0));
#2564=DIRECTION($,(0,0,1));
#2565=AXIS2_PLACEMENT_3D($,#2562,#2563,#2564);
#2566=PLANE($,#2565);
#2567=ORIENTED_EDGE($,$,$,#398,.T.);
#2568=CARTESIAN_POINT($,(305.873701758259,125.313740352839,-0));
#2569=DIRECTION($,(0,0,1));
#2570=VECTOR($,#2569,1);
#2571=LINE($,#2568,#2570);
#2572=EDGE_CURVE($,#393,#1263,#2571,.T.);
#2573=ORIENTED_EDGE($,$,$,#2572,.T.);
#2574=ORIENTED_EDGE($,$,$,#1268,.F.);
#2575=ORIENTED_EDGE($,$,$,#2555,.F.);
#2576=EDGE_LOOP($,(#2567,#2573,#2574,#2575));
#2577=FACE_OUTER_BOUND('',#2576,.T.);
#2578=ADVANCED_FACE('',(#2577),#2566,.T.);
#2579=CARTESIAN_POINT($,(305.873701758259,125.313740352839,0));
#2580=DIRECTION($,(0.707106781186549,0.707106781186546,0));
#2581=DIRECTION($,(0,0,1));
#2582=AXIS2_PLACEMENT_3D($,#2579,#2580,#2581);
#2583=PLANE($,#2582);
#2584=ORIENTED_EDGE($,$,$,#406,.T.);
#2585=CARTESIAN_POINT($,(300.710054488645,130.477387622454,0));
#2586=DIRECTION($,(0,0,1));
#2587=VECTOR($,#2586,1);
#2588=LINE($,#2585,#2587);
#2589=EDGE_CURVE($,#401,#1271,#2588,.T.);
#2590=ORIENTED_EDGE($,$,$,#2589,.T.);
#2591=ORIENTED_EDGE($,$,$,#1276,.F.);
#2592=ORIENTED_EDGE($,$,$,#2572,.F.);
#2593=EDGE_LOOP($,(#2584,#2590,#2591,#2592));
#2594=FACE_OUTER_BOUND('',#2593,.T.);
#2595=ADVANCED_FACE('',(#2594),#2583,.T.);
#2596=CARTESIAN_POINT($,(300.710054488645,130.477387622454,0));
#2597=DIRECTION($,(0.707106781186548,-0.707106781186548,0));
#2598=DIRECTION($,(0,0,1));
#2599=AXIS2_PLACEMENT_3D($,#2596,#2597,#2598);
#2600=PLANE($,#2599);
#2601=ORIENTED_EDGE($,$,$,#414,.T.);
#2602=CARTESIAN_POINT($,(302.057092906805,131.824426040615,0));
#2603=DIRECTION($,(0,0,1));
#2604=VECTOR($,#2603,1);
#2605=LINE($,#2602,#2604);
#2606=EDGE_CURVE($,#409,#1279,#2605,.T.);
#2607=ORIENTED_EDGE($,$,$,#2606,.T.);
#2608=ORIENTED_EDGE($,$,$,#1284,.F.);
#2609=ORIENTED_EDGE($,$,$,#2589,.F.);
#2610=EDGE_LOOP($,(#2601,#2607,#2608,#2609));
#2611=FACE_OUTER_BOUND('',#2610,.T.);
#2612=ADVANCED_FACE('',(#2611),#2600,.T.);
#2613=CARTESIAN_POINT($,(302.057092906805,131.824426040615,0));
#2614=DIRECTION($,(-0.707106781186546,-0.707106781186549,0));
#2615=DIRECTION($,(0,0,1));
#2616=AXIS2_PLACEMENT_3D($,#2613,#2614,#2615);
#2617=PLANE($,#2616);
#2618=ORIENTED_EDGE($,$,$,#422,.T.);
#2619=CARTESIAN_POINT($,(307.22074017642,126.660778771,-0));
#2620=DIRECTION($,(0,0,1));
#2621=VECTOR($,#2620,1);
#2622=LINE($,#2619,#2621);
#2623=EDGE_CURVE($,#417,#1287,#2622,.T.);
#2624=ORIENTED_EDGE($,$,$,#2623,.T.);
#2625=ORIENTED_EDGE($,$,$,#1292,.F.);
#2626=ORIENTED_EDGE($,$,$,#2606,.F.);
#2627=EDGE_LOOP($,(#2618,#2624,#2625,#2626));
#2628=FACE_OUTER_BOUND('',#2627,.T.);
#2629=ADVANCED_FACE('',(#2628),#2617,.T.);
#2630=CARTESIAN_POINT($,(307.22074017642,126.660778771,0));
#2631=DIRECTION($,(1,0,0));
#2632=DIRECTION($,(0,0,1));
#2633=AXIS2_PLACEMENT_3D($,#2630,#2631,#2632);
#2634=PLANE($,#2633);
#2635=ORIENTED_EDGE($,$,$,#430,.T.);
#2636=CARTESIAN_POINT($,(307.22074017642,133.568740352839,0));
#2637=DIRECTION($,(0,0,1));
#2638=VECTOR($,#2637,1);
#2639=LINE($,#2636,#2638);
#2640=EDGE_CURVE($,#425,#1295,#2639,.T.);
#2641=ORIENTED_EDGE($,$,$,#2640,.T.);
#2642=ORIENTED_EDGE($,$,$,#1300,.F.);
#2643=ORIENTED_EDGE($,$,$,#2623,.F.);
#2644=EDGE_LOOP($,(#2635,#2641,#2642,#2643));
#2645=FACE_OUTER_BOUND('',#2644,.T.);
#2646=ADVANCED_FACE('',(#2645),#2634,.T.);
#2647=CARTESIAN_POINT($,(307.22074017642,133.568740352839,0));
#2648=DIRECTION($,(0,-1,0));
#2649=DIRECTION($,(0,0,1));
#2650=AXIS2_PLACEMENT_3D($,#2647,#2648,#2649);
#2651=PLANE($,#2650);
#2652=ORIENTED_EDGE($,$,$,#438,.T.);
#2653=CARTESIAN_POINT($,(318.691480352839,133.568740352839,0));
#2654=DIRECTION($,(0,0,1));
#2655=VECTOR($,#2654,1);
#2656=LINE($,#2653,#2655);
#2657=EDGE_CURVE($,#433,#1303,#2656,.T.);
#2658=ORIENTED_EDGE($,$,$,#2657,.T.);
#2659=ORIENTED_EDGE($,$,$,#1308,.F.);
#2660=ORIENTED_EDGE($,$,$,#2640,.F.);
#2661=EDGE_LOOP($,(#2652,#2658,#2659,#2660));
#2662=FACE_OUTER_BOUND('',#2661,.T.);
#2663=ADVANCED_FACE('',(#2662),#2651,.T.);
#2664=CARTESIAN_POINT($,(318.691480352839,133.568740352839,0));
#2665=DIRECTION($,(0,-1,0));
#2666=DIRECTION($,(0,0,1));
#2667=AXIS2_PLACEMENT_3D($,#2664,#2665,#2666);
#2668=PLANE($,#2667);
#2669=ORIENTED_EDGE($,$,$,#446,.T.);
#2670=CARTESIAN_POINT($,(347.802420352839,133.568740352839,-0));
#2671=DIRECTION($,(0,0,1));
#2672=VECTOR($,#2671,1);
#2673=LINE($,#2670,#2672);
#2674=EDGE_CURVE($,#441,#1311,#2673,.T.);
#2675=ORIENTED_EDGE($,$,$,#2674,.T.);
#2676=ORIENTED_EDGE($,$,$,#1316,.F.);
#2677=ORIENTED_EDGE($,$,$,#2657,.F.);
#2678=EDGE_LOOP($,(#2669,#2675,#2676,#2677));
#2679=FACE_OUTER_BOUND('',#2678,.T.);
#2680=ADVANCED_FACE('',(#2679),#2668,.T.);
#2681=CARTESIAN_POINT($,(347.802420352839,133.568740352839,0));
#2682=DIRECTION($,(1,0,0));
#2683=DIRECTION($,(0,0,1));
#2684=AXIS2_PLACEMENT_3D($,#2681,#2682,#2683);
#2685=PLANE($,#2684);
#2686=ORIENTED_EDGE($,$,$,#454,.T.);
#2687=CARTESIAN_POINT($,(347.802420352839,248.351340352839,0));
#2688=DIRECTION($,(0,0,1));
#2689=VECTOR($,#2688,1);
#2690=LINE($,#2687,#2689);
#2691=EDGE_CURVE($,#449,#1319,#2690,.T.);
#2692=ORIENTED_EDGE($,$,$,#2691,.T.);
#2693=ORIENTED_EDGE($,$,$,#1324,.F.);
#2694=ORIENTED_EDGE($,$,$,#2674,.F.);
#2695=EDGE_LOOP($,(#2686,#2692,#2693,#2694));
#2696=FACE_OUTER_BOUND('',#2695,.T.);
#2697=ADVANCED_FACE('',(#2696),#2685,.T.);
#2698=CARTESIAN_POINT($,(347.802420352839,248.351340352839,0));
#2699=DIRECTION($,(0,-1,0));
#2700=DIRECTION($,(0,0,1));
#2701=AXIS2_PLACEMENT_3D($,#2698,#2699,#2700);
#2702=PLANE($,#2701);
#2703=ORIENTED_EDGE($,$,$,#462,.T.);
#2704=CARTESIAN_POINT($,(353.537790441049,248.351340352839,0));
#2705=DIRECTION($,(0,0,1));
#2706=VECTOR($,#2705,1);
#2707=LINE($,#2704,#2706);
#2708=EDGE_CURVE($,#457,#1327,#2707,.T.);
#2709=ORIENTED_EDGE($,$,$,#2708,.T.);
#2710=ORIENTED_EDGE($,$,$,#1332,.F.);
#2711=ORIENTED_EDGE($,$,$,#2691,.F.);
#2712=EDGE_LOOP($,(#2703,#2709,#2710,#2711));
#2713=FACE_OUTER_BOUND('',#2712,.T.);
#2714=ADVANCED_FACE('',(#2713),#2702,.T.);
#2715=CARTESIAN_POINT($,(353.537790441049,248.351340352839,0));
#2716=DIRECTION($,(0,-1,0));
#2717=DIRECTION($,(0,0,1));
#2718=AXIS2_PLACEMENT_3D($,#2715,#2716,#2717);
#2719=PLANE($,#2718);
#2720=ORIENTED_EDGE($,$,$,#468,.T.);
#2721=ORIENTED_EDGE($,$,$,#1758,.T.);
#2722=ORIENTED_EDGE($,$,$,#1338,.F.);
#2723=ORIENTED_EDGE($,$,$,#2708,.F.);
#2724=EDGE_LOOP($,(#2720,#2721,#2722,#2723));
#2725=FACE_OUTER_BOUND('',#2724,.T.);
#2726=ADVANCED_FACE('',(#2725),#2719,.T.);
#2727=CARTESIAN_POINT($,(269.12074017642,164.000480352839,0));
#2728=DIRECTION($,(0,0,1));
#2729=DIRECTION($,(1,0,0));
#2730=AXIS2_PLACEMENT_3D($,#2727,#2728,#2729);
#2731=CYLINDRICAL_SURFACE($,#2730,7.9375);
#2732=ORIENTED_EDGE($,$,$,#490,.T.);
#2733=CARTESIAN_POINT($,(277.05824017642,164.000480352839,0));
#2734=DIRECTION($,(0,0,1));
#2735=VECTOR($,#2734,1);
#2736=LINE($,#2733,#2735);
#2737=EDGE_CURVE($,#473,#1343,#2736,.T.);
#2738=ORIENTED_EDGE($,$,$,#2737,.T.);
#2739=ORIENTED_EDGE($,$,$,#1360,.F.);
#2740=CARTESIAN_POINT($,(261.18324017642,164.000480352839,0));
#2741=DIRECTION($,(0,0,1));
#2742=VECTOR($,#2741,1);
#2743=LINE($,#2740,#2742);
#2744=EDGE_CURVE($,#475,#1345,#2743,.T.);
#2745=ORIENTED_EDGE($,$,$,#2744,.F.);
#2746=EDGE_LOOP($,(#2732,#2738,#2739,#2745));
#2747=FACE_OUTER_BOUND('',#2746,.T.);
#2748=ADVANCED_FACE('',(#2747),#2731,.F.);
#2749=CARTESIAN_POINT($,(269.12074017642,164.000480352839,0));
#2750=DIRECTION($,(0,0,1));
#2751=DIRECTION($,(1,0,0));
#2752=AXIS2_PLACEMENT_3D($,#2749,#2750,#2751);
#2753=CYLINDRICAL_SURFACE($,#2752,7.9375);
#2754=ORIENTED_EDGE($,$,$,#482,.T.);
#2755=ORIENTED_EDGE($,$,$,#2744,.T.);
#2756=ORIENTED_EDGE($,$,$,#1352,.F.);
#2757=ORIENTED_EDGE($,$,$,#2737,.F.);
#2758=EDGE_LOOP($,(#2754,#2755,#2756,#2757));
#2759=FACE_OUTER_BOUND('',#2758,.T.);
#2760=ADVANCED_FACE('',(#2759),#2753,.F.);
#2761=CARTESIAN_POINT($,(269.12074017642,208.450480352839,0));
#2762=DIRECTION($,(0,0,1));
#2763=DIRECTION($,(1,0,0));
#2764=AXIS2_PLACEMENT_3D($,#2761,#2762,#2763);
#2765=CYLINDRICAL_SURFACE($,#2764,7.9375);
#2766=ORIENTED_EDGE($,$,$,#512,.T.);
#2767=CARTESIAN_POINT($,(277.05824017642,208.450480352839,0));
#2768=DIRECTION($,(0,0,1));
#2769=VECTOR($,#2768,1);
#2770=LINE($,#2767,#2769);
#2771=EDGE_CURVE($,#495,#1365,#2770,.T.);
#2772=ORIENTED_EDGE($,$,$,#2771,.T.);
#2773=ORIENTED_EDGE($,$,$,#1382,.F.);
#2774=CARTESIAN_POINT($,(261.18324017642,208.450480352839,0));
#2775=DIRECTION($,(0,0,1));
#2776=VECTOR($,#2775,1);
#2777=LINE($,#2774,#2776);
#2778=EDGE_CURVE($,#497,#1367,#2777,.T.);
#2779=ORIENTED_EDGE($,$,$,#2778,.F.);
#2780=EDGE_LOOP($,(#2766,#2772,#2773,#2779));
#2781=FACE_OUTER_BOUND('',#2780,.T.);
#2782=ADVANCED_FACE('',(#2781),#2765,.F.);
#2783=CARTESIAN_POINT($,(269.12074017642,208.450480352839,0));
#2784=DIRECTION($,(0,0,1));
#2785=DIRECTION($,(1,0,0));
#2786=AXIS2_PLACEMENT_3D($,#2783,#2784,#2785);
#2787=CYLINDRICAL_SURFACE($,#2786,7.9375);
#2788=ORIENTED_EDGE($,$,$,#504,.T.);
#2789=ORIENTED_EDGE($,$,$,#2778,.T.);
#2790=ORIENTED_EDGE($,$,$,#1374,.F.);
#2791=ORIENTED_EDGE($,$,$,#2771,.F.);
#2792=EDGE_LOOP($,(#2788,#2789,#2790,#2791));
#2793=FACE_OUTER_BOUND('',#2792,.T.);
#2794=ADVANCED_FACE('',(#2793),#2787,.F.);
#2795=CARTESIAN_POINT($,(269.12074017642,252.90048035284,0));
#2796=DIRECTION($,(0,0,1));
#2797=DIRECTION($,(1,0,0));
#2798=AXIS2_PLACEMENT_3D($,#2795,#2796,#2797);
#2799=CYLINDRICAL_SURFACE($,#2798,7.9375);
#2800=ORIENTED_EDGE($,$,$,#534,.T.);
#2801=CARTESIAN_POINT($,(277.05824017642,252.90048035284,0));
#2802=DIRECTION($,(0,0,1));
#2803=VECTOR($,#2802,1);
#2804=LINE($,#2801,#2803);
#2805=EDGE_CURVE($,#517,#1387,#2804,.T.);
#2806=ORIENTED_EDGE($,$,$,#2805,.T.);
#2807=ORIENTED_EDGE($,$,$,#1404,.F.);
#2808=CARTESIAN_POINT($,(261.18324017642,252.90048035284,0));
#2809=DIRECTION($,(0,0,1));
#2810=VECTOR($,#2809,1);
#2811=LINE($,#2808,#2810);
#2812=EDGE_CURVE($,#519,#1389,#2811,.T.);
#2813=ORIENTED_EDGE($,$,$,#2812,.F.);
#2814=EDGE_LOOP($,(#2800,#2806,#2807,#2813));
#2815=FACE_OUTER_BOUND('',#2814,.T.);
#2816=ADVANCED_FACE('',(#2815),#2799,.F.);
#2817=CARTESIAN_POINT($,(269.12074017642,252.90048035284,0));
#2818=DIRECTION($,(0,0,1));
#2819=DIRECTION($,(1,0,0));
#2820=AXIS2_PLACEMENT_3D($,#2817,#2818,#2819);
#2821=CYLINDRICAL_SURFACE($,#2820,7.9375);
#2822=ORIENTED_EDGE($,$,$,#526,.T.);
#2823=ORIENTED_EDGE($,$,$,#2812,.T.);
#2824=ORIENTED_EDGE($,$,$,#1396,.F.);
#2825=ORIENTED_EDGE($,$,$,#2805,.F.);
#2826=EDGE_LOOP($,(#2822,#2823,#2824,#2825));
#2827=FACE_OUTER_BOUND('',#2826,.T.);
#2828=ADVANCED_FACE('',(#2827),#2821,.F.);
#2829=CARTESIAN_POINT($,(269.12074017642,297.350480352839,0));
#2830=DIRECTION($,(0,0,1));
#2831=DIRECTION($,(1,0,0));
#2832=AXIS2_PLACEMENT_3D($,#2829,#2830,#2831);
#2833=CYLINDRICAL_SURFACE($,#2832,7.9375);
#2834=ORIENTED_EDGE($,$,$,#556,.T.);
#2835=CARTESIAN_POINT($,(277.05824017642,297.350480352839,0));
#2836=DIRECTION($,(0,0,1));
#2837=VECTOR($,#2836,1);
#2838=LINE($,#2835,#2837);
#2839=EDGE_CURVE($,#539,#1409,#2838,.T.);
#2840=ORIENTED_EDGE($,$,$,#2839,.T.);
#2841=ORIENTED_EDGE($,$,$,#1426,.F.);
#2842=CARTESIAN_POINT($,(261.18324017642,297.350480352839,0));
#2843=DIRECTION($,(0,0,1));
#2844=VECTOR($,#2843,1);
#2845=LINE($,#2842,#2844);
#2846=EDGE_CURVE($,#541,#1411,#2845,.T.);
#2847=ORIENTED_EDGE($,$,$,#2846,.F.);
#2848=EDGE_LOOP($,(#2834,#2840,#2841,#2847));
#2849=FACE_OUTER_BOUND('',#2848,.T.);
#2850=ADVANCED_FACE('',(#2849),#2833,.F.);
#2851=CARTESIAN_POINT($,(269.12074017642,297.350480352839,0));
#2852=DIRECTION($,(0,0,1));
#2853=DIRECTION($,(1,0,0));
#2854=AXIS2_PLACEMENT_3D($,#2851,#2852,#2853);
#2855=CYLINDRICAL_SURFACE($,#2854,7.9375);
#2856=ORIENTED_EDGE($,$,$,#548,.T.);
#2857=ORIENTED_EDGE($,$,$,#2846,.T.);
#2858=ORIENTED_EDGE($,$,$,#1418,.F.);
#2859=ORIENTED_EDGE($,$,$,#2839,.F.);
#2860=EDGE_LOOP($,(#2856,#2857,#2858,#2859));
#2861=FACE_OUTER_BOUND('',#2860,.T.);
#2862=ADVANCED_FACE('',(#2861),#2855,.F.);
#2863=CARTESIAN_POINT($,(84.9707401764198,16.34746,0));
#2864=DIRECTION($,(0,0,1));
#2865=DIRECTION($,(1,0,0));
#2866=AXIS2_PLACEMENT_3D($,#2863,#2864,#2865);
#2867=CYLINDRICAL_SURFACE($,#2866,5.5626);
#2868=ORIENTED_EDGE($,$,$,#578,.T.);
#2869=CARTESIAN_POINT($,(90.5333401764198,16.34746,0));
#2870=DIRECTION($,(0,0,1));
#2871=VECTOR($,#2870,1);
#2872=LINE($,#2869,#2871);
#2873=EDGE_CURVE($,#561,#1431,#2872,.T.);
#2874=ORIENTED_EDGE($,$,$,#2873,.T.);
#2875=ORIENTED_EDGE($,$,$,#1448,.F.);
#2876=CARTESIAN_POINT($,(79.4081401764197,16.34746,0));
#2877=DIRECTION($,(0,0,1));
#2878=VECTOR($,#2877,1);
#2879=LINE($,#2876,#2878);
#2880=EDGE_CURVE($,#563,#1433,#2879,.T.);
#2881=ORIENTED_EDGE($,$,$,#2880,.F.);
#2882=EDGE_LOOP($,(#2868,#2874,#2875,#2881));
#2883=FACE_OUTER_BOUND('',#2882,.T.);
#2884=ADVANCED_FACE('',(#2883),#2867,.F.);
#2885=CARTESIAN_POINT($,(84.9707401764198,16.34746,0));
#2886=DIRECTION($,(0,0,1));
#2887=DIRECTION($,(1,0,0));
#2888=AXIS2_PLACEMENT_3D($,#2885,#2886,#2887);
#2889=CYLINDRICAL_SURFACE($,#2888,5.5626);
#2890=ORIENTED_EDGE($,$,$,#570,.T.);
#2891=ORIENTED_EDGE($,$,$,#2880,.T.);
#2892=ORIENTED_EDGE($,$,$,#1440,.F.);
#2893=ORIENTED_EDGE($,$,$,#2873,.F.);
#2894=EDGE_LOOP($,(#2890,#2891,#2892,#2893));
#2895=FACE_OUTER_BOUND('',#2894,.T.);
#2896=ADVANCED_FACE('',(#2895),#2889,.F.);
#2897=CARTESIAN_POINT($,(288.17074017642,16.34746,0));
#2898=DIRECTION($,(0,0,1));
#2899=DIRECTION($,(1,0,0));
#2900=AXIS2_PLACEMENT_3D($,#2897,#2898,#2899);
#2901=CYLINDRICAL_SURFACE($,#2900,5.5626);
#2902=ORIENTED_EDGE($,$,$,#600,.T.);
#2903=CARTESIAN_POINT($,(293.73334017642,16.34746,0));
#2904=DIRECTION($,(0,0,1));
#2905=VECTOR($,#2904,1);
#2906=LINE($,#2903,#2905);
#2907=EDGE_CURVE($,#583,#1453,#2906,.T.);
#2908=ORIENTED_EDGE($,$,$,#2907,.T.);
#2909=ORIENTED_EDGE($,$,$,#1470,.F.);
#2910=CARTESIAN_POINT($,(282.60814017642,16.34746,0));
#2911=DIRECTION($,(0,0,1));
#2912=VECTOR($,#2911,1);
#2913=LINE($,#2910,#2912);
#2914=EDGE_CURVE($,#585,#1455,#2913,.T.);
#2915=ORIENTED_EDGE($,$,$,#2914,.F.);
#2916=EDGE_LOOP($,(#2902,#2908,#2909,#2915));
#2917=FACE_OUTER_BOUND('',#2916,.T.);
#2918=ADVANCED_FACE('',(#2917),#2901,.F.);
#2919=CARTESIAN_POINT($,(288.17074017642,16.34746,0));
#2920=DIRECTION($,(0,0,1));
#2921=DIRECTION($,(1,0,0));
#2922=AXIS2_PLACEMENT_3D($,#2919,#2920,#2921);
#2923=CYLINDRICAL_SURFACE($,#2922,5.5626);
#2924=ORIENTED_EDGE($,$,$,#592,.T.);
#2925=ORIENTED_EDGE($,$,$,#2914,.T.);
#2926=ORIENTED_EDGE($,$,$,#1462,.F.);
#2927=ORIENTED_EDGE($,$,$,#2907,.F.);
#2928=EDGE_LOOP($,(#2924,#2925,#2926,#2927));
#2929=FACE_OUTER_BOUND('',#2928,.T.);
#2930=ADVANCED_FACE('',(#2929),#2923,.F.);
#2931=CARTESIAN_POINT($,(244.20334017642,398.747280352839,0));
#2932=DIRECTION($,(0,0,1));
#2933=DIRECTION($,(1,0,0));
#2934=AXIS2_PLACEMENT_3D($,#2931,#2932,#2933);
#2935=CYLINDRICAL_SURFACE($,#2934,19.05);
#2936=ORIENTED_EDGE($,$,$,#622,.T.);
#2937=CARTESIAN_POINT($,(263.25334017642,398.747280352839,0));
#2938=DIRECTION($,(0,0,1));
#2939=VECTOR($,#2938,1);
#2940=LINE($,#2937,#2939);
#2941=EDGE_CURVE($,#605,#1475,#2940,.T.);
#2942=ORIENTED_EDGE($,$,$,#2941,.T.);
#2943=ORIENTED_EDGE($,$,$,#1492,.F.);
#2944=CARTESIAN_POINT($,(225.15334017642,398.747280352839,0));
#2945=DIRECTION($,(0,0,1));
#2946=VECTOR($,#2945,1);
#2947=LINE($,#2944,#2946);
#2948=EDGE_CURVE($,#607,#1477,#2947,.T.);
#2949=ORIENTED_EDGE($,$,$,#2948,.F.);
#2950=EDGE_LOOP($,(#2936,#2942,#2943,#2949));
#2951=FACE_OUTER_BOUND('',#2950,.T.);
#2952=ADVANCED_FACE('',(#2951),#2935,.F.);
#2953=CARTESIAN_POINT($,(244.20334017642,398.747280352839,0));
#2954=DIRECTION($,(0,0,1));
#2955=DIRECTION($,(1,0,0));
#2956=AXIS2_PLACEMENT_3D($,#2953,#2954,#2955);
#2957=CYLINDRICAL_SURFACE($,#2956,19.05);
#2958=ORIENTED_EDGE($,$,$,#614,.T.);
#2959=ORIENTED_EDGE($,$,$,#2948,.T.);
#2960=ORIENTED_EDGE($,$,$,#1484,.F.);
#2961=ORIENTED_EDGE($,$,$,#2941,.F.);
#2962=EDGE_LOOP($,(#2958,#2959,#2960,#2961));
#2963=FACE_OUTER_BOUND('',#2962,.T.);
#2964=ADVANCED_FACE('',(#2963),#2957,.F.);
#2965=CARTESIAN_POINT($,(155.30334017642,424.147280352839,0));
#2966=DIRECTION($,(0,0,1));
#2967=DIRECTION($,(1,0,0));
#2968=AXIS2_PLACEMENT_3D($,#2965,#2966,#2967);
#2969=CYLINDRICAL_SURFACE($,#2968,25.4);
#2970=ORIENTED_EDGE($,$,$,#644,.T.);
#2971=CARTESIAN_POINT($,(180.70334017642,424.147280352839,0));
#2972=DIRECTION($,(0,0,1));
#2973=VECTOR($,#2972,1);
#2974=LINE($,#2971,#2973);
#2975=EDGE_CURVE($,#627,#1497,#2974,.T.);
#2976=ORIENTED_EDGE($,$,$,#2975,.T.);
#2977=ORIENTED_EDGE($,$,$,#1514,.F.);
#2978=CARTESIAN_POINT($,(129.90334017642,424.147280352839,0));
#2979=DIRECTION($,(0,0,1));
#2980=VECTOR($,#2979,1);
#2981=LINE($,#2978,#2980);
#2982=EDGE_CURVE($,#629,#1499,#2981,.T.);
#2983=ORIENTED_EDGE($,$,$,#2982,.F.);
#2984=EDGE_LOOP($,(#2970,#2976,#2977,#2983));
#2985=FACE_OUTER_BOUND('',#2984,.T.);
#2986=ADVANCED_FACE('',(#2985),#2969,.F.);
#2987=CARTESIAN_POINT($,(155.30334017642,424.147280352839,0));
#2988=DIRECTION($,(0,0,1));
#2989=DIRECTION($,(1,0,0));
#2990=AXIS2_PLACEMENT_3D($,#2987,#2988,#2989);
#2991=CYLINDRICAL_SURFACE($,#2990,25.4);
#2992=ORIENTED_EDGE($,$,$,#636,.T.);
#2993=ORIENTED_EDGE($,$,$,#2982,.T.);
#2994=ORIENTED_EDGE($,$,$,#1506,.F.);
#2995=ORIENTED_EDGE($,$,$,#2975,.F.);
#2996=EDGE_LOOP($,(#2992,#2993,#2994,#2995));
#2997=FACE_OUTER_BOUND('',#2996,.T.);
#2998=ADVANCED_FACE('',(#2997),#2991,.F.);
#2999=CARTESIAN_POINT($,(288.17074017642,603.550300705679,0));
#3000=DIRECTION($,(0,0,1));
#3001=DIRECTION($,(1,0,0));
#3002=AXIS2_PLACEMENT_3D($,#2999,#3000,#3001);
#3003=CYLINDRICAL_SURFACE($,#3002,5.5626);
#3004=ORIENTED_EDGE($,$,$,#666,.T.);
#3005=CARTESIAN_POINT($,(293.73334017642,603.550300705679,0));
#3006=DIRECTION($,(0,0,1));
#3007=VECTOR($,#3006,1);
#3008=LINE($,#3005,#3007);
#3009=EDGE_CURVE($,#649,#1519,#3008,.T.);
#3010=ORIENTED_EDGE($,$,$,#3009,.T.);
#3011=ORIENTED_EDGE($,$,$,#1536,.F.);
#3012=CARTESIAN_POINT($,(282.60814017642,603.550300705679,0));
#3013=DIRECTION($,(0,0,1));
#3014=VECTOR($,#3013,1);
#3015=LINE($,#3012,#3014);
#3016=EDGE_CURVE($,#651,#1521,#3015,.T.);
#3017=ORIENTED_EDGE($,$,$,#3016,.F.);
#3018=EDGE_LOOP($,(#3004,#3010,#3011,#3017));
#3019=FACE_OUTER_BOUND('',#3018,.T.);
#3020=ADVANCED_FACE('',(#3019),#3003,.F.);
#3021=CARTESIAN_POINT($,(288.17074017642,603.550300705679,0));
#3022=DIRECTION($,(0,0,1));
#3023=DIRECTION($,(1,0,0));
#3024=AXIS2_PLACEMENT_3D($,#3021,#3022,#3023);
#3025=CYLINDRICAL_SURFACE($,#3024,5.5626);
#3026=ORIENTED_EDGE($,$,$,#658,.T.);
#3027=ORIENTED_EDGE($,$,$,#3016,.T.);
#3028=ORIENTED_EDGE($,$,$,#1528,.F.);
#3029=ORIENTED_EDGE($,$,$,#3009,.F.);
#3030=EDGE_LOOP($,(#3026,#3027,#3028,#3029));
#3031=FACE_OUTER_BOUND('',#3030,.T.);
#3032=ADVANCED_FACE('',(#3031),#3025,.F.);
#3033=CARTESIAN_POINT($,(84.9707401764198,603.550300705679,0));
#3034=DIRECTION($,(0,0,1));
#3035=DIRECTION($,(1,0,0));
#3036=AXIS2_PLACEMENT_3D($,#3033,#3034,#3035);
#3037=CYLINDRICAL_SURFACE($,#3036,5.5626);
#3038=ORIENTED_EDGE($,$,$,#688,.T.);
#3039=CARTESIAN_POINT($,(90.5333401764198,603.550300705679,0));
#3040=DIRECTION($,(0,0,1));
#3041=VECTOR($,#3040,1);
#3042=LINE($,#3039,#3041);
#3043=EDGE_CURVE($,#671,#1541,#3042,.T.);
#3044=ORIENTED_EDGE($,$,$,#3043,.T.);
#3045=ORIENTED_EDGE($,$,$,#1558,.F.);
#3046=CARTESIAN_POINT($,(79.4081401764197,603.550300705679,0));
#3047=DIRECTION($,(0,0,1));
#3048=VECTOR($,#3047,1);
#3049=LINE($,#3046,#3048);
#3050=EDGE_CURVE($,#673,#1543,#3049,.T.);
#3051=ORIENTED_EDGE($,$,$,#3050,.F.);
#3052=EDGE_LOOP($,(#3038,#3044,#3045,#3051));
#3053=FACE_OUTER_BOUND('',#3052,.T.);
#3054=ADVANCED_FACE('',(#3053),#3037,.F.);
#3055=CARTESIAN_POINT($,(84.9707401764198,603.550300705679,0));
#3056=DIRECTION($,(0,0,1));
#3057=DIRECTION($,(1,0,0));
#3058=AXIS2_PLACEMENT_3D($,#3055,#3056,#3057);
#3059=CYLINDRICAL_SURFACE($,#3058,5.5626);
#3060=ORIENTED_EDGE($,$,$,#680,.T.);
#3061=ORIENTED_EDGE($,$,$,#3050,.T.);
#3062=ORIENTED_EDGE($,$,$,#1550,.F.);
#3063=ORIENTED_EDGE($,$,$,#3043,.F.);
#3064=EDGE_LOOP($,(#3060,#3061,#3062,#3063));
#3065=FACE_OUTER_BOUND('',#3064,.T.);
#3066=ADVANCED_FACE('',(#3065),#3059,.F.);
#3067=CARTESIAN_POINT($,(384.273586493049,311.851340352839,0));
#3068=DIRECTION($,(0,0,1));
#3069=DIRECTION($,(1,0,0));
#3070=AXIS2_PLACEMENT_3D($,#3067,#3068,#3069);
#3071=CYLINDRICAL_SURFACE($,#3070,13.5255);
#3072=ORIENTED_EDGE($,$,$,#710,.T.);
#3073=CARTESIAN_POINT($,(397.799086493049,311.851340352839,0));
#3074=DIRECTION($,(0,0,1));
#3075=VECTOR($,#3074,1);
#3076=LINE($,#3073,#3075);
#3077=EDGE_CURVE($,#693,#1563,#3076,.T.);
#3078=ORIENTED_EDGE($,$,$,#3077,.T.);
#3079=ORIENTED_EDGE($,$,$,#1580,.F.);
#3080=CARTESIAN_POINT($,(370.748086493049,311.851340352839,0));
#3081=DIRECTION($,(0,0,1));
#3082=VECTOR($,#3081,1);
#3083=LINE($,#3080,#3082);
#3084=EDGE_CURVE($,#695,#1565,#3083,.T.);
#3085=ORIENTED_EDGE($,$,$,#3084,.F.);
#3086=EDGE_LOOP($,(#3072,#3078,#3079,#3085));
#3087=FACE_OUTER_BOUND('',#3086,.T.);
#3088=ADVANCED_FACE('',(#3087),#3071,.F.);
#3089=CARTESIAN_POINT($,(384.273586493049,311.851340352839,0));
#3090=DIRECTION($,(0,0,1));
#3091=DIRECTION($,(1,0,0));
#3092=AXIS2_PLACEMENT_3D($,#3089,#3090,#3091);
#3093=CYLINDRICAL_SURFACE($,#3092,13.5255);
#3094=ORIENTED_EDGE($,$,$,#702,.T.);
#3095=ORIENTED_EDGE($,$,$,#3084,.T.);
#3096=ORIENTED_EDGE($,$,$,#1572,.F.);
#3097=ORIENTED_EDGE($,$,$,#3077,.F.);
#3098=EDGE_LOOP($,(#3094,#3095,#3096,#3097));
#3099=FACE_OUTER_BOUND('',#3098,.T.);
#3100=ADVANCED_FACE('',(#3099),#3093,.F.);
#3101=CARTESIAN_POINT($,(370.303586493049,292.801340352839,0));
#3102=DIRECTION($,(0,0,1));
#3103=DIRECTION($,(1,0,0));
#3104=AXIS2_PLACEMENT_3D($,#3101,#3102,#3103);
#3105=CYLINDRICAL_SURFACE($,#3104,2.38125);
#3106=ORIENTED_EDGE($,$,$,#732,.T.);
#3107=CARTESIAN_POINT($,(372.684836493049,292.801340352839,0));
#3108=DIRECTION($,(0,0,1));
#3109=VECTOR($,#3108,1);
#3110=LINE($,#3107,#3109);
#3111=EDGE_CURVE($,#715,#1585,#3110,.T.);
#3112=ORIENTED_EDGE($,$,$,#3111,.T.);
#3113=ORIENTED_EDGE($,$,$,#1602,.F.);
#3114=CARTESIAN_POINT($,(367.922336493049,292.801340352839,0));
#3115=DIRECTION($,(0,0,1));
#3116=VECTOR($,#3115,1);
#3117=LINE($,#3114,#3116);
#3118=EDGE_CURVE($,#717,#1587,#3117,.T.);
#3119=ORIENTED_EDGE($,$,$,#3118,.F.);
#3120=EDGE_LOOP($,(#3106,#3112,#3113,#3119));
#3121=FACE_OUTER_BOUND('',#3120,.T.);
#3122=ADVANCED_FACE('',(#3121),#3105,.F.);
#3123=CARTESIAN_POINT($,(370.303586493049,292.801340352839,0));
#3124=DIRECTION($,(0,0,1));
#3125=DIRECTION($,(1,0,0));
#3126=AXIS2_PLACEMENT_3D($,#3123,#3124,#3125);
#3127=CYLINDRICAL_SURFACE($,#3126,2.38125);
#3128=ORIENTED_EDGE($,$,$,#724,.T.);
#3129=ORIENTED_EDGE($,$,$,#3118,.T.);
#3130=ORIENTED_EDGE($,$,$,#1594,.F.);
#3131=ORIENTED_EDGE($,$,$,#3111,.F.);
#3132=EDGE_LOOP($,(#3128,#3129,#3130,#3131));
#3133=FACE_OUTER_BOUND('',#3132,.T.);
#3134=ADVANCED_FACE('',(#3133),#3127,.F.);
#3135=CARTESIAN_POINT($,(370.303586493049,330.901340352839,0));
#3136=DIRECTION($,(0,0,1));
#3137=DIRECTION($,(1,0,0));
#3138=AXIS2_PLACEMENT_3D($,#3135,#3136,#3137);
#3139=CYLINDRICAL_SURFACE($,#3138,2.38125);
#3140=ORIENTED_EDGE($,$,$,#754,.T.);
#3141=CARTESIAN_POINT($,(372.684836493049,330.901340352839,0));
#3142=DIRECTION($,(0,0,1));
#3143=VECTOR($,#3142,1);
#3144=LINE($,#3141,#3143);
#3145=EDGE_CURVE($,#737,#1607,#3144,.T.);
#3146=ORIENTED_EDGE($,$,$,#3145,.T.);
#3147=ORIENTED_EDGE($,$,$,#1624,.F.);
#3148=CARTESIAN_POINT($,(367.922336493049,330.901340352839,0));
#3149=DIRECTION($,(0,0,1));
#3150=VECTOR($,#3149,1);
#3151=LINE($,#3148,#3150);
#3152=EDGE_CURVE($,#739,#1609,#3151,.T.);
#3153=ORIENTED_EDGE($,$,$,#3152,.F.);
#3154=EDGE_LOOP($,(#3140,#3146,#3147,#3153));
#3155=FACE_OUTER_BOUND('',#3154,.T.);
#3156=ADVANCED_FACE('',(#3155),#3139,.F.);
#3157=CARTESIAN_POINT($,(370.303586493049,330.901340352839,0));
#3158=DIRECTION($,(0,0,1));
#3159=DIRECTION($,(1,0,0));
#3160=AXIS2_PLACEMENT_3D($,#3157,#3158,#3159);
#3161=CYLINDRICAL_SURFACE($,#3160,2.38125);
#3162=ORIENTED_EDGE($,$,$,#746,.T.);
#3163=ORIENTED_EDGE($,$,$,#3152,.T.);
#3164=ORIENTED_EDGE($,$,$,#1616,.F.);
#3165=ORIENTED_EDGE($,$,$,#3145,.F.);
#3166=EDGE_LOOP($,(#3162,#3163,#3164,#3165));
#3167=FACE_OUTER_BOUND('',#3166,.T.);
#3168=ADVANCED_FACE('',(#3167),#3161,.F.);
#3169=CARTESIAN_POINT($,(402.053586493049,292.801340352839,0));
#3170=DIRECTION($,(0,0,1));
#3171=DIRECTION($,(1,0,0));
#3172=AXIS2_PLACEMENT_3D($,#3169,#3170,#3171);
#3173=CYLINDRICAL_SURFACE($,#3172,2.38125);
#3174=ORIENTED_EDGE($,$,$,#776,.T.);
#3175=CARTESIAN_POINT($,(404.434836493049,292.801340352839,0));
#3176=DIRECTION($,(0,0,1));
#3177=VECTOR($,#3176,1);
#3178=LINE($,#3175,#3177);
#3179=EDGE_CURVE($,#759,#1629,#3178,.T.);
#3180=ORIENTED_EDGE($,$,$,#3179,.T.);
#3181=ORIENTED_EDGE($,$,$,#1646,.F.);
#3182=CARTESIAN_POINT($,(399.672336493049,292.801340352839,0));
#3183=DIRECTION($,(0,0,1));
#3184=VECTOR($,#3183,1);
#3185=LINE($,#3182,#3184);
#3186=EDGE_CURVE($,#761,#1631,#3185,.T.);
#3187=ORIENTED_EDGE($,$,$,#3186,.F.);
#3188=EDGE_LOOP($,(#3174,#3180,#3181,#3187));
#3189=FACE_OUTER_BOUND('',#3188,.T.);
#3190=ADVANCED_FACE('',(#3189),#3173,.F.);
#3191=CARTESIAN_POINT($,(402.053586493049,292.801340352839,0));
#3192=DIRECTION($,(0,0,1));
#3193=DIRECTION($,(1,0,0));
#3194=AXIS2_PLACEMENT_3D($,#3191,#3192,#3193);
#3195=CYLINDRICAL_SURFACE($,#3194,2.38125);
#3196=ORIENTED_EDGE($,$,$,#768,.T.);
#3197=ORIENTED_EDGE($,$,$,#3186,.T.);
#3198=ORIENTED_EDGE($,$,$,#1638,.F.);
#3199=ORIENTED_EDGE($,$,$,#3179,.F.);
#3200=EDGE_LOOP($,(#3196,#3197,#3198,#3199));
#3201=FACE_OUTER_BOUND('',#3200,.T.);
#3202=ADVANCED_FACE('',(#3201),#3195,.F.);
#3203=CARTESIAN_POINT($,(402.053586493049,330.901340352839,0));
#3204=DIRECTION($,(0,0,1));
#3205=DIRECTION($,(1,0,0));
#3206=AXIS2_PLACEMENT_3D($,#3203,#3204,#3205);
#3207=CYLINDRICAL_SURFACE($,#3206,2.38125);
#3208=ORIENTED_EDGE($,$,$,#798,.T.);
#3209=CARTESIAN_POINT($,(404.434836493049,330.901340352839,0));
#3210=DIRECTION($,(0,0,1));
#3211=VECTOR($,#3210,1);
#3212=LINE($,#3209,#3211);
#3213=EDGE_CURVE($,#781,#1651,#3212,.T.);
#3214=ORIENTED_EDGE($,$,$,#3213,.T.);
#3215=ORIENTED_EDGE($,$,$,#1668,.F.);
#3216=CARTESIAN_POINT($,(399.672336493049,330.901340352839,0));
#3217=DIRECTION($,(0,0,1));
#3218=VECTOR($,#3217,1);
#3219=LINE($,#3216,#3218);
#3220=EDGE_CURVE($,#783,#1653,#3219,.T.);
#3221=ORIENTED_EDGE($,$,$,#3220,.F.);
#3222=EDGE_LOOP($,(#3208,#3214,#3215,#3221));
#3223=FACE_OUTER_BOUND('',#3222,.T.);
#3224=ADVANCED_FACE('',(#3223),#3207,.F.);
#3225=CARTESIAN_POINT($,(402.053586493049,330.901340352839,0));
#3226=DIRECTION($,(0,0,1));
#3227=DIRECTION($,(1,0,0));
#3228=AXIS2_PLACEMENT_3D($,#3225,#3226,#3227);
#3229=CYLINDRICAL_SURFACE($,#3228,2.38125);
#3230=ORIENTED_EDGE($,$,$,#790,.T.);
#3231=ORIENTED_EDGE($,$,$,#3220,.T.);
#3232=ORIENTED_EDGE($,$,$,#1660,.F.);
#3233=ORIENTED_EDGE($,$,$,#3213,.F.);
#3234=EDGE_LOOP($,(#3230,#3231,#3232,#3233));
#3235=FACE_OUTER_BOUND('',#3234,.T.);
#3236=ADVANCED_FACE('',(#3235),#3229,.F.);
#3237=CARTESIAN_POINT($,(126.72834017642,189.298880352839,0));
#3238=DIRECTION($,(-1,0,0));
#3239=DIRECTION($,(0,0,1));
#3240=AXIS2_PLACEMENT_3D($,#3237,#3238,#3239);
#3241=PLANE($,#3240);
#3242=ORIENTED_EDGE($,$,$,#832,.T.);
#3243=CARTESIAN_POINT($,(126.72834017642,278.198880352839,-0));
#3244=DIRECTION($,(0,0,1));
#3245=VECTOR($,#3244,1);
#3246=LINE($,#3243,#3245);
#3247=EDGE_CURVE($,#821,#1691,#3246,.T.);
#3248=ORIENTED_EDGE($,$,$,#3247,.T.);
#3249=ORIENTED_EDGE($,$,$,#1702,.F.);
#3250=CARTESIAN_POINT($,(126.72834017642,189.298880352839,0));
#3251=DIRECTION($,(0,0,1));
#3252=VECTOR($,#3251,1);
#3253=LINE($,#3250,#3252);
#3254=EDGE_CURVE($,#805,#1675,#3253,.T.);
#3255=ORIENTED_EDGE($,$,$,#3254,.F.);
#3256=EDGE_LOOP($,(#3242,#3248,#3249,#3255));
#3257=FACE_OUTER_BOUND('',#3256,.T.);
#3258=ADVANCED_FACE('',(#3257),#3241,.T.);
#3259=CARTESIAN_POINT($,(126.72834017642,278.198880352839,0));
#3260=DIRECTION($,(0,-1,0));
#3261=DIRECTION($,(0,0,1));
#3262=AXIS2_PLACEMENT_3D($,#3259,#3260,#3261);
#3263=PLANE($,#3262);
#3264=ORIENTED_EDGE($,$,$,#826,.T.);
#3265=CARTESIAN_POINT($,(107.67834017642,278.198880352839,-0));
#3266=DIRECTION($,(0,0,1));
#3267=VECTOR($,#3266,1);
#3268=LINE($,#3265,#3267);
#3269=EDGE_CURVE($,#813,#1683,#3268,.T.);
#3270=ORIENTED_EDGE($,$,$,#3269,.T.);
#3271=ORIENTED_EDGE($,$,$,#1696,.F.);
#3272=ORIENTED_EDGE($,$,$,#3247,.F.);
#3273=EDGE_LOOP($,(#3264,#3270,#3271,#3272));
#3274=FACE_OUTER_BOUND('',#3273,.T.);
#3275=ADVANCED_FACE('',(#3274),#3263,.T.);
#3276=CARTESIAN_POINT($,(107.67834017642,278.198880352839,0));
#3277=DIRECTION($,(1,0,0));
#3278=DIRECTION($,(0,0,1));
#3279=AXIS2_PLACEMENT_3D($,#3276,#3277,#3278);
#3280=PLANE($,#3279);
#3281=ORIENTED_EDGE($,$,$,#818,.T.);
#3282=CARTESIAN_POINT($,(107.67834017642,189.298880352839,-0));
#3283=DIRECTION($,(0,0,1));
#3284=VECTOR($,#3283,1);
#3285=LINE($,#3282,#3284);
#3286=EDGE_CURVE($,#803,#1673,#3285,.T.);
#3287=ORIENTED_EDGE($,$,$,#3286,.T.);
#3288=ORIENTED_EDGE($,$,$,#1688,.F.);
#3289=ORIENTED_EDGE($,$,$,#3269,.F.);
#3290=EDGE_LOOP($,(#3281,#3287,#3288,#3289));
#3291=FACE_OUTER_BOUND('',#3290,.T.);
#3292=ADVANCED_FACE('',(#3291),#3280,.T.);
#3293=CARTESIAN_POINT($,(107.67834017642,189.298880352839,0));
#3294=DIRECTION($,(0,1,0));
#3295=DIRECTION($,(0,0,1));
#3296=AXIS2_PLACEMENT_3D($,#3293,#3294,#3295);
#3297=PLANE($,#3296);
#3298=ORIENTED_EDGE($,$,$,#810,.T.);
#3299=ORIENTED_EDGE($,$,$,#3254,.T.);
#3300=ORIENTED_EDGE($,$,$,#1680,.F.);
#3301=ORIENTED_EDGE($,$,$,#3286,.F.);
#3302=EDGE_LOOP($,(#3298,#3299,#3300,#3301));
#3303=FACE_OUTER_BOUND('',#3302,.T.);
#3304=ADVANCED_FACE('',(#3303),#3297,.T.);
#3305=CARTESIAN_POINT($,(190.22834017642,189.298880352839,0));
#3306=DIRECTION($,(-1,0,0));
#3307=DIRECTION($,(0,0,1));
#3308=AXIS2_PLACEMENT_3D($,#3305,#3306,#3307);
#3309=PLANE($,#3308);
#3310=ORIENTED_EDGE($,$,$,#866,.T.);
#3311=CARTESIAN_POINT($,(190.22834017642,278.198880352839,-0));
#3312=DIRECTION($,(0,0,1));
#3313=VECTOR($,#3312,1);
#3314=LINE($,#3311,#3313);
#3315=EDGE_CURVE($,#855,#1725,#3314,.T.);
#3316=ORIENTED_EDGE($,$,$,#3315,.T.);
#3317=ORIENTED_EDGE($,$,$,#1736,.F.);
#3318=CARTESIAN_POINT($,(190.22834017642,189.298880352839,0));
#3319=DIRECTION($,(0,0,1));
#3320=VECTOR($,#3319,1);
#3321=LINE($,#3318,#3320);
#3322=EDGE_CURVE($,#839,#1709,#3321,.T.);
#3323=ORIENTED_EDGE($,$,$,#3322,.F.);
#3324=EDGE_LOOP($,(#3310,#3316,#3317,#3323));
#3325=FACE_OUTER_BOUND('',#3324,.T.);
#3326=ADVANCED_FACE('',(#3325),#3309,.T.);
#3327=CARTESIAN_POINT($,(190.22834017642,278.198880352839,0));
#3328=DIRECTION($,(0,-1,0));
#3329=DIRECTION($,(0,0,1));
#3330=AXIS2_PLACEMENT_3D($,#3327,#3328,#3329);
#3331=PLANE($,#3330);
#3332=ORIENTED_EDGE($,$,$,#860,.T.);
#3333=CARTESIAN_POINT($,(171.17834017642,278.198880352839,-0));
#3334=DIRECTION($,(0,0,1));
#3335=VECTOR($,#3334,1);
#3336=LINE($,#3333,#3335);
#3337=EDGE_CURVE($,#847,#1717,#3336,.T.);
#3338=ORIENTED_EDGE($,$,$,#3337,.T.);
#3339=ORIENTED_EDGE($,$,$,#1730,.F.);
#3340=ORIENTED_EDGE($,$,$,#3315,.F.);
#3341=EDGE_LOOP($,(#3332,#3338,#3339,#3340));
#3342=FACE_OUTER_BOUND('',#3341,.T.);
#3343=ADVANCED_FACE('',(#3342),#3331,.T.);
#3344=CARTESIAN_POINT($,(171.17834017642,278.198880352839,0));
#3345=DIRECTION($,(1,0,0));
#3346=DIRECTION($,(0,0,1));
#3347=AXIS2_PLACEMENT_3D($,#3344,#3345,#3346);
#3348=PLANE($,#3347);
#3349=ORIENTED_EDGE($,$,$,#852,.T.);
#3350=CARTESIAN_POINT($,(171.17834017642,189.298880352839,-0));
#3351=DIRECTION($,(0,0,1));
#3352=VECTOR($,#3351,1);
#3353=LINE($,#3350,#3352);
#3354=EDGE_CURVE($,#837,#1707,#3353,.T.);
#3355=ORIENTED_EDGE($,$,$,#3354,.T.);
#3356=ORIENTED_EDGE($,$,$,#1722,.F.);
#3357=ORIENTED_EDGE($,$,$,#3337,.F.);
#3358=EDGE_LOOP($,(#3349,#3355,#3356,#3357));
#3359=FACE_OUTER_BOUND('',#3358,.T.);
#3360=ADVANCED_FACE('',(#3359),#3348,.T.);
#3361=CARTESIAN_POINT($,(171.17834017642,189.298880352839,0));
#3362=DIRECTION($,(0,1,0));
#3363=DIRECTION($,(0,0,1));
#3364=AXIS2_PLACEMENT_3D($,#3361,#3362,#3363);
#3365=PLANE($,#3364);
#3366=ORIENTED_EDGE($,$,$,#844,.T.);
#3367=ORIENTED_EDGE($,$,$,#3322,.T.);
#3368=ORIENTED_EDGE($,$,$,#1714,.F.);
#3369=ORIENTED_EDGE($,$,$,#3354,.F.);
#3370=EDGE_LOOP($,(#3366,#3367,#3368,#3369));
#3371=FACE_OUTER_BOUND('',#3370,.T.);
#3372=ADVANCED_FACE('',(#3371),#3365,.T.);
#3373=CLOSED_SHELL($,(#870,#1740,#1762,#1779,#1796,#1813,#1830,#1847,#1864,#1881,#1898,#1915,#1932,#1949,#1966,#1983,#2000,#2017,#2034,#2051,#2068,#2085,#2102,#2119,#2136,#2153,#2170,#2187,#2204,#2221,#2238,#2255,#2272,#2289,#2306,#2323,#2340,#2357,#2374,#2391,#2408,#2425,#2442,#2459,#2476,#2493,#2510,#2527,#2544,#2561,#2578,#2595,#2612,#2629,#2646,#2663,#2680,#2697,#2714,#2726,#2748,#2760,#2782,#2794,#2816,#2828,#2850,#2862,#2884,#2896,#2918,#2930,#2952,#2964,#2986,#2998,#3020,#3032,#3054,#3066,#3088,#3100,#3122,#3134,#3156,#3168,#3190,#3202,#3224,#3236,#3258,#3275,#3292,#3304,#3326,#3343,#3360,#3372));
#3374=MANIFOLD_SOLID_BREP('sheetmetal-Ctc03 flat pattern',#3373);
#3375=APPLICATION_CONTEXT('mechanical design');
#3376=PRODUCT_CONTEXT('',#3375,'mechanical');
#3377=PRODUCT('sheetmetal_Ctc03_flat','sheetmetal-Ctc03 flat pattern','',(#3376));
#3378=PRODUCT_DEFINITION_FORMATION('','',#3377);
#3379=PRODUCT_DEFINITION_CONTEXT('design',#3375,'design');
#3380=PRODUCT_DEFINITION('','',#3378,#3379);
#3381=PRODUCT_DEFINITION_SHAPE('','',#3380);
#3382=(LENGTH_UNIT()NAMED_UNIT(*)SI_UNIT(.MILLI.,.METRE.));
#3383=(NAMED_UNIT(*)PLANE_ANGLE_UNIT()SI_UNIT($,.RADIAN.));
#3384=(NAMED_UNIT(*)SI_UNIT($,.STERADIAN.)SOLID_ANGLE_UNIT());
#3385=(GEOMETRIC_REPRESENTATION_CONTEXT(3)GLOBAL_UNIT_ASSIGNED_CONTEXT((#3382,#3383,#3384))REPRESENTATION_CONTEXT('3','3D'));
#3386=SHAPE_REPRESENTATION('sheetmetal-Ctc03 flat pattern',(#3374),#3385);
#3387=SHAPE_DEFINITION_REPRESENTATION(#3381,#3386);
ENDSEC;
END-ISO-10303-21;
