ISO-10303-21;
HEADER;
FILE_DESCRIPTION(('Aetheris AP242 assembly product structure'),'2;1');
FILE_NAME('aetheris_assembly.step','1970-01-01T00:00:00',('Aetheris'),('Aetheris'),'Aetheris.Kernel','Aetheris.Kernel','');
FILE_SCHEMA(('AP242_MANAGED_MODEL_BASED_3D_ENGINEERING_MIM_LF'));
ENDSEC;
DATA;
#1=CARTESIAN_POINT($,(0,0,0));
#2=DIRECTION($,(-0,-0,-1));
#3=DIRECTION($,(1,0,0));
#4=AXIS2_PLACEMENT_3D($,#1,#2,#3);
#5=PLANE($,#4);
#6=CARTESIAN_POINT($,(13.9,-160.87,0));
#7=VERTEX_POINT($,#6);
#8=CARTESIAN_POINT($,(64.08,-160.87,0));
#9=VERTEX_POINT($,#8);
#10=CARTESIAN_POINT($,(13.9,-160.87,0));
#11=DIRECTION($,(1,0,0));
#12=VECTOR($,#11,1);
#13=LINE($,#10,#12);
#14=EDGE_CURVE($,#7,#9,#13,.T.);
#15=ORIENTED_EDGE($,$,$,#14,.T.);
#16=CARTESIAN_POINT($,(75.42,-149.53,0));
#17=VERTEX_POINT($,#16);
#18=CARTESIAN_POINT($,(64.08,-149.53,0));
#19=DIRECTION($,(0,0,1));
#20=DIRECTION($,(1,0,0));
#21=AXIS2_PLACEMENT_3D($,#18,#19,#20);
#22=CIRCLE($,#21,11.34);
#23=TRIMMED_CURVE($,#22,(PARAMETER_VALUE(-1.5707963267949)),(PARAMETER_VALUE(0)),.T.,.PARAMETER.);
#24=EDGE_CURVE($,#9,#17,#23,.T.);
#25=ORIENTED_EDGE($,$,$,#24,.T.);
#26=CARTESIAN_POINT($,(75.42,-13.9,0));
#27=VERTEX_POINT($,#26);
#28=CARTESIAN_POINT($,(75.42,-149.53,0));
#29=DIRECTION($,(0,1,0));
#30=VECTOR($,#29,1);
#31=LINE($,#28,#30);
#32=EDGE_CURVE($,#17,#27,#31,.T.);
#33=ORIENTED_EDGE($,$,$,#32,.T.);
#34=CARTESIAN_POINT($,(64.08,-2.56,0));
#35=VERTEX_POINT($,#34);
#36=CARTESIAN_POINT($,(64.08,-13.9,0));
#37=DIRECTION($,(0,0,1));
#38=DIRECTION($,(1,0,0));
#39=AXIS2_PLACEMENT_3D($,#36,#37,#38);
#40=CIRCLE($,#39,11.34);
#41=TRIMMED_CURVE($,#40,(PARAMETER_VALUE(0)),(PARAMETER_VALUE(1.5707963267949)),.T.,.PARAMETER.);
#42=EDGE_CURVE($,#27,#35,#41,.T.);
#43=ORIENTED_EDGE($,$,$,#42,.T.);
#44=CARTESIAN_POINT($,(13.9,-2.56,0));
#45=VERTEX_POINT($,#44);
#46=CARTESIAN_POINT($,(64.08,-2.56,0));
#47=DIRECTION($,(-1,0,0));
#48=VECTOR($,#47,1);
#49=LINE($,#46,#48);
#50=EDGE_CURVE($,#35,#45,#49,.T.);
#51=ORIENTED_EDGE($,$,$,#50,.T.);
#52=CARTESIAN_POINT($,(2.56,-13.9000000000001,0));
#53=VERTEX_POINT($,#52);
#54=CARTESIAN_POINT($,(13.9,-13.9,0));
#55=DIRECTION($,(0,0,1));
#56=DIRECTION($,(1,0,0));
#57=AXIS2_PLACEMENT_3D($,#54,#55,#56);
#58=CIRCLE($,#57,11.34);
#59=TRIMMED_CURVE($,#58,(PARAMETER_VALUE(1.5707963267949)),(PARAMETER_VALUE(3.1415926535898)),.T.,.PARAMETER.);
#60=EDGE_CURVE($,#45,#53,#59,.T.);
#61=ORIENTED_EDGE($,$,$,#60,.T.);
#62=CARTESIAN_POINT($,(2.56,-149.53,0));
#63=VERTEX_POINT($,#62);
#64=CARTESIAN_POINT($,(2.56,-13.9000000000001,0));
#65=DIRECTION($,(-0,-1,0));
#66=VECTOR($,#65,1);
#67=LINE($,#64,#66);
#68=EDGE_CURVE($,#53,#63,#67,.T.);
#69=ORIENTED_EDGE($,$,$,#68,.T.);
#70=CARTESIAN_POINT($,(13.9,-149.53,0));
#71=DIRECTION($,(0,0,1));
#72=DIRECTION($,(1,0,0));
#73=AXIS2_PLACEMENT_3D($,#70,#71,#72);
#74=CIRCLE($,#73,11.34);
#75=TRIMMED_CURVE($,#74,(PARAMETER_VALUE(3.1415926535898)),(PARAMETER_VALUE(4.7123889803847)),.T.,.PARAMETER.);
#76=EDGE_CURVE($,#63,#7,#75,.T.);
#77=ORIENTED_EDGE($,$,$,#76,.T.);
#78=EDGE_LOOP($,(#15,#25,#33,#43,#51,#61,#69,#77));
#79=FACE_OUTER_BOUND('',#78,.T.);
#80=ADVANCED_FACE('',(#79),#5,.T.);
#81=CARTESIAN_POINT($,(0,0,0.05));
#82=DIRECTION($,(0,0,1));
#83=DIRECTION($,(1,0,0));
#84=AXIS2_PLACEMENT_3D($,#81,#82,#83);
#85=PLANE($,#84);
#86=CARTESIAN_POINT($,(13.9,-160.87,0.05));
#87=VERTEX_POINT($,#86);
#88=CARTESIAN_POINT($,(64.08,-160.87,0.05));
#89=VERTEX_POINT($,#88);
#90=CARTESIAN_POINT($,(13.9,-160.87,0.05));
#91=DIRECTION($,(1,0,0));
#92=VECTOR($,#91,1);
#93=LINE($,#90,#92);
#94=EDGE_CURVE($,#87,#89,#93,.T.);
#95=ORIENTED_EDGE($,$,$,#94,.T.);
#96=CARTESIAN_POINT($,(75.42,-149.53,0.05));
#97=VERTEX_POINT($,#96);
#98=CARTESIAN_POINT($,(64.08,-149.53,0.05));
#99=DIRECTION($,(0,0,1));
#100=DIRECTION($,(1,0,0));
#101=AXIS2_PLACEMENT_3D($,#98,#99,#100);
#102=CIRCLE($,#101,11.34);
#103=TRIMMED_CURVE($,#102,(PARAMETER_VALUE(-1.5707963267949)),(PARAMETER_VALUE(0)),.T.,.PARAMETER.);
#104=EDGE_CURVE($,#89,#97,#103,.T.);
#105=ORIENTED_EDGE($,$,$,#104,.T.);
#106=CARTESIAN_POINT($,(75.42,-13.9,0.05));
#107=VERTEX_POINT($,#106);
#108=CARTESIAN_POINT($,(75.42,-149.53,0.05));
#109=DIRECTION($,(0,1,0));
#110=VECTOR($,#109,1);
#111=LINE($,#108,#110);
#112=EDGE_CURVE($,#97,#107,#111,.T.);
#113=ORIENTED_EDGE($,$,$,#112,.T.);
#114=CARTESIAN_POINT($,(64.08,-2.56,0.05));
#115=VERTEX_POINT($,#114);
#116=CARTESIAN_POINT($,(64.08,-13.9,0.05));
#117=DIRECTION($,(0,0,1));
#118=DIRECTION($,(1,0,0));
#119=AXIS2_PLACEMENT_3D($,#116,#117,#118);
#120=CIRCLE($,#119,11.34);
#121=TRIMMED_CURVE($,#120,(PARAMETER_VALUE(0)),(PARAMETER_VALUE(1.5707963267949)),.T.,.PARAMETER.);
#122=EDGE_CURVE($,#107,#115,#121,.T.);
#123=ORIENTED_EDGE($,$,$,#122,.T.);
#124=CARTESIAN_POINT($,(13.9,-2.56,0.05));
#125=VERTEX_POINT($,#124);
#126=CARTESIAN_POINT($,(64.08,-2.56,0.05));
#127=DIRECTION($,(-1,0,0));
#128=VECTOR($,#127,1);
#129=LINE($,#126,#128);
#130=EDGE_CURVE($,#115,#125,#129,.T.);
#131=ORIENTED_EDGE($,$,$,#130,.T.);
#132=CARTESIAN_POINT($,(2.56,-13.9000000000001,0.05));
#133=VERTEX_POINT($,#132);
#134=CARTESIAN_POINT($,(13.9,-13.9,0.05));
#135=DIRECTION($,(0,0,1));
#136=DIRECTION($,(1,0,0));
#137=AXIS2_PLACEMENT_3D($,#134,#135,#136);
#138=CIRCLE($,#137,11.34);
#139=TRIMMED_CURVE($,#138,(PARAMETER_VALUE(1.5707963267949)),(PARAMETER_VALUE(3.1415926535898)),.T.,.PARAMETER.);
#140=EDGE_CURVE($,#125,#133,#139,.T.);
#141=ORIENTED_EDGE($,$,$,#140,.T.);
#142=CARTESIAN_POINT($,(2.56,-149.53,0.05));
#143=VERTEX_POINT($,#142);
#144=CARTESIAN_POINT($,(2.56,-13.9000000000001,0.05));
#145=DIRECTION($,(-0,-1,0));
#146=VECTOR($,#145,1);
#147=LINE($,#144,#146);
#148=EDGE_CURVE($,#133,#143,#147,.T.);
#149=ORIENTED_EDGE($,$,$,#148,.T.);
#150=CARTESIAN_POINT($,(13.9,-149.53,0.05));
#151=DIRECTION($,(0,0,1));
#152=DIRECTION($,(1,0,0));
#153=AXIS2_PLACEMENT_3D($,#150,#151,#152);
#154=CIRCLE($,#153,11.34);
#155=TRIMMED_CURVE($,#154,(PARAMETER_VALUE(3.1415926535898)),(PARAMETER_VALUE(4.7123889803847)),.T.,.PARAMETER.);
#156=EDGE_CURVE($,#143,#87,#155,.T.);
#157=ORIENTED_EDGE($,$,$,#156,.T.);
#158=EDGE_LOOP($,(#95,#105,#113,#123,#131,#141,#149,#157));
#159=FACE_OUTER_BOUND('',#158,.T.);
#160=ADVANCED_FACE('',(#159),#85,.T.);
#161=CARTESIAN_POINT($,(13.9,-160.87,0));
#162=DIRECTION($,(0,-1,0));
#163=DIRECTION($,(0,0,1));
#164=AXIS2_PLACEMENT_3D($,#161,#162,#163);
#165=PLANE($,#164);
#166=ORIENTED_EDGE($,$,$,#14,.T.);
#167=CARTESIAN_POINT($,(64.08,-160.87,0));
#168=DIRECTION($,(0,0,1));
#169=VECTOR($,#168,1);
#170=LINE($,#167,#169);
#171=EDGE_CURVE($,#9,#89,#170,.T.);
#172=ORIENTED_EDGE($,$,$,#171,.T.);
#173=ORIENTED_EDGE($,$,$,#94,.F.);
#174=CARTESIAN_POINT($,(13.9,-160.87,0));
#175=DIRECTION($,(0,0,1));
#176=VECTOR($,#175,1);
#177=LINE($,#174,#176);
#178=EDGE_CURVE($,#7,#87,#177,.T.);
#179=ORIENTED_EDGE($,$,$,#178,.F.);
#180=EDGE_LOOP($,(#166,#172,#173,#179));
#181=FACE_OUTER_BOUND('',#180,.T.);
#182=ADVANCED_FACE('',(#181),#165,.T.);
#183=CARTESIAN_POINT($,(64.08,-149.53,0));
#184=DIRECTION($,(0,0,1));
#185=DIRECTION($,(1,0,0));
#186=AXIS2_PLACEMENT_3D($,#183,#184,#185);
#187=CYLINDRICAL_SURFACE($,#186,11.34);
#188=ORIENTED_EDGE($,$,$,#24,.T.);
#189=CARTESIAN_POINT($,(75.42,-149.53,0));
#190=DIRECTION($,(0,0,1));
#191=VECTOR($,#190,1);
#192=LINE($,#189,#191);
#193=EDGE_CURVE($,#17,#97,#192,.T.);
#194=ORIENTED_EDGE($,$,$,#193,.T.);
#195=ORIENTED_EDGE($,$,$,#104,.F.);
#196=ORIENTED_EDGE($,$,$,#171,.F.);
#197=EDGE_LOOP($,(#188,#194,#195,#196));
#198=FACE_OUTER_BOUND('',#197,.T.);
#199=ADVANCED_FACE('',(#198),#187,.T.);
#200=CARTESIAN_POINT($,(75.42,-149.53,0));
#201=DIRECTION($,(1,-0,0));
#202=DIRECTION($,(0,0,1));
#203=AXIS2_PLACEMENT_3D($,#200,#201,#202);
#204=PLANE($,#203);
#205=ORIENTED_EDGE($,$,$,#32,.T.);
#206=CARTESIAN_POINT($,(75.42,-13.9,0));
#207=DIRECTION($,(0,0,1));
#208=VECTOR($,#207,1);
#209=LINE($,#206,#208);
#210=EDGE_CURVE($,#27,#107,#209,.T.);
#211=ORIENTED_EDGE($,$,$,#210,.T.);
#212=ORIENTED_EDGE($,$,$,#112,.F.);
#213=ORIENTED_EDGE($,$,$,#193,.F.);
#214=EDGE_LOOP($,(#205,#211,#212,#213));
#215=FACE_OUTER_BOUND('',#214,.T.);
#216=ADVANCED_FACE('',(#215),#204,.T.);
#217=CARTESIAN_POINT($,(64.08,-13.9,0));
#218=DIRECTION($,(0,0,1));
#219=DIRECTION($,(1,0,0));
#220=AXIS2_PLACEMENT_3D($,#217,#218,#219);
#221=CYLINDRICAL_SURFACE($,#220,11.34);
#222=ORIENTED_EDGE($,$,$,#42,.T.);
#223=CARTESIAN_POINT($,(64.08,-2.56,0));
#224=DIRECTION($,(0,0,1));
#225=VECTOR($,#224,1);
#226=LINE($,#223,#225);
#227=EDGE_CURVE($,#35,#115,#226,.T.);
#228=ORIENTED_EDGE($,$,$,#227,.T.);
#229=ORIENTED_EDGE($,$,$,#122,.F.);
#230=ORIENTED_EDGE($,$,$,#210,.F.);
#231=EDGE_LOOP($,(#222,#228,#229,#230));
#232=FACE_OUTER_BOUND('',#231,.T.);
#233=ADVANCED_FACE('',(#232),#221,.T.);
#234=CARTESIAN_POINT($,(64.08,-2.56,0));
#235=DIRECTION($,(0,1,0));
#236=DIRECTION($,(0,0,1));
#237=AXIS2_PLACEMENT_3D($,#234,#235,#236);
#238=PLANE($,#237);
#239=ORIENTED_EDGE($,$,$,#50,.T.);
#240=CARTESIAN_POINT($,(13.9,-2.56,0));
#241=DIRECTION($,(0,0,1));
#242=VECTOR($,#241,1);
#243=LINE($,#240,#242);
#244=EDGE_CURVE($,#45,#125,#243,.T.);
#245=ORIENTED_EDGE($,$,$,#244,.T.);
#246=ORIENTED_EDGE($,$,$,#130,.F.);
#247=ORIENTED_EDGE($,$,$,#227,.F.);
#248=EDGE_LOOP($,(#239,#245,#246,#247));
#249=FACE_OUTER_BOUND('',#248,.T.);
#250=ADVANCED_FACE('',(#249),#238,.T.);
#251=CARTESIAN_POINT($,(13.9,-13.9,0));
#252=DIRECTION($,(0,0,1));
#253=DIRECTION($,(1,0,0));
#254=AXIS2_PLACEMENT_3D($,#251,#252,#253);
#255=CYLINDRICAL_SURFACE($,#254,11.34);
#256=ORIENTED_EDGE($,$,$,#60,.T.);
#257=CARTESIAN_POINT($,(2.56,-13.9000000000001,0));
#258=DIRECTION($,(0,0,1));
#259=VECTOR($,#258,1);
#260=LINE($,#257,#259);
#261=EDGE_CURVE($,#53,#133,#260,.T.);
#262=ORIENTED_EDGE($,$,$,#261,.T.);
#263=ORIENTED_EDGE($,$,$,#140,.F.);
#264=ORIENTED_EDGE($,$,$,#244,.F.);
#265=EDGE_LOOP($,(#256,#262,#263,#264));
#266=FACE_OUTER_BOUND('',#265,.T.);
#267=ADVANCED_FACE('',(#266),#255,.T.);
#268=CARTESIAN_POINT($,(2.56,-13.9,0));
#269=DIRECTION($,(-1,0,0));
#270=DIRECTION($,(0,0,1));
#271=AXIS2_PLACEMENT_3D($,#268,#269,#270);
#272=PLANE($,#271);
#273=ORIENTED_EDGE($,$,$,#68,.T.);
#274=CARTESIAN_POINT($,(2.56,-149.53,0));
#275=DIRECTION($,(0,0,1));
#276=VECTOR($,#275,1);
#277=LINE($,#274,#276);
#278=EDGE_CURVE($,#63,#143,#277,.T.);
#279=ORIENTED_EDGE($,$,$,#278,.T.);
#280=ORIENTED_EDGE($,$,$,#148,.F.);
#281=ORIENTED_EDGE($,$,$,#261,.F.);
#282=EDGE_LOOP($,(#273,#279,#280,#281));
#283=FACE_OUTER_BOUND('',#282,.T.);
#284=ADVANCED_FACE('',(#283),#272,.T.);
#285=CARTESIAN_POINT($,(13.9,-149.53,0));
#286=DIRECTION($,(0,0,1));
#287=DIRECTION($,(1,0,0));
#288=AXIS2_PLACEMENT_3D($,#285,#286,#287);
#289=CYLINDRICAL_SURFACE($,#288,11.34);
#290=ORIENTED_EDGE($,$,$,#76,.T.);
#291=ORIENTED_EDGE($,$,$,#178,.T.);
#292=ORIENTED_EDGE($,$,$,#156,.F.);
#293=ORIENTED_EDGE($,$,$,#278,.F.);
#294=EDGE_LOOP($,(#290,#291,#292,#293));
#295=FACE_OUTER_BOUND('',#294,.T.);
#296=ADVANCED_FACE('',(#295),#289,.T.);
#297=CLOSED_SHELL($,(#80,#160,#182,#199,#216,#233,#250,#267,#284,#296));
#298=MANIFOLD_SOLID_BREP('DisplayPart<Spec: Standard>',#297);
#299=APPLICATION_CONTEXT('mechanical design');
#300=PRODUCT_CONTEXT('',#299,'mechanical');
#301=PRODUCT('assembly-definition:05D6AA712F2EE85E','DisplayPart<Spec: Standard>','Aetheris shared assembly definition',(#300));
#302=PRODUCT_DEFINITION_FORMATION('','',#301);
#303=PRODUCT_DEFINITION_CONTEXT('design',#299,'design');
#304=PRODUCT_DEFINITION('','',#302,#303);
#305=PRODUCT_DEFINITION_SHAPE('','',#304);
#306=(LENGTH_UNIT()NAMED_UNIT(*)SI_UNIT(.MILLI.,.METRE.));
#307=(NAMED_UNIT(*)PLANE_ANGLE_UNIT()SI_UNIT($,.RADIAN.));
#308=(NAMED_UNIT(*)SI_UNIT($,.STERADIAN.)SOLID_ANGLE_UNIT());
#309=(GEOMETRIC_REPRESENTATION_CONTEXT(3)GLOBAL_UNIT_ASSIGNED_CONTEXT((#306,#307,#308))REPRESENTATION_CONTEXT('3','3D'));
#310=SHAPE_REPRESENTATION('DisplayPart<Spec: Standard>',(#298),#309);
#311=SHAPE_DEFINITION_REPRESENTATION(#305,#310);
#312=CARTESIAN_POINT($,(0,0,0));
#313=DIRECTION($,(-0,-0,-1));
#314=DIRECTION($,(1,0,0));
#315=AXIS2_PLACEMENT_3D($,#312,#313,#314);
#316=PLANE($,#315);
#317=CARTESIAN_POINT($,(0.765,0,0));
#318=VERTEX_POINT($,#317);
#319=CARTESIAN_POINT($,(0,0,0));
#320=DIRECTION($,(0,0,1));
#321=DIRECTION($,(1,0,0));
#322=AXIS2_PLACEMENT_3D($,#319,#320,#321);
#323=CIRCLE($,#322,0.765);
#324=EDGE_CURVE($,#318,#318,#323,.T.);
#325=ORIENTED_EDGE($,$,$,#324,.T.);
#326=EDGE_LOOP($,(#325));
#327=FACE_OUTER_BOUND('',#326,.T.);
#328=ADVANCED_FACE('',(#327),#316,.T.);
#329=CARTESIAN_POINT($,(0,0,0.02));
#330=DIRECTION($,(0,0,1));
#331=DIRECTION($,(1,0,0));
#332=AXIS2_PLACEMENT_3D($,#329,#330,#331);
#333=PLANE($,#332);
#334=CARTESIAN_POINT($,(0.765,0,0.02));
#335=VERTEX_POINT($,#334);
#336=CARTESIAN_POINT($,(0,0,0.02));
#337=DIRECTION($,(0,0,1));
#338=DIRECTION($,(1,0,0));
#339=AXIS2_PLACEMENT_3D($,#336,#337,#338);
#340=CIRCLE($,#339,0.765);
#341=EDGE_CURVE($,#335,#335,#340,.T.);
#342=ORIENTED_EDGE($,$,$,#341,.T.);
#343=EDGE_LOOP($,(#342));
#344=FACE_OUTER_BOUND('',#343,.T.);
#345=ADVANCED_FACE('',(#344),#333,.T.);
#346=CARTESIAN_POINT($,(0,0,0));
#347=DIRECTION($,(0,0,1));
#348=DIRECTION($,(1,0,0));
#349=AXIS2_PLACEMENT_3D($,#346,#347,#348);
#350=CYLINDRICAL_SURFACE($,#349,0.765);
#351=ORIENTED_EDGE($,$,$,#324,.T.);
#352=CARTESIAN_POINT($,(0.765,0,0));
#353=DIRECTION($,(0,0,1));
#354=VECTOR($,#353,1);
#355=LINE($,#352,#354);
#356=EDGE_CURVE($,#318,#335,#355,.T.);
#357=ORIENTED_EDGE($,$,$,#356,.T.);
#358=ORIENTED_EDGE($,$,$,#341,.F.);
#359=ORIENTED_EDGE($,$,$,#356,.F.);
#360=EDGE_LOOP($,(#351,#357,#358,#359));
#361=FACE_OUTER_BOUND('',#360,.T.);
#362=ADVANCED_FACE('',(#361),#350,.T.);
#363=CLOSED_SHELL($,(#328,#345,#362));
#364=MANIFOLD_SOLID_BREP('SideDetail<L: 1.53mm, W: 1.53mm, T: 0.02mm>',#363);
#365=APPLICATION_CONTEXT('mechanical design');
#366=PRODUCT_CONTEXT('',#365,'mechanical');
#367=PRODUCT('assembly-definition:0F45D2C30B38A0C9','SideDetail<L: 1.53mm, W: 1.53mm, T: 0.02mm>','Aetheris shared assembly definition',(#366));
#368=PRODUCT_DEFINITION_FORMATION('','',#367);
#369=PRODUCT_DEFINITION_CONTEXT('design',#365,'design');
#370=PRODUCT_DEFINITION('','',#368,#369);
#371=PRODUCT_DEFINITION_SHAPE('','',#370);
#372=(LENGTH_UNIT()NAMED_UNIT(*)SI_UNIT(.MILLI.,.METRE.));
#373=(NAMED_UNIT(*)PLANE_ANGLE_UNIT()SI_UNIT($,.RADIAN.));
#374=(NAMED_UNIT(*)SI_UNIT($,.STERADIAN.)SOLID_ANGLE_UNIT());
#375=(GEOMETRIC_REPRESENTATION_CONTEXT(3)GLOBAL_UNIT_ASSIGNED_CONTEXT((#372,#373,#374))REPRESENTATION_CONTEXT('3','3D'));
#376=SHAPE_REPRESENTATION('SideDetail<L: 1.53mm, W: 1.53mm, T: 0.02mm>',(#364),#375);
#377=SHAPE_DEFINITION_REPRESENTATION(#371,#376);
#378=CARTESIAN_POINT($,(0,0,11.3));
#379=DIRECTION($,(-0,-0,-1));
#380=DIRECTION($,(1,0,0));
#381=AXIS2_PLACEMENT_3D($,#378,#379,#380);
#382=PLANE($,#381);
#383=CARTESIAN_POINT($,(22.47,-14.37,11.3));
#384=VERTEX_POINT($,#383);
#385=CARTESIAN_POINT($,(14.37,-14.37,11.3));
#386=DIRECTION($,(0,0,1));
#387=DIRECTION($,(1,0,0));
#388=AXIS2_PLACEMENT_3D($,#385,#386,#387);
#389=CIRCLE($,#388,8.1);
#390=EDGE_CURVE($,#384,#384,#389,.T.);
#391=ORIENTED_EDGE($,$,$,#390,.T.);
#392=EDGE_LOOP($,(#391));
#393=FACE_OUTER_BOUND('',#392,.T.);
#394=ADVANCED_FACE('',(#393),#382,.T.);
#395=CARTESIAN_POINT($,(0,0,13.18));
#396=DIRECTION($,(0,0,1));
#397=DIRECTION($,(1,0,0));
#398=AXIS2_PLACEMENT_3D($,#395,#396,#397);
#399=PLANE($,#398);
#400=CARTESIAN_POINT($,(22.47,-14.37,13.18));
#401=VERTEX_POINT($,#400);
#402=CARTESIAN_POINT($,(14.37,-14.37,13.18));
#403=DIRECTION($,(0,0,1));
#404=DIRECTION($,(1,0,0));
#405=AXIS2_PLACEMENT_3D($,#402,#403,#404);
#406=CIRCLE($,#405,8.1);
#407=EDGE_CURVE($,#401,#401,#406,.T.);
#408=ORIENTED_EDGE($,$,$,#407,.T.);
#409=EDGE_LOOP($,(#408));
#410=FACE_OUTER_BOUND('',#409,.T.);
#411=ADVANCED_FACE('',(#410),#399,.T.);
#412=CARTESIAN_POINT($,(14.37,-14.37,11.3));
#413=DIRECTION($,(0,0,1));
#414=DIRECTION($,(1,0,0));
#415=AXIS2_PLACEMENT_3D($,#412,#413,#414);
#416=CYLINDRICAL_SURFACE($,#415,8.1);
#417=ORIENTED_EDGE($,$,$,#390,.T.);
#418=CARTESIAN_POINT($,(22.47,-14.37,11.3));
#419=DIRECTION($,(0,0,1));
#420=VECTOR($,#419,1);
#421=LINE($,#418,#420);
#422=EDGE_CURVE($,#384,#401,#421,.T.);
#423=ORIENTED_EDGE($,$,$,#422,.T.);
#424=ORIENTED_EDGE($,$,$,#407,.F.);
#425=ORIENTED_EDGE($,$,$,#422,.F.);
#426=EDGE_LOOP($,(#417,#423,#424,#425));
#427=FACE_OUTER_BOUND('',#426,.T.);
#428=ADVANCED_FACE('',(#427),#416,.T.);
#429=CLOSED_SHELL($,(#394,#411,#428));
#430=MANIFOLD_SOLID_BREP('RearCamera1Part<Spec: Standard>',#429);
#431=APPLICATION_CONTEXT('mechanical design');
#432=PRODUCT_CONTEXT('',#431,'mechanical');
#433=PRODUCT('assembly-definition:10475667471A6025','RearCamera1Part<Spec: Standard>','Aetheris shared assembly definition',(#432));
#434=PRODUCT_DEFINITION_FORMATION('','',#433);
#435=PRODUCT_DEFINITION_CONTEXT('design',#431,'design');
#436=PRODUCT_DEFINITION('','',#434,#435);
#437=PRODUCT_DEFINITION_SHAPE('','',#436);
#438=(LENGTH_UNIT()NAMED_UNIT(*)SI_UNIT(.MILLI.,.METRE.));
#439=(NAMED_UNIT(*)PLANE_ANGLE_UNIT()SI_UNIT($,.RADIAN.));
#440=(NAMED_UNIT(*)SI_UNIT($,.STERADIAN.)SOLID_ANGLE_UNIT());
#441=(GEOMETRIC_REPRESENTATION_CONTEXT(3)GLOBAL_UNIT_ASSIGNED_CONTEXT((#438,#439,#440))REPRESENTATION_CONTEXT('3','3D'));
#442=SHAPE_REPRESENTATION('RearCamera1Part<Spec: Standard>',(#430),#441);
#443=SHAPE_DEFINITION_REPRESENTATION(#437,#442);
#444=CARTESIAN_POINT($,(0,0,11.3));
#445=DIRECTION($,(-0,-0,-1));
#446=DIRECTION($,(1,0,0));
#447=AXIS2_PLACEMENT_3D($,#444,#445,#446);
#448=PLANE($,#447);
#449=CARTESIAN_POINT($,(67.485,-34.16,11.3));
#450=VERTEX_POINT($,#449);
#451=CARTESIAN_POINT($,(64.16,-34.16,11.3));
#452=DIRECTION($,(0,0,1));
#453=DIRECTION($,(1,0,0));
#454=AXIS2_PLACEMENT_3D($,#451,#452,#453);
#455=CIRCLE($,#454,3.325);
#456=EDGE_CURVE($,#450,#450,#455,.T.);
#457=ORIENTED_EDGE($,$,$,#456,.T.);
#458=EDGE_LOOP($,(#457));
#459=FACE_OUTER_BOUND('',#458,.T.);
#460=ADVANCED_FACE('',(#459),#448,.T.);
#461=CARTESIAN_POINT($,(0,0,11.32));
#462=DIRECTION($,(0,0,1));
#463=DIRECTION($,(1,0,0));
#464=AXIS2_PLACEMENT_3D($,#461,#462,#463);
#465=PLANE($,#464);
#466=CARTESIAN_POINT($,(67.485,-34.16,11.32));
#467=VERTEX_POINT($,#466);
#468=CARTESIAN_POINT($,(64.16,-34.16,11.32));
#469=DIRECTION($,(0,0,1));
#470=DIRECTION($,(1,0,0));
#471=AXIS2_PLACEMENT_3D($,#468,#469,#470);
#472=CIRCLE($,#471,3.325);
#473=EDGE_CURVE($,#467,#467,#472,.T.);
#474=ORIENTED_EDGE($,$,$,#473,.T.);
#475=EDGE_LOOP($,(#474));
#476=FACE_OUTER_BOUND('',#475,.T.);
#477=ADVANCED_FACE('',(#476),#465,.T.);
#478=CARTESIAN_POINT($,(64.16,-34.16,11.3));
#479=DIRECTION($,(0,0,1));
#480=DIRECTION($,(1,0,0));
#481=AXIS2_PLACEMENT_3D($,#478,#479,#480);
#482=CYLINDRICAL_SURFACE($,#481,3.325);
#483=ORIENTED_EDGE($,$,$,#456,.T.);
#484=CARTESIAN_POINT($,(67.485,-34.16,11.3));
#485=DIRECTION($,(0,0,1));
#486=VECTOR($,#485,1);
#487=LINE($,#484,#486);
#488=EDGE_CURVE($,#450,#467,#487,.T.);
#489=ORIENTED_EDGE($,$,$,#488,.T.);
#490=ORIENTED_EDGE($,$,$,#473,.F.);
#491=ORIENTED_EDGE($,$,$,#488,.F.);
#492=EDGE_LOOP($,(#483,#489,#490,#491));
#493=FACE_OUTER_BOUND('',#492,.T.);
#494=ADVANCED_FACE('',(#493),#482,.T.);
#495=CLOSED_SHELL($,(#460,#477,#494));
#496=MANIFOLD_SOLID_BREP('RearSensorPart<Spec: Standard>',#495);
#497=APPLICATION_CONTEXT('mechanical design');
#498=PRODUCT_CONTEXT('',#497,'mechanical');
#499=PRODUCT('assembly-definition:29D036D5FDA656CE','RearSensorPart<Spec: Standard>','Aetheris shared assembly definition',(#498));
#500=PRODUCT_DEFINITION_FORMATION('','',#499);
#501=PRODUCT_DEFINITION_CONTEXT('design',#497,'design');
#502=PRODUCT_DEFINITION('','',#500,#501);
#503=PRODUCT_DEFINITION_SHAPE('','',#502);
#504=(LENGTH_UNIT()NAMED_UNIT(*)SI_UNIT(.MILLI.,.METRE.));
#505=(NAMED_UNIT(*)PLANE_ANGLE_UNIT()SI_UNIT($,.RADIAN.));
#506=(NAMED_UNIT(*)SI_UNIT($,.STERADIAN.)SOLID_ANGLE_UNIT());
#507=(GEOMETRIC_REPRESENTATION_CONTEXT(3)GLOBAL_UNIT_ASSIGNED_CONTEXT((#504,#505,#506))REPRESENTATION_CONTEXT('3','3D'));
#508=SHAPE_REPRESENTATION('RearSensorPart<Spec: Standard>',(#496),#507);
#509=SHAPE_DEFINITION_REPRESENTATION(#503,#508);
#510=CARTESIAN_POINT($,(0,0,11.3));
#511=DIRECTION($,(-0,-0,-1));
#512=DIRECTION($,(1,0,0));
#513=AXIS2_PLACEMENT_3D($,#510,#511,#512);
#514=PLANE($,#513);
#515=CARTESIAN_POINT($,(22.47,-33.61,11.3));
#516=VERTEX_POINT($,#515);
#517=CARTESIAN_POINT($,(14.37,-33.61,11.3));
#518=DIRECTION($,(0,0,1));
#519=DIRECTION($,(1,0,0));
#520=AXIS2_PLACEMENT_3D($,#517,#518,#519);
#521=CIRCLE($,#520,8.1);
#522=EDGE_CURVE($,#516,#516,#521,.T.);
#523=ORIENTED_EDGE($,$,$,#522,.T.);
#524=EDGE_LOOP($,(#523));
#525=FACE_OUTER_BOUND('',#524,.T.);
#526=ADVANCED_FACE('',(#525),#514,.T.);
#527=CARTESIAN_POINT($,(0,0,13.18));
#528=DIRECTION($,(0,0,1));
#529=DIRECTION($,(1,0,0));
#530=AXIS2_PLACEMENT_3D($,#527,#528,#529);
#531=PLANE($,#530);
#532=CARTESIAN_POINT($,(22.47,-33.61,13.18));
#533=VERTEX_POINT($,#532);
#534=CARTESIAN_POINT($,(14.37,-33.61,13.18));
#535=DIRECTION($,(0,0,1));
#536=DIRECTION($,(1,0,0));
#537=AXIS2_PLACEMENT_3D($,#534,#535,#536);
#538=CIRCLE($,#537,8.1);
#539=EDGE_CURVE($,#533,#533,#538,.T.);
#540=ORIENTED_EDGE($,$,$,#539,.T.);
#541=EDGE_LOOP($,(#540));
#542=FACE_OUTER_BOUND('',#541,.T.);
#543=ADVANCED_FACE('',(#542),#531,.T.);
#544=CARTESIAN_POINT($,(14.37,-33.61,11.3));
#545=DIRECTION($,(0,0,1));
#546=DIRECTION($,(1,0,0));
#547=AXIS2_PLACEMENT_3D($,#544,#545,#546);
#548=CYLINDRICAL_SURFACE($,#547,8.1);
#549=ORIENTED_EDGE($,$,$,#522,.T.);
#550=CARTESIAN_POINT($,(22.47,-33.61,11.3));
#551=DIRECTION($,(0,0,1));
#552=VECTOR($,#551,1);
#553=LINE($,#550,#552);
#554=EDGE_CURVE($,#516,#533,#553,.T.);
#555=ORIENTED_EDGE($,$,$,#554,.T.);
#556=ORIENTED_EDGE($,$,$,#539,.F.);
#557=ORIENTED_EDGE($,$,$,#554,.F.);
#558=EDGE_LOOP($,(#549,#555,#556,#557));
#559=FACE_OUTER_BOUND('',#558,.T.);
#560=ADVANCED_FACE('',(#559),#548,.T.);
#561=CLOSED_SHELL($,(#526,#543,#560));
#562=MANIFOLD_SOLID_BREP('RearCamera2Part<Spec: Standard>',#561);
#563=APPLICATION_CONTEXT('mechanical design');
#564=PRODUCT_CONTEXT('',#563,'mechanical');
#565=PRODUCT('assembly-definition:2FCC2A1C6071E3FA','RearCamera2Part<Spec: Standard>','Aetheris shared assembly definition',(#564));
#566=PRODUCT_DEFINITION_FORMATION('','',#565);
#567=PRODUCT_DEFINITION_CONTEXT('design',#563,'design');
#568=PRODUCT_DEFINITION('','',#566,#567);
#569=PRODUCT_DEFINITION_SHAPE('','',#568);
#570=(LENGTH_UNIT()NAMED_UNIT(*)SI_UNIT(.MILLI.,.METRE.));
#571=(NAMED_UNIT(*)PLANE_ANGLE_UNIT()SI_UNIT($,.RADIAN.));
#572=(NAMED_UNIT(*)SI_UNIT($,.STERADIAN.)SOLID_ANGLE_UNIT());
#573=(GEOMETRIC_REPRESENTATION_CONTEXT(3)GLOBAL_UNIT_ASSIGNED_CONTEXT((#570,#571,#572))REPRESENTATION_CONTEXT('3','3D'));
#574=SHAPE_REPRESENTATION('RearCamera2Part<Spec: Standard>',(#562),#573);
#575=SHAPE_DEFINITION_REPRESENTATION(#569,#574);
#576=CARTESIAN_POINT($,(0,0,0));
#577=DIRECTION($,(-0,-0,-1));
#578=DIRECTION($,(1,0,0));
#579=AXIS2_PLACEMENT_3D($,#576,#577,#578);
#580=PLANE($,#579);
#581=CARTESIAN_POINT($,(31.645,-10.945,0));
#582=VERTEX_POINT($,#581);
#583=CARTESIAN_POINT($,(46.335,-10.945,0));
#584=VERTEX_POINT($,#583);
#585=CARTESIAN_POINT($,(31.645,-10.945,0));
#586=DIRECTION($,(1,0,0));
#587=VECTOR($,#586,1);
#588=LINE($,#585,#587);
#589=EDGE_CURVE($,#582,#584,#588,.T.);
#590=ORIENTED_EDGE($,$,$,#589,.T.);
#591=CARTESIAN_POINT($,(46.335,-4.875,0));
#592=VERTEX_POINT($,#591);
#593=CARTESIAN_POINT($,(46.335,-7.91,0));
#594=DIRECTION($,(0,0,1));
#595=DIRECTION($,(1,0,0));
#596=AXIS2_PLACEMENT_3D($,#593,#594,#595);
#597=CIRCLE($,#596,3.035);
#598=TRIMMED_CURVE($,#597,(PARAMETER_VALUE(-1.5707963267949)),(PARAMETER_VALUE(1.5707963267949)),.T.,.PARAMETER.);
#599=EDGE_CURVE($,#584,#592,#598,.T.);
#600=ORIENTED_EDGE($,$,$,#599,.T.);
#601=CARTESIAN_POINT($,(31.645,-4.875,0));
#602=VERTEX_POINT($,#601);
#603=CARTESIAN_POINT($,(46.335,-4.875,0));
#604=DIRECTION($,(-1,0,0));
#605=VECTOR($,#604,1);
#606=LINE($,#603,#605);
#607=EDGE_CURVE($,#592,#602,#606,.T.);
#608=ORIENTED_EDGE($,$,$,#607,.T.);
#609=CARTESIAN_POINT($,(31.645,-7.91,0));
#610=DIRECTION($,(0,0,1));
#611=DIRECTION($,(1,0,0));
#612=AXIS2_PLACEMENT_3D($,#609,#610,#611);
#613=CIRCLE($,#612,3.035);
#614=TRIMMED_CURVE($,#613,(PARAMETER_VALUE(1.5707963267949)),(PARAMETER_VALUE(4.7123889803847)),.T.,.PARAMETER.);
#615=EDGE_CURVE($,#602,#582,#614,.T.);
#616=ORIENTED_EDGE($,$,$,#615,.T.);
#617=EDGE_LOOP($,(#590,#600,#608,#616));
#618=FACE_OUTER_BOUND('',#617,.T.);
#619=ADVANCED_FACE('',(#618),#580,.T.);
#620=CARTESIAN_POINT($,(0,0,0.02));
#621=DIRECTION($,(0,0,1));
#622=DIRECTION($,(1,0,0));
#623=AXIS2_PLACEMENT_3D($,#620,#621,#622);
#624=PLANE($,#623);
#625=CARTESIAN_POINT($,(31.645,-10.945,0.02));
#626=VERTEX_POINT($,#625);
#627=CARTESIAN_POINT($,(46.335,-10.945,0.02));
#628=VERTEX_POINT($,#627);
#629=CARTESIAN_POINT($,(31.645,-10.945,0.02));
#630=DIRECTION($,(1,0,0));
#631=VECTOR($,#630,1);
#632=LINE($,#629,#631);
#633=EDGE_CURVE($,#626,#628,#632,.T.);
#634=ORIENTED_EDGE($,$,$,#633,.T.);
#635=CARTESIAN_POINT($,(46.335,-4.875,0.02));
#636=VERTEX_POINT($,#635);
#637=CARTESIAN_POINT($,(46.335,-7.91,0.02));
#638=DIRECTION($,(0,0,1));
#639=DIRECTION($,(1,0,0));
#640=AXIS2_PLACEMENT_3D($,#637,#638,#639);
#641=CIRCLE($,#640,3.035);
#642=TRIMMED_CURVE($,#641,(PARAMETER_VALUE(-1.5707963267949)),(PARAMETER_VALUE(1.5707963267949)),.T.,.PARAMETER.);
#643=EDGE_CURVE($,#628,#636,#642,.T.);
#644=ORIENTED_EDGE($,$,$,#643,.T.);
#645=CARTESIAN_POINT($,(31.645,-4.875,0.02));
#646=VERTEX_POINT($,#645);
#647=CARTESIAN_POINT($,(46.335,-4.875,0.02));
#648=DIRECTION($,(-1,0,0));
#649=VECTOR($,#648,1);
#650=LINE($,#647,#649);
#651=EDGE_CURVE($,#636,#646,#650,.T.);
#652=ORIENTED_EDGE($,$,$,#651,.T.);
#653=CARTESIAN_POINT($,(31.645,-7.91,0.02));
#654=DIRECTION($,(0,0,1));
#655=DIRECTION($,(1,0,0));
#656=AXIS2_PLACEMENT_3D($,#653,#654,#655);
#657=CIRCLE($,#656,3.035);
#658=TRIMMED_CURVE($,#657,(PARAMETER_VALUE(1.5707963267949)),(PARAMETER_VALUE(4.7123889803847)),.T.,.PARAMETER.);
#659=EDGE_CURVE($,#646,#626,#658,.T.);
#660=ORIENTED_EDGE($,$,$,#659,.T.);
#661=EDGE_LOOP($,(#634,#644,#652,#660));
#662=FACE_OUTER_BOUND('',#661,.T.);
#663=ADVANCED_FACE('',(#662),#624,.T.);
#664=CARTESIAN_POINT($,(31.645,-10.945,0));
#665=DIRECTION($,(0,-1,0));
#666=DIRECTION($,(0,0,1));
#667=AXIS2_PLACEMENT_3D($,#664,#665,#666);
#668=PLANE($,#667);
#669=ORIENTED_EDGE($,$,$,#589,.T.);
#670=CARTESIAN_POINT($,(46.335,-10.945,0));
#671=DIRECTION($,(0,0,1));
#672=VECTOR($,#671,1);
#673=LINE($,#670,#672);
#674=EDGE_CURVE($,#584,#628,#673,.T.);
#675=ORIENTED_EDGE($,$,$,#674,.T.);
#676=ORIENTED_EDGE($,$,$,#633,.F.);
#677=CARTESIAN_POINT($,(31.645,-10.945,0));
#678=DIRECTION($,(0,0,1));
#679=VECTOR($,#678,1);
#680=LINE($,#677,#679);
#681=EDGE_CURVE($,#582,#626,#680,.T.);
#682=ORIENTED_EDGE($,$,$,#681,.F.);
#683=EDGE_LOOP($,(#669,#675,#676,#682));
#684=FACE_OUTER_BOUND('',#683,.T.);
#685=ADVANCED_FACE('',(#684),#668,.T.);
#686=CARTESIAN_POINT($,(46.335,-7.91,0));
#687=DIRECTION($,(0,0,1));
#688=DIRECTION($,(1,0,0));
#689=AXIS2_PLACEMENT_3D($,#686,#687,#688);
#690=CYLINDRICAL_SURFACE($,#689,3.035);
#691=ORIENTED_EDGE($,$,$,#599,.T.);
#692=CARTESIAN_POINT($,(46.335,-4.875,0));
#693=DIRECTION($,(0,0,1));
#694=VECTOR($,#693,1);
#695=LINE($,#692,#694);
#696=EDGE_CURVE($,#592,#636,#695,.T.);
#697=ORIENTED_EDGE($,$,$,#696,.T.);
#698=ORIENTED_EDGE($,$,$,#643,.F.);
#699=ORIENTED_EDGE($,$,$,#674,.F.);
#700=EDGE_LOOP($,(#691,#697,#698,#699));
#701=FACE_OUTER_BOUND('',#700,.T.);
#702=ADVANCED_FACE('',(#701),#690,.T.);
#703=CARTESIAN_POINT($,(46.335,-4.875,0));
#704=DIRECTION($,(0,1,0));
#705=DIRECTION($,(0,0,1));
#706=AXIS2_PLACEMENT_3D($,#703,#704,#705);
#707=PLANE($,#706);
#708=ORIENTED_EDGE($,$,$,#607,.T.);
#709=CARTESIAN_POINT($,(31.645,-4.875,0));
#710=DIRECTION($,(0,0,1));
#711=VECTOR($,#710,1);
#712=LINE($,#709,#711);
#713=EDGE_CURVE($,#602,#646,#712,.T.);
#714=ORIENTED_EDGE($,$,$,#713,.T.);
#715=ORIENTED_EDGE($,$,$,#651,.F.);
#716=ORIENTED_EDGE($,$,$,#696,.F.);
#717=EDGE_LOOP($,(#708,#714,#715,#716));
#718=FACE_OUTER_BOUND('',#717,.T.);
#719=ADVANCED_FACE('',(#718),#707,.T.);
#720=CARTESIAN_POINT($,(31.645,-7.91,0));
#721=DIRECTION($,(0,0,1));
#722=DIRECTION($,(1,0,0));
#723=AXIS2_PLACEMENT_3D($,#720,#721,#722);
#724=CYLINDRICAL_SURFACE($,#723,3.035);
#725=ORIENTED_EDGE($,$,$,#615,.T.);
#726=ORIENTED_EDGE($,$,$,#681,.T.);
#727=ORIENTED_EDGE($,$,$,#659,.F.);
#728=ORIENTED_EDGE($,$,$,#713,.F.);
#729=EDGE_LOOP($,(#725,#726,#727,#728));
#730=FACE_OUTER_BOUND('',#729,.T.);
#731=ADVANCED_FACE('',(#730),#724,.T.);
#732=CLOSED_SHELL($,(#619,#663,#685,#702,#719,#731));
#733=MANIFOLD_SOLID_BREP('FrontSensorPart<Spec: Standard>',#732);
#734=APPLICATION_CONTEXT('mechanical design');
#735=PRODUCT_CONTEXT('',#734,'mechanical');
#736=PRODUCT('assembly-definition:447C5EC10767867E','FrontSensorPart<Spec: Standard>','Aetheris shared assembly definition',(#735));
#737=PRODUCT_DEFINITION_FORMATION('','',#736);
#738=PRODUCT_DEFINITION_CONTEXT('design',#734,'design');
#739=PRODUCT_DEFINITION('','',#737,#738);
#740=PRODUCT_DEFINITION_SHAPE('','',#739);
#741=(LENGTH_UNIT()NAMED_UNIT(*)SI_UNIT(.MILLI.,.METRE.));
#742=(NAMED_UNIT(*)PLANE_ANGLE_UNIT()SI_UNIT($,.RADIAN.));
#743=(NAMED_UNIT(*)SI_UNIT($,.STERADIAN.)SOLID_ANGLE_UNIT());
#744=(GEOMETRIC_REPRESENTATION_CONTEXT(3)GLOBAL_UNIT_ASSIGNED_CONTEXT((#741,#742,#743))REPRESENTATION_CONTEXT('3','3D'));
#745=SHAPE_REPRESENTATION('FrontSensorPart<Spec: Standard>',(#733),#744);
#746=SHAPE_DEFINITION_REPRESENTATION(#740,#745);
#747=CARTESIAN_POINT($,(0,0,11.3));
#748=DIRECTION($,(-0,-0,-1));
#749=DIRECTION($,(1,0,0));
#750=AXIS2_PLACEMENT_3D($,#747,#748,#749);
#751=PLANE($,#750);
#752=CARTESIAN_POINT($,(64.735,-23.99,11.3));
#753=VERTEX_POINT($,#752);
#754=CARTESIAN_POINT($,(64.16,-23.99,11.3));
#755=DIRECTION($,(0,0,1));
#756=DIRECTION($,(1,0,0));
#757=AXIS2_PLACEMENT_3D($,#754,#755,#756);
#758=CIRCLE($,#757,0.575);
#759=EDGE_CURVE($,#753,#753,#758,.T.);
#760=ORIENTED_EDGE($,$,$,#759,.T.);
#761=EDGE_LOOP($,(#760));
#762=FACE_OUTER_BOUND('',#761,.T.);
#763=ADVANCED_FACE('',(#762),#751,.T.);
#764=CARTESIAN_POINT($,(0,0,11.32));
#765=DIRECTION($,(0,0,1));
#766=DIRECTION($,(1,0,0));
#767=AXIS2_PLACEMENT_3D($,#764,#765,#766);
#768=PLANE($,#767);
#769=CARTESIAN_POINT($,(64.735,-23.99,11.32));
#770=VERTEX_POINT($,#769);
#771=CARTESIAN_POINT($,(64.16,-23.99,11.32));
#772=DIRECTION($,(0,0,1));
#773=DIRECTION($,(1,0,0));
#774=AXIS2_PLACEMENT_3D($,#771,#772,#773);
#775=CIRCLE($,#774,0.575);
#776=EDGE_CURVE($,#770,#770,#775,.T.);
#777=ORIENTED_EDGE($,$,$,#776,.T.);
#778=EDGE_LOOP($,(#777));
#779=FACE_OUTER_BOUND('',#778,.T.);
#780=ADVANCED_FACE('',(#779),#768,.T.);
#781=CARTESIAN_POINT($,(64.16,-23.99,11.3));
#782=DIRECTION($,(0,0,1));
#783=DIRECTION($,(1,0,0));
#784=AXIS2_PLACEMENT_3D($,#781,#782,#783);
#785=CYLINDRICAL_SURFACE($,#784,0.575);
#786=ORIENTED_EDGE($,$,$,#759,.T.);
#787=CARTESIAN_POINT($,(64.735,-23.99,11.3));
#788=DIRECTION($,(0,0,1));
#789=VECTOR($,#788,1);
#790=LINE($,#787,#789);
#791=EDGE_CURVE($,#753,#770,#790,.T.);
#792=ORIENTED_EDGE($,$,$,#791,.T.);
#793=ORIENTED_EDGE($,$,$,#776,.F.);
#794=ORIENTED_EDGE($,$,$,#791,.F.);
#795=EDGE_LOOP($,(#786,#792,#793,#794));
#796=FACE_OUTER_BOUND('',#795,.T.);
#797=ADVANCED_FACE('',(#796),#785,.T.);
#798=CLOSED_SHELL($,(#763,#780,#797));
#799=MANIFOLD_SOLID_BREP('RearMicPart<Spec: Standard>',#798);
#800=APPLICATION_CONTEXT('mechanical design');
#801=PRODUCT_CONTEXT('',#800,'mechanical');
#802=PRODUCT('assembly-definition:585CA30349A6B34C','RearMicPart<Spec: Standard>','Aetheris shared assembly definition',(#801));
#803=PRODUCT_DEFINITION_FORMATION('','',#802);
#804=PRODUCT_DEFINITION_CONTEXT('design',#800,'design');
#805=PRODUCT_DEFINITION('','',#803,#804);
#806=PRODUCT_DEFINITION_SHAPE('','',#805);
#807=(LENGTH_UNIT()NAMED_UNIT(*)SI_UNIT(.MILLI.,.METRE.));
#808=(NAMED_UNIT(*)PLANE_ANGLE_UNIT()SI_UNIT($,.RADIAN.));
#809=(NAMED_UNIT(*)SI_UNIT($,.STERADIAN.)SOLID_ANGLE_UNIT());
#810=(GEOMETRIC_REPRESENTATION_CONTEXT(3)GLOBAL_UNIT_ASSIGNED_CONTEXT((#807,#808,#809))REPRESENTATION_CONTEXT('3','3D'));
#811=SHAPE_REPRESENTATION('RearMicPart<Spec: Standard>',(#799),#810);
#812=SHAPE_DEFINITION_REPRESENTATION(#806,#811);
#813=CARTESIAN_POINT($,(0,0,0));
#814=DIRECTION($,(-0,-0,-1));
#815=DIRECTION($,(1,0,0));
#816=AXIS2_PLACEMENT_3D($,#813,#814,#815);
#817=PLANE($,#816);
#818=CARTESIAN_POINT($,(-2.12,-1.33,0));
#819=VERTEX_POINT($,#818);
#820=CARTESIAN_POINT($,(2.12,-1.33,0));
#821=VERTEX_POINT($,#820);
#822=CARTESIAN_POINT($,(-2.12,-1.33,0));
#823=DIRECTION($,(1,0,0));
#824=VECTOR($,#823,1);
#825=LINE($,#822,#824);
#826=EDGE_CURVE($,#819,#821,#825,.T.);
#827=ORIENTED_EDGE($,$,$,#826,.T.);
#828=CARTESIAN_POINT($,(2.12,1.33,0));
#829=VERTEX_POINT($,#828);
#830=CARTESIAN_POINT($,(2.12,0,0));
#831=DIRECTION($,(0,0,1));
#832=DIRECTION($,(1,0,0));
#833=AXIS2_PLACEMENT_3D($,#830,#831,#832);
#834=CIRCLE($,#833,1.33);
#835=TRIMMED_CURVE($,#834,(PARAMETER_VALUE(-1.5707963267949)),(PARAMETER_VALUE(1.5707963267949)),.T.,.PARAMETER.);
#836=EDGE_CURVE($,#821,#829,#835,.T.);
#837=ORIENTED_EDGE($,$,$,#836,.T.);
#838=CARTESIAN_POINT($,(-2.12,1.33,0));
#839=VERTEX_POINT($,#838);
#840=CARTESIAN_POINT($,(2.12,1.33,0));
#841=DIRECTION($,(-1,0,0));
#842=VECTOR($,#841,1);
#843=LINE($,#840,#842);
#844=EDGE_CURVE($,#829,#839,#843,.T.);
#845=ORIENTED_EDGE($,$,$,#844,.T.);
#846=CARTESIAN_POINT($,(-2.12,0,0));
#847=DIRECTION($,(0,0,1));
#848=DIRECTION($,(1,0,0));
#849=AXIS2_PLACEMENT_3D($,#846,#847,#848);
#850=CIRCLE($,#849,1.33);
#851=TRIMMED_CURVE($,#850,(PARAMETER_VALUE(1.5707963267949)),(PARAMETER_VALUE(4.7123889803847)),.T.,.PARAMETER.);
#852=EDGE_CURVE($,#839,#819,#851,.T.);
#853=ORIENTED_EDGE($,$,$,#852,.T.);
#854=EDGE_LOOP($,(#827,#837,#845,#853));
#855=FACE_OUTER_BOUND('',#854,.T.);
#856=ADVANCED_FACE('',(#855),#817,.T.);
#857=CARTESIAN_POINT($,(0,0,0.45));
#858=DIRECTION($,(0,0,1));
#859=DIRECTION($,(1,0,0));
#860=AXIS2_PLACEMENT_3D($,#857,#858,#859);
#861=PLANE($,#860);
#862=CARTESIAN_POINT($,(-2.12,-1.33,0.45));
#863=VERTEX_POINT($,#862);
#864=CARTESIAN_POINT($,(2.12,-1.33,0.45));
#865=VERTEX_POINT($,#864);
#866=CARTESIAN_POINT($,(-2.12,-1.33,0.45));
#867=DIRECTION($,(1,0,0));
#868=VECTOR($,#867,1);
#869=LINE($,#866,#868);
#870=EDGE_CURVE($,#863,#865,#869,.T.);
#871=ORIENTED_EDGE($,$,$,#870,.T.);
#872=CARTESIAN_POINT($,(2.12,1.33,0.45));
#873=VERTEX_POINT($,#872);
#874=CARTESIAN_POINT($,(2.12,0,0.45));
#875=DIRECTION($,(0,0,1));
#876=DIRECTION($,(1,0,0));
#877=AXIS2_PLACEMENT_3D($,#874,#875,#876);
#878=CIRCLE($,#877,1.33);
#879=TRIMMED_CURVE($,#878,(PARAMETER_VALUE(-1.5707963267949)),(PARAMETER_VALUE(1.5707963267949)),.T.,.PARAMETER.);
#880=EDGE_CURVE($,#865,#873,#879,.T.);
#881=ORIENTED_EDGE($,$,$,#880,.T.);
#882=CARTESIAN_POINT($,(-2.12,1.33,0.45));
#883=VERTEX_POINT($,#882);
#884=CARTESIAN_POINT($,(2.12,1.33,0.45));
#885=DIRECTION($,(-1,0,0));
#886=VECTOR($,#885,1);
#887=LINE($,#884,#886);
#888=EDGE_CURVE($,#873,#883,#887,.T.);
#889=ORIENTED_EDGE($,$,$,#888,.T.);
#890=CARTESIAN_POINT($,(-2.12,0,0.45));
#891=DIRECTION($,(0,0,1));
#892=DIRECTION($,(1,0,0));
#893=AXIS2_PLACEMENT_3D($,#890,#891,#892);
#894=CIRCLE($,#893,1.33);
#895=TRIMMED_CURVE($,#894,(PARAMETER_VALUE(1.5707963267949)),(PARAMETER_VALUE(4.7123889803847)),.T.,.PARAMETER.);
#896=EDGE_CURVE($,#883,#863,#895,.T.);
#897=ORIENTED_EDGE($,$,$,#896,.T.);
#898=EDGE_LOOP($,(#871,#881,#889,#897));
#899=FACE_OUTER_BOUND('',#898,.T.);
#900=ADVANCED_FACE('',(#899),#861,.T.);
#901=CARTESIAN_POINT($,(-2.12,-1.33,0));
#902=DIRECTION($,(0,-1,0));
#903=DIRECTION($,(0,0,1));
#904=AXIS2_PLACEMENT_3D($,#901,#902,#903);
#905=PLANE($,#904);
#906=ORIENTED_EDGE($,$,$,#826,.T.);
#907=CARTESIAN_POINT($,(2.12,-1.33,0));
#908=DIRECTION($,(0,0,1));
#909=VECTOR($,#908,1);
#910=LINE($,#907,#909);
#911=EDGE_CURVE($,#821,#865,#910,.T.);
#912=ORIENTED_EDGE($,$,$,#911,.T.);
#913=ORIENTED_EDGE($,$,$,#870,.F.);
#914=CARTESIAN_POINT($,(-2.12,-1.33,0));
#915=DIRECTION($,(0,0,1));
#916=VECTOR($,#915,1);
#917=LINE($,#914,#916);
#918=EDGE_CURVE($,#819,#863,#917,.T.);
#919=ORIENTED_EDGE($,$,$,#918,.F.);
#920=EDGE_LOOP($,(#906,#912,#913,#919));
#921=FACE_OUTER_BOUND('',#920,.T.);
#922=ADVANCED_FACE('',(#921),#905,.T.);
#923=CARTESIAN_POINT($,(2.12,0,0));
#924=DIRECTION($,(0,0,1));
#925=DIRECTION($,(1,0,0));
#926=AXIS2_PLACEMENT_3D($,#923,#924,#925);
#927=CYLINDRICAL_SURFACE($,#926,1.33);
#928=ORIENTED_EDGE($,$,$,#836,.T.);
#929=CARTESIAN_POINT($,(2.12,1.33,0));
#930=DIRECTION($,(0,0,1));
#931=VECTOR($,#930,1);
#932=LINE($,#929,#931);
#933=EDGE_CURVE($,#829,#873,#932,.T.);
#934=ORIENTED_EDGE($,$,$,#933,.T.);
#935=ORIENTED_EDGE($,$,$,#880,.F.);
#936=ORIENTED_EDGE($,$,$,#911,.F.);
#937=EDGE_LOOP($,(#928,#934,#935,#936));
#938=FACE_OUTER_BOUND('',#937,.T.);
#939=ADVANCED_FACE('',(#938),#927,.T.);
#940=CARTESIAN_POINT($,(2.12,1.33,0));
#941=DIRECTION($,(0,1,0));
#942=DIRECTION($,(0,0,1));
#943=AXIS2_PLACEMENT_3D($,#940,#941,#942);
#944=PLANE($,#943);
#945=ORIENTED_EDGE($,$,$,#844,.T.);
#946=CARTESIAN_POINT($,(-2.12,1.33,0));
#947=DIRECTION($,(0,0,1));
#948=VECTOR($,#947,1);
#949=LINE($,#946,#948);
#950=EDGE_CURVE($,#839,#883,#949,.T.);
#951=ORIENTED_EDGE($,$,$,#950,.T.);
#952=ORIENTED_EDGE($,$,$,#888,.F.);
#953=ORIENTED_EDGE($,$,$,#933,.F.);
#954=EDGE_LOOP($,(#945,#951,#952,#953));
#955=FACE_OUTER_BOUND('',#954,.T.);
#956=ADVANCED_FACE('',(#955),#944,.T.);
#957=CARTESIAN_POINT($,(-2.12,0,0));
#958=DIRECTION($,(0,0,1));
#959=DIRECTION($,(1,0,0));
#960=AXIS2_PLACEMENT_3D($,#957,#958,#959);
#961=CYLINDRICAL_SURFACE($,#960,1.33);
#962=ORIENTED_EDGE($,$,$,#852,.T.);
#963=ORIENTED_EDGE($,$,$,#918,.T.);
#964=ORIENTED_EDGE($,$,$,#896,.F.);
#965=ORIENTED_EDGE($,$,$,#950,.F.);
#966=EDGE_LOOP($,(#962,#963,#964,#965));
#967=FACE_OUTER_BOUND('',#966,.T.);
#968=ADVANCED_FACE('',(#967),#961,.T.);
#969=CLOSED_SHELL($,(#856,#900,#922,#939,#956,#968));
#970=MANIFOLD_SOLID_BREP('SideDetail<L: 6.9mm, W: 2.66mm, T: 0.45mm>',#969);
#971=APPLICATION_CONTEXT('mechanical design');
#972=PRODUCT_CONTEXT('',#971,'mechanical');
#973=PRODUCT('assembly-definition:5BC61A8C4B178613','SideDetail<L: 6.9mm, W: 2.66mm, T: 0.45mm>','Aetheris shared assembly definition',(#972));
#974=PRODUCT_DEFINITION_FORMATION('','',#973);
#975=PRODUCT_DEFINITION_CONTEXT('design',#971,'design');
#976=PRODUCT_DEFINITION('','',#974,#975);
#977=PRODUCT_DEFINITION_SHAPE('','',#976);
#978=(LENGTH_UNIT()NAMED_UNIT(*)SI_UNIT(.MILLI.,.METRE.));
#979=(NAMED_UNIT(*)PLANE_ANGLE_UNIT()SI_UNIT($,.RADIAN.));
#980=(NAMED_UNIT(*)SI_UNIT($,.STERADIAN.)SOLID_ANGLE_UNIT());
#981=(GEOMETRIC_REPRESENTATION_CONTEXT(3)GLOBAL_UNIT_ASSIGNED_CONTEXT((#978,#979,#980))REPRESENTATION_CONTEXT('3','3D'));
#982=SHAPE_REPRESENTATION('SideDetail<L: 6.9mm, W: 2.66mm, T: 0.45mm>',(#970),#981);
#983=SHAPE_DEFINITION_REPRESENTATION(#977,#982);
#984=CARTESIAN_POINT($,(0,0,0));
#985=DIRECTION($,(-0,-0,-1));
#986=DIRECTION($,(1,0,0));
#987=AXIS2_PLACEMENT_3D($,#984,#985,#986);
#988=PLANE($,#987);
#989=CARTESIAN_POINT($,(-7.52,-1.33,0));
#990=VERTEX_POINT($,#989);
#991=CARTESIAN_POINT($,(7.52,-1.33,0));
#992=VERTEX_POINT($,#991);
#993=CARTESIAN_POINT($,(-7.52,-1.33,0));
#994=DIRECTION($,(1,0,0));
#995=VECTOR($,#994,1);
#996=LINE($,#993,#995);
#997=EDGE_CURVE($,#990,#992,#996,.T.);
#998=ORIENTED_EDGE($,$,$,#997,.T.);
#999=CARTESIAN_POINT($,(7.52,1.33,0));
#1000=VERTEX_POINT($,#999);
#1001=CARTESIAN_POINT($,(7.52,0,0));
#1002=DIRECTION($,(0,0,1));
#1003=DIRECTION($,(1,0,0));
#1004=AXIS2_PLACEMENT_3D($,#1001,#1002,#1003);
#1005=CIRCLE($,#1004,1.33);
#1006=TRIMMED_CURVE($,#1005,(PARAMETER_VALUE(-1.5707963267949)),(PARAMETER_VALUE(1.5707963267949)),.T.,.PARAMETER.);
#1007=EDGE_CURVE($,#992,#1000,#1006,.T.);
#1008=ORIENTED_EDGE($,$,$,#1007,.T.);
#1009=CARTESIAN_POINT($,(-7.52,1.33,0));
#1010=VERTEX_POINT($,#1009);
#1011=CARTESIAN_POINT($,(7.52,1.33,0));
#1012=DIRECTION($,(-1,0,0));
#1013=VECTOR($,#1012,1);
#1014=LINE($,#1011,#1013);
#1015=EDGE_CURVE($,#1000,#1010,#1014,.T.);
#1016=ORIENTED_EDGE($,$,$,#1015,.T.);
#1017=CARTESIAN_POINT($,(-7.52,0,0));
#1018=DIRECTION($,(0,0,1));
#1019=DIRECTION($,(1,0,0));
#1020=AXIS2_PLACEMENT_3D($,#1017,#1018,#1019);
#1021=CIRCLE($,#1020,1.33);
#1022=TRIMMED_CURVE($,#1021,(PARAMETER_VALUE(1.5707963267949)),(PARAMETER_VALUE(4.7123889803847)),.T.,.PARAMETER.);
#1023=EDGE_CURVE($,#1010,#990,#1022,.T.);
#1024=ORIENTED_EDGE($,$,$,#1023,.T.);
#1025=EDGE_LOOP($,(#998,#1008,#1016,#1024));
#1026=FACE_OUTER_BOUND('',#1025,.T.);
#1027=ADVANCED_FACE('',(#1026),#988,.T.);
#1028=CARTESIAN_POINT($,(0,0,0.45));
#1029=DIRECTION($,(0,0,1));
#1030=DIRECTION($,(1,0,0));
#1031=AXIS2_PLACEMENT_3D($,#1028,#1029,#1030);
#1032=PLANE($,#1031);
#1033=CARTESIAN_POINT($,(-7.52,-1.33,0.45));
#1034=VERTEX_POINT($,#1033);
#1035=CARTESIAN_POINT($,(7.52,-1.33,0.45));
#1036=VERTEX_POINT($,#1035);
#1037=CARTESIAN_POINT($,(-7.52,-1.33,0.45));
#1038=DIRECTION($,(1,0,0));
#1039=VECTOR($,#1038,1);
#1040=LINE($,#1037,#1039);
#1041=EDGE_CURVE($,#1034,#1036,#1040,.T.);
#1042=ORIENTED_EDGE($,$,$,#1041,.T.);
#1043=CARTESIAN_POINT($,(7.52,1.33,0.45));
#1044=VERTEX_POINT($,#1043);
#1045=CARTESIAN_POINT($,(7.52,0,0.45));
#1046=DIRECTION($,(0,0,1));
#1047=DIRECTION($,(1,0,0));
#1048=AXIS2_PLACEMENT_3D($,#1045,#1046,#1047);
#1049=CIRCLE($,#1048,1.33);
#1050=TRIMMED_CURVE($,#1049,(PARAMETER_VALUE(-1.5707963267949)),(PARAMETER_VALUE(1.5707963267949)),.T.,.PARAMETER.);
#1051=EDGE_CURVE($,#1036,#1044,#1050,.T.);
#1052=ORIENTED_EDGE($,$,$,#1051,.T.);
#1053=CARTESIAN_POINT($,(-7.52,1.33,0.45));
#1054=VERTEX_POINT($,#1053);
#1055=CARTESIAN_POINT($,(7.52,1.33,0.45));
#1056=DIRECTION($,(-1,0,0));
#1057=VECTOR($,#1056,1);
#1058=LINE($,#1055,#1057);
#1059=EDGE_CURVE($,#1044,#1054,#1058,.T.);
#1060=ORIENTED_EDGE($,$,$,#1059,.T.);
#1061=CARTESIAN_POINT($,(-7.52,0,0.45));
#1062=DIRECTION($,(0,0,1));
#1063=DIRECTION($,(1,0,0));
#1064=AXIS2_PLACEMENT_3D($,#1061,#1062,#1063);
#1065=CIRCLE($,#1064,1.33);
#1066=TRIMMED_CURVE($,#1065,(PARAMETER_VALUE(1.5707963267949)),(PARAMETER_VALUE(4.7123889803847)),.T.,.PARAMETER.);
#1067=EDGE_CURVE($,#1054,#1034,#1066,.T.);
#1068=ORIENTED_EDGE($,$,$,#1067,.T.);
#1069=EDGE_LOOP($,(#1042,#1052,#1060,#1068));
#1070=FACE_OUTER_BOUND('',#1069,.T.);
#1071=ADVANCED_FACE('',(#1070),#1032,.T.);
#1072=CARTESIAN_POINT($,(-7.52,-1.33,0));
#1073=DIRECTION($,(0,-1,0));
#1074=DIRECTION($,(0,0,1));
#1075=AXIS2_PLACEMENT_3D($,#1072,#1073,#1074);
#1076=PLANE($,#1075);
#1077=ORIENTED_EDGE($,$,$,#997,.T.);
#1078=CARTESIAN_POINT($,(7.52,-1.33,0));
#1079=DIRECTION($,(0,0,1));
#1080=VECTOR($,#1079,1);
#1081=LINE($,#1078,#1080);
#1082=EDGE_CURVE($,#992,#1036,#1081,.T.);
#1083=ORIENTED_EDGE($,$,$,#1082,.T.);
#1084=ORIENTED_EDGE($,$,$,#1041,.F.);
#1085=CARTESIAN_POINT($,(-7.52,-1.33,0));
#1086=DIRECTION($,(0,0,1));
#1087=VECTOR($,#1086,1);
#1088=LINE($,#1085,#1087);
#1089=EDGE_CURVE($,#990,#1034,#1088,.T.);
#1090=ORIENTED_EDGE($,$,$,#1089,.F.);
#1091=EDGE_LOOP($,(#1077,#1083,#1084,#1090));
#1092=FACE_OUTER_BOUND('',#1091,.T.);
#1093=ADVANCED_FACE('',(#1092),#1076,.T.);
#1094=CARTESIAN_POINT($,(7.52,0,0));
#1095=DIRECTION($,(0,0,1));
#1096=DIRECTION($,(1,0,0));
#1097=AXIS2_PLACEMENT_3D($,#1094,#1095,#1096);
#1098=CYLINDRICAL_SURFACE($,#1097,1.33);
#1099=ORIENTED_EDGE($,$,$,#1007,.T.);
#1100=CARTESIAN_POINT($,(7.52,1.33,0));
#1101=DIRECTION($,(0,0,1));
#1102=VECTOR($,#1101,1);
#1103=LINE($,#1100,#1102);
#1104=EDGE_CURVE($,#1000,#1044,#1103,.T.);
#1105=ORIENTED_EDGE($,$,$,#1104,.T.);
#1106=ORIENTED_EDGE($,$,$,#1051,.F.);
#1107=ORIENTED_EDGE($,$,$,#1082,.F.);
#1108=EDGE_LOOP($,(#1099,#1105,#1106,#1107));
#1109=FACE_OUTER_BOUND('',#1108,.T.);
#1110=ADVANCED_FACE('',(#1109),#1098,.T.);
#1111=CARTESIAN_POINT($,(7.52,1.33,0));
#1112=DIRECTION($,(0,1,0));
#1113=DIRECTION($,(0,0,1));
#1114=AXIS2_PLACEMENT_3D($,#1111,#1112,#1113);
#1115=PLANE($,#1114);
#1116=ORIENTED_EDGE($,$,$,#1015,.T.);
#1117=CARTESIAN_POINT($,(-7.52,1.33,0));
#1118=DIRECTION($,(0,0,1));
#1119=VECTOR($,#1118,1);
#1120=LINE($,#1117,#1119);
#1121=EDGE_CURVE($,#1010,#1054,#1120,.T.);
#1122=ORIENTED_EDGE($,$,$,#1121,.T.);
#1123=ORIENTED_EDGE($,$,$,#1059,.F.);
#1124=ORIENTED_EDGE($,$,$,#1104,.F.);
#1125=EDGE_LOOP($,(#1116,#1122,#1123,#1124));
#1126=FACE_OUTER_BOUND('',#1125,.T.);
#1127=ADVANCED_FACE('',(#1126),#1115,.T.);
#1128=CARTESIAN_POINT($,(-7.52,0,0));
#1129=DIRECTION($,(0,0,1));
#1130=DIRECTION($,(1,0,0));
#1131=AXIS2_PLACEMENT_3D($,#1128,#1129,#1130);
#1132=CYLINDRICAL_SURFACE($,#1131,1.33);
#1133=ORIENTED_EDGE($,$,$,#1023,.T.);
#1134=ORIENTED_EDGE($,$,$,#1089,.T.);
#1135=ORIENTED_EDGE($,$,$,#1067,.F.);
#1136=ORIENTED_EDGE($,$,$,#1121,.F.);
#1137=EDGE_LOOP($,(#1133,#1134,#1135,#1136));
#1138=FACE_OUTER_BOUND('',#1137,.T.);
#1139=ADVANCED_FACE('',(#1138),#1132,.T.);
#1140=CLOSED_SHELL($,(#1027,#1071,#1093,#1110,#1127,#1139));
#1141=MANIFOLD_SOLID_BREP('SideDetail<L: 17.7mm, W: 2.66mm, T: 0.45mm>',#1140);
#1142=APPLICATION_CONTEXT('mechanical design');
#1143=PRODUCT_CONTEXT('',#1142,'mechanical');
#1144=PRODUCT('assembly-definition:7A171A7C8FA0F496','SideDetail<L: 17.7mm, W: 2.66mm, T: 0.45mm>','Aetheris shared assembly definition',(#1143));
#1145=PRODUCT_DEFINITION_FORMATION('','',#1144);
#1146=PRODUCT_DEFINITION_CONTEXT('design',#1142,'design');
#1147=PRODUCT_DEFINITION('','',#1145,#1146);
#1148=PRODUCT_DEFINITION_SHAPE('','',#1147);
#1149=(LENGTH_UNIT()NAMED_UNIT(*)SI_UNIT(.MILLI.,.METRE.));
#1150=(NAMED_UNIT(*)PLANE_ANGLE_UNIT()SI_UNIT($,.RADIAN.));
#1151=(NAMED_UNIT(*)SI_UNIT($,.STERADIAN.)SOLID_ANGLE_UNIT());
#1152=(GEOMETRIC_REPRESENTATION_CONTEXT(3)GLOBAL_UNIT_ASSIGNED_CONTEXT((#1149,#1150,#1151))REPRESENTATION_CONTEXT('3','3D'));
#1153=SHAPE_REPRESENTATION('SideDetail<L: 17.7mm, W: 2.66mm, T: 0.45mm>',(#1141),#1152);
#1154=SHAPE_DEFINITION_REPRESENTATION(#1148,#1153);
#1155=CARTESIAN_POINT($,(0,0,11.3));
#1156=DIRECTION($,(-0,-0,-1));
#1157=DIRECTION($,(1,0,0));
#1158=AXIS2_PLACEMENT_3D($,#1155,#1156,#1157);
#1159=PLANE($,#1158);
#1160=CARTESIAN_POINT($,(40.46,-23.99,11.3));
#1161=VERTEX_POINT($,#1160);
#1162=CARTESIAN_POINT($,(32.36,-23.99,11.3));
#1163=DIRECTION($,(0,0,1));
#1164=DIRECTION($,(1,0,0));
#1165=AXIS2_PLACEMENT_3D($,#1162,#1163,#1164);
#1166=CIRCLE($,#1165,8.1);
#1167=EDGE_CURVE($,#1161,#1161,#1166,.T.);
#1168=ORIENTED_EDGE($,$,$,#1167,.T.);
#1169=EDGE_LOOP($,(#1168));
#1170=FACE_OUTER_BOUND('',#1169,.T.);
#1171=ADVANCED_FACE('',(#1170),#1159,.T.);
#1172=CARTESIAN_POINT($,(0,0,13.18));
#1173=DIRECTION($,(0,0,1));
#1174=DIRECTION($,(1,0,0));
#1175=AXIS2_PLACEMENT_3D($,#1172,#1173,#1174);
#1176=PLANE($,#1175);
#1177=CARTESIAN_POINT($,(40.46,-23.99,13.18));
#1178=VERTEX_POINT($,#1177);
#1179=CARTESIAN_POINT($,(32.36,-23.99,13.18));
#1180=DIRECTION($,(0,0,1));
#1181=DIRECTION($,(1,0,0));
#1182=AXIS2_PLACEMENT_3D($,#1179,#1180,#1181);
#1183=CIRCLE($,#1182,8.1);
#1184=EDGE_CURVE($,#1178,#1178,#1183,.T.);
#1185=ORIENTED_EDGE($,$,$,#1184,.T.);
#1186=EDGE_LOOP($,(#1185));
#1187=FACE_OUTER_BOUND('',#1186,.T.);
#1188=ADVANCED_FACE('',(#1187),#1176,.T.);
#1189=CARTESIAN_POINT($,(32.36,-23.99,11.3));
#1190=DIRECTION($,(0,0,1));
#1191=DIRECTION($,(1,0,0));
#1192=AXIS2_PLACEMENT_3D($,#1189,#1190,#1191);
#1193=CYLINDRICAL_SURFACE($,#1192,8.1);
#1194=ORIENTED_EDGE($,$,$,#1167,.T.);
#1195=CARTESIAN_POINT($,(40.46,-23.99,11.3));
#1196=DIRECTION($,(0,0,1));
#1197=VECTOR($,#1196,1);
#1198=LINE($,#1195,#1197);
#1199=EDGE_CURVE($,#1161,#1178,#1198,.T.);
#1200=ORIENTED_EDGE($,$,$,#1199,.T.);
#1201=ORIENTED_EDGE($,$,$,#1184,.F.);
#1202=ORIENTED_EDGE($,$,$,#1199,.F.);
#1203=EDGE_LOOP($,(#1194,#1200,#1201,#1202));
#1204=FACE_OUTER_BOUND('',#1203,.T.);
#1205=ADVANCED_FACE('',(#1204),#1193,.T.);
#1206=CLOSED_SHELL($,(#1171,#1188,#1205));
#1207=MANIFOLD_SOLID_BREP('RearCamera3Part<Spec: Standard>',#1206);
#1208=APPLICATION_CONTEXT('mechanical design');
#1209=PRODUCT_CONTEXT('',#1208,'mechanical');
#1210=PRODUCT('assembly-definition:8327CA13D517A908','RearCamera3Part<Spec: Standard>','Aetheris shared assembly definition',(#1209));
#1211=PRODUCT_DEFINITION_FORMATION('','',#1210);
#1212=PRODUCT_DEFINITION_CONTEXT('design',#1208,'design');
#1213=PRODUCT_DEFINITION('','',#1211,#1212);
#1214=PRODUCT_DEFINITION_SHAPE('','',#1213);
#1215=(LENGTH_UNIT()NAMED_UNIT(*)SI_UNIT(.MILLI.,.METRE.));
#1216=(NAMED_UNIT(*)PLANE_ANGLE_UNIT()SI_UNIT($,.RADIAN.));
#1217=(NAMED_UNIT(*)SI_UNIT($,.STERADIAN.)SOLID_ANGLE_UNIT());
#1218=(GEOMETRIC_REPRESENTATION_CONTEXT(3)GLOBAL_UNIT_ASSIGNED_CONTEXT((#1215,#1216,#1217))REPRESENTATION_CONTEXT('3','3D'));
#1219=SHAPE_REPRESENTATION('RearCamera3Part<Spec: Standard>',(#1207),#1218);
#1220=SHAPE_DEFINITION_REPRESENTATION(#1214,#1219);
#1221=CARTESIAN_POINT($,(0,0,0));
#1222=DIRECTION($,(-0,-0,-1));
#1223=DIRECTION($,(1,0,0));
#1224=AXIS2_PLACEMENT_3D($,#1221,#1222,#1223);
#1225=PLANE($,#1224);
#1226=CARTESIAN_POINT($,(-6.985,-1.565,0));
#1227=VERTEX_POINT($,#1226);
#1228=CARTESIAN_POINT($,(6.985,-1.565,0));
#1229=VERTEX_POINT($,#1228);
#1230=CARTESIAN_POINT($,(-6.985,-1.565,0));
#1231=DIRECTION($,(1,0,0));
#1232=VECTOR($,#1231,1);
#1233=LINE($,#1230,#1232);
#1234=EDGE_CURVE($,#1227,#1229,#1233,.T.);
#1235=ORIENTED_EDGE($,$,$,#1234,.T.);
#1236=CARTESIAN_POINT($,(6.985,1.565,0));
#1237=VERTEX_POINT($,#1236);
#1238=CARTESIAN_POINT($,(6.985,0,0));
#1239=DIRECTION($,(0,0,1));
#1240=DIRECTION($,(1,0,0));
#1241=AXIS2_PLACEMENT_3D($,#1238,#1239,#1240);
#1242=CIRCLE($,#1241,1.565);
#1243=TRIMMED_CURVE($,#1242,(PARAMETER_VALUE(-1.5707963267949)),(PARAMETER_VALUE(1.5707963267949)),.T.,.PARAMETER.);
#1244=EDGE_CURVE($,#1229,#1237,#1243,.T.);
#1245=ORIENTED_EDGE($,$,$,#1244,.T.);
#1246=CARTESIAN_POINT($,(-6.985,1.565,0));
#1247=VERTEX_POINT($,#1246);
#1248=CARTESIAN_POINT($,(6.985,1.565,0));
#1249=DIRECTION($,(-1,0,0));
#1250=VECTOR($,#1249,1);
#1251=LINE($,#1248,#1250);
#1252=EDGE_CURVE($,#1237,#1247,#1251,.T.);
#1253=ORIENTED_EDGE($,$,$,#1252,.T.);
#1254=CARTESIAN_POINT($,(-6.985,0,0));
#1255=DIRECTION($,(0,0,1));
#1256=DIRECTION($,(1,0,0));
#1257=AXIS2_PLACEMENT_3D($,#1254,#1255,#1256);
#1258=CIRCLE($,#1257,1.565);
#1259=TRIMMED_CURVE($,#1258,(PARAMETER_VALUE(1.5707963267949)),(PARAMETER_VALUE(4.7123889803847)),.T.,.PARAMETER.);
#1260=EDGE_CURVE($,#1247,#1227,#1259,.T.);
#1261=ORIENTED_EDGE($,$,$,#1260,.T.);
#1262=EDGE_LOOP($,(#1235,#1245,#1253,#1261));
#1263=FACE_OUTER_BOUND('',#1262,.T.);
#1264=ADVANCED_FACE('',(#1263),#1225,.T.);
#1265=CARTESIAN_POINT($,(0,0,0.02));
#1266=DIRECTION($,(0,0,1));
#1267=DIRECTION($,(1,0,0));
#1268=AXIS2_PLACEMENT_3D($,#1265,#1266,#1267);
#1269=PLANE($,#1268);
#1270=CARTESIAN_POINT($,(-6.985,-1.565,0.02));
#1271=VERTEX_POINT($,#1270);
#1272=CARTESIAN_POINT($,(6.985,-1.565,0.02));
#1273=VERTEX_POINT($,#1272);
#1274=CARTESIAN_POINT($,(-6.985,-1.565,0.02));
#1275=DIRECTION($,(1,0,0));
#1276=VECTOR($,#1275,1);
#1277=LINE($,#1274,#1276);
#1278=EDGE_CURVE($,#1271,#1273,#1277,.T.);
#1279=ORIENTED_EDGE($,$,$,#1278,.T.);
#1280=CARTESIAN_POINT($,(6.985,1.565,0.02));
#1281=VERTEX_POINT($,#1280);
#1282=CARTESIAN_POINT($,(6.985,0,0.02));
#1283=DIRECTION($,(0,0,1));
#1284=DIRECTION($,(1,0,0));
#1285=AXIS2_PLACEMENT_3D($,#1282,#1283,#1284);
#1286=CIRCLE($,#1285,1.565);
#1287=TRIMMED_CURVE($,#1286,(PARAMETER_VALUE(-1.5707963267949)),(PARAMETER_VALUE(1.5707963267949)),.T.,.PARAMETER.);
#1288=EDGE_CURVE($,#1273,#1281,#1287,.T.);
#1289=ORIENTED_EDGE($,$,$,#1288,.T.);
#1290=CARTESIAN_POINT($,(-6.985,1.565,0.02));
#1291=VERTEX_POINT($,#1290);
#1292=CARTESIAN_POINT($,(6.985,1.565,0.02));
#1293=DIRECTION($,(-1,0,0));
#1294=VECTOR($,#1293,1);
#1295=LINE($,#1292,#1294);
#1296=EDGE_CURVE($,#1281,#1291,#1295,.T.);
#1297=ORIENTED_EDGE($,$,$,#1296,.T.);
#1298=CARTESIAN_POINT($,(-6.985,0,0.02));
#1299=DIRECTION($,(0,0,1));
#1300=DIRECTION($,(1,0,0));
#1301=AXIS2_PLACEMENT_3D($,#1298,#1299,#1300);
#1302=CIRCLE($,#1301,1.565);
#1303=TRIMMED_CURVE($,#1302,(PARAMETER_VALUE(1.5707963267949)),(PARAMETER_VALUE(4.7123889803847)),.T.,.PARAMETER.);
#1304=EDGE_CURVE($,#1291,#1271,#1303,.T.);
#1305=ORIENTED_EDGE($,$,$,#1304,.T.);
#1306=EDGE_LOOP($,(#1279,#1289,#1297,#1305));
#1307=FACE_OUTER_BOUND('',#1306,.T.);
#1308=ADVANCED_FACE('',(#1307),#1269,.T.);
#1309=CARTESIAN_POINT($,(-6.985,-1.565,0));
#1310=DIRECTION($,(0,-1,0));
#1311=DIRECTION($,(0,0,1));
#1312=AXIS2_PLACEMENT_3D($,#1309,#1310,#1311);
#1313=PLANE($,#1312);
#1314=ORIENTED_EDGE($,$,$,#1234,.T.);
#1315=CARTESIAN_POINT($,(6.985,-1.565,0));
#1316=DIRECTION($,(0,0,1));
#1317=VECTOR($,#1316,1);
#1318=LINE($,#1315,#1317);
#1319=EDGE_CURVE($,#1229,#1273,#1318,.T.);
#1320=ORIENTED_EDGE($,$,$,#1319,.T.);
#1321=ORIENTED_EDGE($,$,$,#1278,.F.);
#1322=CARTESIAN_POINT($,(-6.985,-1.565,0));
#1323=DIRECTION($,(0,0,1));
#1324=VECTOR($,#1323,1);
#1325=LINE($,#1322,#1324);
#1326=EDGE_CURVE($,#1227,#1271,#1325,.T.);
#1327=ORIENTED_EDGE($,$,$,#1326,.F.);
#1328=EDGE_LOOP($,(#1314,#1320,#1321,#1327));
#1329=FACE_OUTER_BOUND('',#1328,.T.);
#1330=ADVANCED_FACE('',(#1329),#1313,.T.);
#1331=CARTESIAN_POINT($,(6.985,0,0));
#1332=DIRECTION($,(0,0,1));
#1333=DIRECTION($,(1,0,0));
#1334=AXIS2_PLACEMENT_3D($,#1331,#1332,#1333);
#1335=CYLINDRICAL_SURFACE($,#1334,1.565);
#1336=ORIENTED_EDGE($,$,$,#1244,.T.);
#1337=CARTESIAN_POINT($,(6.985,1.565,0));
#1338=DIRECTION($,(0,0,1));
#1339=VECTOR($,#1338,1);
#1340=LINE($,#1337,#1339);
#1341=EDGE_CURVE($,#1237,#1281,#1340,.T.);
#1342=ORIENTED_EDGE($,$,$,#1341,.T.);
#1343=ORIENTED_EDGE($,$,$,#1288,.F.);
#1344=ORIENTED_EDGE($,$,$,#1319,.F.);
#1345=EDGE_LOOP($,(#1336,#1342,#1343,#1344));
#1346=FACE_OUTER_BOUND('',#1345,.T.);
#1347=ADVANCED_FACE('',(#1346),#1335,.T.);
#1348=CARTESIAN_POINT($,(6.985,1.565,0));
#1349=DIRECTION($,(0,1,0));
#1350=DIRECTION($,(0,0,1));
#1351=AXIS2_PLACEMENT_3D($,#1348,#1349,#1350);
#1352=PLANE($,#1351);
#1353=ORIENTED_EDGE($,$,$,#1252,.T.);
#1354=CARTESIAN_POINT($,(-6.985,1.565,0));
#1355=DIRECTION($,(0,0,1));
#1356=VECTOR($,#1355,1);
#1357=LINE($,#1354,#1356);
#1358=EDGE_CURVE($,#1247,#1291,#1357,.T.);
#1359=ORIENTED_EDGE($,$,$,#1358,.T.);
#1360=ORIENTED_EDGE($,$,$,#1296,.F.);
#1361=ORIENTED_EDGE($,$,$,#1341,.F.);
#1362=EDGE_LOOP($,(#1353,#1359,#1360,#1361));
#1363=FACE_OUTER_BOUND('',#1362,.T.);
#1364=ADVANCED_FACE('',(#1363),#1352,.T.);
#1365=CARTESIAN_POINT($,(-6.985,0,0));
#1366=DIRECTION($,(0,0,1));
#1367=DIRECTION($,(1,0,0));
#1368=AXIS2_PLACEMENT_3D($,#1365,#1366,#1367);
#1369=CYLINDRICAL_SURFACE($,#1368,1.565);
#1370=ORIENTED_EDGE($,$,$,#1260,.T.);
#1371=ORIENTED_EDGE($,$,$,#1326,.T.);
#1372=ORIENTED_EDGE($,$,$,#1304,.F.);
#1373=ORIENTED_EDGE($,$,$,#1358,.F.);
#1374=EDGE_LOOP($,(#1370,#1371,#1372,#1373));
#1375=FACE_OUTER_BOUND('',#1374,.T.);
#1376=ADVANCED_FACE('',(#1375),#1369,.T.);
#1377=CLOSED_SHELL($,(#1264,#1308,#1330,#1347,#1364,#1376));
#1378=MANIFOLD_SOLID_BREP('SideDetail<L: 17.1mm, W: 3.13mm, T: 0.02mm>',#1377);
#1379=APPLICATION_CONTEXT('mechanical design');
#1380=PRODUCT_CONTEXT('',#1379,'mechanical');
#1381=PRODUCT('assembly-definition:84C14800F336D905','SideDetail<L: 17.1mm, W: 3.13mm, T: 0.02mm>','Aetheris shared assembly definition',(#1380));
#1382=PRODUCT_DEFINITION_FORMATION('','',#1381);
#1383=PRODUCT_DEFINITION_CONTEXT('design',#1379,'design');
#1384=PRODUCT_DEFINITION('','',#1382,#1383);
#1385=PRODUCT_DEFINITION_SHAPE('','',#1384);
#1386=(LENGTH_UNIT()NAMED_UNIT(*)SI_UNIT(.MILLI.,.METRE.));
#1387=(NAMED_UNIT(*)PLANE_ANGLE_UNIT()SI_UNIT($,.RADIAN.));
#1388=(NAMED_UNIT(*)SI_UNIT($,.STERADIAN.)SOLID_ANGLE_UNIT());
#1389=(GEOMETRIC_REPRESENTATION_CONTEXT(3)GLOBAL_UNIT_ASSIGNED_CONTEXT((#1386,#1387,#1388))REPRESENTATION_CONTEXT('3','3D'));
#1390=SHAPE_REPRESENTATION('SideDetail<L: 17.1mm, W: 3.13mm, T: 0.02mm>',(#1378),#1389);
#1391=SHAPE_DEFINITION_REPRESENTATION(#1385,#1390);
#1392=CARTESIAN_POINT($,(0,0,0));
#1393=DIRECTION($,(-0,-0,-1));
#1394=DIRECTION($,(1,0,0));
#1395=AXIS2_PLACEMENT_3D($,#1392,#1393,#1394);
#1396=PLANE($,#1395);
#1397=CARTESIAN_POINT($,(13.9,-162.23,0));
#1398=VERTEX_POINT($,#1397);
#1399=CARTESIAN_POINT($,(64.08,-162.23,0));
#1400=VERTEX_POINT($,#1399);
#1401=CARTESIAN_POINT($,(13.9,-162.23,0));
#1402=DIRECTION($,(1,0,0));
#1403=VECTOR($,#1402,1);
#1404=LINE($,#1401,#1403);
#1405=EDGE_CURVE($,#1398,#1400,#1404,.T.);
#1406=ORIENTED_EDGE($,$,$,#1405,.T.);
#1407=CARTESIAN_POINT($,(76.78,-149.53,0));
#1408=VERTEX_POINT($,#1407);
#1409=CARTESIAN_POINT($,(64.08,-149.53,0));
#1410=DIRECTION($,(0,0,1));
#1411=DIRECTION($,(1,0,0));
#1412=AXIS2_PLACEMENT_3D($,#1409,#1410,#1411);
#1413=CIRCLE($,#1412,12.7);
#1414=TRIMMED_CURVE($,#1413,(PARAMETER_VALUE(-1.5707963267949)),(PARAMETER_VALUE(0)),.T.,.PARAMETER.);
#1415=EDGE_CURVE($,#1400,#1408,#1414,.T.);
#1416=ORIENTED_EDGE($,$,$,#1415,.T.);
#1417=CARTESIAN_POINT($,(76.78,-13.9,0));
#1418=VERTEX_POINT($,#1417);
#1419=CARTESIAN_POINT($,(76.78,-149.53,0));
#1420=DIRECTION($,(0,1,0));
#1421=VECTOR($,#1420,1);
#1422=LINE($,#1419,#1421);
#1423=EDGE_CURVE($,#1408,#1418,#1422,.T.);
#1424=ORIENTED_EDGE($,$,$,#1423,.T.);
#1425=CARTESIAN_POINT($,(64.08,-1.2,0));
#1426=VERTEX_POINT($,#1425);
#1427=CARTESIAN_POINT($,(64.08,-13.9,0));
#1428=DIRECTION($,(0,0,1));
#1429=DIRECTION($,(1,0,0));
#1430=AXIS2_PLACEMENT_3D($,#1427,#1428,#1429);
#1431=CIRCLE($,#1430,12.7);
#1432=TRIMMED_CURVE($,#1431,(PARAMETER_VALUE(0)),(PARAMETER_VALUE(1.5707963267949)),.T.,.PARAMETER.);
#1433=EDGE_CURVE($,#1418,#1426,#1432,.T.);
#1434=ORIENTED_EDGE($,$,$,#1433,.T.);
#1435=CARTESIAN_POINT($,(13.9,-1.2,0));
#1436=VERTEX_POINT($,#1435);
#1437=CARTESIAN_POINT($,(64.08,-1.2,0));
#1438=DIRECTION($,(-1,0,0));
#1439=VECTOR($,#1438,1);
#1440=LINE($,#1437,#1439);
#1441=EDGE_CURVE($,#1426,#1436,#1440,.T.);
#1442=ORIENTED_EDGE($,$,$,#1441,.T.);
#1443=CARTESIAN_POINT($,(1.2,-13.9000000000001,0));
#1444=VERTEX_POINT($,#1443);
#1445=CARTESIAN_POINT($,(13.9,-13.9,0));
#1446=DIRECTION($,(0,0,1));
#1447=DIRECTION($,(1,0,0));
#1448=AXIS2_PLACEMENT_3D($,#1445,#1446,#1447);
#1449=CIRCLE($,#1448,12.7);
#1450=TRIMMED_CURVE($,#1449,(PARAMETER_VALUE(1.5707963267949)),(PARAMETER_VALUE(3.1415926535898)),.T.,.PARAMETER.);
#1451=EDGE_CURVE($,#1436,#1444,#1450,.T.);
#1452=ORIENTED_EDGE($,$,$,#1451,.T.);
#1453=CARTESIAN_POINT($,(1.2,-149.53,0));
#1454=VERTEX_POINT($,#1453);
#1455=CARTESIAN_POINT($,(1.2,-13.9000000000001,0));
#1456=DIRECTION($,(-0,-1,0));
#1457=VECTOR($,#1456,1);
#1458=LINE($,#1455,#1457);
#1459=EDGE_CURVE($,#1444,#1454,#1458,.T.);
#1460=ORIENTED_EDGE($,$,$,#1459,.T.);
#1461=CARTESIAN_POINT($,(13.9,-149.53,0));
#1462=DIRECTION($,(0,0,1));
#1463=DIRECTION($,(1,0,0));
#1464=AXIS2_PLACEMENT_3D($,#1461,#1462,#1463);
#1465=CIRCLE($,#1464,12.7);
#1466=TRIMMED_CURVE($,#1465,(PARAMETER_VALUE(3.1415926535898)),(PARAMETER_VALUE(4.7123889803847)),.T.,.PARAMETER.);
#1467=EDGE_CURVE($,#1454,#1398,#1466,.T.);
#1468=ORIENTED_EDGE($,$,$,#1467,.T.);
#1469=EDGE_LOOP($,(#1406,#1416,#1424,#1434,#1442,#1452,#1460,#1468));
#1470=FACE_OUTER_BOUND('',#1469,.T.);
#1471=ADVANCED_FACE('',(#1470),#1396,.T.);
#1472=CARTESIAN_POINT($,(0,0,0.1));
#1473=DIRECTION($,(0,0,1));
#1474=DIRECTION($,(1,0,0));
#1475=AXIS2_PLACEMENT_3D($,#1472,#1473,#1474);
#1476=PLANE($,#1475);
#1477=CARTESIAN_POINT($,(13.9,-162.23,0.1));
#1478=VERTEX_POINT($,#1477);
#1479=CARTESIAN_POINT($,(64.08,-162.23,0.1));
#1480=VERTEX_POINT($,#1479);
#1481=CARTESIAN_POINT($,(13.9,-162.23,0.1));
#1482=DIRECTION($,(1,0,0));
#1483=VECTOR($,#1482,1);
#1484=LINE($,#1481,#1483);
#1485=EDGE_CURVE($,#1478,#1480,#1484,.T.);
#1486=ORIENTED_EDGE($,$,$,#1485,.T.);
#1487=CARTESIAN_POINT($,(76.78,-149.53,0.1));
#1488=VERTEX_POINT($,#1487);
#1489=CARTESIAN_POINT($,(64.08,-149.53,0.1));
#1490=DIRECTION($,(0,0,1));
#1491=DIRECTION($,(1,0,0));
#1492=AXIS2_PLACEMENT_3D($,#1489,#1490,#1491);
#1493=CIRCLE($,#1492,12.7);
#1494=TRIMMED_CURVE($,#1493,(PARAMETER_VALUE(-1.5707963267949)),(PARAMETER_VALUE(0)),.T.,.PARAMETER.);
#1495=EDGE_CURVE($,#1480,#1488,#1494,.T.);
#1496=ORIENTED_EDGE($,$,$,#1495,.T.);
#1497=CARTESIAN_POINT($,(76.78,-13.9,0.1));
#1498=VERTEX_POINT($,#1497);
#1499=CARTESIAN_POINT($,(76.78,-149.53,0.1));
#1500=DIRECTION($,(0,1,0));
#1501=VECTOR($,#1500,1);
#1502=LINE($,#1499,#1501);
#1503=EDGE_CURVE($,#1488,#1498,#1502,.T.);
#1504=ORIENTED_EDGE($,$,$,#1503,.T.);
#1505=CARTESIAN_POINT($,(64.08,-1.2,0.1));
#1506=VERTEX_POINT($,#1505);
#1507=CARTESIAN_POINT($,(64.08,-13.9,0.1));
#1508=DIRECTION($,(0,0,1));
#1509=DIRECTION($,(1,0,0));
#1510=AXIS2_PLACEMENT_3D($,#1507,#1508,#1509);
#1511=CIRCLE($,#1510,12.7);
#1512=TRIMMED_CURVE($,#1511,(PARAMETER_VALUE(0)),(PARAMETER_VALUE(1.5707963267949)),.T.,.PARAMETER.);
#1513=EDGE_CURVE($,#1498,#1506,#1512,.T.);
#1514=ORIENTED_EDGE($,$,$,#1513,.T.);
#1515=CARTESIAN_POINT($,(13.9,-1.2,0.1));
#1516=VERTEX_POINT($,#1515);
#1517=CARTESIAN_POINT($,(64.08,-1.2,0.1));
#1518=DIRECTION($,(-1,0,0));
#1519=VECTOR($,#1518,1);
#1520=LINE($,#1517,#1519);
#1521=EDGE_CURVE($,#1506,#1516,#1520,.T.);
#1522=ORIENTED_EDGE($,$,$,#1521,.T.);
#1523=CARTESIAN_POINT($,(1.2,-13.9000000000001,0.1));
#1524=VERTEX_POINT($,#1523);
#1525=CARTESIAN_POINT($,(13.9,-13.9,0.1));
#1526=DIRECTION($,(0,0,1));
#1527=DIRECTION($,(1,0,0));
#1528=AXIS2_PLACEMENT_3D($,#1525,#1526,#1527);
#1529=CIRCLE($,#1528,12.7);
#1530=TRIMMED_CURVE($,#1529,(PARAMETER_VALUE(1.5707963267949)),(PARAMETER_VALUE(3.1415926535898)),.T.,.PARAMETER.);
#1531=EDGE_CURVE($,#1516,#1524,#1530,.T.);
#1532=ORIENTED_EDGE($,$,$,#1531,.T.);
#1533=CARTESIAN_POINT($,(1.2,-149.53,0.1));
#1534=VERTEX_POINT($,#1533);
#1535=CARTESIAN_POINT($,(1.2,-13.9000000000001,0.1));
#1536=DIRECTION($,(-0,-1,0));
#1537=VECTOR($,#1536,1);
#1538=LINE($,#1535,#1537);
#1539=EDGE_CURVE($,#1524,#1534,#1538,.T.);
#1540=ORIENTED_EDGE($,$,$,#1539,.T.);
#1541=CARTESIAN_POINT($,(13.9,-149.53,0.1));
#1542=DIRECTION($,(0,0,1));
#1543=DIRECTION($,(1,0,0));
#1544=AXIS2_PLACEMENT_3D($,#1541,#1542,#1543);
#1545=CIRCLE($,#1544,12.7);
#1546=TRIMMED_CURVE($,#1545,(PARAMETER_VALUE(3.1415926535898)),(PARAMETER_VALUE(4.7123889803847)),.T.,.PARAMETER.);
#1547=EDGE_CURVE($,#1534,#1478,#1546,.T.);
#1548=ORIENTED_EDGE($,$,$,#1547,.T.);
#1549=EDGE_LOOP($,(#1486,#1496,#1504,#1514,#1522,#1532,#1540,#1548));
#1550=FACE_OUTER_BOUND('',#1549,.T.);
#1551=ADVANCED_FACE('',(#1550),#1476,.T.);
#1552=CARTESIAN_POINT($,(13.9,-162.23,0));
#1553=DIRECTION($,(0,-1,0));
#1554=DIRECTION($,(0,0,1));
#1555=AXIS2_PLACEMENT_3D($,#1552,#1553,#1554);
#1556=PLANE($,#1555);
#1557=ORIENTED_EDGE($,$,$,#1405,.T.);
#1558=CARTESIAN_POINT($,(64.08,-162.23,0));
#1559=DIRECTION($,(0,0,1));
#1560=VECTOR($,#1559,1);
#1561=LINE($,#1558,#1560);
#1562=EDGE_CURVE($,#1400,#1480,#1561,.T.);
#1563=ORIENTED_EDGE($,$,$,#1562,.T.);
#1564=ORIENTED_EDGE($,$,$,#1485,.F.);
#1565=CARTESIAN_POINT($,(13.9,-162.23,0));
#1566=DIRECTION($,(0,0,1));
#1567=VECTOR($,#1566,1);
#1568=LINE($,#1565,#1567);
#1569=EDGE_CURVE($,#1398,#1478,#1568,.T.);
#1570=ORIENTED_EDGE($,$,$,#1569,.F.);
#1571=EDGE_LOOP($,(#1557,#1563,#1564,#1570));
#1572=FACE_OUTER_BOUND('',#1571,.T.);
#1573=ADVANCED_FACE('',(#1572),#1556,.T.);
#1574=CARTESIAN_POINT($,(64.08,-149.53,0));
#1575=DIRECTION($,(0,0,1));
#1576=DIRECTION($,(1,0,0));
#1577=AXIS2_PLACEMENT_3D($,#1574,#1575,#1576);
#1578=CYLINDRICAL_SURFACE($,#1577,12.7);
#1579=ORIENTED_EDGE($,$,$,#1415,.T.);
#1580=CARTESIAN_POINT($,(76.78,-149.53,0));
#1581=DIRECTION($,(0,0,1));
#1582=VECTOR($,#1581,1);
#1583=LINE($,#1580,#1582);
#1584=EDGE_CURVE($,#1408,#1488,#1583,.T.);
#1585=ORIENTED_EDGE($,$,$,#1584,.T.);
#1586=ORIENTED_EDGE($,$,$,#1495,.F.);
#1587=ORIENTED_EDGE($,$,$,#1562,.F.);
#1588=EDGE_LOOP($,(#1579,#1585,#1586,#1587));
#1589=FACE_OUTER_BOUND('',#1588,.T.);
#1590=ADVANCED_FACE('',(#1589),#1578,.T.);
#1591=CARTESIAN_POINT($,(76.78,-149.53,0));
#1592=DIRECTION($,(1,-0,0));
#1593=DIRECTION($,(0,0,1));
#1594=AXIS2_PLACEMENT_3D($,#1591,#1592,#1593);
#1595=PLANE($,#1594);
#1596=ORIENTED_EDGE($,$,$,#1423,.T.);
#1597=CARTESIAN_POINT($,(76.78,-13.9,0));
#1598=DIRECTION($,(0,0,1));
#1599=VECTOR($,#1598,1);
#1600=LINE($,#1597,#1599);
#1601=EDGE_CURVE($,#1418,#1498,#1600,.T.);
#1602=ORIENTED_EDGE($,$,$,#1601,.T.);
#1603=ORIENTED_EDGE($,$,$,#1503,.F.);
#1604=ORIENTED_EDGE($,$,$,#1584,.F.);
#1605=EDGE_LOOP($,(#1596,#1602,#1603,#1604));
#1606=FACE_OUTER_BOUND('',#1605,.T.);
#1607=ADVANCED_FACE('',(#1606),#1595,.T.);
#1608=CARTESIAN_POINT($,(64.08,-13.9,0));
#1609=DIRECTION($,(0,0,1));
#1610=DIRECTION($,(1,0,0));
#1611=AXIS2_PLACEMENT_3D($,#1608,#1609,#1610);
#1612=CYLINDRICAL_SURFACE($,#1611,12.7);
#1613=ORIENTED_EDGE($,$,$,#1433,.T.);
#1614=CARTESIAN_POINT($,(64.08,-1.2,0));
#1615=DIRECTION($,(0,0,1));
#1616=VECTOR($,#1615,1);
#1617=LINE($,#1614,#1616);
#1618=EDGE_CURVE($,#1426,#1506,#1617,.T.);
#1619=ORIENTED_EDGE($,$,$,#1618,.T.);
#1620=ORIENTED_EDGE($,$,$,#1513,.F.);
#1621=ORIENTED_EDGE($,$,$,#1601,.F.);
#1622=EDGE_LOOP($,(#1613,#1619,#1620,#1621));
#1623=FACE_OUTER_BOUND('',#1622,.T.);
#1624=ADVANCED_FACE('',(#1623),#1612,.T.);
#1625=CARTESIAN_POINT($,(64.08,-1.2,0));
#1626=DIRECTION($,(0,1,0));
#1627=DIRECTION($,(0,0,1));
#1628=AXIS2_PLACEMENT_3D($,#1625,#1626,#1627);
#1629=PLANE($,#1628);
#1630=ORIENTED_EDGE($,$,$,#1441,.T.);
#1631=CARTESIAN_POINT($,(13.9,-1.2,0));
#1632=DIRECTION($,(0,0,1));
#1633=VECTOR($,#1632,1);
#1634=LINE($,#1631,#1633);
#1635=EDGE_CURVE($,#1436,#1516,#1634,.T.);
#1636=ORIENTED_EDGE($,$,$,#1635,.T.);
#1637=ORIENTED_EDGE($,$,$,#1521,.F.);
#1638=ORIENTED_EDGE($,$,$,#1618,.F.);
#1639=EDGE_LOOP($,(#1630,#1636,#1637,#1638));
#1640=FACE_OUTER_BOUND('',#1639,.T.);
#1641=ADVANCED_FACE('',(#1640),#1629,.T.);
#1642=CARTESIAN_POINT($,(13.9,-13.9,0));
#1643=DIRECTION($,(0,0,1));
#1644=DIRECTION($,(1,0,0));
#1645=AXIS2_PLACEMENT_3D($,#1642,#1643,#1644);
#1646=CYLINDRICAL_SURFACE($,#1645,12.7);
#1647=ORIENTED_EDGE($,$,$,#1451,.T.);
#1648=CARTESIAN_POINT($,(1.2,-13.9000000000001,0));
#1649=DIRECTION($,(0,0,1));
#1650=VECTOR($,#1649,1);
#1651=LINE($,#1648,#1650);
#1652=EDGE_CURVE($,#1444,#1524,#1651,.T.);
#1653=ORIENTED_EDGE($,$,$,#1652,.T.);
#1654=ORIENTED_EDGE($,$,$,#1531,.F.);
#1655=ORIENTED_EDGE($,$,$,#1635,.F.);
#1656=EDGE_LOOP($,(#1647,#1653,#1654,#1655));
#1657=FACE_OUTER_BOUND('',#1656,.T.);
#1658=ADVANCED_FACE('',(#1657),#1646,.T.);
#1659=CARTESIAN_POINT($,(1.2,-13.9,0));
#1660=DIRECTION($,(-1,0,0));
#1661=DIRECTION($,(0,0,1));
#1662=AXIS2_PLACEMENT_3D($,#1659,#1660,#1661);
#1663=PLANE($,#1662);
#1664=ORIENTED_EDGE($,$,$,#1459,.T.);
#1665=CARTESIAN_POINT($,(1.2,-149.53,0));
#1666=DIRECTION($,(0,0,1));
#1667=VECTOR($,#1666,1);
#1668=LINE($,#1665,#1667);
#1669=EDGE_CURVE($,#1454,#1534,#1668,.T.);
#1670=ORIENTED_EDGE($,$,$,#1669,.T.);
#1671=ORIENTED_EDGE($,$,$,#1539,.F.);
#1672=ORIENTED_EDGE($,$,$,#1652,.F.);
#1673=EDGE_LOOP($,(#1664,#1670,#1671,#1672));
#1674=FACE_OUTER_BOUND('',#1673,.T.);
#1675=ADVANCED_FACE('',(#1674),#1663,.T.);
#1676=CARTESIAN_POINT($,(13.9,-149.53,0));
#1677=DIRECTION($,(0,0,1));
#1678=DIRECTION($,(1,0,0));
#1679=AXIS2_PLACEMENT_3D($,#1676,#1677,#1678);
#1680=CYLINDRICAL_SURFACE($,#1679,12.7);
#1681=ORIENTED_EDGE($,$,$,#1467,.T.);
#1682=ORIENTED_EDGE($,$,$,#1569,.T.);
#1683=ORIENTED_EDGE($,$,$,#1547,.F.);
#1684=ORIENTED_EDGE($,$,$,#1669,.F.);
#1685=EDGE_LOOP($,(#1681,#1682,#1683,#1684));
#1686=FACE_OUTER_BOUND('',#1685,.T.);
#1687=ADVANCED_FACE('',(#1686),#1680,.T.);
#1688=CLOSED_SHELL($,(#1471,#1551,#1573,#1590,#1607,#1624,#1641,#1658,#1675,#1687));
#1689=MANIFOLD_SOLID_BREP('FrontGlassPart<Spec: Standard>',#1688);
#1690=APPLICATION_CONTEXT('mechanical design');
#1691=PRODUCT_CONTEXT('',#1690,'mechanical');
#1692=PRODUCT('assembly-definition:A5D2841949DB633C','FrontGlassPart<Spec: Standard>','Aetheris shared assembly definition',(#1691));
#1693=PRODUCT_DEFINITION_FORMATION('','',#1692);
#1694=PRODUCT_DEFINITION_CONTEXT('design',#1690,'design');
#1695=PRODUCT_DEFINITION('','',#1693,#1694);
#1696=PRODUCT_DEFINITION_SHAPE('','',#1695);
#1697=(LENGTH_UNIT()NAMED_UNIT(*)SI_UNIT(.MILLI.,.METRE.));
#1698=(NAMED_UNIT(*)PLANE_ANGLE_UNIT()SI_UNIT($,.RADIAN.));
#1699=(NAMED_UNIT(*)SI_UNIT($,.STERADIAN.)SOLID_ANGLE_UNIT());
#1700=(GEOMETRIC_REPRESENTATION_CONTEXT(3)GLOBAL_UNIT_ASSIGNED_CONTEXT((#1697,#1698,#1699))REPRESENTATION_CONTEXT('3','3D'));
#1701=SHAPE_REPRESENTATION('FrontGlassPart<Spec: Standard>',(#1689),#1700);
#1702=SHAPE_DEFINITION_REPRESENTATION(#1696,#1701);
#1703=CARTESIAN_POINT($,(0,0,11.3));
#1704=DIRECTION($,(-0,-0,-1));
#1705=DIRECTION($,(1,0,0));
#1706=AXIS2_PLACEMENT_3D($,#1703,#1704,#1705);
#1707=PLANE($,#1706);
#1708=CARTESIAN_POINT($,(67.56,-13.82,11.3));
#1709=VERTEX_POINT($,#1708);
#1710=CARTESIAN_POINT($,(64.16,-13.82,11.3));
#1711=DIRECTION($,(0,0,1));
#1712=DIRECTION($,(1,0,0));
#1713=AXIS2_PLACEMENT_3D($,#1710,#1711,#1712);
#1714=CIRCLE($,#1713,3.4);
#1715=EDGE_CURVE($,#1709,#1709,#1714,.T.);
#1716=ORIENTED_EDGE($,$,$,#1715,.T.);
#1717=EDGE_LOOP($,(#1716));
#1718=FACE_OUTER_BOUND('',#1717,.T.);
#1719=ADVANCED_FACE('',(#1718),#1707,.T.);
#1720=CARTESIAN_POINT($,(0,0,11.32));
#1721=DIRECTION($,(0,0,1));
#1722=DIRECTION($,(1,0,0));
#1723=AXIS2_PLACEMENT_3D($,#1720,#1721,#1722);
#1724=PLANE($,#1723);
#1725=CARTESIAN_POINT($,(67.56,-13.82,11.32));
#1726=VERTEX_POINT($,#1725);
#1727=CARTESIAN_POINT($,(64.16,-13.82,11.32));
#1728=DIRECTION($,(0,0,1));
#1729=DIRECTION($,(1,0,0));
#1730=AXIS2_PLACEMENT_3D($,#1727,#1728,#1729);
#1731=CIRCLE($,#1730,3.4);
#1732=EDGE_CURVE($,#1726,#1726,#1731,.T.);
#1733=ORIENTED_EDGE($,$,$,#1732,.T.);
#1734=EDGE_LOOP($,(#1733));
#1735=FACE_OUTER_BOUND('',#1734,.T.);
#1736=ADVANCED_FACE('',(#1735),#1724,.T.);
#1737=CARTESIAN_POINT($,(64.16,-13.82,11.3));
#1738=DIRECTION($,(0,0,1));
#1739=DIRECTION($,(1,0,0));
#1740=AXIS2_PLACEMENT_3D($,#1737,#1738,#1739);
#1741=CYLINDRICAL_SURFACE($,#1740,3.4);
#1742=ORIENTED_EDGE($,$,$,#1715,.T.);
#1743=CARTESIAN_POINT($,(67.56,-13.82,11.3));
#1744=DIRECTION($,(0,0,1));
#1745=VECTOR($,#1744,1);
#1746=LINE($,#1743,#1745);
#1747=EDGE_CURVE($,#1709,#1726,#1746,.T.);
#1748=ORIENTED_EDGE($,$,$,#1747,.T.);
#1749=ORIENTED_EDGE($,$,$,#1732,.F.);
#1750=ORIENTED_EDGE($,$,$,#1747,.F.);
#1751=EDGE_LOOP($,(#1742,#1748,#1749,#1750));
#1752=FACE_OUTER_BOUND('',#1751,.T.);
#1753=ADVANCED_FACE('',(#1752),#1741,.T.);
#1754=CLOSED_SHELL($,(#1719,#1736,#1753));
#1755=MANIFOLD_SOLID_BREP('FlashPart<Spec: Standard>',#1754);
#1756=APPLICATION_CONTEXT('mechanical design');
#1757=PRODUCT_CONTEXT('',#1756,'mechanical');
#1758=PRODUCT('assembly-definition:D135351A48D9CEE5','FlashPart<Spec: Standard>','Aetheris shared assembly definition',(#1757));
#1759=PRODUCT_DEFINITION_FORMATION('','',#1758);
#1760=PRODUCT_DEFINITION_CONTEXT('design',#1756,'design');
#1761=PRODUCT_DEFINITION('','',#1759,#1760);
#1762=PRODUCT_DEFINITION_SHAPE('','',#1761);
#1763=(LENGTH_UNIT()NAMED_UNIT(*)SI_UNIT(.MILLI.,.METRE.));
#1764=(NAMED_UNIT(*)PLANE_ANGLE_UNIT()SI_UNIT($,.RADIAN.));
#1765=(NAMED_UNIT(*)SI_UNIT($,.STERADIAN.)SOLID_ANGLE_UNIT());
#1766=(GEOMETRIC_REPRESENTATION_CONTEXT(3)GLOBAL_UNIT_ASSIGNED_CONTEXT((#1763,#1764,#1765))REPRESENTATION_CONTEXT('3','3D'));
#1767=SHAPE_REPRESENTATION('FlashPart<Spec: Standard>',(#1755),#1766);
#1768=SHAPE_DEFINITION_REPRESENTATION(#1762,#1767);
#1769=CARTESIAN_POINT($,(0,0,0));
#1770=DIRECTION($,(-0,-0,-1));
#1771=DIRECTION($,(1,0,0));
#1772=AXIS2_PLACEMENT_3D($,#1769,#1770,#1771);
#1773=PLANE($,#1772);
#1774=CARTESIAN_POINT($,(13.9,-163.43,0));
#1775=VERTEX_POINT($,#1774);
#1776=CARTESIAN_POINT($,(64.08,-163.43,0));
#1777=VERTEX_POINT($,#1776);
#1778=CARTESIAN_POINT($,(13.9,-163.43,0));
#1779=DIRECTION($,(1,0,0));
#1780=VECTOR($,#1779,1);
#1781=LINE($,#1778,#1780);
#1782=EDGE_CURVE($,#1775,#1777,#1781,.T.);
#1783=ORIENTED_EDGE($,$,$,#1782,.T.);
#1784=CARTESIAN_POINT($,(77.98,-149.53,0));
#1785=VERTEX_POINT($,#1784);
#1786=CARTESIAN_POINT($,(64.08,-149.53,0));
#1787=DIRECTION($,(0,0,1));
#1788=DIRECTION($,(1,0,0));
#1789=AXIS2_PLACEMENT_3D($,#1786,#1787,#1788);
#1790=CIRCLE($,#1789,13.9);
#1791=TRIMMED_CURVE($,#1790,(PARAMETER_VALUE(-1.5707963267949)),(PARAMETER_VALUE(0)),.T.,.PARAMETER.);
#1792=EDGE_CURVE($,#1777,#1785,#1791,.T.);
#1793=ORIENTED_EDGE($,$,$,#1792,.T.);
#1794=CARTESIAN_POINT($,(77.98,-13.9,0));
#1795=VERTEX_POINT($,#1794);
#1796=CARTESIAN_POINT($,(77.98,-149.53,0));
#1797=DIRECTION($,(0,1,0));
#1798=VECTOR($,#1797,1);
#1799=LINE($,#1796,#1798);
#1800=EDGE_CURVE($,#1785,#1795,#1799,.T.);
#1801=ORIENTED_EDGE($,$,$,#1800,.T.);
#1802=CARTESIAN_POINT($,(64.08,0,0));
#1803=VERTEX_POINT($,#1802);
#1804=CARTESIAN_POINT($,(64.08,-13.9,0));
#1805=DIRECTION($,(0,0,1));
#1806=DIRECTION($,(1,0,0));
#1807=AXIS2_PLACEMENT_3D($,#1804,#1805,#1806);
#1808=CIRCLE($,#1807,13.9);
#1809=TRIMMED_CURVE($,#1808,(PARAMETER_VALUE(0)),(PARAMETER_VALUE(1.5707963267949)),.T.,.PARAMETER.);
#1810=EDGE_CURVE($,#1795,#1803,#1809,.T.);
#1811=ORIENTED_EDGE($,$,$,#1810,.T.);
#1812=CARTESIAN_POINT($,(13.9,0,0));
#1813=VERTEX_POINT($,#1812);
#1814=CARTESIAN_POINT($,(64.08,0,0));
#1815=DIRECTION($,(-1,0,0));
#1816=VECTOR($,#1815,1);
#1817=LINE($,#1814,#1816);
#1818=EDGE_CURVE($,#1803,#1813,#1817,.T.);
#1819=ORIENTED_EDGE($,$,$,#1818,.T.);
#1820=CARTESIAN_POINT($,(0,-13.9000000000001,0));
#1821=VERTEX_POINT($,#1820);
#1822=CARTESIAN_POINT($,(13.9,-13.9,0));
#1823=DIRECTION($,(0,0,1));
#1824=DIRECTION($,(1,0,0));
#1825=AXIS2_PLACEMENT_3D($,#1822,#1823,#1824);
#1826=CIRCLE($,#1825,13.9);
#1827=TRIMMED_CURVE($,#1826,(PARAMETER_VALUE(1.5707963267949)),(PARAMETER_VALUE(3.1415926535898)),.T.,.PARAMETER.);
#1828=EDGE_CURVE($,#1813,#1821,#1827,.T.);
#1829=ORIENTED_EDGE($,$,$,#1828,.T.);
#1830=CARTESIAN_POINT($,(0,-149.53,0));
#1831=VERTEX_POINT($,#1830);
#1832=CARTESIAN_POINT($,(0,-13.9000000000001,0));
#1833=DIRECTION($,(-0,-1,0));
#1834=VECTOR($,#1833,1);
#1835=LINE($,#1832,#1834);
#1836=EDGE_CURVE($,#1821,#1831,#1835,.T.);
#1837=ORIENTED_EDGE($,$,$,#1836,.T.);
#1838=CARTESIAN_POINT($,(13.9,-149.53,0));
#1839=DIRECTION($,(0,0,1));
#1840=DIRECTION($,(1,0,0));
#1841=AXIS2_PLACEMENT_3D($,#1838,#1839,#1840);
#1842=CIRCLE($,#1841,13.9);
#1843=TRIMMED_CURVE($,#1842,(PARAMETER_VALUE(3.1415926535898)),(PARAMETER_VALUE(4.7123889803847)),.T.,.PARAMETER.);
#1844=EDGE_CURVE($,#1831,#1775,#1843,.T.);
#1845=ORIENTED_EDGE($,$,$,#1844,.T.);
#1846=EDGE_LOOP($,(#1783,#1793,#1801,#1811,#1819,#1829,#1837,#1845));
#1847=FACE_OUTER_BOUND('',#1846,.T.);
#1848=ADVANCED_FACE('',(#1847),#1773,.T.);
#1849=CARTESIAN_POINT($,(0,0,8.75));
#1850=DIRECTION($,(0,0,1));
#1851=DIRECTION($,(1,0,0));
#1852=AXIS2_PLACEMENT_3D($,#1849,#1850,#1851);
#1853=PLANE($,#1852);
#1854=CARTESIAN_POINT($,(13.9,-163.43,8.75));
#1855=VERTEX_POINT($,#1854);
#1856=CARTESIAN_POINT($,(64.08,-163.43,8.75));
#1857=VERTEX_POINT($,#1856);
#1858=CARTESIAN_POINT($,(13.9,-163.43,8.75));
#1859=DIRECTION($,(1,0,0));
#1860=VECTOR($,#1859,1);
#1861=LINE($,#1858,#1860);
#1862=EDGE_CURVE($,#1855,#1857,#1861,.T.);
#1863=ORIENTED_EDGE($,$,$,#1862,.T.);
#1864=CARTESIAN_POINT($,(77.98,-149.53,8.75));
#1865=VERTEX_POINT($,#1864);
#1866=CARTESIAN_POINT($,(64.08,-149.53,8.75));
#1867=DIRECTION($,(0,0,1));
#1868=DIRECTION($,(1,0,0));
#1869=AXIS2_PLACEMENT_3D($,#1866,#1867,#1868);
#1870=CIRCLE($,#1869,13.9);
#1871=TRIMMED_CURVE($,#1870,(PARAMETER_VALUE(-1.5707963267949)),(PARAMETER_VALUE(0)),.T.,.PARAMETER.);
#1872=EDGE_CURVE($,#1857,#1865,#1871,.T.);
#1873=ORIENTED_EDGE($,$,$,#1872,.T.);
#1874=CARTESIAN_POINT($,(77.98,-13.9,8.75));
#1875=VERTEX_POINT($,#1874);
#1876=CARTESIAN_POINT($,(77.98,-149.53,8.75));
#1877=DIRECTION($,(0,1,0));
#1878=VECTOR($,#1877,1);
#1879=LINE($,#1876,#1878);
#1880=EDGE_CURVE($,#1865,#1875,#1879,.T.);
#1881=ORIENTED_EDGE($,$,$,#1880,.T.);
#1882=CARTESIAN_POINT($,(64.08,0,8.75));
#1883=VERTEX_POINT($,#1882);
#1884=CARTESIAN_POINT($,(64.08,-13.9,8.75));
#1885=DIRECTION($,(0,0,1));
#1886=DIRECTION($,(1,0,0));
#1887=AXIS2_PLACEMENT_3D($,#1884,#1885,#1886);
#1888=CIRCLE($,#1887,13.9);
#1889=TRIMMED_CURVE($,#1888,(PARAMETER_VALUE(0)),(PARAMETER_VALUE(1.5707963267949)),.T.,.PARAMETER.);
#1890=EDGE_CURVE($,#1875,#1883,#1889,.T.);
#1891=ORIENTED_EDGE($,$,$,#1890,.T.);
#1892=CARTESIAN_POINT($,(13.9,0,8.75));
#1893=VERTEX_POINT($,#1892);
#1894=CARTESIAN_POINT($,(64.08,0,8.75));
#1895=DIRECTION($,(-1,0,0));
#1896=VECTOR($,#1895,1);
#1897=LINE($,#1894,#1896);
#1898=EDGE_CURVE($,#1883,#1893,#1897,.T.);
#1899=ORIENTED_EDGE($,$,$,#1898,.T.);
#1900=CARTESIAN_POINT($,(0,-13.9000000000001,8.75));
#1901=VERTEX_POINT($,#1900);
#1902=CARTESIAN_POINT($,(13.9,-13.9,8.75));
#1903=DIRECTION($,(0,0,1));
#1904=DIRECTION($,(1,0,0));
#1905=AXIS2_PLACEMENT_3D($,#1902,#1903,#1904);
#1906=CIRCLE($,#1905,13.9);
#1907=TRIMMED_CURVE($,#1906,(PARAMETER_VALUE(1.5707963267949)),(PARAMETER_VALUE(3.1415926535898)),.T.,.PARAMETER.);
#1908=EDGE_CURVE($,#1893,#1901,#1907,.T.);
#1909=ORIENTED_EDGE($,$,$,#1908,.T.);
#1910=CARTESIAN_POINT($,(0,-149.53,8.75));
#1911=VERTEX_POINT($,#1910);
#1912=CARTESIAN_POINT($,(0,-13.9000000000001,8.75));
#1913=DIRECTION($,(-0,-1,0));
#1914=VECTOR($,#1913,1);
#1915=LINE($,#1912,#1914);
#1916=EDGE_CURVE($,#1901,#1911,#1915,.T.);
#1917=ORIENTED_EDGE($,$,$,#1916,.T.);
#1918=CARTESIAN_POINT($,(13.9,-149.53,8.75));
#1919=DIRECTION($,(0,0,1));
#1920=DIRECTION($,(1,0,0));
#1921=AXIS2_PLACEMENT_3D($,#1918,#1919,#1920);
#1922=CIRCLE($,#1921,13.9);
#1923=TRIMMED_CURVE($,#1922,(PARAMETER_VALUE(3.1415926535898)),(PARAMETER_VALUE(4.7123889803847)),.T.,.PARAMETER.);
#1924=EDGE_CURVE($,#1911,#1855,#1923,.T.);
#1925=ORIENTED_EDGE($,$,$,#1924,.T.);
#1926=EDGE_LOOP($,(#1863,#1873,#1881,#1891,#1899,#1909,#1917,#1925));
#1927=FACE_OUTER_BOUND('',#1926,.T.);
#1928=CARTESIAN_POINT($,(4.4396912245823,-43.6603087754177,8.75));
#1929=VERTEX_POINT($,#1928);
#1930=CARTESIAN_POINT($,(14.11,-45.49,8.75));
#1931=VERTEX_POINT($,#1930);
#1932=CARTESIAN_POINT($,(4.4396912245823,-43.6603087754177,8.75));
#1933=CARTESIAN_POINT($,(6.2693824491646,-45.49,8.75));
#1934=CARTESIAN_POINT($,(10.1896912245823,-45.49,8.75));
#1935=CARTESIAN_POINT($,(14.11,-45.49,8.75));
#1936=B_SPLINE_CURVE_WITH_KNOTS($,3,(#1932,#1933,#1934,#1935),.UNSPECIFIED.,.F.,.F.,(4,4),(0,1),.UNSPECIFIED.);
#1937=EDGE_CURVE($,#1929,#1931,#1936,.T.);
#1938=ORIENTED_EDGE($,$,$,#1937,.F.);
#1939=CARTESIAN_POINT($,(2.61,-33.99,8.75));
#1940=VERTEX_POINT($,#1939);
#1941=CARTESIAN_POINT($,(2.61,-33.99,8.75));
#1942=CARTESIAN_POINT($,(2.61,-37.9103087754177,8.75));
#1943=CARTESIAN_POINT($,(2.61,-41.8306175508354,8.75));
#1944=CARTESIAN_POINT($,(4.4396912245823,-43.6603087754177,8.75));
#1945=B_SPLINE_CURVE_WITH_KNOTS($,3,(#1941,#1942,#1943,#1944),.UNSPECIFIED.,.F.,.F.,(4,4),(0,1),.UNSPECIFIED.);
#1946=EDGE_CURVE($,#1940,#1929,#1945,.T.);
#1947=ORIENTED_EDGE($,$,$,#1946,.F.);
#1948=CARTESIAN_POINT($,(2.61,-13.99,8.75));
#1949=VERTEX_POINT($,#1948);
#1950=CARTESIAN_POINT($,(2.61,-13.99,8.75));
#1951=CARTESIAN_POINT($,(2.61,-33.99,8.75));
#1952=B_SPLINE_CURVE_WITH_KNOTS($,1,(#1950,#1951),.UNSPECIFIED.,.F.,.F.,(2,2),(0,1),.UNSPECIFIED.);
#1953=EDGE_CURVE($,#1949,#1940,#1952,.T.);
#1954=ORIENTED_EDGE($,$,$,#1953,.F.);
#1955=CARTESIAN_POINT($,(4.4396912245823,-4.3196912245823,8.75));
#1956=VERTEX_POINT($,#1955);
#1957=CARTESIAN_POINT($,(4.4396912245823,-4.3196912245823,8.75));
#1958=CARTESIAN_POINT($,(2.61,-6.1493824491646,8.75));
#1959=CARTESIAN_POINT($,(2.61,-10.0696912245823,8.75));
#1960=CARTESIAN_POINT($,(2.61,-13.99,8.75));
#1961=B_SPLINE_CURVE_WITH_KNOTS($,3,(#1957,#1958,#1959,#1960),.UNSPECIFIED.,.F.,.F.,(4,4),(0,1),.UNSPECIFIED.);
#1962=EDGE_CURVE($,#1956,#1949,#1961,.T.);
#1963=ORIENTED_EDGE($,$,$,#1962,.F.);
#1964=CARTESIAN_POINT($,(14.11,-2.49,8.75));
#1965=VERTEX_POINT($,#1964);
#1966=CARTESIAN_POINT($,(14.11,-2.49,8.75));
#1967=CARTESIAN_POINT($,(10.1896912245823,-2.49,8.75));
#1968=CARTESIAN_POINT($,(6.2693824491646,-2.49,8.75));
#1969=CARTESIAN_POINT($,(4.4396912245823,-4.3196912245823,8.75));
#1970=B_SPLINE_CURVE_WITH_KNOTS($,3,(#1966,#1967,#1968,#1969),.UNSPECIFIED.,.F.,.F.,(4,4),(0,1),.UNSPECIFIED.);
#1971=EDGE_CURVE($,#1965,#1956,#1970,.T.);
#1972=ORIENTED_EDGE($,$,$,#1971,.F.);
#1973=CARTESIAN_POINT($,(63.87,-2.49,8.75));
#1974=VERTEX_POINT($,#1973);
#1975=CARTESIAN_POINT($,(63.87,-2.49,8.75));
#1976=CARTESIAN_POINT($,(14.11,-2.49,8.75));
#1977=B_SPLINE_CURVE_WITH_KNOTS($,1,(#1975,#1976),.UNSPECIFIED.,.F.,.F.,(2,2),(0,1),.UNSPECIFIED.);
#1978=EDGE_CURVE($,#1974,#1965,#1977,.T.);
#1979=ORIENTED_EDGE($,$,$,#1978,.F.);
#1980=CARTESIAN_POINT($,(73.5403087754177,-4.3196912245823,8.75));
#1981=VERTEX_POINT($,#1980);
#1982=CARTESIAN_POINT($,(73.5403087754177,-4.3196912245823,8.75));
#1983=CARTESIAN_POINT($,(71.7106175508355,-2.49,8.75));
#1984=CARTESIAN_POINT($,(67.7903087754177,-2.49,8.75));
#1985=CARTESIAN_POINT($,(63.87,-2.49,8.75));
#1986=B_SPLINE_CURVE_WITH_KNOTS($,3,(#1982,#1983,#1984,#1985),.UNSPECIFIED.,.F.,.F.,(4,4),(0,1),.UNSPECIFIED.);
#1987=EDGE_CURVE($,#1981,#1974,#1986,.T.);
#1988=ORIENTED_EDGE($,$,$,#1987,.F.);
#1989=CARTESIAN_POINT($,(75.37,-13.99,8.75));
#1990=VERTEX_POINT($,#1989);
#1991=CARTESIAN_POINT($,(75.37,-13.99,8.75));
#1992=CARTESIAN_POINT($,(75.37,-10.0696912245823,8.75));
#1993=CARTESIAN_POINT($,(75.37,-6.1493824491646,8.75));
#1994=CARTESIAN_POINT($,(73.5403087754177,-4.3196912245823,8.75));
#1995=B_SPLINE_CURVE_WITH_KNOTS($,3,(#1991,#1992,#1993,#1994),.UNSPECIFIED.,.F.,.F.,(4,4),(0,1),.UNSPECIFIED.);
#1996=EDGE_CURVE($,#1990,#1981,#1995,.T.);
#1997=ORIENTED_EDGE($,$,$,#1996,.F.);
#1998=CARTESIAN_POINT($,(75.37,-33.99,8.75));
#1999=VERTEX_POINT($,#1998);
#2000=CARTESIAN_POINT($,(75.37,-33.99,8.75));
#2001=CARTESIAN_POINT($,(75.37,-13.99,8.75));
#2002=B_SPLINE_CURVE_WITH_KNOTS($,1,(#2000,#2001),.UNSPECIFIED.,.F.,.F.,(2,2),(0,1),.UNSPECIFIED.);
#2003=EDGE_CURVE($,#1999,#1990,#2002,.T.);
#2004=ORIENTED_EDGE($,$,$,#2003,.F.);
#2005=CARTESIAN_POINT($,(73.5403087754177,-43.6603087754177,8.75));
#2006=VERTEX_POINT($,#2005);
#2007=CARTESIAN_POINT($,(73.5403087754177,-43.6603087754177,8.75));
#2008=CARTESIAN_POINT($,(75.37,-41.8306175508354,8.75));
#2009=CARTESIAN_POINT($,(75.37,-37.9103087754177,8.75));
#2010=CARTESIAN_POINT($,(75.37,-33.99,8.75));
#2011=B_SPLINE_CURVE_WITH_KNOTS($,3,(#2007,#2008,#2009,#2010),.UNSPECIFIED.,.F.,.F.,(4,4),(0,1),.UNSPECIFIED.);
#2012=EDGE_CURVE($,#2006,#1999,#2011,.T.);
#2013=ORIENTED_EDGE($,$,$,#2012,.F.);
#2014=CARTESIAN_POINT($,(63.87,-45.49,8.75));
#2015=VERTEX_POINT($,#2014);
#2016=CARTESIAN_POINT($,(63.87,-45.49,8.75));
#2017=CARTESIAN_POINT($,(67.7903087754177,-45.49,8.75));
#2018=CARTESIAN_POINT($,(71.7106175508354,-45.49,8.75));
#2019=CARTESIAN_POINT($,(73.5403087754177,-43.6603087754177,8.75));
#2020=B_SPLINE_CURVE_WITH_KNOTS($,3,(#2016,#2017,#2018,#2019),.UNSPECIFIED.,.F.,.F.,(4,4),(0,1),.UNSPECIFIED.);
#2021=EDGE_CURVE($,#2015,#2006,#2020,.T.);
#2022=ORIENTED_EDGE($,$,$,#2021,.F.);
#2023=CARTESIAN_POINT($,(14.11,-45.49,8.75));
#2024=CARTESIAN_POINT($,(63.87,-45.49,8.75));
#2025=B_SPLINE_CURVE_WITH_KNOTS($,1,(#2023,#2024),.UNSPECIFIED.,.F.,.F.,(2,2),(0,1),.UNSPECIFIED.);
#2026=EDGE_CURVE($,#1931,#2015,#2025,.T.);
#2027=ORIENTED_EDGE($,$,$,#2026,.F.);
#2028=EDGE_LOOP($,(#1938,#1947,#1954,#1963,#1972,#1979,#1988,#1997,#2004,#2013,#2022,#2027));
#2029=FACE_BOUND('',#2028,.T.);
#2030=ADVANCED_FACE('',(#1927,#2029),#1853,.T.);
#2031=CARTESIAN_POINT($,(13.9,-163.43,0));
#2032=DIRECTION($,(0,-1,0));
#2033=DIRECTION($,(0,0,1));
#2034=AXIS2_PLACEMENT_3D($,#2031,#2032,#2033);
#2035=PLANE($,#2034);
#2036=ORIENTED_EDGE($,$,$,#1782,.T.);
#2037=CARTESIAN_POINT($,(64.08,-163.43,0));
#2038=DIRECTION($,(0,0,1));
#2039=VECTOR($,#2038,1);
#2040=LINE($,#2037,#2039);
#2041=EDGE_CURVE($,#1777,#1857,#2040,.T.);
#2042=ORIENTED_EDGE($,$,$,#2041,.T.);
#2043=ORIENTED_EDGE($,$,$,#1862,.F.);
#2044=CARTESIAN_POINT($,(13.9,-163.43,0));
#2045=DIRECTION($,(0,0,1));
#2046=VECTOR($,#2045,1);
#2047=LINE($,#2044,#2046);
#2048=EDGE_CURVE($,#1775,#1855,#2047,.T.);
#2049=ORIENTED_EDGE($,$,$,#2048,.F.);
#2050=EDGE_LOOP($,(#2036,#2042,#2043,#2049));
#2051=FACE_OUTER_BOUND('',#2050,.T.);
#2052=ADVANCED_FACE('',(#2051),#2035,.T.);
#2053=CARTESIAN_POINT($,(64.08,-149.53,0));
#2054=DIRECTION($,(0,0,1));
#2055=DIRECTION($,(1,0,0));
#2056=AXIS2_PLACEMENT_3D($,#2053,#2054,#2055);
#2057=CYLINDRICAL_SURFACE($,#2056,13.9);
#2058=ORIENTED_EDGE($,$,$,#1792,.T.);
#2059=CARTESIAN_POINT($,(77.98,-149.53,0));
#2060=DIRECTION($,(0,0,1));
#2061=VECTOR($,#2060,1);
#2062=LINE($,#2059,#2061);
#2063=EDGE_CURVE($,#1785,#1865,#2062,.T.);
#2064=ORIENTED_EDGE($,$,$,#2063,.T.);
#2065=ORIENTED_EDGE($,$,$,#1872,.F.);
#2066=ORIENTED_EDGE($,$,$,#2041,.F.);
#2067=EDGE_LOOP($,(#2058,#2064,#2065,#2066));
#2068=FACE_OUTER_BOUND('',#2067,.T.);
#2069=ADVANCED_FACE('',(#2068),#2057,.T.);
#2070=CARTESIAN_POINT($,(77.98,-149.53,0));
#2071=DIRECTION($,(1,-0,0));
#2072=DIRECTION($,(0,0,1));
#2073=AXIS2_PLACEMENT_3D($,#2070,#2071,#2072);
#2074=PLANE($,#2073);
#2075=ORIENTED_EDGE($,$,$,#1800,.T.);
#2076=CARTESIAN_POINT($,(77.98,-13.9,0));
#2077=DIRECTION($,(0,0,1));
#2078=VECTOR($,#2077,1);
#2079=LINE($,#2076,#2078);
#2080=EDGE_CURVE($,#1795,#1875,#2079,.T.);
#2081=ORIENTED_EDGE($,$,$,#2080,.T.);
#2082=ORIENTED_EDGE($,$,$,#1880,.F.);
#2083=ORIENTED_EDGE($,$,$,#2063,.F.);
#2084=EDGE_LOOP($,(#2075,#2081,#2082,#2083));
#2085=FACE_OUTER_BOUND('',#2084,.T.);
#2086=ADVANCED_FACE('',(#2085),#2074,.T.);
#2087=CARTESIAN_POINT($,(64.08,-13.9,0));
#2088=DIRECTION($,(0,0,1));
#2089=DIRECTION($,(1,0,0));
#2090=AXIS2_PLACEMENT_3D($,#2087,#2088,#2089);
#2091=CYLINDRICAL_SURFACE($,#2090,13.9);
#2092=ORIENTED_EDGE($,$,$,#1810,.T.);
#2093=CARTESIAN_POINT($,(64.08,0,0));
#2094=DIRECTION($,(0,0,1));
#2095=VECTOR($,#2094,1);
#2096=LINE($,#2093,#2095);
#2097=EDGE_CURVE($,#1803,#1883,#2096,.T.);
#2098=ORIENTED_EDGE($,$,$,#2097,.T.);
#2099=ORIENTED_EDGE($,$,$,#1890,.F.);
#2100=ORIENTED_EDGE($,$,$,#2080,.F.);
#2101=EDGE_LOOP($,(#2092,#2098,#2099,#2100));
#2102=FACE_OUTER_BOUND('',#2101,.T.);
#2103=ADVANCED_FACE('',(#2102),#2091,.T.);
#2104=CARTESIAN_POINT($,(64.08,-0,0));
#2105=DIRECTION($,(0,1,0));
#2106=DIRECTION($,(0,0,1));
#2107=AXIS2_PLACEMENT_3D($,#2104,#2105,#2106);
#2108=PLANE($,#2107);
#2109=ORIENTED_EDGE($,$,$,#1818,.T.);
#2110=CARTESIAN_POINT($,(13.9,0,0));
#2111=DIRECTION($,(0,0,1));
#2112=VECTOR($,#2111,1);
#2113=LINE($,#2110,#2112);
#2114=EDGE_CURVE($,#1813,#1893,#2113,.T.);
#2115=ORIENTED_EDGE($,$,$,#2114,.T.);
#2116=ORIENTED_EDGE($,$,$,#1898,.F.);
#2117=ORIENTED_EDGE($,$,$,#2097,.F.);
#2118=EDGE_LOOP($,(#2109,#2115,#2116,#2117));
#2119=FACE_OUTER_BOUND('',#2118,.T.);
#2120=ADVANCED_FACE('',(#2119),#2108,.T.);
#2121=CARTESIAN_POINT($,(13.9,-13.9,0));
#2122=DIRECTION($,(0,0,1));
#2123=DIRECTION($,(1,0,0));
#2124=AXIS2_PLACEMENT_3D($,#2121,#2122,#2123);
#2125=CYLINDRICAL_SURFACE($,#2124,13.9);
#2126=ORIENTED_EDGE($,$,$,#1828,.T.);
#2127=CARTESIAN_POINT($,(0,-13.9000000000001,0));
#2128=DIRECTION($,(0,0,1));
#2129=VECTOR($,#2128,1);
#2130=LINE($,#2127,#2129);
#2131=EDGE_CURVE($,#1821,#1901,#2130,.T.);
#2132=ORIENTED_EDGE($,$,$,#2131,.T.);
#2133=ORIENTED_EDGE($,$,$,#1908,.F.);
#2134=ORIENTED_EDGE($,$,$,#2114,.F.);
#2135=EDGE_LOOP($,(#2126,#2132,#2133,#2134));
#2136=FACE_OUTER_BOUND('',#2135,.T.);
#2137=ADVANCED_FACE('',(#2136),#2125,.T.);
#2138=CARTESIAN_POINT($,(0,-13.9,0));
#2139=DIRECTION($,(-1,0,0));
#2140=DIRECTION($,(0,0,1));
#2141=AXIS2_PLACEMENT_3D($,#2138,#2139,#2140);
#2142=PLANE($,#2141);
#2143=ORIENTED_EDGE($,$,$,#1836,.T.);
#2144=CARTESIAN_POINT($,(0,-149.53,0));
#2145=DIRECTION($,(0,0,1));
#2146=VECTOR($,#2145,1);
#2147=LINE($,#2144,#2146);
#2148=EDGE_CURVE($,#1831,#1911,#2147,.T.);
#2149=ORIENTED_EDGE($,$,$,#2148,.T.);
#2150=ORIENTED_EDGE($,$,$,#1916,.F.);
#2151=ORIENTED_EDGE($,$,$,#2131,.F.);
#2152=EDGE_LOOP($,(#2143,#2149,#2150,#2151));
#2153=FACE_OUTER_BOUND('',#2152,.T.);
#2154=ADVANCED_FACE('',(#2153),#2142,.T.);
#2155=CARTESIAN_POINT($,(13.9,-149.53,0));
#2156=DIRECTION($,(0,0,1));
#2157=DIRECTION($,(1,0,0));
#2158=AXIS2_PLACEMENT_3D($,#2155,#2156,#2157);
#2159=CYLINDRICAL_SURFACE($,#2158,13.9);
#2160=ORIENTED_EDGE($,$,$,#1844,.T.);
#2161=ORIENTED_EDGE($,$,$,#2048,.T.);
#2162=ORIENTED_EDGE($,$,$,#1924,.F.);
#2163=ORIENTED_EDGE($,$,$,#2148,.F.);
#2164=EDGE_LOOP($,(#2160,#2161,#2162,#2163));
#2165=FACE_OUTER_BOUND('',#2164,.T.);
#2166=ADVANCED_FACE('',(#2165),#2159,.T.);
#2167=CARTESIAN_POINT($,(14.11,-45.49,8.75));
#2168=CARTESIAN_POINT($,(14.3993023255814,-45.24,8.75));
#2169=CARTESIAN_POINT($,(14.6886046511628,-44.99,8.75));
#2170=CARTESIAN_POINT($,(15.2672093023256,-44.49,9.3875));
#2171=CARTESIAN_POINT($,(15.2672093023256,-44.49,9.70625));
#2172=CARTESIAN_POINT($,(15.2672093023256,-44.49,10.025));
#2173=CARTESIAN_POINT($,(63.87,-45.49,8.75));
#2174=CARTESIAN_POINT($,(63.5806976744186,-45.24,8.75));
#2175=CARTESIAN_POINT($,(63.2913953488372,-44.99,8.75));
#2176=CARTESIAN_POINT($,(62.7127906976744,-44.49,9.3875));
#2177=CARTESIAN_POINT($,(62.7127906976744,-44.49,9.70625));
#2178=CARTESIAN_POINT($,(62.7127906976744,-44.49,10.025));
#2179=B_SPLINE_SURFACE_WITH_KNOTS($,1,5,((#2167,#2168,#2169,#2170,#2171,#2172),(#2173,#2174,#2175,#2176,#2177,#2178)),.UNSPECIFIED.,.F.,.F.,.F.,(2,2),(6,6),(0,1),(0,1),.UNSPECIFIED.);
#2180=ORIENTED_EDGE($,$,$,#2026,.T.);
#2181=CARTESIAN_POINT($,(62.7127906976744,-44.49,10.025));
#2182=VERTEX_POINT($,#2181);
#2183=CARTESIAN_POINT($,(63.87,-45.49,8.75));
#2184=CARTESIAN_POINT($,(63.5806976744186,-45.24,8.75));
#2185=CARTESIAN_POINT($,(63.2913953488372,-44.99,8.75));
#2186=CARTESIAN_POINT($,(62.7127906976744,-44.49,9.3875));
#2187=CARTESIAN_POINT($,(62.7127906976744,-44.49,9.70625));
#2188=CARTESIAN_POINT($,(62.7127906976744,-44.49,10.025));
#2189=B_SPLINE_CURVE_WITH_KNOTS($,5,(#2183,#2184,#2185,#2186,#2187,#2188),.UNSPECIFIED.,.F.,.F.,(6,6),(0,1),.UNSPECIFIED.);
#2190=EDGE_CURVE($,#2015,#2182,#2189,.T.);
#2191=ORIENTED_EDGE($,$,$,#2190,.T.);
#2192=CARTESIAN_POINT($,(15.2672093023256,-44.49,10.025));
#2193=VERTEX_POINT($,#2192);
#2194=CARTESIAN_POINT($,(15.2672093023256,-44.49,10.025));
#2195=CARTESIAN_POINT($,(62.7127906976744,-44.49,10.025));
#2196=B_SPLINE_CURVE_WITH_KNOTS($,1,(#2194,#2195),.UNSPECIFIED.,.F.,.F.,(2,2),(0,1),.UNSPECIFIED.);
#2197=EDGE_CURVE($,#2193,#2182,#2196,.T.);
#2198=ORIENTED_EDGE($,$,$,#2197,.F.);
#2199=CARTESIAN_POINT($,(14.11,-45.49,8.75));
#2200=CARTESIAN_POINT($,(14.3993023255814,-45.24,8.75));
#2201=CARTESIAN_POINT($,(14.6886046511628,-44.99,8.75));
#2202=CARTESIAN_POINT($,(15.2672093023256,-44.49,9.3875));
#2203=CARTESIAN_POINT($,(15.2672093023256,-44.49,9.70625));
#2204=CARTESIAN_POINT($,(15.2672093023256,-44.49,10.025));
#2205=B_SPLINE_CURVE_WITH_KNOTS($,5,(#2199,#2200,#2201,#2202,#2203,#2204),.UNSPECIFIED.,.F.,.F.,(6,6),(0,1),.UNSPECIFIED.);
#2206=EDGE_CURVE($,#1931,#2193,#2205,.T.);
#2207=ORIENTED_EDGE($,$,$,#2206,.F.);
#2208=EDGE_LOOP($,(#2180,#2191,#2198,#2207));
#2209=FACE_OUTER_BOUND('',#2208,.T.);
#2210=ADVANCED_FACE('',(#2209),#2179,.T.);
#2211=CARTESIAN_POINT($,(63.87,-45.49,8.75));
#2212=CARTESIAN_POINT($,(63.5806976744186,-45.24,8.75));
#2213=CARTESIAN_POINT($,(63.2913953488372,-44.99,8.75));
#2214=CARTESIAN_POINT($,(62.7127906976744,-44.49,9.3875));
#2215=CARTESIAN_POINT($,(62.7127906976744,-44.49,9.70625));
#2216=CARTESIAN_POINT($,(62.7127906976744,-44.49,10.025));
#2217=CARTESIAN_POINT($,(67.7903087754177,-45.49,8.75));
#2218=CARTESIAN_POINT($,(67.4554214640756,-45.24,8.75));
#2219=CARTESIAN_POINT($,(67.1205341527336,-44.99,8.75));
#2220=CARTESIAN_POINT($,(66.4507595300495,-44.49,9.3875));
#2221=CARTESIAN_POINT($,(66.4507595300495,-44.49,9.70625));
#2222=CARTESIAN_POINT($,(66.4507595300495,-44.49,10.025));
#2223=CARTESIAN_POINT($,(71.7106175508354,-45.49,8.75));
#2224=CARTESIAN_POINT($,(71.3301452537327,-45.24,8.75));
#2225=CARTESIAN_POINT($,(70.94967295663,-44.99,8.75));
#2226=CARTESIAN_POINT($,(70.1887283624245,-44.49,9.3875));
#2227=CARTESIAN_POINT($,(70.1887283624245,-44.49,9.70625));
#2228=CARTESIAN_POINT($,(70.1887283624245,-44.49,10.025));
#2229=CARTESIAN_POINT($,(73.5403087754177,-43.6603087754177,8.75));
#2230=CARTESIAN_POINT($,(73.1385609989594,-43.4315842547733,8.75));
#2231=CARTESIAN_POINT($,(72.736813222501,-43.2028597341289,8.75));
#2232=CARTESIAN_POINT($,(71.9333176695843,-42.7454106928402,9.3875));
#2233=CARTESIAN_POINT($,(71.9333176695843,-42.7454106928402,9.70625));
#2234=CARTESIAN_POINT($,(71.9333176695843,-42.7454106928402,10.025));
#2235=B_SPLINE_SURFACE_WITH_KNOTS($,3,5,((#2211,#2212,#2213,#2214,#2215,#2216),(#2217,#2218,#2219,#2220,#2221,#2222),(#2223,#2224,#2225,#2226,#2227,#2228),(#2229,#2230,#2231,#2232,#2233,#2234)),.UNSPECIFIED.,.F.,.F.,.F.,(4,4),(6,6),(0,1),(0,1),.UNSPECIFIED.);
#2236=ORIENTED_EDGE($,$,$,#2021,.T.);
#2237=CARTESIAN_POINT($,(71.9333176695843,-42.7454106928402,10.025));
#2238=VERTEX_POINT($,#2237);
#2239=CARTESIAN_POINT($,(73.5403087754177,-43.6603087754177,8.75));
#2240=CARTESIAN_POINT($,(73.1385609989594,-43.4315842547733,8.75));
#2241=CARTESIAN_POINT($,(72.736813222501,-43.2028597341289,8.75));
#2242=CARTESIAN_POINT($,(71.9333176695843,-42.7454106928402,9.3875));
#2243=CARTESIAN_POINT($,(71.9333176695843,-42.7454106928402,9.70625));
#2244=CARTESIAN_POINT($,(71.9333176695843,-42.7454106928402,10.025));
#2245=B_SPLINE_CURVE_WITH_KNOTS($,5,(#2239,#2240,#2241,#2242,#2243,#2244),.UNSPECIFIED.,.F.,.F.,(6,6),(0,1),.UNSPECIFIED.);
#2246=EDGE_CURVE($,#2006,#2238,#2245,.T.);
#2247=ORIENTED_EDGE($,$,$,#2246,.T.);
#2248=CARTESIAN_POINT($,(62.7127906976744,-44.49,10.025));
#2249=CARTESIAN_POINT($,(66.4507595300495,-44.49,10.025));
#2250=CARTESIAN_POINT($,(70.1887283624245,-44.49,10.025));
#2251=CARTESIAN_POINT($,(71.9333176695843,-42.7454106928402,10.025));
#2252=B_SPLINE_CURVE_WITH_KNOTS($,3,(#2248,#2249,#2250,#2251),.UNSPECIFIED.,.F.,.F.,(4,4),(0,1),.UNSPECIFIED.);
#2253=EDGE_CURVE($,#2182,#2238,#2252,.T.);
#2254=ORIENTED_EDGE($,$,$,#2253,.F.);
#2255=ORIENTED_EDGE($,$,$,#2190,.F.);
#2256=EDGE_LOOP($,(#2236,#2247,#2254,#2255));
#2257=FACE_OUTER_BOUND('',#2256,.T.);
#2258=ADVANCED_FACE('',(#2257),#2235,.T.);
#2259=CARTESIAN_POINT($,(73.5403087754177,-43.6603087754177,8.75));
#2260=CARTESIAN_POINT($,(73.1385609989594,-43.4315842547733,8.75));
#2261=CARTESIAN_POINT($,(72.736813222501,-43.2028597341289,8.75));
#2262=CARTESIAN_POINT($,(71.9333176695843,-42.7454106928402,9.3875));
#2263=CARTESIAN_POINT($,(71.9333176695843,-42.7454106928402,9.70625));
#2264=CARTESIAN_POINT($,(71.9333176695843,-42.7454106928402,10.025));
#2265=CARTESIAN_POINT($,(75.37,-41.8306175508354,8.75));
#2266=CARTESIAN_POINT($,(74.9469767441861,-41.6231685095466,8.75));
#2267=CARTESIAN_POINT($,(74.5239534883721,-41.4157194682579,8.75));
#2268=CARTESIAN_POINT($,(73.6779069767442,-41.0008213856803,9.3875));
#2269=CARTESIAN_POINT($,(73.6779069767442,-41.0008213856803,9.70625));
#2270=CARTESIAN_POINT($,(73.6779069767442,-41.0008213856803,10.025));
#2271=CARTESIAN_POINT($,(75.37,-37.9103087754177,8.75));
#2272=CARTESIAN_POINT($,(74.9469767441861,-37.7484447198896,8.75));
#2273=CARTESIAN_POINT($,(74.5239534883721,-37.5865806643615,8.75));
#2274=CARTESIAN_POINT($,(73.6779069767442,-37.2628525533053,9.3875));
#2275=CARTESIAN_POINT($,(73.6779069767442,-37.2628525533053,9.70625));
#2276=CARTESIAN_POINT($,(73.6779069767442,-37.2628525533053,10.025));
#2277=CARTESIAN_POINT($,(75.37,-33.99,8.75));
#2278=CARTESIAN_POINT($,(74.9469767441861,-33.8737209302326,8.75));
#2279=CARTESIAN_POINT($,(74.5239534883721,-33.7574418604651,8.75));
#2280=CARTESIAN_POINT($,(73.6779069767442,-33.5248837209302,9.3875));
#2281=CARTESIAN_POINT($,(73.6779069767442,-33.5248837209302,9.70625));
#2282=CARTESIAN_POINT($,(73.6779069767442,-33.5248837209302,10.025));
#2283=B_SPLINE_SURFACE_WITH_KNOTS($,3,5,((#2259,#2260,#2261,#2262,#2263,#2264),(#2265,#2266,#2267,#2268,#2269,#2270),(#2271,#2272,#2273,#2274,#2275,#2276),(#2277,#2278,#2279,#2280,#2281,#2282)),.UNSPECIFIED.,.F.,.F.,.F.,(4,4),(6,6),(0,1),(0,1),.UNSPECIFIED.);
#2284=ORIENTED_EDGE($,$,$,#2012,.T.);
#2285=CARTESIAN_POINT($,(73.6779069767442,-33.5248837209302,10.025));
#2286=VERTEX_POINT($,#2285);
#2287=CARTESIAN_POINT($,(75.37,-33.99,8.75));
#2288=CARTESIAN_POINT($,(74.9469767441861,-33.8737209302326,8.75));
#2289=CARTESIAN_POINT($,(74.5239534883721,-33.7574418604651,8.75));
#2290=CARTESIAN_POINT($,(73.6779069767442,-33.5248837209302,9.3875));
#2291=CARTESIAN_POINT($,(73.6779069767442,-33.5248837209302,9.70625));
#2292=CARTESIAN_POINT($,(73.6779069767442,-33.5248837209302,10.025));
#2293=B_SPLINE_CURVE_WITH_KNOTS($,5,(#2287,#2288,#2289,#2290,#2291,#2292),.UNSPECIFIED.,.F.,.F.,(6,6),(0,1),.UNSPECIFIED.);
#2294=EDGE_CURVE($,#1999,#2286,#2293,.T.);
#2295=ORIENTED_EDGE($,$,$,#2294,.T.);
#2296=CARTESIAN_POINT($,(71.9333176695843,-42.7454106928402,10.025));
#2297=CARTESIAN_POINT($,(73.6779069767442,-41.0008213856803,10.025));
#2298=CARTESIAN_POINT($,(73.6779069767442,-37.2628525533053,10.025));
#2299=CARTESIAN_POINT($,(73.6779069767442,-33.5248837209302,10.025));
#2300=B_SPLINE_CURVE_WITH_KNOTS($,3,(#2296,#2297,#2298,#2299),.UNSPECIFIED.,.F.,.F.,(4,4),(0,1),.UNSPECIFIED.);
#2301=EDGE_CURVE($,#2238,#2286,#2300,.T.);
#2302=ORIENTED_EDGE($,$,$,#2301,.F.);
#2303=ORIENTED_EDGE($,$,$,#2246,.F.);
#2304=EDGE_LOOP($,(#2284,#2295,#2302,#2303));
#2305=FACE_OUTER_BOUND('',#2304,.T.);
#2306=ADVANCED_FACE('',(#2305),#2283,.T.);
#2307=CARTESIAN_POINT($,(75.37,-33.99,8.75));
#2308=CARTESIAN_POINT($,(74.9469767441861,-33.8737209302326,8.75));
#2309=CARTESIAN_POINT($,(74.5239534883721,-33.7574418604651,8.75));
#2310=CARTESIAN_POINT($,(73.6779069767442,-33.5248837209302,9.3875));
#2311=CARTESIAN_POINT($,(73.6779069767442,-33.5248837209302,9.70625));
#2312=CARTESIAN_POINT($,(73.6779069767442,-33.5248837209302,10.025));
#2313=CARTESIAN_POINT($,(75.37,-13.99,8.75));
#2314=CARTESIAN_POINT($,(74.9469767441861,-14.1062790697674,8.75));
#2315=CARTESIAN_POINT($,(74.5239534883721,-14.2225581395349,8.75));
#2316=CARTESIAN_POINT($,(73.6779069767442,-14.4551162790698,9.3875));
#2317=CARTESIAN_POINT($,(73.6779069767442,-14.4551162790698,9.70625));
#2318=CARTESIAN_POINT($,(73.6779069767442,-14.4551162790698,10.025));
#2319=B_SPLINE_SURFACE_WITH_KNOTS($,1,5,((#2307,#2308,#2309,#2310,#2311,#2312),(#2313,#2314,#2315,#2316,#2317,#2318)),.UNSPECIFIED.,.F.,.F.,.F.,(2,2),(6,6),(0,1),(0,1),.UNSPECIFIED.);
#2320=ORIENTED_EDGE($,$,$,#2003,.T.);
#2321=CARTESIAN_POINT($,(73.6779069767442,-14.4551162790698,10.025));
#2322=VERTEX_POINT($,#2321);
#2323=CARTESIAN_POINT($,(75.37,-13.99,8.75));
#2324=CARTESIAN_POINT($,(74.9469767441861,-14.1062790697674,8.75));
#2325=CARTESIAN_POINT($,(74.5239534883721,-14.2225581395349,8.75));
#2326=CARTESIAN_POINT($,(73.6779069767442,-14.4551162790698,9.3875));
#2327=CARTESIAN_POINT($,(73.6779069767442,-14.4551162790698,9.70625));
#2328=CARTESIAN_POINT($,(73.6779069767442,-14.4551162790698,10.025));
#2329=B_SPLINE_CURVE_WITH_KNOTS($,5,(#2323,#2324,#2325,#2326,#2327,#2328),.UNSPECIFIED.,.F.,.F.,(6,6),(0,1),.UNSPECIFIED.);
#2330=EDGE_CURVE($,#1990,#2322,#2329,.T.);
#2331=ORIENTED_EDGE($,$,$,#2330,.T.);
#2332=CARTESIAN_POINT($,(73.6779069767442,-33.5248837209302,10.025));
#2333=CARTESIAN_POINT($,(73.6779069767442,-14.4551162790698,10.025));
#2334=B_SPLINE_CURVE_WITH_KNOTS($,1,(#2332,#2333),.UNSPECIFIED.,.F.,.F.,(2,2),(0,1),.UNSPECIFIED.);
#2335=EDGE_CURVE($,#2286,#2322,#2334,.T.);
#2336=ORIENTED_EDGE($,$,$,#2335,.F.);
#2337=ORIENTED_EDGE($,$,$,#2294,.F.);
#2338=EDGE_LOOP($,(#2320,#2331,#2336,#2337));
#2339=FACE_OUTER_BOUND('',#2338,.T.);
#2340=ADVANCED_FACE('',(#2339),#2319,.T.);
#2341=CARTESIAN_POINT($,(75.37,-13.99,8.75));
#2342=CARTESIAN_POINT($,(74.9469767441861,-14.1062790697674,8.75));
#2343=CARTESIAN_POINT($,(74.5239534883721,-14.2225581395349,8.75));
#2344=CARTESIAN_POINT($,(73.6779069767442,-14.4551162790698,9.3875));
#2345=CARTESIAN_POINT($,(73.6779069767442,-14.4551162790698,9.70625));
#2346=CARTESIAN_POINT($,(73.6779069767442,-14.4551162790698,10.025));
#2347=CARTESIAN_POINT($,(75.37,-10.0696912245823,8.75));
#2348=CARTESIAN_POINT($,(74.9469767441861,-10.2315552801104,8.75));
#2349=CARTESIAN_POINT($,(74.5239534883721,-10.3934193356385,8.75));
#2350=CARTESIAN_POINT($,(73.6779069767442,-10.7171474466947,9.3875));
#2351=CARTESIAN_POINT($,(73.6779069767442,-10.7171474466947,9.70625));
#2352=CARTESIAN_POINT($,(73.6779069767442,-10.7171474466947,10.025));
#2353=CARTESIAN_POINT($,(75.37,-6.1493824491646,8.75));
#2354=CARTESIAN_POINT($,(74.9469767441861,-6.3568314904534,8.75));
#2355=CARTESIAN_POINT($,(74.5239534883721,-6.5642805317421,8.75));
#2356=CARTESIAN_POINT($,(73.6779069767442,-6.9791786143197,9.3875));
#2357=CARTESIAN_POINT($,(73.6779069767442,-6.9791786143197,9.70625));
#2358=CARTESIAN_POINT($,(73.6779069767442,-6.9791786143197,10.025));
#2359=CARTESIAN_POINT($,(73.5403087754177,-4.3196912245823,8.75));
#2360=CARTESIAN_POINT($,(73.1385609989594,-4.5484157452267,8.75));
#2361=CARTESIAN_POINT($,(72.736813222501,-4.7771402658711,8.75));
#2362=CARTESIAN_POINT($,(71.9333176695843,-5.2345893071599,9.3875));
#2363=CARTESIAN_POINT($,(71.9333176695843,-5.2345893071599,9.70625));
#2364=CARTESIAN_POINT($,(71.9333176695843,-5.2345893071599,10.025));
#2365=B_SPLINE_SURFACE_WITH_KNOTS($,3,5,((#2341,#2342,#2343,#2344,#2345,#2346),(#2347,#2348,#2349,#2350,#2351,#2352),(#2353,#2354,#2355,#2356,#2357,#2358),(#2359,#2360,#2361,#2362,#2363,#2364)),.UNSPECIFIED.,.F.,.F.,.F.,(4,4),(6,6),(0,1),(0,1),.UNSPECIFIED.);
#2366=ORIENTED_EDGE($,$,$,#1996,.T.);
#2367=CARTESIAN_POINT($,(71.9333176695843,-5.2345893071599,10.025));
#2368=VERTEX_POINT($,#2367);
#2369=CARTESIAN_POINT($,(73.5403087754177,-4.3196912245823,8.75));
#2370=CARTESIAN_POINT($,(73.1385609989594,-4.5484157452267,8.75));
#2371=CARTESIAN_POINT($,(72.736813222501,-4.7771402658711,8.75));
#2372=CARTESIAN_POINT($,(71.9333176695843,-5.2345893071599,9.3875));
#2373=CARTESIAN_POINT($,(71.9333176695843,-5.2345893071599,9.70625));
#2374=CARTESIAN_POINT($,(71.9333176695843,-5.2345893071599,10.025));
#2375=B_SPLINE_CURVE_WITH_KNOTS($,5,(#2369,#2370,#2371,#2372,#2373,#2374),.UNSPECIFIED.,.F.,.F.,(6,6),(0,1),.UNSPECIFIED.);
#2376=EDGE_CURVE($,#1981,#2368,#2375,.T.);
#2377=ORIENTED_EDGE($,$,$,#2376,.T.);
#2378=CARTESIAN_POINT($,(73.6779069767442,-14.4551162790698,10.025));
#2379=CARTESIAN_POINT($,(73.6779069767442,-10.7171474466947,10.025));
#2380=CARTESIAN_POINT($,(73.6779069767442,-6.9791786143197,10.025));
#2381=CARTESIAN_POINT($,(71.9333176695843,-5.2345893071599,10.025));
#2382=B_SPLINE_CURVE_WITH_KNOTS($,3,(#2378,#2379,#2380,#2381),.UNSPECIFIED.,.F.,.F.,(4,4),(0,1),.UNSPECIFIED.);
#2383=EDGE_CURVE($,#2322,#2368,#2382,.T.);
#2384=ORIENTED_EDGE($,$,$,#2383,.F.);
#2385=ORIENTED_EDGE($,$,$,#2330,.F.);
#2386=EDGE_LOOP($,(#2366,#2377,#2384,#2385));
#2387=FACE_OUTER_BOUND('',#2386,.T.);
#2388=ADVANCED_FACE('',(#2387),#2365,.T.);
#2389=CARTESIAN_POINT($,(73.5403087754177,-4.3196912245823,8.75));
#2390=CARTESIAN_POINT($,(73.1385609989594,-4.5484157452267,8.75));
#2391=CARTESIAN_POINT($,(72.736813222501,-4.7771402658711,8.75));
#2392=CARTESIAN_POINT($,(71.9333176695843,-5.2345893071599,9.3875));
#2393=CARTESIAN_POINT($,(71.9333176695843,-5.2345893071599,9.70625));
#2394=CARTESIAN_POINT($,(71.9333176695843,-5.2345893071599,10.025));
#2395=CARTESIAN_POINT($,(71.7106175508355,-2.49,8.75));
#2396=CARTESIAN_POINT($,(71.3301452537327,-2.74,8.75));
#2397=CARTESIAN_POINT($,(70.94967295663,-2.99,8.75));
#2398=CARTESIAN_POINT($,(70.1887283624245,-3.49,9.3875));
#2399=CARTESIAN_POINT($,(70.1887283624245,-3.49,9.70625));
#2400=CARTESIAN_POINT($,(70.1887283624245,-3.49,10.025));
#2401=CARTESIAN_POINT($,(67.7903087754177,-2.49,8.75));
#2402=CARTESIAN_POINT($,(67.4554214640756,-2.74,8.75));
#2403=CARTESIAN_POINT($,(67.1205341527336,-2.99,8.75));
#2404=CARTESIAN_POINT($,(66.4507595300495,-3.49,9.3875));
#2405=CARTESIAN_POINT($,(66.4507595300495,-3.49,9.70625));
#2406=CARTESIAN_POINT($,(66.4507595300495,-3.49,10.025));
#2407=CARTESIAN_POINT($,(63.87,-2.49,8.75));
#2408=CARTESIAN_POINT($,(63.5806976744186,-2.74,8.75));
#2409=CARTESIAN_POINT($,(63.2913953488372,-2.99,8.75));
#2410=CARTESIAN_POINT($,(62.7127906976744,-3.49,9.3875));
#2411=CARTESIAN_POINT($,(62.7127906976744,-3.49,9.70625));
#2412=CARTESIAN_POINT($,(62.7127906976744,-3.49,10.025));
#2413=B_SPLINE_SURFACE_WITH_KNOTS($,3,5,((#2389,#2390,#2391,#2392,#2393,#2394),(#2395,#2396,#2397,#2398,#2399,#2400),(#2401,#2402,#2403,#2404,#2405,#2406),(#2407,#2408,#2409,#2410,#2411,#2412)),.UNSPECIFIED.,.F.,.F.,.F.,(4,4),(6,6),(0,1),(0,1),.UNSPECIFIED.);
#2414=ORIENTED_EDGE($,$,$,#1987,.T.);
#2415=CARTESIAN_POINT($,(62.7127906976744,-3.49,10.025));
#2416=VERTEX_POINT($,#2415);
#2417=CARTESIAN_POINT($,(63.87,-2.49,8.75));
#2418=CARTESIAN_POINT($,(63.5806976744186,-2.74,8.75));
#2419=CARTESIAN_POINT($,(63.2913953488372,-2.99,8.75));
#2420=CARTESIAN_POINT($,(62.7127906976744,-3.49,9.3875));
#2421=CARTESIAN_POINT($,(62.7127906976744,-3.49,9.70625));
#2422=CARTESIAN_POINT($,(62.7127906976744,-3.49,10.025));
#2423=B_SPLINE_CURVE_WITH_KNOTS($,5,(#2417,#2418,#2419,#2420,#2421,#2422),.UNSPECIFIED.,.F.,.F.,(6,6),(0,1),.UNSPECIFIED.);
#2424=EDGE_CURVE($,#1974,#2416,#2423,.T.);
#2425=ORIENTED_EDGE($,$,$,#2424,.T.);
#2426=CARTESIAN_POINT($,(71.9333176695843,-5.2345893071599,10.025));
#2427=CARTESIAN_POINT($,(70.1887283624245,-3.49,10.025));
#2428=CARTESIAN_POINT($,(66.4507595300495,-3.49,10.025));
#2429=CARTESIAN_POINT($,(62.7127906976744,-3.49,10.025));
#2430=B_SPLINE_CURVE_WITH_KNOTS($,3,(#2426,#2427,#2428,#2429),.UNSPECIFIED.,.F.,.F.,(4,4),(0,1),.UNSPECIFIED.);
#2431=EDGE_CURVE($,#2368,#2416,#2430,.T.);
#2432=ORIENTED_EDGE($,$,$,#2431,.F.);
#2433=ORIENTED_EDGE($,$,$,#2376,.F.);
#2434=EDGE_LOOP($,(#2414,#2425,#2432,#2433));
#2435=FACE_OUTER_BOUND('',#2434,.T.);
#2436=ADVANCED_FACE('',(#2435),#2413,.T.);
#2437=CARTESIAN_POINT($,(63.87,-2.49,8.75));
#2438=CARTESIAN_POINT($,(63.5806976744186,-2.74,8.75));
#2439=CARTESIAN_POINT($,(63.2913953488372,-2.99,8.75));
#2440=CARTESIAN_POINT($,(62.7127906976744,-3.49,9.3875));
#2441=CARTESIAN_POINT($,(62.7127906976744,-3.49,9.70625));
#2442=CARTESIAN_POINT($,(62.7127906976744,-3.49,10.025));
#2443=CARTESIAN_POINT($,(14.11,-2.49,8.75));
#2444=CARTESIAN_POINT($,(14.3993023255814,-2.74,8.75));
#2445=CARTESIAN_POINT($,(14.6886046511628,-2.99,8.75));
#2446=CARTESIAN_POINT($,(15.2672093023256,-3.49,9.3875));
#2447=CARTESIAN_POINT($,(15.2672093023256,-3.49,9.70625));
#2448=CARTESIAN_POINT($,(15.2672093023256,-3.49,10.025));
#2449=B_SPLINE_SURFACE_WITH_KNOTS($,1,5,((#2437,#2438,#2439,#2440,#2441,#2442),(#2443,#2444,#2445,#2446,#2447,#2448)),.UNSPECIFIED.,.F.,.F.,.F.,(2,2),(6,6),(0,1),(0,1),.UNSPECIFIED.);
#2450=ORIENTED_EDGE($,$,$,#1978,.T.);
#2451=CARTESIAN_POINT($,(15.2672093023256,-3.49,10.025));
#2452=VERTEX_POINT($,#2451);
#2453=CARTESIAN_POINT($,(14.11,-2.49,8.75));
#2454=CARTESIAN_POINT($,(14.3993023255814,-2.74,8.75));
#2455=CARTESIAN_POINT($,(14.6886046511628,-2.99,8.75));
#2456=CARTESIAN_POINT($,(15.2672093023256,-3.49,9.3875));
#2457=CARTESIAN_POINT($,(15.2672093023256,-3.49,9.70625));
#2458=CARTESIAN_POINT($,(15.2672093023256,-3.49,10.025));
#2459=B_SPLINE_CURVE_WITH_KNOTS($,5,(#2453,#2454,#2455,#2456,#2457,#2458),.UNSPECIFIED.,.F.,.F.,(6,6),(0,1),.UNSPECIFIED.);
#2460=EDGE_CURVE($,#1965,#2452,#2459,.T.);
#2461=ORIENTED_EDGE($,$,$,#2460,.T.);
#2462=CARTESIAN_POINT($,(62.7127906976744,-3.49,10.025));
#2463=CARTESIAN_POINT($,(15.2672093023256,-3.49,10.025));
#2464=B_SPLINE_CURVE_WITH_KNOTS($,1,(#2462,#2463),.UNSPECIFIED.,.F.,.F.,(2,2),(0,1),.UNSPECIFIED.);
#2465=EDGE_CURVE($,#2416,#2452,#2464,.T.);
#2466=ORIENTED_EDGE($,$,$,#2465,.F.);
#2467=ORIENTED_EDGE($,$,$,#2424,.F.);
#2468=EDGE_LOOP($,(#2450,#2461,#2466,#2467));
#2469=FACE_OUTER_BOUND('',#2468,.T.);
#2470=ADVANCED_FACE('',(#2469),#2449,.T.);
#2471=CARTESIAN_POINT($,(14.11,-2.49,8.75));
#2472=CARTESIAN_POINT($,(14.3993023255814,-2.74,8.75));
#2473=CARTESIAN_POINT($,(14.6886046511628,-2.99,8.75));
#2474=CARTESIAN_POINT($,(15.2672093023256,-3.49,9.3875));
#2475=CARTESIAN_POINT($,(15.2672093023256,-3.49,9.70625));
#2476=CARTESIAN_POINT($,(15.2672093023256,-3.49,10.025));
#2477=CARTESIAN_POINT($,(10.1896912245823,-2.49,8.75));
#2478=CARTESIAN_POINT($,(10.5245785359244,-2.74,8.75));
#2479=CARTESIAN_POINT($,(10.8594658472664,-2.99,8.75));
#2480=CARTESIAN_POINT($,(11.5292404699506,-3.49,9.3875));
#2481=CARTESIAN_POINT($,(11.5292404699506,-3.49,9.70625));
#2482=CARTESIAN_POINT($,(11.5292404699506,-3.49,10.025));
#2483=CARTESIAN_POINT($,(6.2693824491646,-2.49,8.75));
#2484=CARTESIAN_POINT($,(6.6498547462673,-2.74,8.75));
#2485=CARTESIAN_POINT($,(7.03032704337,-2.99,8.75));
#2486=CARTESIAN_POINT($,(7.7912716375755,-3.49,9.3875));
#2487=CARTESIAN_POINT($,(7.7912716375755,-3.49,9.70625));
#2488=CARTESIAN_POINT($,(7.7912716375755,-3.49,10.025));
#2489=CARTESIAN_POINT($,(4.4396912245823,-4.3196912245823,8.75));
#2490=CARTESIAN_POINT($,(4.8414390010406,-4.5484157452267,8.75));
#2491=CARTESIAN_POINT($,(5.243186777499,-4.7771402658711,8.75));
#2492=CARTESIAN_POINT($,(6.0466823304157,-5.2345893071598,9.3875));
#2493=CARTESIAN_POINT($,(6.0466823304157,-5.2345893071598,9.70625));
#2494=CARTESIAN_POINT($,(6.0466823304157,-5.2345893071598,10.025));
#2495=B_SPLINE_SURFACE_WITH_KNOTS($,3,5,((#2471,#2472,#2473,#2474,#2475,#2476),(#2477,#2478,#2479,#2480,#2481,#2482),(#2483,#2484,#2485,#2486,#2487,#2488),(#2489,#2490,#2491,#2492,#2493,#2494)),.UNSPECIFIED.,.F.,.F.,.F.,(4,4),(6,6),(0,1),(0,1),.UNSPECIFIED.);
#2496=ORIENTED_EDGE($,$,$,#1971,.T.);
#2497=CARTESIAN_POINT($,(6.0466823304157,-5.2345893071598,10.025));
#2498=VERTEX_POINT($,#2497);
#2499=CARTESIAN_POINT($,(4.4396912245823,-4.3196912245823,8.75));
#2500=CARTESIAN_POINT($,(4.8414390010406,-4.5484157452267,8.75));
#2501=CARTESIAN_POINT($,(5.243186777499,-4.7771402658711,8.75));
#2502=CARTESIAN_POINT($,(6.0466823304157,-5.2345893071598,9.3875));
#2503=CARTESIAN_POINT($,(6.0466823304157,-5.2345893071598,9.70625));
#2504=CARTESIAN_POINT($,(6.0466823304157,-5.2345893071598,10.025));
#2505=B_SPLINE_CURVE_WITH_KNOTS($,5,(#2499,#2500,#2501,#2502,#2503,#2504),.UNSPECIFIED.,.F.,.F.,(6,6),(0,1),.UNSPECIFIED.);
#2506=EDGE_CURVE($,#1956,#2498,#2505,.T.);
#2507=ORIENTED_EDGE($,$,$,#2506,.T.);
#2508=CARTESIAN_POINT($,(15.2672093023256,-3.49,10.025));
#2509=CARTESIAN_POINT($,(11.5292404699506,-3.49,10.025));
#2510=CARTESIAN_POINT($,(7.7912716375755,-3.49,10.025));
#2511=CARTESIAN_POINT($,(6.0466823304157,-5.2345893071598,10.025));
#2512=B_SPLINE_CURVE_WITH_KNOTS($,3,(#2508,#2509,#2510,#2511),.UNSPECIFIED.,.F.,.F.,(4,4),(0,1),.UNSPECIFIED.);
#2513=EDGE_CURVE($,#2452,#2498,#2512,.T.);
#2514=ORIENTED_EDGE($,$,$,#2513,.F.);
#2515=ORIENTED_EDGE($,$,$,#2460,.F.);
#2516=EDGE_LOOP($,(#2496,#2507,#2514,#2515));
#2517=FACE_OUTER_BOUND('',#2516,.T.);
#2518=ADVANCED_FACE('',(#2517),#2495,.T.);
#2519=CARTESIAN_POINT($,(4.4396912245823,-4.3196912245823,8.75));
#2520=CARTESIAN_POINT($,(4.8414390010406,-4.5484157452267,8.75));
#2521=CARTESIAN_POINT($,(5.243186777499,-4.7771402658711,8.75));
#2522=CARTESIAN_POINT($,(6.0466823304157,-5.2345893071598,9.3875));
#2523=CARTESIAN_POINT($,(6.0466823304157,-5.2345893071598,9.70625));
#2524=CARTESIAN_POINT($,(6.0466823304157,-5.2345893071598,10.025));
#2525=CARTESIAN_POINT($,(2.61,-6.1493824491646,8.75));
#2526=CARTESIAN_POINT($,(3.033023255814,-6.3568314904534,8.75));
#2527=CARTESIAN_POINT($,(3.4560465116279,-6.5642805317421,8.75));
#2528=CARTESIAN_POINT($,(4.3020930232558,-6.9791786143197,9.3875));
#2529=CARTESIAN_POINT($,(4.3020930232558,-6.9791786143197,9.70625));
#2530=CARTESIAN_POINT($,(4.3020930232558,-6.9791786143197,10.025));
#2531=CARTESIAN_POINT($,(2.61,-10.0696912245823,8.75));
#2532=CARTESIAN_POINT($,(3.033023255814,-10.2315552801104,8.75));
#2533=CARTESIAN_POINT($,(3.4560465116279,-10.3934193356385,8.75));
#2534=CARTESIAN_POINT($,(4.3020930232558,-10.7171474466947,9.3875));
#2535=CARTESIAN_POINT($,(4.3020930232558,-10.7171474466947,9.70625));
#2536=CARTESIAN_POINT($,(4.3020930232558,-10.7171474466947,10.025));
#2537=CARTESIAN_POINT($,(2.61,-13.99,8.75));
#2538=CARTESIAN_POINT($,(3.033023255814,-14.1062790697674,8.75));
#2539=CARTESIAN_POINT($,(3.4560465116279,-14.2225581395349,8.75));
#2540=CARTESIAN_POINT($,(4.3020930232558,-14.4551162790698,9.3875));
#2541=CARTESIAN_POINT($,(4.3020930232558,-14.4551162790698,9.70625));
#2542=CARTESIAN_POINT($,(4.3020930232558,-14.4551162790698,10.025));
#2543=B_SPLINE_SURFACE_WITH_KNOTS($,3,5,((#2519,#2520,#2521,#2522,#2523,#2524),(#2525,#2526,#2527,#2528,#2529,#2530),(#2531,#2532,#2533,#2534,#2535,#2536),(#2537,#2538,#2539,#2540,#2541,#2542)),.UNSPECIFIED.,.F.,.F.,.F.,(4,4),(6,6),(0,1),(0,1),.UNSPECIFIED.);
#2544=ORIENTED_EDGE($,$,$,#1962,.T.);
#2545=CARTESIAN_POINT($,(4.3020930232558,-14.4551162790698,10.025));
#2546=VERTEX_POINT($,#2545);
#2547=CARTESIAN_POINT($,(2.61,-13.99,8.75));
#2548=CARTESIAN_POINT($,(3.0330232558139,-14.1062790697674,8.75));
#2549=CARTESIAN_POINT($,(3.4560465116279,-14.2225581395349,8.75));
#2550=CARTESIAN_POINT($,(4.3020930232558,-14.4551162790698,9.3875));
#2551=CARTESIAN_POINT($,(4.3020930232558,-14.4551162790698,9.70625));
#2552=CARTESIAN_POINT($,(4.3020930232558,-14.4551162790698,10.025));
#2553=B_SPLINE_CURVE_WITH_KNOTS($,5,(#2547,#2548,#2549,#2550,#2551,#2552),.UNSPECIFIED.,.F.,.F.,(6,6),(0,1),.UNSPECIFIED.);
#2554=EDGE_CURVE($,#1949,#2546,#2553,.T.);
#2555=ORIENTED_EDGE($,$,$,#2554,.T.);
#2556=CARTESIAN_POINT($,(6.0466823304157,-5.2345893071598,10.025));
#2557=CARTESIAN_POINT($,(4.3020930232558,-6.9791786143197,10.025));
#2558=CARTESIAN_POINT($,(4.3020930232558,-10.7171474466947,10.025));
#2559=CARTESIAN_POINT($,(4.3020930232558,-14.4551162790698,10.025));
#2560=B_SPLINE_CURVE_WITH_KNOTS($,3,(#2556,#2557,#2558,#2559),.UNSPECIFIED.,.F.,.F.,(4,4),(0,1),.UNSPECIFIED.);
#2561=EDGE_CURVE($,#2498,#2546,#2560,.T.);
#2562=ORIENTED_EDGE($,$,$,#2561,.F.);
#2563=ORIENTED_EDGE($,$,$,#2506,.F.);
#2564=EDGE_LOOP($,(#2544,#2555,#2562,#2563));
#2565=FACE_OUTER_BOUND('',#2564,.T.);
#2566=ADVANCED_FACE('',(#2565),#2543,.T.);
#2567=CARTESIAN_POINT($,(2.61,-13.99,8.75));
#2568=CARTESIAN_POINT($,(3.0330232558139,-14.1062790697674,8.75));
#2569=CARTESIAN_POINT($,(3.4560465116279,-14.2225581395349,8.75));
#2570=CARTESIAN_POINT($,(4.3020930232558,-14.4551162790698,9.3875));
#2571=CARTESIAN_POINT($,(4.3020930232558,-14.4551162790698,9.70625));
#2572=CARTESIAN_POINT($,(4.3020930232558,-14.4551162790698,10.025));
#2573=CARTESIAN_POINT($,(2.61,-33.99,8.75));
#2574=CARTESIAN_POINT($,(3.0330232558139,-33.8737209302325,8.75));
#2575=CARTESIAN_POINT($,(3.4560465116279,-33.7574418604651,8.75));
#2576=CARTESIAN_POINT($,(4.3020930232558,-33.5248837209302,9.3875));
#2577=CARTESIAN_POINT($,(4.3020930232558,-33.5248837209302,9.70625));
#2578=CARTESIAN_POINT($,(4.3020930232558,-33.5248837209302,10.025));
#2579=B_SPLINE_SURFACE_WITH_KNOTS($,1,5,((#2567,#2568,#2569,#2570,#2571,#2572),(#2573,#2574,#2575,#2576,#2577,#2578)),.UNSPECIFIED.,.F.,.F.,.F.,(2,2),(6,6),(0,1),(0,1),.UNSPECIFIED.);
#2580=ORIENTED_EDGE($,$,$,#1953,.T.);
#2581=CARTESIAN_POINT($,(4.3020930232558,-33.5248837209302,10.025));
#2582=VERTEX_POINT($,#2581);
#2583=CARTESIAN_POINT($,(2.61,-33.99,8.75));
#2584=CARTESIAN_POINT($,(3.0330232558139,-33.8737209302325,8.75));
#2585=CARTESIAN_POINT($,(3.4560465116279,-33.7574418604651,8.75));
#2586=CARTESIAN_POINT($,(4.3020930232558,-33.5248837209302,9.3875));
#2587=CARTESIAN_POINT($,(4.3020930232558,-33.5248837209302,9.70625));
#2588=CARTESIAN_POINT($,(4.3020930232558,-33.5248837209302,10.025));
#2589=B_SPLINE_CURVE_WITH_KNOTS($,5,(#2583,#2584,#2585,#2586,#2587,#2588),.UNSPECIFIED.,.F.,.F.,(6,6),(0,1),.UNSPECIFIED.);
#2590=EDGE_CURVE($,#1940,#2582,#2589,.T.);
#2591=ORIENTED_EDGE($,$,$,#2590,.T.);
#2592=CARTESIAN_POINT($,(4.3020930232558,-14.4551162790698,10.025));
#2593=CARTESIAN_POINT($,(4.3020930232558,-33.5248837209302,10.025));
#2594=B_SPLINE_CURVE_WITH_KNOTS($,1,(#2592,#2593),.UNSPECIFIED.,.F.,.F.,(2,2),(0,1),.UNSPECIFIED.);
#2595=EDGE_CURVE($,#2546,#2582,#2594,.T.);
#2596=ORIENTED_EDGE($,$,$,#2595,.F.);
#2597=ORIENTED_EDGE($,$,$,#2554,.F.);
#2598=EDGE_LOOP($,(#2580,#2591,#2596,#2597));
#2599=FACE_OUTER_BOUND('',#2598,.T.);
#2600=ADVANCED_FACE('',(#2599),#2579,.T.);
#2601=CARTESIAN_POINT($,(2.61,-33.99,8.75));
#2602=CARTESIAN_POINT($,(3.0330232558139,-33.8737209302325,8.75));
#2603=CARTESIAN_POINT($,(3.4560465116279,-33.7574418604651,8.75));
#2604=CARTESIAN_POINT($,(4.3020930232558,-33.5248837209302,9.3875));
#2605=CARTESIAN_POINT($,(4.3020930232558,-33.5248837209302,9.70625));
#2606=CARTESIAN_POINT($,(4.3020930232558,-33.5248837209302,10.025));
#2607=CARTESIAN_POINT($,(2.61,-37.9103087754177,8.75));
#2608=CARTESIAN_POINT($,(3.0330232558139,-37.7484447198896,8.75));
#2609=CARTESIAN_POINT($,(3.4560465116279,-37.5865806643615,8.75));
#2610=CARTESIAN_POINT($,(4.3020930232558,-37.2628525533053,9.3875));
#2611=CARTESIAN_POINT($,(4.3020930232558,-37.2628525533053,9.70625));
#2612=CARTESIAN_POINT($,(4.3020930232558,-37.2628525533053,10.025));
#2613=CARTESIAN_POINT($,(2.61,-41.8306175508354,8.75));
#2614=CARTESIAN_POINT($,(3.0330232558139,-41.6231685095466,8.75));
#2615=CARTESIAN_POINT($,(3.4560465116279,-41.4157194682578,8.75));
#2616=CARTESIAN_POINT($,(4.3020930232558,-41.0008213856803,9.3875));
#2617=CARTESIAN_POINT($,(4.3020930232558,-41.0008213856803,9.70625));
#2618=CARTESIAN_POINT($,(4.3020930232558,-41.0008213856803,10.025));
#2619=CARTESIAN_POINT($,(4.4396912245823,-43.6603087754177,8.75));
#2620=CARTESIAN_POINT($,(4.8414390010406,-43.4315842547733,8.75));
#2621=CARTESIAN_POINT($,(5.243186777499,-43.2028597341289,8.75));
#2622=CARTESIAN_POINT($,(6.0466823304157,-42.7454106928401,9.3875));
#2623=CARTESIAN_POINT($,(6.0466823304157,-42.7454106928401,9.70625));
#2624=CARTESIAN_POINT($,(6.0466823304157,-42.7454106928401,10.025));
#2625=B_SPLINE_SURFACE_WITH_KNOTS($,3,5,((#2601,#2602,#2603,#2604,#2605,#2606),(#2607,#2608,#2609,#2610,#2611,#2612),(#2613,#2614,#2615,#2616,#2617,#2618),(#2619,#2620,#2621,#2622,#2623,#2624)),.UNSPECIFIED.,.F.,.F.,.F.,(4,4),(6,6),(0,1),(0,1),.UNSPECIFIED.);
#2626=ORIENTED_EDGE($,$,$,#1946,.T.);
#2627=CARTESIAN_POINT($,(6.0466823304157,-42.7454106928401,10.025));
#2628=VERTEX_POINT($,#2627);
#2629=CARTESIAN_POINT($,(4.4396912245823,-43.6603087754177,8.75));
#2630=CARTESIAN_POINT($,(4.8414390010406,-43.4315842547733,8.75));
#2631=CARTESIAN_POINT($,(5.243186777499,-43.2028597341289,8.75));
#2632=CARTESIAN_POINT($,(6.0466823304157,-42.7454106928401,9.3875));
#2633=CARTESIAN_POINT($,(6.0466823304157,-42.7454106928401,9.70625));
#2634=CARTESIAN_POINT($,(6.0466823304157,-42.7454106928401,10.025));
#2635=B_SPLINE_CURVE_WITH_KNOTS($,5,(#2629,#2630,#2631,#2632,#2633,#2634),.UNSPECIFIED.,.F.,.F.,(6,6),(0,1),.UNSPECIFIED.);
#2636=EDGE_CURVE($,#1929,#2628,#2635,.T.);
#2637=ORIENTED_EDGE($,$,$,#2636,.T.);
#2638=CARTESIAN_POINT($,(4.3020930232558,-33.5248837209302,10.025));
#2639=CARTESIAN_POINT($,(4.3020930232558,-37.2628525533053,10.025));
#2640=CARTESIAN_POINT($,(4.3020930232558,-41.0008213856803,10.025));
#2641=CARTESIAN_POINT($,(6.0466823304157,-42.7454106928401,10.025));
#2642=B_SPLINE_CURVE_WITH_KNOTS($,3,(#2638,#2639,#2640,#2641),.UNSPECIFIED.,.F.,.F.,(4,4),(0,1),.UNSPECIFIED.);
#2643=EDGE_CURVE($,#2582,#2628,#2642,.T.);
#2644=ORIENTED_EDGE($,$,$,#2643,.F.);
#2645=ORIENTED_EDGE($,$,$,#2590,.F.);
#2646=EDGE_LOOP($,(#2626,#2637,#2644,#2645));
#2647=FACE_OUTER_BOUND('',#2646,.T.);
#2648=ADVANCED_FACE('',(#2647),#2625,.T.);
#2649=CARTESIAN_POINT($,(4.4396912245823,-43.6603087754177,8.75));
#2650=CARTESIAN_POINT($,(4.8414390010406,-43.4315842547733,8.75));
#2651=CARTESIAN_POINT($,(5.243186777499,-43.2028597341289,8.75));
#2652=CARTESIAN_POINT($,(6.0466823304157,-42.7454106928401,9.3875));
#2653=CARTESIAN_POINT($,(6.0466823304157,-42.7454106928401,9.70625));
#2654=CARTESIAN_POINT($,(6.0466823304157,-42.7454106928401,10.025));
#2655=CARTESIAN_POINT($,(6.2693824491646,-45.49,8.75));
#2656=CARTESIAN_POINT($,(6.6498547462673,-45.24,8.75));
#2657=CARTESIAN_POINT($,(7.03032704337,-44.99,8.75));
#2658=CARTESIAN_POINT($,(7.7912716375755,-44.49,9.3875));
#2659=CARTESIAN_POINT($,(7.7912716375755,-44.49,9.70625));
#2660=CARTESIAN_POINT($,(7.7912716375755,-44.49,10.025));
#2661=CARTESIAN_POINT($,(10.1896912245823,-45.49,8.75));
#2662=CARTESIAN_POINT($,(10.5245785359243,-45.24,8.75));
#2663=CARTESIAN_POINT($,(10.8594658472664,-44.99,8.75));
#2664=CARTESIAN_POINT($,(11.5292404699505,-44.49,9.3875));
#2665=CARTESIAN_POINT($,(11.5292404699505,-44.49,9.70625));
#2666=CARTESIAN_POINT($,(11.5292404699505,-44.49,10.025));
#2667=CARTESIAN_POINT($,(14.11,-45.49,8.75));
#2668=CARTESIAN_POINT($,(14.3993023255814,-45.24,8.75));
#2669=CARTESIAN_POINT($,(14.6886046511628,-44.99,8.75));
#2670=CARTESIAN_POINT($,(15.2672093023256,-44.49,9.3875));
#2671=CARTESIAN_POINT($,(15.2672093023256,-44.49,9.70625));
#2672=CARTESIAN_POINT($,(15.2672093023256,-44.49,10.025));
#2673=B_SPLINE_SURFACE_WITH_KNOTS($,3,5,((#2649,#2650,#2651,#2652,#2653,#2654),(#2655,#2656,#2657,#2658,#2659,#2660),(#2661,#2662,#2663,#2664,#2665,#2666),(#2667,#2668,#2669,#2670,#2671,#2672)),.UNSPECIFIED.,.F.,.F.,.F.,(4,4),(6,6),(0,1),(0,1),.UNSPECIFIED.);
#2674=ORIENTED_EDGE($,$,$,#1937,.T.);
#2675=ORIENTED_EDGE($,$,$,#2206,.T.);
#2676=CARTESIAN_POINT($,(6.0466823304157,-42.7454106928401,10.025));
#2677=CARTESIAN_POINT($,(7.7912716375755,-44.49,10.025));
#2678=CARTESIAN_POINT($,(11.5292404699505,-44.49,10.025));
#2679=CARTESIAN_POINT($,(15.2672093023256,-44.49,10.025));
#2680=B_SPLINE_CURVE_WITH_KNOTS($,3,(#2676,#2677,#2678,#2679),.UNSPECIFIED.,.F.,.F.,(4,4),(0,1),.UNSPECIFIED.);
#2681=EDGE_CURVE($,#2628,#2193,#2680,.T.);
#2682=ORIENTED_EDGE($,$,$,#2681,.F.);
#2683=ORIENTED_EDGE($,$,$,#2636,.F.);
#2684=EDGE_LOOP($,(#2674,#2675,#2682,#2683));
#2685=FACE_OUTER_BOUND('',#2684,.T.);
#2686=ADVANCED_FACE('',(#2685),#2673,.T.);
#2687=CARTESIAN_POINT($,(15.2672093023256,-44.49,10.025));
#2688=CARTESIAN_POINT($,(15.2672093023256,-44.49,10.34375));
#2689=CARTESIAN_POINT($,(15.2672093023256,-44.49,10.6625));
#2690=CARTESIAN_POINT($,(15.8458139534884,-43.99,11.3));
#2691=CARTESIAN_POINT($,(16.1351162790698,-43.74,11.3));
#2692=CARTESIAN_POINT($,(16.4244186046512,-43.49,11.3));
#2693=CARTESIAN_POINT($,(62.7127906976744,-44.49,10.025));
#2694=CARTESIAN_POINT($,(62.7127906976744,-44.49,10.34375));
#2695=CARTESIAN_POINT($,(62.7127906976744,-44.49,10.6625));
#2696=CARTESIAN_POINT($,(62.1341860465116,-43.99,11.3));
#2697=CARTESIAN_POINT($,(61.8448837209302,-43.74,11.3));
#2698=CARTESIAN_POINT($,(61.5555813953488,-43.49,11.3));
#2699=B_SPLINE_SURFACE_WITH_KNOTS($,1,5,((#2687,#2688,#2689,#2690,#2691,#2692),(#2693,#2694,#2695,#2696,#2697,#2698)),.UNSPECIFIED.,.F.,.F.,.F.,(2,2),(6,6),(0,1),(0,1),.UNSPECIFIED.);
#2700=ORIENTED_EDGE($,$,$,#2197,.T.);
#2701=CARTESIAN_POINT($,(61.5555813953488,-43.49,11.3));
#2702=VERTEX_POINT($,#2701);
#2703=CARTESIAN_POINT($,(62.7127906976744,-44.49,10.025));
#2704=CARTESIAN_POINT($,(62.7127906976744,-44.49,10.34375));
#2705=CARTESIAN_POINT($,(62.7127906976744,-44.49,10.6625));
#2706=CARTESIAN_POINT($,(62.1341860465116,-43.99,11.3));
#2707=CARTESIAN_POINT($,(61.8448837209302,-43.74,11.3));
#2708=CARTESIAN_POINT($,(61.5555813953488,-43.49,11.3));
#2709=B_SPLINE_CURVE_WITH_KNOTS($,5,(#2703,#2704,#2705,#2706,#2707,#2708),.UNSPECIFIED.,.F.,.F.,(6,6),(0,1),.UNSPECIFIED.);
#2710=EDGE_CURVE($,#2182,#2702,#2709,.T.);
#2711=ORIENTED_EDGE($,$,$,#2710,.T.);
#2712=CARTESIAN_POINT($,(16.4244186046512,-43.49,11.3));
#2713=VERTEX_POINT($,#2712);
#2714=CARTESIAN_POINT($,(16.4244186046512,-43.49,11.3));
#2715=CARTESIAN_POINT($,(61.5555813953488,-43.49,11.3));
#2716=B_SPLINE_CURVE_WITH_KNOTS($,1,(#2714,#2715),.UNSPECIFIED.,.F.,.F.,(2,2),(0,1),.UNSPECIFIED.);
#2717=EDGE_CURVE($,#2713,#2702,#2716,.T.);
#2718=ORIENTED_EDGE($,$,$,#2717,.F.);
#2719=CARTESIAN_POINT($,(15.2672093023256,-44.49,10.025));
#2720=CARTESIAN_POINT($,(15.2672093023256,-44.49,10.34375));
#2721=CARTESIAN_POINT($,(15.2672093023256,-44.49,10.6625));
#2722=CARTESIAN_POINT($,(15.8458139534884,-43.99,11.3));
#2723=CARTESIAN_POINT($,(16.1351162790698,-43.74,11.3));
#2724=CARTESIAN_POINT($,(16.4244186046512,-43.49,11.3));
#2725=B_SPLINE_CURVE_WITH_KNOTS($,5,(#2719,#2720,#2721,#2722,#2723,#2724),.UNSPECIFIED.,.F.,.F.,(6,6),(0,1),.UNSPECIFIED.);
#2726=EDGE_CURVE($,#2193,#2713,#2725,.T.);
#2727=ORIENTED_EDGE($,$,$,#2726,.F.);
#2728=EDGE_LOOP($,(#2700,#2711,#2718,#2727));
#2729=FACE_OUTER_BOUND('',#2728,.T.);
#2730=ADVANCED_FACE('',(#2729),#2699,.T.);
#2731=CARTESIAN_POINT($,(62.7127906976744,-44.49,10.025));
#2732=CARTESIAN_POINT($,(62.7127906976744,-44.49,10.34375));
#2733=CARTESIAN_POINT($,(62.7127906976744,-44.49,10.6625));
#2734=CARTESIAN_POINT($,(62.1341860465116,-43.99,11.3));
#2735=CARTESIAN_POINT($,(61.8448837209302,-43.74,11.3));
#2736=CARTESIAN_POINT($,(61.5555813953488,-43.49,11.3));
#2737=CARTESIAN_POINT($,(66.4507595300495,-44.49,10.025));
#2738=CARTESIAN_POINT($,(66.4507595300495,-44.49,10.34375));
#2739=CARTESIAN_POINT($,(66.4507595300495,-44.49,10.6625));
#2740=CARTESIAN_POINT($,(65.7809849073653,-43.99,11.3));
#2741=CARTESIAN_POINT($,(65.4460975960233,-43.74,11.3));
#2742=CARTESIAN_POINT($,(65.1112102846812,-43.49,11.3));
#2743=CARTESIAN_POINT($,(70.1887283624245,-44.49,10.025));
#2744=CARTESIAN_POINT($,(70.1887283624245,-44.49,10.34375));
#2745=CARTESIAN_POINT($,(70.1887283624245,-44.49,10.6625));
#2746=CARTESIAN_POINT($,(69.427783768219,-43.99,11.3));
#2747=CARTESIAN_POINT($,(69.0473114711163,-43.74,11.3));
#2748=CARTESIAN_POINT($,(68.6668391740135,-43.49,11.3));
#2749=CARTESIAN_POINT($,(71.9333176695843,-42.7454106928402,10.025));
#2750=CARTESIAN_POINT($,(71.9333176695843,-42.7454106928402,10.34375));
#2751=CARTESIAN_POINT($,(71.9333176695843,-42.7454106928402,10.6625));
#2752=CARTESIAN_POINT($,(71.1298221166676,-42.2879616515514,11.3));
#2753=CARTESIAN_POINT($,(70.7280743402093,-42.059237130907,11.3));
#2754=CARTESIAN_POINT($,(70.326326563751,-41.8305126102626,11.3));
#2755=B_SPLINE_SURFACE_WITH_KNOTS($,3,5,((#2731,#2732,#2733,#2734,#2735,#2736),(#2737,#2738,#2739,#2740,#2741,#2742),(#2743,#2744,#2745,#2746,#2747,#2748),(#2749,#2750,#2751,#2752,#2753,#2754)),.UNSPECIFIED.,.F.,.F.,.F.,(4,4),(6,6),(0,1),(0,1),.UNSPECIFIED.);
#2756=ORIENTED_EDGE($,$,$,#2253,.T.);
#2757=CARTESIAN_POINT($,(70.326326563751,-41.8305126102626,11.3));
#2758=VERTEX_POINT($,#2757);
#2759=CARTESIAN_POINT($,(71.9333176695843,-42.7454106928402,10.025));
#2760=CARTESIAN_POINT($,(71.9333176695843,-42.7454106928402,10.34375));
#2761=CARTESIAN_POINT($,(71.9333176695843,-42.7454106928402,10.6625));
#2762=CARTESIAN_POINT($,(71.1298221166676,-42.2879616515514,11.3));
#2763=CARTESIAN_POINT($,(70.7280743402093,-42.059237130907,11.3));
#2764=CARTESIAN_POINT($,(70.326326563751,-41.8305126102626,11.3));
#2765=B_SPLINE_CURVE_WITH_KNOTS($,5,(#2759,#2760,#2761,#2762,#2763,#2764),.UNSPECIFIED.,.F.,.F.,(6,6),(0,1),.UNSPECIFIED.);
#2766=EDGE_CURVE($,#2238,#2758,#2765,.T.);
#2767=ORIENTED_EDGE($,$,$,#2766,.T.);
#2768=CARTESIAN_POINT($,(61.5555813953488,-43.49,11.3));
#2769=CARTESIAN_POINT($,(65.1112102846812,-43.49,11.3));
#2770=CARTESIAN_POINT($,(68.6668391740135,-43.49,11.3));
#2771=CARTESIAN_POINT($,(70.326326563751,-41.8305126102626,11.3));
#2772=B_SPLINE_CURVE_WITH_KNOTS($,3,(#2768,#2769,#2770,#2771),.UNSPECIFIED.,.F.,.F.,(4,4),(0,1),.UNSPECIFIED.);
#2773=EDGE_CURVE($,#2702,#2758,#2772,.T.);
#2774=ORIENTED_EDGE($,$,$,#2773,.F.);
#2775=ORIENTED_EDGE($,$,$,#2710,.F.);
#2776=EDGE_LOOP($,(#2756,#2767,#2774,#2775));
#2777=FACE_OUTER_BOUND('',#2776,.T.);
#2778=ADVANCED_FACE('',(#2777),#2755,.T.);
#2779=CARTESIAN_POINT($,(71.9333176695843,-42.7454106928402,10.025));
#2780=CARTESIAN_POINT($,(71.9333176695843,-42.7454106928402,10.34375));
#2781=CARTESIAN_POINT($,(71.9333176695843,-42.7454106928402,10.6625));
#2782=CARTESIAN_POINT($,(71.1298221166676,-42.2879616515514,11.3));
#2783=CARTESIAN_POINT($,(70.7280743402093,-42.059237130907,11.3));
#2784=CARTESIAN_POINT($,(70.326326563751,-41.8305126102626,11.3));
#2785=CARTESIAN_POINT($,(73.6779069767442,-41.0008213856803,10.025));
#2786=CARTESIAN_POINT($,(73.6779069767442,-41.0008213856803,10.34375));
#2787=CARTESIAN_POINT($,(73.6779069767442,-41.0008213856803,10.6625));
#2788=CARTESIAN_POINT($,(72.8318604651163,-40.5859233031027,11.3));
#2789=CARTESIAN_POINT($,(72.4088372093023,-40.3784742618139,11.3));
#2790=CARTESIAN_POINT($,(71.9858139534884,-40.1710252205252,11.3));
#2791=CARTESIAN_POINT($,(73.6779069767442,-37.2628525533053,10.025));
#2792=CARTESIAN_POINT($,(73.6779069767442,-37.2628525533053,10.34375));
#2793=CARTESIAN_POINT($,(73.6779069767442,-37.2628525533053,10.6625));
#2794=CARTESIAN_POINT($,(72.8318604651163,-36.939124442249,11.3));
#2795=CARTESIAN_POINT($,(72.4088372093023,-36.7772603867209,11.3));
#2796=CARTESIAN_POINT($,(71.9858139534884,-36.6153963311928,11.3));
#2797=CARTESIAN_POINT($,(73.6779069767442,-33.5248837209302,10.025));
#2798=CARTESIAN_POINT($,(73.6779069767442,-33.5248837209302,10.34375));
#2799=CARTESIAN_POINT($,(73.6779069767442,-33.5248837209302,10.6625));
#2800=CARTESIAN_POINT($,(72.8318604651163,-33.2923255813953,11.3));
#2801=CARTESIAN_POINT($,(72.4088372093023,-33.1760465116279,11.3));
#2802=CARTESIAN_POINT($,(71.9858139534884,-33.0597674418605,11.3));
#2803=B_SPLINE_SURFACE_WITH_KNOTS($,3,5,((#2779,#2780,#2781,#2782,#2783,#2784),(#2785,#2786,#2787,#2788,#2789,#2790),(#2791,#2792,#2793,#2794,#2795,#2796),(#2797,#2798,#2799,#2800,#2801,#2802)),.UNSPECIFIED.,.F.,.F.,.F.,(4,4),(6,6),(0,1),(0,1),.UNSPECIFIED.);
#2804=ORIENTED_EDGE($,$,$,#2301,.T.);
#2805=CARTESIAN_POINT($,(71.9858139534884,-33.0597674418605,11.3));
#2806=VERTEX_POINT($,#2805);
#2807=CARTESIAN_POINT($,(73.6779069767442,-33.5248837209302,10.025));
#2808=CARTESIAN_POINT($,(73.6779069767442,-33.5248837209302,10.34375));
#2809=CARTESIAN_POINT($,(73.6779069767442,-33.5248837209302,10.6625));
#2810=CARTESIAN_POINT($,(72.8318604651163,-33.2923255813953,11.3));
#2811=CARTESIAN_POINT($,(72.4088372093023,-33.1760465116279,11.3));
#2812=CARTESIAN_POINT($,(71.9858139534884,-33.0597674418605,11.3));
#2813=B_SPLINE_CURVE_WITH_KNOTS($,5,(#2807,#2808,#2809,#2810,#2811,#2812),.UNSPECIFIED.,.F.,.F.,(6,6),(0,1),.UNSPECIFIED.);
#2814=EDGE_CURVE($,#2286,#2806,#2813,.T.);
#2815=ORIENTED_EDGE($,$,$,#2814,.T.);
#2816=CARTESIAN_POINT($,(70.326326563751,-41.8305126102626,11.3));
#2817=CARTESIAN_POINT($,(71.9858139534884,-40.1710252205252,11.3));
#2818=CARTESIAN_POINT($,(71.9858139534884,-36.6153963311928,11.3));
#2819=CARTESIAN_POINT($,(71.9858139534884,-33.0597674418605,11.3));
#2820=B_SPLINE_CURVE_WITH_KNOTS($,3,(#2816,#2817,#2818,#2819),.UNSPECIFIED.,.F.,.F.,(4,4),(0,1),.UNSPECIFIED.);
#2821=EDGE_CURVE($,#2758,#2806,#2820,.T.);
#2822=ORIENTED_EDGE($,$,$,#2821,.F.);
#2823=ORIENTED_EDGE($,$,$,#2766,.F.);
#2824=EDGE_LOOP($,(#2804,#2815,#2822,#2823));
#2825=FACE_OUTER_BOUND('',#2824,.T.);
#2826=ADVANCED_FACE('',(#2825),#2803,.T.);
#2827=CARTESIAN_POINT($,(73.6779069767442,-33.5248837209302,10.025));
#2828=CARTESIAN_POINT($,(73.6779069767442,-33.5248837209302,10.34375));
#2829=CARTESIAN_POINT($,(73.6779069767442,-33.5248837209302,10.6625));
#2830=CARTESIAN_POINT($,(72.8318604651163,-33.2923255813953,11.3));
#2831=CARTESIAN_POINT($,(72.4088372093023,-33.1760465116279,11.3));
#2832=CARTESIAN_POINT($,(71.9858139534884,-33.0597674418605,11.3));
#2833=CARTESIAN_POINT($,(73.6779069767442,-14.4551162790698,10.025));
#2834=CARTESIAN_POINT($,(73.6779069767442,-14.4551162790698,10.34375));
#2835=CARTESIAN_POINT($,(73.6779069767442,-14.4551162790698,10.6625));
#2836=CARTESIAN_POINT($,(72.8318604651163,-14.6876744186047,11.3));
#2837=CARTESIAN_POINT($,(72.4088372093023,-14.8039534883721,11.3));
#2838=CARTESIAN_POINT($,(71.9858139534884,-14.9202325581395,11.3));
#2839=B_SPLINE_SURFACE_WITH_KNOTS($,1,5,((#2827,#2828,#2829,#2830,#2831,#2832),(#2833,#2834,#2835,#2836,#2837,#2838)),.UNSPECIFIED.,.F.,.F.,.F.,(2,2),(6,6),(0,1),(0,1),.UNSPECIFIED.);
#2840=ORIENTED_EDGE($,$,$,#2335,.T.);
#2841=CARTESIAN_POINT($,(71.9858139534884,-14.9202325581395,11.3));
#2842=VERTEX_POINT($,#2841);
#2843=CARTESIAN_POINT($,(73.6779069767442,-14.4551162790698,10.025));
#2844=CARTESIAN_POINT($,(73.6779069767442,-14.4551162790698,10.34375));
#2845=CARTESIAN_POINT($,(73.6779069767442,-14.4551162790698,10.6625));
#2846=CARTESIAN_POINT($,(72.8318604651163,-14.6876744186047,11.3));
#2847=CARTESIAN_POINT($,(72.4088372093023,-14.8039534883721,11.3));
#2848=CARTESIAN_POINT($,(71.9858139534884,-14.9202325581395,11.3));
#2849=B_SPLINE_CURVE_WITH_KNOTS($,5,(#2843,#2844,#2845,#2846,#2847,#2848),.UNSPECIFIED.,.F.,.F.,(6,6),(0,1),.UNSPECIFIED.);
#2850=EDGE_CURVE($,#2322,#2842,#2849,.T.);
#2851=ORIENTED_EDGE($,$,$,#2850,.T.);
#2852=CARTESIAN_POINT($,(71.9858139534884,-33.0597674418605,11.3));
#2853=CARTESIAN_POINT($,(71.9858139534884,-14.9202325581395,11.3));
#2854=B_SPLINE_CURVE_WITH_KNOTS($,1,(#2852,#2853),.UNSPECIFIED.,.F.,.F.,(2,2),(0,1),.UNSPECIFIED.);
#2855=EDGE_CURVE($,#2806,#2842,#2854,.T.);
#2856=ORIENTED_EDGE($,$,$,#2855,.F.);
#2857=ORIENTED_EDGE($,$,$,#2814,.F.);
#2858=EDGE_LOOP($,(#2840,#2851,#2856,#2857));
#2859=FACE_OUTER_BOUND('',#2858,.T.);
#2860=ADVANCED_FACE('',(#2859),#2839,.T.);
#2861=CARTESIAN_POINT($,(73.6779069767442,-14.4551162790698,10.025));
#2862=CARTESIAN_POINT($,(73.6779069767442,-14.4551162790698,10.34375));
#2863=CARTESIAN_POINT($,(73.6779069767442,-14.4551162790698,10.6625));
#2864=CARTESIAN_POINT($,(72.8318604651163,-14.6876744186047,11.3));
#2865=CARTESIAN_POINT($,(72.4088372093023,-14.8039534883721,11.3));
#2866=CARTESIAN_POINT($,(71.9858139534884,-14.9202325581395,11.3));
#2867=CARTESIAN_POINT($,(73.6779069767442,-10.7171474466947,10.025));
#2868=CARTESIAN_POINT($,(73.6779069767442,-10.7171474466947,10.34375));
#2869=CARTESIAN_POINT($,(73.6779069767442,-10.7171474466947,10.6625));
#2870=CARTESIAN_POINT($,(72.8318604651163,-11.040875557751,11.3));
#2871=CARTESIAN_POINT($,(72.4088372093023,-11.2027396132791,11.3));
#2872=CARTESIAN_POINT($,(71.9858139534884,-11.3646036688072,11.3));
#2873=CARTESIAN_POINT($,(73.6779069767442,-6.9791786143197,10.025));
#2874=CARTESIAN_POINT($,(73.6779069767442,-6.9791786143197,10.34375));
#2875=CARTESIAN_POINT($,(73.6779069767442,-6.9791786143197,10.6625));
#2876=CARTESIAN_POINT($,(72.8318604651163,-7.3940766968973,11.3));
#2877=CARTESIAN_POINT($,(72.4088372093023,-7.6015257381861,11.3));
#2878=CARTESIAN_POINT($,(71.9858139534884,-7.8089747794748,11.3));
#2879=CARTESIAN_POINT($,(71.9333176695843,-5.2345893071599,10.025));
#2880=CARTESIAN_POINT($,(71.9333176695843,-5.2345893071599,10.34375));
#2881=CARTESIAN_POINT($,(71.9333176695843,-5.2345893071599,10.6625));
#2882=CARTESIAN_POINT($,(71.1298221166676,-5.6920383484486,11.3));
#2883=CARTESIAN_POINT($,(70.7280743402093,-5.920762869093,11.3));
#2884=CARTESIAN_POINT($,(70.326326563751,-6.1494873897374,11.3));
#2885=B_SPLINE_SURFACE_WITH_KNOTS($,3,5,((#2861,#2862,#2863,#2864,#2865,#2866),(#2867,#2868,#2869,#2870,#2871,#2872),(#2873,#2874,#2875,#2876,#2877,#2878),(#2879,#2880,#2881,#2882,#2883,#2884)),.UNSPECIFIED.,.F.,.F.,.F.,(4,4),(6,6),(0,1),(0,1),.UNSPECIFIED.);
#2886=ORIENTED_EDGE($,$,$,#2383,.T.);
#2887=CARTESIAN_POINT($,(70.326326563751,-6.1494873897374,11.3));
#2888=VERTEX_POINT($,#2887);
#2889=CARTESIAN_POINT($,(71.9333176695843,-5.2345893071599,10.025));
#2890=CARTESIAN_POINT($,(71.9333176695843,-5.2345893071599,10.34375));
#2891=CARTESIAN_POINT($,(71.9333176695843,-5.2345893071599,10.6625));
#2892=CARTESIAN_POINT($,(71.1298221166676,-5.6920383484486,11.3));
#2893=CARTESIAN_POINT($,(70.7280743402093,-5.920762869093,11.3));
#2894=CARTESIAN_POINT($,(70.326326563751,-6.1494873897374,11.3));
#2895=B_SPLINE_CURVE_WITH_KNOTS($,5,(#2889,#2890,#2891,#2892,#2893,#2894),.UNSPECIFIED.,.F.,.F.,(6,6),(0,1),.UNSPECIFIED.);
#2896=EDGE_CURVE($,#2368,#2888,#2895,.T.);
#2897=ORIENTED_EDGE($,$,$,#2896,.T.);
#2898=CARTESIAN_POINT($,(71.9858139534884,-14.9202325581395,11.3));
#2899=CARTESIAN_POINT($,(71.9858139534884,-11.3646036688072,11.3));
#2900=CARTESIAN_POINT($,(71.9858139534884,-7.8089747794748,11.3));
#2901=CARTESIAN_POINT($,(70.326326563751,-6.1494873897374,11.3));
#2902=B_SPLINE_CURVE_WITH_KNOTS($,3,(#2898,#2899,#2900,#2901),.UNSPECIFIED.,.F.,.F.,(4,4),(0,1),.UNSPECIFIED.);
#2903=EDGE_CURVE($,#2842,#2888,#2902,.T.);
#2904=ORIENTED_EDGE($,$,$,#2903,.F.);
#2905=ORIENTED_EDGE($,$,$,#2850,.F.);
#2906=EDGE_LOOP($,(#2886,#2897,#2904,#2905));
#2907=FACE_OUTER_BOUND('',#2906,.T.);
#2908=ADVANCED_FACE('',(#2907),#2885,.T.);
#2909=CARTESIAN_POINT($,(71.9333176695843,-5.2345893071599,10.025));
#2910=CARTESIAN_POINT($,(71.9333176695843,-5.2345893071599,10.34375));
#2911=CARTESIAN_POINT($,(71.9333176695843,-5.2345893071599,10.6625));
#2912=CARTESIAN_POINT($,(71.1298221166676,-5.6920383484486,11.3));
#2913=CARTESIAN_POINT($,(70.7280743402093,-5.920762869093,11.3));
#2914=CARTESIAN_POINT($,(70.326326563751,-6.1494873897374,11.3));
#2915=CARTESIAN_POINT($,(70.1887283624245,-3.49,10.025));
#2916=CARTESIAN_POINT($,(70.1887283624245,-3.49,10.34375));
#2917=CARTESIAN_POINT($,(70.1887283624245,-3.49,10.6625));
#2918=CARTESIAN_POINT($,(69.427783768219,-3.99,11.3));
#2919=CARTESIAN_POINT($,(69.0473114711163,-4.24,11.3));
#2920=CARTESIAN_POINT($,(68.6668391740135,-4.49,11.3));
#2921=CARTESIAN_POINT($,(66.4507595300495,-3.49,10.025));
#2922=CARTESIAN_POINT($,(66.4507595300495,-3.49,10.34375));
#2923=CARTESIAN_POINT($,(66.4507595300495,-3.49,10.6625));
#2924=CARTESIAN_POINT($,(65.7809849073653,-3.99,11.3));
#2925=CARTESIAN_POINT($,(65.4460975960233,-4.24,11.3));
#2926=CARTESIAN_POINT($,(65.1112102846812,-4.49,11.3));
#2927=CARTESIAN_POINT($,(62.7127906976744,-3.49,10.025));
#2928=CARTESIAN_POINT($,(62.7127906976744,-3.49,10.34375));
#2929=CARTESIAN_POINT($,(62.7127906976744,-3.49,10.6625));
#2930=CARTESIAN_POINT($,(62.1341860465116,-3.99,11.3));
#2931=CARTESIAN_POINT($,(61.8448837209302,-4.24,11.3));
#2932=CARTESIAN_POINT($,(61.5555813953488,-4.49,11.3));
#2933=B_SPLINE_SURFACE_WITH_KNOTS($,3,5,((#2909,#2910,#2911,#2912,#2913,#2914),(#2915,#2916,#2917,#2918,#2919,#2920),(#2921,#2922,#2923,#2924,#2925,#2926),(#2927,#2928,#2929,#2930,#2931,#2932)),.UNSPECIFIED.,.F.,.F.,.F.,(4,4),(6,6),(0,1),(0,1),.UNSPECIFIED.);
#2934=ORIENTED_EDGE($,$,$,#2431,.T.);
#2935=CARTESIAN_POINT($,(61.5555813953488,-4.49,11.3));
#2936=VERTEX_POINT($,#2935);
#2937=CARTESIAN_POINT($,(62.7127906976744,-3.49,10.025));
#2938=CARTESIAN_POINT($,(62.7127906976744,-3.49,10.34375));
#2939=CARTESIAN_POINT($,(62.7127906976744,-3.49,10.6625));
#2940=CARTESIAN_POINT($,(62.1341860465116,-3.99,11.3));
#2941=CARTESIAN_POINT($,(61.8448837209302,-4.24,11.3));
#2942=CARTESIAN_POINT($,(61.5555813953488,-4.49,11.3));
#2943=B_SPLINE_CURVE_WITH_KNOTS($,5,(#2937,#2938,#2939,#2940,#2941,#2942),.UNSPECIFIED.,.F.,.F.,(6,6),(0,1),.UNSPECIFIED.);
#2944=EDGE_CURVE($,#2416,#2936,#2943,.T.);
#2945=ORIENTED_EDGE($,$,$,#2944,.T.);
#2946=CARTESIAN_POINT($,(70.326326563751,-6.1494873897374,11.3));
#2947=CARTESIAN_POINT($,(68.6668391740135,-4.49,11.3));
#2948=CARTESIAN_POINT($,(65.1112102846812,-4.49,11.3));
#2949=CARTESIAN_POINT($,(61.5555813953488,-4.49,11.3));
#2950=B_SPLINE_CURVE_WITH_KNOTS($,3,(#2946,#2947,#2948,#2949),.UNSPECIFIED.,.F.,.F.,(4,4),(0,1),.UNSPECIFIED.);
#2951=EDGE_CURVE($,#2888,#2936,#2950,.T.);
#2952=ORIENTED_EDGE($,$,$,#2951,.F.);
#2953=ORIENTED_EDGE($,$,$,#2896,.F.);
#2954=EDGE_LOOP($,(#2934,#2945,#2952,#2953));
#2955=FACE_OUTER_BOUND('',#2954,.T.);
#2956=ADVANCED_FACE('',(#2955),#2933,.T.);
#2957=CARTESIAN_POINT($,(62.7127906976744,-3.49,10.025));
#2958=CARTESIAN_POINT($,(62.7127906976744,-3.49,10.34375));
#2959=CARTESIAN_POINT($,(62.7127906976744,-3.49,10.6625));
#2960=CARTESIAN_POINT($,(62.1341860465116,-3.99,11.3));
#2961=CARTESIAN_POINT($,(61.8448837209302,-4.24,11.3));
#2962=CARTESIAN_POINT($,(61.5555813953488,-4.49,11.3));
#2963=CARTESIAN_POINT($,(15.2672093023256,-3.49,10.025));
#2964=CARTESIAN_POINT($,(15.2672093023256,-3.49,10.34375));
#2965=CARTESIAN_POINT($,(15.2672093023256,-3.49,10.6625));
#2966=CARTESIAN_POINT($,(15.8458139534884,-3.99,11.3));
#2967=CARTESIAN_POINT($,(16.1351162790698,-4.24,11.3));
#2968=CARTESIAN_POINT($,(16.4244186046512,-4.49,11.3));
#2969=B_SPLINE_SURFACE_WITH_KNOTS($,1,5,((#2957,#2958,#2959,#2960,#2961,#2962),(#2963,#2964,#2965,#2966,#2967,#2968)),.UNSPECIFIED.,.F.,.F.,.F.,(2,2),(6,6),(0,1),(0,1),.UNSPECIFIED.);
#2970=ORIENTED_EDGE($,$,$,#2465,.T.);
#2971=CARTESIAN_POINT($,(16.4244186046512,-4.49,11.3));
#2972=VERTEX_POINT($,#2971);
#2973=CARTESIAN_POINT($,(15.2672093023256,-3.49,10.025));
#2974=CARTESIAN_POINT($,(15.2672093023256,-3.49,10.34375));
#2975=CARTESIAN_POINT($,(15.2672093023256,-3.49,10.6625));
#2976=CARTESIAN_POINT($,(15.8458139534884,-3.99,11.3));
#2977=CARTESIAN_POINT($,(16.1351162790698,-4.24,11.3));
#2978=CARTESIAN_POINT($,(16.4244186046512,-4.49,11.3));
#2979=B_SPLINE_CURVE_WITH_KNOTS($,5,(#2973,#2974,#2975,#2976,#2977,#2978),.UNSPECIFIED.,.F.,.F.,(6,6),(0,1),.UNSPECIFIED.);
#2980=EDGE_CURVE($,#2452,#2972,#2979,.T.);
#2981=ORIENTED_EDGE($,$,$,#2980,.T.);
#2982=CARTESIAN_POINT($,(61.5555813953488,-4.49,11.3));
#2983=CARTESIAN_POINT($,(16.4244186046512,-4.49,11.3));
#2984=B_SPLINE_CURVE_WITH_KNOTS($,1,(#2982,#2983),.UNSPECIFIED.,.F.,.F.,(2,2),(0,1),.UNSPECIFIED.);
#2985=EDGE_CURVE($,#2936,#2972,#2984,.T.);
#2986=ORIENTED_EDGE($,$,$,#2985,.F.);
#2987=ORIENTED_EDGE($,$,$,#2944,.F.);
#2988=EDGE_LOOP($,(#2970,#2981,#2986,#2987));
#2989=FACE_OUTER_BOUND('',#2988,.T.);
#2990=ADVANCED_FACE('',(#2989),#2969,.T.);
#2991=CARTESIAN_POINT($,(15.2672093023256,-3.49,10.025));
#2992=CARTESIAN_POINT($,(15.2672093023256,-3.49,10.34375));
#2993=CARTESIAN_POINT($,(15.2672093023256,-3.49,10.6625));
#2994=CARTESIAN_POINT($,(15.8458139534884,-3.99,11.3));
#2995=CARTESIAN_POINT($,(16.1351162790698,-4.24,11.3));
#2996=CARTESIAN_POINT($,(16.4244186046512,-4.49,11.3));
#2997=CARTESIAN_POINT($,(11.5292404699506,-3.49,10.025));
#2998=CARTESIAN_POINT($,(11.5292404699506,-3.49,10.34375));
#2999=CARTESIAN_POINT($,(11.5292404699506,-3.49,10.6625));
#3000=CARTESIAN_POINT($,(12.1990150926347,-3.99,11.3));
#3001=CARTESIAN_POINT($,(12.5339024039768,-4.24,11.3));
#3002=CARTESIAN_POINT($,(12.8687897153188,-4.49,11.3));
#3003=CARTESIAN_POINT($,(7.7912716375755,-3.49,10.025));
#3004=CARTESIAN_POINT($,(7.7912716375755,-3.49,10.34375));
#3005=CARTESIAN_POINT($,(7.7912716375755,-3.49,10.6625));
#3006=CARTESIAN_POINT($,(8.552216231781,-3.99,11.3));
#3007=CARTESIAN_POINT($,(8.9326885288837,-4.24,11.3));
#3008=CARTESIAN_POINT($,(9.3131608259865,-4.49,11.3));
#3009=CARTESIAN_POINT($,(6.0466823304157,-5.2345893071598,10.025));
#3010=CARTESIAN_POINT($,(6.0466823304157,-5.2345893071598,10.34375));
#3011=CARTESIAN_POINT($,(6.0466823304157,-5.2345893071598,10.6625));
#3012=CARTESIAN_POINT($,(6.8501778833324,-5.6920383484486,11.3));
#3013=CARTESIAN_POINT($,(7.2519256597907,-5.920762869093,11.3));
#3014=CARTESIAN_POINT($,(7.6536734362491,-6.1494873897374,11.3));
#3015=B_SPLINE_SURFACE_WITH_KNOTS($,3,5,((#2991,#2992,#2993,#2994,#2995,#2996),(#2997,#2998,#2999,#3000,#3001,#3002),(#3003,#3004,#3005,#3006,#3007,#3008),(#3009,#3010,#3011,#3012,#3013,#3014)),.UNSPECIFIED.,.F.,.F.,.F.,(4,4),(6,6),(0,1),(0,1),.UNSPECIFIED.);
#3016=ORIENTED_EDGE($,$,$,#2513,.T.);
#3017=CARTESIAN_POINT($,(7.6536734362491,-6.1494873897374,11.3));
#3018=VERTEX_POINT($,#3017);
#3019=CARTESIAN_POINT($,(6.0466823304157,-5.2345893071598,10.025));
#3020=CARTESIAN_POINT($,(6.0466823304157,-5.2345893071598,10.34375));
#3021=CARTESIAN_POINT($,(6.0466823304157,-5.2345893071598,10.6625));
#3022=CARTESIAN_POINT($,(6.8501778833324,-5.6920383484486,11.3));
#3023=CARTESIAN_POINT($,(7.2519256597907,-5.920762869093,11.3));
#3024=CARTESIAN_POINT($,(7.6536734362491,-6.1494873897374,11.3));
#3025=B_SPLINE_CURVE_WITH_KNOTS($,5,(#3019,#3020,#3021,#3022,#3023,#3024),.UNSPECIFIED.,.F.,.F.,(6,6),(0,1),.UNSPECIFIED.);
#3026=EDGE_CURVE($,#2498,#3018,#3025,.T.);
#3027=ORIENTED_EDGE($,$,$,#3026,.T.);
#3028=CARTESIAN_POINT($,(16.4244186046512,-4.49,11.3));
#3029=CARTESIAN_POINT($,(12.8687897153188,-4.49,11.3));
#3030=CARTESIAN_POINT($,(9.3131608259865,-4.49,11.3));
#3031=CARTESIAN_POINT($,(7.6536734362491,-6.1494873897374,11.3));
#3032=B_SPLINE_CURVE_WITH_KNOTS($,3,(#3028,#3029,#3030,#3031),.UNSPECIFIED.,.F.,.F.,(4,4),(0,1),.UNSPECIFIED.);
#3033=EDGE_CURVE($,#2972,#3018,#3032,.T.);
#3034=ORIENTED_EDGE($,$,$,#3033,.F.);
#3035=ORIENTED_EDGE($,$,$,#2980,.F.);
#3036=EDGE_LOOP($,(#3016,#3027,#3034,#3035));
#3037=FACE_OUTER_BOUND('',#3036,.T.);
#3038=ADVANCED_FACE('',(#3037),#3015,.T.);
#3039=CARTESIAN_POINT($,(6.0466823304157,-5.2345893071598,10.025));
#3040=CARTESIAN_POINT($,(6.0466823304157,-5.2345893071598,10.34375));
#3041=CARTESIAN_POINT($,(6.0466823304157,-5.2345893071598,10.6625));
#3042=CARTESIAN_POINT($,(6.8501778833324,-5.6920383484486,11.3));
#3043=CARTESIAN_POINT($,(7.2519256597907,-5.920762869093,11.3));
#3044=CARTESIAN_POINT($,(7.6536734362491,-6.1494873897374,11.3));
#3045=CARTESIAN_POINT($,(4.3020930232558,-6.9791786143197,10.025));
#3046=CARTESIAN_POINT($,(4.3020930232558,-6.9791786143197,10.34375));
#3047=CARTESIAN_POINT($,(4.3020930232558,-6.9791786143197,10.6625));
#3048=CARTESIAN_POINT($,(5.1481395348837,-7.3940766968973,11.3));
#3049=CARTESIAN_POINT($,(5.5711627906977,-7.6015257381861,11.3));
#3050=CARTESIAN_POINT($,(5.9941860465116,-7.8089747794748,11.3));
#3051=CARTESIAN_POINT($,(4.3020930232558,-10.7171474466947,10.025));
#3052=CARTESIAN_POINT($,(4.3020930232558,-10.7171474466947,10.34375));
#3053=CARTESIAN_POINT($,(4.3020930232558,-10.7171474466947,10.6625));
#3054=CARTESIAN_POINT($,(5.1481395348837,-11.040875557751,11.3));
#3055=CARTESIAN_POINT($,(5.5711627906977,-11.2027396132791,11.3));
#3056=CARTESIAN_POINT($,(5.9941860465116,-11.3646036688072,11.3));
#3057=CARTESIAN_POINT($,(4.3020930232558,-14.4551162790698,10.025));
#3058=CARTESIAN_POINT($,(4.3020930232558,-14.4551162790698,10.34375));
#3059=CARTESIAN_POINT($,(4.3020930232558,-14.4551162790698,10.6625));
#3060=CARTESIAN_POINT($,(5.1481395348837,-14.6876744186046,11.3));
#3061=CARTESIAN_POINT($,(5.5711627906977,-14.8039534883721,11.3));
#3062=CARTESIAN_POINT($,(5.9941860465116,-14.9202325581395,11.3));
#3063=B_SPLINE_SURFACE_WITH_KNOTS($,3,5,((#3039,#3040,#3041,#3042,#3043,#3044),(#3045,#3046,#3047,#3048,#3049,#3050),(#3051,#3052,#3053,#3054,#3055,#3056),(#3057,#3058,#3059,#3060,#3061,#3062)),.UNSPECIFIED.,.F.,.F.,.F.,(4,4),(6,6),(0,1),(0,1),.UNSPECIFIED.);
#3064=ORIENTED_EDGE($,$,$,#2561,.T.);
#3065=CARTESIAN_POINT($,(5.9941860465116,-14.9202325581395,11.3));
#3066=VERTEX_POINT($,#3065);
#3067=CARTESIAN_POINT($,(4.3020930232558,-14.4551162790698,10.025));
#3068=CARTESIAN_POINT($,(4.3020930232558,-14.4551162790698,10.34375));
#3069=CARTESIAN_POINT($,(4.3020930232558,-14.4551162790698,10.6625));
#3070=CARTESIAN_POINT($,(5.1481395348837,-14.6876744186046,11.3));
#3071=CARTESIAN_POINT($,(5.5711627906977,-14.8039534883721,11.3));
#3072=CARTESIAN_POINT($,(5.9941860465116,-14.9202325581395,11.3));
#3073=B_SPLINE_CURVE_WITH_KNOTS($,5,(#3067,#3068,#3069,#3070,#3071,#3072),.UNSPECIFIED.,.F.,.F.,(6,6),(0,1),.UNSPECIFIED.);
#3074=EDGE_CURVE($,#2546,#3066,#3073,.T.);
#3075=ORIENTED_EDGE($,$,$,#3074,.T.);
#3076=CARTESIAN_POINT($,(7.6536734362491,-6.1494873897374,11.3));
#3077=CARTESIAN_POINT($,(5.9941860465116,-7.8089747794748,11.3));
#3078=CARTESIAN_POINT($,(5.9941860465116,-11.3646036688072,11.3));
#3079=CARTESIAN_POINT($,(5.9941860465116,-14.9202325581395,11.3));
#3080=B_SPLINE_CURVE_WITH_KNOTS($,3,(#3076,#3077,#3078,#3079),.UNSPECIFIED.,.F.,.F.,(4,4),(0,1),.UNSPECIFIED.);
#3081=EDGE_CURVE($,#3018,#3066,#3080,.T.);
#3082=ORIENTED_EDGE($,$,$,#3081,.F.);
#3083=ORIENTED_EDGE($,$,$,#3026,.F.);
#3084=EDGE_LOOP($,(#3064,#3075,#3082,#3083));
#3085=FACE_OUTER_BOUND('',#3084,.T.);
#3086=ADVANCED_FACE('',(#3085),#3063,.T.);
#3087=CARTESIAN_POINT($,(4.3020930232558,-14.4551162790698,10.025));
#3088=CARTESIAN_POINT($,(4.3020930232558,-14.4551162790698,10.34375));
#3089=CARTESIAN_POINT($,(4.3020930232558,-14.4551162790698,10.6625));
#3090=CARTESIAN_POINT($,(5.1481395348837,-14.6876744186046,11.3));
#3091=CARTESIAN_POINT($,(5.5711627906977,-14.8039534883721,11.3));
#3092=CARTESIAN_POINT($,(5.9941860465116,-14.9202325581395,11.3));
#3093=CARTESIAN_POINT($,(4.3020930232558,-33.5248837209302,10.025));
#3094=CARTESIAN_POINT($,(4.3020930232558,-33.5248837209302,10.34375));
#3095=CARTESIAN_POINT($,(4.3020930232558,-33.5248837209302,10.6625));
#3096=CARTESIAN_POINT($,(5.1481395348837,-33.2923255813953,11.3));
#3097=CARTESIAN_POINT($,(5.5711627906977,-33.1760465116279,11.3));
#3098=CARTESIAN_POINT($,(5.9941860465116,-33.0597674418605,11.3));
#3099=B_SPLINE_SURFACE_WITH_KNOTS($,1,5,((#3087,#3088,#3089,#3090,#3091,#3092),(#3093,#3094,#3095,#3096,#3097,#3098)),.UNSPECIFIED.,.F.,.F.,.F.,(2,2),(6,6),(0,1),(0,1),.UNSPECIFIED.);
#3100=ORIENTED_EDGE($,$,$,#2595,.T.);
#3101=CARTESIAN_POINT($,(5.9941860465116,-33.0597674418605,11.3));
#3102=VERTEX_POINT($,#3101);
#3103=CARTESIAN_POINT($,(4.3020930232558,-33.5248837209302,10.025));
#3104=CARTESIAN_POINT($,(4.3020930232558,-33.5248837209302,10.34375));
#3105=CARTESIAN_POINT($,(4.3020930232558,-33.5248837209302,10.6625));
#3106=CARTESIAN_POINT($,(5.1481395348837,-33.2923255813953,11.3));
#3107=CARTESIAN_POINT($,(5.5711627906977,-33.1760465116279,11.3));
#3108=CARTESIAN_POINT($,(5.9941860465116,-33.0597674418605,11.3));
#3109=B_SPLINE_CURVE_WITH_KNOTS($,5,(#3103,#3104,#3105,#3106,#3107,#3108),.UNSPECIFIED.,.F.,.F.,(6,6),(0,1),.UNSPECIFIED.);
#3110=EDGE_CURVE($,#2582,#3102,#3109,.T.);
#3111=ORIENTED_EDGE($,$,$,#3110,.T.);
#3112=CARTESIAN_POINT($,(5.9941860465116,-14.9202325581395,11.3));
#3113=CARTESIAN_POINT($,(5.9941860465116,-33.0597674418605,11.3));
#3114=B_SPLINE_CURVE_WITH_KNOTS($,1,(#3112,#3113),.UNSPECIFIED.,.F.,.F.,(2,2),(0,1),.UNSPECIFIED.);
#3115=EDGE_CURVE($,#3066,#3102,#3114,.T.);
#3116=ORIENTED_EDGE($,$,$,#3115,.F.);
#3117=ORIENTED_EDGE($,$,$,#3074,.F.);
#3118=EDGE_LOOP($,(#3100,#3111,#3116,#3117));
#3119=FACE_OUTER_BOUND('',#3118,.T.);
#3120=ADVANCED_FACE('',(#3119),#3099,.T.);
#3121=CARTESIAN_POINT($,(4.3020930232558,-33.5248837209302,10.025));
#3122=CARTESIAN_POINT($,(4.3020930232558,-33.5248837209302,10.34375));
#3123=CARTESIAN_POINT($,(4.3020930232558,-33.5248837209302,10.6625));
#3124=CARTESIAN_POINT($,(5.1481395348837,-33.2923255813953,11.3));
#3125=CARTESIAN_POINT($,(5.5711627906977,-33.1760465116279,11.3));
#3126=CARTESIAN_POINT($,(5.9941860465116,-33.0597674418605,11.3));
#3127=CARTESIAN_POINT($,(4.3020930232558,-37.2628525533053,10.025));
#3128=CARTESIAN_POINT($,(4.3020930232558,-37.2628525533053,10.34375));
#3129=CARTESIAN_POINT($,(4.3020930232558,-37.2628525533053,10.6625));
#3130=CARTESIAN_POINT($,(5.1481395348837,-36.939124442249,11.3));
#3131=CARTESIAN_POINT($,(5.5711627906977,-36.7772603867209,11.3));
#3132=CARTESIAN_POINT($,(5.9941860465116,-36.6153963311928,11.3));
#3133=CARTESIAN_POINT($,(4.3020930232558,-41.0008213856803,10.025));
#3134=CARTESIAN_POINT($,(4.3020930232558,-41.0008213856803,10.34375));
#3135=CARTESIAN_POINT($,(4.3020930232558,-41.0008213856803,10.6625));
#3136=CARTESIAN_POINT($,(5.1481395348837,-40.5859233031027,11.3));
#3137=CARTESIAN_POINT($,(5.5711627906977,-40.3784742618139,11.3));
#3138=CARTESIAN_POINT($,(5.9941860465116,-40.1710252205252,11.3));
#3139=CARTESIAN_POINT($,(6.0466823304157,-42.7454106928401,10.025));
#3140=CARTESIAN_POINT($,(6.0466823304157,-42.7454106928401,10.34375));
#3141=CARTESIAN_POINT($,(6.0466823304157,-42.7454106928401,10.6625));
#3142=CARTESIAN_POINT($,(6.8501778833323,-42.2879616515514,11.3));
#3143=CARTESIAN_POINT($,(7.2519256597907,-42.059237130907,11.3));
#3144=CARTESIAN_POINT($,(7.653673436249,-41.8305126102626,11.3));
#3145=B_SPLINE_SURFACE_WITH_KNOTS($,3,5,((#3121,#3122,#3123,#3124,#3125,#3126),(#3127,#3128,#3129,#3130,#3131,#3132),(#3133,#3134,#3135,#3136,#3137,#3138),(#3139,#3140,#3141,#3142,#3143,#3144)),.UNSPECIFIED.,.F.,.F.,.F.,(4,4),(6,6),(0,1),(0,1),.UNSPECIFIED.);
#3146=ORIENTED_EDGE($,$,$,#2643,.T.);
#3147=CARTESIAN_POINT($,(7.653673436249,-41.8305126102626,11.3));
#3148=VERTEX_POINT($,#3147);
#3149=CARTESIAN_POINT($,(6.0466823304157,-42.7454106928401,10.025));
#3150=CARTESIAN_POINT($,(6.0466823304157,-42.7454106928401,10.34375));
#3151=CARTESIAN_POINT($,(6.0466823304157,-42.7454106928401,10.6625));
#3152=CARTESIAN_POINT($,(6.8501778833323,-42.2879616515514,11.3));
#3153=CARTESIAN_POINT($,(7.2519256597907,-42.059237130907,11.3));
#3154=CARTESIAN_POINT($,(7.653673436249,-41.8305126102626,11.3));
#3155=B_SPLINE_CURVE_WITH_KNOTS($,5,(#3149,#3150,#3151,#3152,#3153,#3154),.UNSPECIFIED.,.F.,.F.,(6,6),(0,1),.UNSPECIFIED.);
#3156=EDGE_CURVE($,#2628,#3148,#3155,.T.);
#3157=ORIENTED_EDGE($,$,$,#3156,.T.);
#3158=CARTESIAN_POINT($,(5.9941860465116,-33.0597674418605,11.3));
#3159=CARTESIAN_POINT($,(5.9941860465116,-36.6153963311928,11.3));
#3160=CARTESIAN_POINT($,(5.9941860465116,-40.1710252205252,11.3));
#3161=CARTESIAN_POINT($,(7.653673436249,-41.8305126102626,11.3));
#3162=B_SPLINE_CURVE_WITH_KNOTS($,3,(#3158,#3159,#3160,#3161),.UNSPECIFIED.,.F.,.F.,(4,4),(0,1),.UNSPECIFIED.);
#3163=EDGE_CURVE($,#3102,#3148,#3162,.T.);
#3164=ORIENTED_EDGE($,$,$,#3163,.F.);
#3165=ORIENTED_EDGE($,$,$,#3110,.F.);
#3166=EDGE_LOOP($,(#3146,#3157,#3164,#3165));
#3167=FACE_OUTER_BOUND('',#3166,.T.);
#3168=ADVANCED_FACE('',(#3167),#3145,.T.);
#3169=CARTESIAN_POINT($,(6.0466823304157,-42.7454106928401,10.025));
#3170=CARTESIAN_POINT($,(6.0466823304157,-42.7454106928401,10.34375));
#3171=CARTESIAN_POINT($,(6.0466823304157,-42.7454106928401,10.6625));
#3172=CARTESIAN_POINT($,(6.8501778833323,-42.2879616515514,11.3));
#3173=CARTESIAN_POINT($,(7.2519256597907,-42.059237130907,11.3));
#3174=CARTESIAN_POINT($,(7.653673436249,-41.8305126102626,11.3));
#3175=CARTESIAN_POINT($,(7.7912716375755,-44.49,10.025));
#3176=CARTESIAN_POINT($,(7.7912716375755,-44.49,10.34375));
#3177=CARTESIAN_POINT($,(7.7912716375755,-44.49,10.6625));
#3178=CARTESIAN_POINT($,(8.552216231781,-43.99,11.3));
#3179=CARTESIAN_POINT($,(8.9326885288837,-43.74,11.3));
#3180=CARTESIAN_POINT($,(9.3131608259865,-43.49,11.3));
#3181=CARTESIAN_POINT($,(11.5292404699505,-44.49,10.025));
#3182=CARTESIAN_POINT($,(11.5292404699505,-44.49,10.34375));
#3183=CARTESIAN_POINT($,(11.5292404699505,-44.49,10.6625));
#3184=CARTESIAN_POINT($,(12.1990150926347,-43.99,11.3));
#3185=CARTESIAN_POINT($,(12.5339024039767,-43.74,11.3));
#3186=CARTESIAN_POINT($,(12.8687897153188,-43.49,11.3));
#3187=CARTESIAN_POINT($,(15.2672093023256,-44.49,10.025));
#3188=CARTESIAN_POINT($,(15.2672093023256,-44.49,10.34375));
#3189=CARTESIAN_POINT($,(15.2672093023256,-44.49,10.6625));
#3190=CARTESIAN_POINT($,(15.8458139534884,-43.99,11.3));
#3191=CARTESIAN_POINT($,(16.1351162790698,-43.74,11.3));
#3192=CARTESIAN_POINT($,(16.4244186046512,-43.49,11.3));
#3193=B_SPLINE_SURFACE_WITH_KNOTS($,3,5,((#3169,#3170,#3171,#3172,#3173,#3174),(#3175,#3176,#3177,#3178,#3179,#3180),(#3181,#3182,#3183,#3184,#3185,#3186),(#3187,#3188,#3189,#3190,#3191,#3192)),.UNSPECIFIED.,.F.,.F.,.F.,(4,4),(6,6),(0,1),(0,1),.UNSPECIFIED.);
#3194=ORIENTED_EDGE($,$,$,#2681,.T.);
#3195=ORIENTED_EDGE($,$,$,#2726,.T.);
#3196=CARTESIAN_POINT($,(7.653673436249,-41.8305126102626,11.3));
#3197=CARTESIAN_POINT($,(9.3131608259865,-43.49,11.3));
#3198=CARTESIAN_POINT($,(12.8687897153188,-43.49,11.3));
#3199=CARTESIAN_POINT($,(16.4244186046512,-43.49,11.3));
#3200=B_SPLINE_CURVE_WITH_KNOTS($,3,(#3196,#3197,#3198,#3199),.UNSPECIFIED.,.F.,.F.,(4,4),(0,1),.UNSPECIFIED.);
#3201=EDGE_CURVE($,#3148,#2713,#3200,.T.);
#3202=ORIENTED_EDGE($,$,$,#3201,.F.);
#3203=ORIENTED_EDGE($,$,$,#3156,.F.);
#3204=EDGE_LOOP($,(#3194,#3195,#3202,#3203));
#3205=FACE_OUTER_BOUND('',#3204,.T.);
#3206=ADVANCED_FACE('',(#3205),#3193,.T.);
#3207=CARTESIAN_POINT($,(0,0,11.3));
#3208=DIRECTION($,(0,0,1));
#3209=DIRECTION($,(1,0,0));
#3210=AXIS2_PLACEMENT_3D($,#3207,#3208,#3209);
#3211=PLANE($,#3210);
#3212=ORIENTED_EDGE($,$,$,#2717,.T.);
#3213=ORIENTED_EDGE($,$,$,#2773,.T.);
#3214=ORIENTED_EDGE($,$,$,#2821,.T.);
#3215=ORIENTED_EDGE($,$,$,#2855,.T.);
#3216=ORIENTED_EDGE($,$,$,#2903,.T.);
#3217=ORIENTED_EDGE($,$,$,#2951,.T.);
#3218=ORIENTED_EDGE($,$,$,#2985,.T.);
#3219=ORIENTED_EDGE($,$,$,#3033,.T.);
#3220=ORIENTED_EDGE($,$,$,#3081,.T.);
#3221=ORIENTED_EDGE($,$,$,#3115,.T.);
#3222=ORIENTED_EDGE($,$,$,#3163,.T.);
#3223=ORIENTED_EDGE($,$,$,#3201,.T.);
#3224=EDGE_LOOP($,(#3212,#3213,#3214,#3215,#3216,#3217,#3218,#3219,#3220,#3221,#3222,#3223));
#3225=FACE_OUTER_BOUND('',#3224,.T.);
#3226=ADVANCED_FACE('',(#3225),#3211,.T.);
#3227=CLOSED_SHELL($,(#1848,#2030,#2052,#2069,#2086,#2103,#2120,#2137,#2154,#2166,#2210,#2258,#2306,#2340,#2388,#2436,#2470,#2518,#2566,#2600,#2648,#2686,#2730,#2778,#2826,#2860,#2908,#2956,#2990,#3038,#3086,#3120,#3168,#3206,#3226));
#3228=MANIFOLD_SOLID_BREP('BodyPart<Spec: Standard>',#3227);
#3229=APPLICATION_CONTEXT('mechanical design');
#3230=PRODUCT_CONTEXT('',#3229,'mechanical');
#3231=PRODUCT('assembly-definition:E572CE7561695E37','BodyPart<Spec: Standard>','Aetheris shared assembly definition',(#3230));
#3232=PRODUCT_DEFINITION_FORMATION('','',#3231);
#3233=PRODUCT_DEFINITION_CONTEXT('design',#3229,'design');
#3234=PRODUCT_DEFINITION('','',#3232,#3233);
#3235=PRODUCT_DEFINITION_SHAPE('','',#3234);
#3236=(LENGTH_UNIT()NAMED_UNIT(*)SI_UNIT(.MILLI.,.METRE.));
#3237=(NAMED_UNIT(*)PLANE_ANGLE_UNIT()SI_UNIT($,.RADIAN.));
#3238=(NAMED_UNIT(*)SI_UNIT($,.STERADIAN.)SOLID_ANGLE_UNIT());
#3239=(GEOMETRIC_REPRESENTATION_CONTEXT(3)GLOBAL_UNIT_ASSIGNED_CONTEXT((#3236,#3237,#3238))REPRESENTATION_CONTEXT('3','3D'));
#3240=SHAPE_REPRESENTATION('BodyPart<Spec: Standard>',(#3228),#3239);
#3241=SHAPE_DEFINITION_REPRESENTATION(#3235,#3240);
#3242=CARTESIAN_POINT($,(0,0,0));
#3243=DIRECTION($,(-0,-0,-1));
#3244=DIRECTION($,(1,0,0));
#3245=AXIS2_PLACEMENT_3D($,#3242,#3243,#3244);
#3246=PLANE($,#3245);
#3247=CARTESIAN_POINT($,(-4.27,-1.33,0));
#3248=VERTEX_POINT($,#3247);
#3249=CARTESIAN_POINT($,(4.27,-1.33,0));
#3250=VERTEX_POINT($,#3249);
#3251=CARTESIAN_POINT($,(-4.27,-1.33,0));
#3252=DIRECTION($,(1,0,0));
#3253=VECTOR($,#3252,1);
#3254=LINE($,#3251,#3253);
#3255=EDGE_CURVE($,#3248,#3250,#3254,.T.);
#3256=ORIENTED_EDGE($,$,$,#3255,.T.);
#3257=CARTESIAN_POINT($,(4.27,1.33,0));
#3258=VERTEX_POINT($,#3257);
#3259=CARTESIAN_POINT($,(4.27,0,0));
#3260=DIRECTION($,(0,0,1));
#3261=DIRECTION($,(1,0,0));
#3262=AXIS2_PLACEMENT_3D($,#3259,#3260,#3261);
#3263=CIRCLE($,#3262,1.33);
#3264=TRIMMED_CURVE($,#3263,(PARAMETER_VALUE(-1.5707963267949)),(PARAMETER_VALUE(1.5707963267949)),.T.,.PARAMETER.);
#3265=EDGE_CURVE($,#3250,#3258,#3264,.T.);
#3266=ORIENTED_EDGE($,$,$,#3265,.T.);
#3267=CARTESIAN_POINT($,(-4.27,1.33,0));
#3268=VERTEX_POINT($,#3267);
#3269=CARTESIAN_POINT($,(4.27,1.33,0));
#3270=DIRECTION($,(-1,0,0));
#3271=VECTOR($,#3270,1);
#3272=LINE($,#3269,#3271);
#3273=EDGE_CURVE($,#3258,#3268,#3272,.T.);
#3274=ORIENTED_EDGE($,$,$,#3273,.T.);
#3275=CARTESIAN_POINT($,(-4.27,0,0));
#3276=DIRECTION($,(0,0,1));
#3277=DIRECTION($,(1,0,0));
#3278=AXIS2_PLACEMENT_3D($,#3275,#3276,#3277);
#3279=CIRCLE($,#3278,1.33);
#3280=TRIMMED_CURVE($,#3279,(PARAMETER_VALUE(1.5707963267949)),(PARAMETER_VALUE(4.7123889803847)),.T.,.PARAMETER.);
#3281=EDGE_CURVE($,#3268,#3248,#3280,.T.);
#3282=ORIENTED_EDGE($,$,$,#3281,.T.);
#3283=EDGE_LOOP($,(#3256,#3266,#3274,#3282));
#3284=FACE_OUTER_BOUND('',#3283,.T.);
#3285=ADVANCED_FACE('',(#3284),#3246,.T.);
#3286=CARTESIAN_POINT($,(0,0,0.45));
#3287=DIRECTION($,(0,0,1));
#3288=DIRECTION($,(1,0,0));
#3289=AXIS2_PLACEMENT_3D($,#3286,#3287,#3288);
#3290=PLANE($,#3289);
#3291=CARTESIAN_POINT($,(-4.27,-1.33,0.45));
#3292=VERTEX_POINT($,#3291);
#3293=CARTESIAN_POINT($,(4.27,-1.33,0.45));
#3294=VERTEX_POINT($,#3293);
#3295=CARTESIAN_POINT($,(-4.27,-1.33,0.45));
#3296=DIRECTION($,(1,0,0));
#3297=VECTOR($,#3296,1);
#3298=LINE($,#3295,#3297);
#3299=EDGE_CURVE($,#3292,#3294,#3298,.T.);
#3300=ORIENTED_EDGE($,$,$,#3299,.T.);
#3301=CARTESIAN_POINT($,(4.27,1.33,0.45));
#3302=VERTEX_POINT($,#3301);
#3303=CARTESIAN_POINT($,(4.27,0,0.45));
#3304=DIRECTION($,(0,0,1));
#3305=DIRECTION($,(1,0,0));
#3306=AXIS2_PLACEMENT_3D($,#3303,#3304,#3305);
#3307=CIRCLE($,#3306,1.33);
#3308=TRIMMED_CURVE($,#3307,(PARAMETER_VALUE(-1.5707963267949)),(PARAMETER_VALUE(1.5707963267949)),.T.,.PARAMETER.);
#3309=EDGE_CURVE($,#3294,#3302,#3308,.T.);
#3310=ORIENTED_EDGE($,$,$,#3309,.T.);
#3311=CARTESIAN_POINT($,(-4.27,1.33,0.45));
#3312=VERTEX_POINT($,#3311);
#3313=CARTESIAN_POINT($,(4.27,1.33,0.45));
#3314=DIRECTION($,(-1,0,0));
#3315=VECTOR($,#3314,1);
#3316=LINE($,#3313,#3315);
#3317=EDGE_CURVE($,#3302,#3312,#3316,.T.);
#3318=ORIENTED_EDGE($,$,$,#3317,.T.);
#3319=CARTESIAN_POINT($,(-4.27,0,0.45));
#3320=DIRECTION($,(0,0,1));
#3321=DIRECTION($,(1,0,0));
#3322=AXIS2_PLACEMENT_3D($,#3319,#3320,#3321);
#3323=CIRCLE($,#3322,1.33);
#3324=TRIMMED_CURVE($,#3323,(PARAMETER_VALUE(1.5707963267949)),(PARAMETER_VALUE(4.7123889803847)),.T.,.PARAMETER.);
#3325=EDGE_CURVE($,#3312,#3292,#3324,.T.);
#3326=ORIENTED_EDGE($,$,$,#3325,.T.);
#3327=EDGE_LOOP($,(#3300,#3310,#3318,#3326));
#3328=FACE_OUTER_BOUND('',#3327,.T.);
#3329=ADVANCED_FACE('',(#3328),#3290,.T.);
#3330=CARTESIAN_POINT($,(-4.27,-1.33,0));
#3331=DIRECTION($,(0,-1,0));
#3332=DIRECTION($,(0,0,1));
#3333=AXIS2_PLACEMENT_3D($,#3330,#3331,#3332);
#3334=PLANE($,#3333);
#3335=ORIENTED_EDGE($,$,$,#3255,.T.);
#3336=CARTESIAN_POINT($,(4.27,-1.33,0));
#3337=DIRECTION($,(0,0,1));
#3338=VECTOR($,#3337,1);
#3339=LINE($,#3336,#3338);
#3340=EDGE_CURVE($,#3250,#3294,#3339,.T.);
#3341=ORIENTED_EDGE($,$,$,#3340,.T.);
#3342=ORIENTED_EDGE($,$,$,#3299,.F.);
#3343=CARTESIAN_POINT($,(-4.27,-1.33,0));
#3344=DIRECTION($,(0,0,1));
#3345=VECTOR($,#3344,1);
#3346=LINE($,#3343,#3345);
#3347=EDGE_CURVE($,#3248,#3292,#3346,.T.);
#3348=ORIENTED_EDGE($,$,$,#3347,.F.);
#3349=EDGE_LOOP($,(#3335,#3341,#3342,#3348));
#3350=FACE_OUTER_BOUND('',#3349,.T.);
#3351=ADVANCED_FACE('',(#3350),#3334,.T.);
#3352=CARTESIAN_POINT($,(4.27,0,0));
#3353=DIRECTION($,(0,0,1));
#3354=DIRECTION($,(1,0,0));
#3355=AXIS2_PLACEMENT_3D($,#3352,#3353,#3354);
#3356=CYLINDRICAL_SURFACE($,#3355,1.33);
#3357=ORIENTED_EDGE($,$,$,#3265,.T.);
#3358=CARTESIAN_POINT($,(4.27,1.33,0));
#3359=DIRECTION($,(0,0,1));
#3360=VECTOR($,#3359,1);
#3361=LINE($,#3358,#3360);
#3362=EDGE_CURVE($,#3258,#3302,#3361,.T.);
#3363=ORIENTED_EDGE($,$,$,#3362,.T.);
#3364=ORIENTED_EDGE($,$,$,#3309,.F.);
#3365=ORIENTED_EDGE($,$,$,#3340,.F.);
#3366=EDGE_LOOP($,(#3357,#3363,#3364,#3365));
#3367=FACE_OUTER_BOUND('',#3366,.T.);
#3368=ADVANCED_FACE('',(#3367),#3356,.T.);
#3369=CARTESIAN_POINT($,(4.27,1.33,0));
#3370=DIRECTION($,(0,1,0));
#3371=DIRECTION($,(0,0,1));
#3372=AXIS2_PLACEMENT_3D($,#3369,#3370,#3371);
#3373=PLANE($,#3372);
#3374=ORIENTED_EDGE($,$,$,#3273,.T.);
#3375=CARTESIAN_POINT($,(-4.27,1.33,0));
#3376=DIRECTION($,(0,0,1));
#3377=VECTOR($,#3376,1);
#3378=LINE($,#3375,#3377);
#3379=EDGE_CURVE($,#3268,#3312,#3378,.T.);
#3380=ORIENTED_EDGE($,$,$,#3379,.T.);
#3381=ORIENTED_EDGE($,$,$,#3317,.F.);
#3382=ORIENTED_EDGE($,$,$,#3362,.F.);
#3383=EDGE_LOOP($,(#3374,#3380,#3381,#3382));
#3384=FACE_OUTER_BOUND('',#3383,.T.);
#3385=ADVANCED_FACE('',(#3384),#3373,.T.);
#3386=CARTESIAN_POINT($,(-4.27,0,0));
#3387=DIRECTION($,(0,0,1));
#3388=DIRECTION($,(1,0,0));
#3389=AXIS2_PLACEMENT_3D($,#3386,#3387,#3388);
#3390=CYLINDRICAL_SURFACE($,#3389,1.33);
#3391=ORIENTED_EDGE($,$,$,#3281,.T.);
#3392=ORIENTED_EDGE($,$,$,#3347,.T.);
#3393=ORIENTED_EDGE($,$,$,#3325,.F.);
#3394=ORIENTED_EDGE($,$,$,#3379,.F.);
#3395=EDGE_LOOP($,(#3391,#3392,#3393,#3394));
#3396=FACE_OUTER_BOUND('',#3395,.T.);
#3397=ADVANCED_FACE('',(#3396),#3390,.T.);
#3398=CLOSED_SHELL($,(#3285,#3329,#3351,#3368,#3385,#3397));
#3399=MANIFOLD_SOLID_BREP('SideDetail<L: 11.2mm, W: 2.66mm, T: 0.45mm>',#3398);
#3400=APPLICATION_CONTEXT('mechanical design');
#3401=PRODUCT_CONTEXT('',#3400,'mechanical');
#3402=PRODUCT('assembly-definition:EEB474A7858F2848','SideDetail<L: 11.2mm, W: 2.66mm, T: 0.45mm>','Aetheris shared assembly definition',(#3401));
#3403=PRODUCT_DEFINITION_FORMATION('','',#3402);
#3404=PRODUCT_DEFINITION_CONTEXT('design',#3400,'design');
#3405=PRODUCT_DEFINITION('','',#3403,#3404);
#3406=PRODUCT_DEFINITION_SHAPE('','',#3405);
#3407=(LENGTH_UNIT()NAMED_UNIT(*)SI_UNIT(.MILLI.,.METRE.));
#3408=(NAMED_UNIT(*)PLANE_ANGLE_UNIT()SI_UNIT($,.RADIAN.));
#3409=(NAMED_UNIT(*)SI_UNIT($,.STERADIAN.)SOLID_ANGLE_UNIT());
#3410=(GEOMETRIC_REPRESENTATION_CONTEXT(3)GLOBAL_UNIT_ASSIGNED_CONTEXT((#3407,#3408,#3409))REPRESENTATION_CONTEXT('3','3D'));
#3411=SHAPE_REPRESENTATION('SideDetail<L: 11.2mm, W: 2.66mm, T: 0.45mm>',(#3399),#3410);
#3412=SHAPE_DEFINITION_REPRESENTATION(#3406,#3411);
#3413=CARTESIAN_POINT($,(0,0,0));
#3414=DIRECTION($,(-0,-0,-1));
#3415=DIRECTION($,(1,0,0));
#3416=AXIS2_PLACEMENT_3D($,#3413,#3414,#3415);
#3417=PLANE($,#3416);
#3418=CARTESIAN_POINT($,(-2.94,-1.56,0));
#3419=VERTEX_POINT($,#3418);
#3420=CARTESIAN_POINT($,(2.94,-1.56,0));
#3421=VERTEX_POINT($,#3420);
#3422=CARTESIAN_POINT($,(-2.94,-1.56,0));
#3423=DIRECTION($,(1,0,0));
#3424=VECTOR($,#3423,1);
#3425=LINE($,#3422,#3424);
#3426=EDGE_CURVE($,#3419,#3421,#3425,.T.);
#3427=ORIENTED_EDGE($,$,$,#3426,.T.);
#3428=CARTESIAN_POINT($,(2.94,1.56,0));
#3429=VERTEX_POINT($,#3428);
#3430=CARTESIAN_POINT($,(2.94,0,0));
#3431=DIRECTION($,(0,0,1));
#3432=DIRECTION($,(1,0,0));
#3433=AXIS2_PLACEMENT_3D($,#3430,#3431,#3432);
#3434=CIRCLE($,#3433,1.56);
#3435=TRIMMED_CURVE($,#3434,(PARAMETER_VALUE(-1.5707963267949)),(PARAMETER_VALUE(1.5707963267949)),.T.,.PARAMETER.);
#3436=EDGE_CURVE($,#3421,#3429,#3435,.T.);
#3437=ORIENTED_EDGE($,$,$,#3436,.T.);
#3438=CARTESIAN_POINT($,(-2.94,1.56,0));
#3439=VERTEX_POINT($,#3438);
#3440=CARTESIAN_POINT($,(2.94,1.56,0));
#3441=DIRECTION($,(-1,0,0));
#3442=VECTOR($,#3441,1);
#3443=LINE($,#3440,#3442);
#3444=EDGE_CURVE($,#3429,#3439,#3443,.T.);
#3445=ORIENTED_EDGE($,$,$,#3444,.T.);
#3446=CARTESIAN_POINT($,(-2.94,0,0));
#3447=DIRECTION($,(0,0,1));
#3448=DIRECTION($,(1,0,0));
#3449=AXIS2_PLACEMENT_3D($,#3446,#3447,#3448);
#3450=CIRCLE($,#3449,1.56);
#3451=TRIMMED_CURVE($,#3450,(PARAMETER_VALUE(1.5707963267949)),(PARAMETER_VALUE(4.7123889803847)),.T.,.PARAMETER.);
#3452=EDGE_CURVE($,#3439,#3419,#3451,.T.);
#3453=ORIENTED_EDGE($,$,$,#3452,.T.);
#3454=EDGE_LOOP($,(#3427,#3437,#3445,#3453));
#3455=FACE_OUTER_BOUND('',#3454,.T.);
#3456=ADVANCED_FACE('',(#3455),#3417,.T.);
#3457=CARTESIAN_POINT($,(0,0,0.02));
#3458=DIRECTION($,(0,0,1));
#3459=DIRECTION($,(1,0,0));
#3460=AXIS2_PLACEMENT_3D($,#3457,#3458,#3459);
#3461=PLANE($,#3460);
#3462=CARTESIAN_POINT($,(-2.94,-1.56,0.02));
#3463=VERTEX_POINT($,#3462);
#3464=CARTESIAN_POINT($,(2.94,-1.56,0.02));
#3465=VERTEX_POINT($,#3464);
#3466=CARTESIAN_POINT($,(-2.94,-1.56,0.02));
#3467=DIRECTION($,(1,0,0));
#3468=VECTOR($,#3467,1);
#3469=LINE($,#3466,#3468);
#3470=EDGE_CURVE($,#3463,#3465,#3469,.T.);
#3471=ORIENTED_EDGE($,$,$,#3470,.T.);
#3472=CARTESIAN_POINT($,(2.94,1.56,0.02));
#3473=VERTEX_POINT($,#3472);
#3474=CARTESIAN_POINT($,(2.94,0,0.02));
#3475=DIRECTION($,(0,0,1));
#3476=DIRECTION($,(1,0,0));
#3477=AXIS2_PLACEMENT_3D($,#3474,#3475,#3476);
#3478=CIRCLE($,#3477,1.56);
#3479=TRIMMED_CURVE($,#3478,(PARAMETER_VALUE(-1.5707963267949)),(PARAMETER_VALUE(1.5707963267949)),.T.,.PARAMETER.);
#3480=EDGE_CURVE($,#3465,#3473,#3479,.T.);
#3481=ORIENTED_EDGE($,$,$,#3480,.T.);
#3482=CARTESIAN_POINT($,(-2.94,1.56,0.02));
#3483=VERTEX_POINT($,#3482);
#3484=CARTESIAN_POINT($,(2.94,1.56,0.02));
#3485=DIRECTION($,(-1,0,0));
#3486=VECTOR($,#3485,1);
#3487=LINE($,#3484,#3486);
#3488=EDGE_CURVE($,#3473,#3483,#3487,.T.);
#3489=ORIENTED_EDGE($,$,$,#3488,.T.);
#3490=CARTESIAN_POINT($,(-2.94,0,0.02));
#3491=DIRECTION($,(0,0,1));
#3492=DIRECTION($,(1,0,0));
#3493=AXIS2_PLACEMENT_3D($,#3490,#3491,#3492);
#3494=CIRCLE($,#3493,1.56);
#3495=TRIMMED_CURVE($,#3494,(PARAMETER_VALUE(1.5707963267949)),(PARAMETER_VALUE(4.7123889803847)),.T.,.PARAMETER.);
#3496=EDGE_CURVE($,#3483,#3463,#3495,.T.);
#3497=ORIENTED_EDGE($,$,$,#3496,.T.);
#3498=EDGE_LOOP($,(#3471,#3481,#3489,#3497));
#3499=FACE_OUTER_BOUND('',#3498,.T.);
#3500=ADVANCED_FACE('',(#3499),#3461,.T.);
#3501=CARTESIAN_POINT($,(-2.94,-1.56,0));
#3502=DIRECTION($,(0,-1,0));
#3503=DIRECTION($,(0,0,1));
#3504=AXIS2_PLACEMENT_3D($,#3501,#3502,#3503);
#3505=PLANE($,#3504);
#3506=ORIENTED_EDGE($,$,$,#3426,.T.);
#3507=CARTESIAN_POINT($,(2.94,-1.56,0));
#3508=DIRECTION($,(0,0,1));
#3509=VECTOR($,#3508,1);
#3510=LINE($,#3507,#3509);
#3511=EDGE_CURVE($,#3421,#3465,#3510,.T.);
#3512=ORIENTED_EDGE($,$,$,#3511,.T.);
#3513=ORIENTED_EDGE($,$,$,#3470,.F.);
#3514=CARTESIAN_POINT($,(-2.94,-1.56,0));
#3515=DIRECTION($,(0,0,1));
#3516=VECTOR($,#3515,1);
#3517=LINE($,#3514,#3516);
#3518=EDGE_CURVE($,#3419,#3463,#3517,.T.);
#3519=ORIENTED_EDGE($,$,$,#3518,.F.);
#3520=EDGE_LOOP($,(#3506,#3512,#3513,#3519));
#3521=FACE_OUTER_BOUND('',#3520,.T.);
#3522=ADVANCED_FACE('',(#3521),#3505,.T.);
#3523=CARTESIAN_POINT($,(2.94,0,0));
#3524=DIRECTION($,(0,0,1));
#3525=DIRECTION($,(1,0,0));
#3526=AXIS2_PLACEMENT_3D($,#3523,#3524,#3525);
#3527=CYLINDRICAL_SURFACE($,#3526,1.56);
#3528=ORIENTED_EDGE($,$,$,#3436,.T.);
#3529=CARTESIAN_POINT($,(2.94,1.56,0));
#3530=DIRECTION($,(0,0,1));
#3531=VECTOR($,#3530,1);
#3532=LINE($,#3529,#3531);
#3533=EDGE_CURVE($,#3429,#3473,#3532,.T.);
#3534=ORIENTED_EDGE($,$,$,#3533,.T.);
#3535=ORIENTED_EDGE($,$,$,#3480,.F.);
#3536=ORIENTED_EDGE($,$,$,#3511,.F.);
#3537=EDGE_LOOP($,(#3528,#3534,#3535,#3536));
#3538=FACE_OUTER_BOUND('',#3537,.T.);
#3539=ADVANCED_FACE('',(#3538),#3527,.T.);
#3540=CARTESIAN_POINT($,(2.94,1.56,0));
#3541=DIRECTION($,(0,1,0));
#3542=DIRECTION($,(0,0,1));
#3543=AXIS2_PLACEMENT_3D($,#3540,#3541,#3542);
#3544=PLANE($,#3543);
#3545=ORIENTED_EDGE($,$,$,#3444,.T.);
#3546=CARTESIAN_POINT($,(-2.94,1.56,0));
#3547=DIRECTION($,(0,0,1));
#3548=VECTOR($,#3547,1);
#3549=LINE($,#3546,#3548);
#3550=EDGE_CURVE($,#3439,#3483,#3549,.T.);
#3551=ORIENTED_EDGE($,$,$,#3550,.T.);
#3552=ORIENTED_EDGE($,$,$,#3488,.F.);
#3553=ORIENTED_EDGE($,$,$,#3533,.F.);
#3554=EDGE_LOOP($,(#3545,#3551,#3552,#3553));
#3555=FACE_OUTER_BOUND('',#3554,.T.);
#3556=ADVANCED_FACE('',(#3555),#3544,.T.);
#3557=CARTESIAN_POINT($,(-2.94,0,0));
#3558=DIRECTION($,(0,0,1));
#3559=DIRECTION($,(1,0,0));
#3560=AXIS2_PLACEMENT_3D($,#3557,#3558,#3559);
#3561=CYLINDRICAL_SURFACE($,#3560,1.56);
#3562=ORIENTED_EDGE($,$,$,#3452,.T.);
#3563=ORIENTED_EDGE($,$,$,#3518,.T.);
#3564=ORIENTED_EDGE($,$,$,#3496,.F.);
#3565=ORIENTED_EDGE($,$,$,#3550,.F.);
#3566=EDGE_LOOP($,(#3562,#3563,#3564,#3565));
#3567=FACE_OUTER_BOUND('',#3566,.T.);
#3568=ADVANCED_FACE('',(#3567),#3561,.T.);
#3569=CLOSED_SHELL($,(#3456,#3500,#3522,#3539,#3556,#3568));
#3570=MANIFOLD_SOLID_BREP('SideDetail<L: 9.0mm, W: 3.12mm, T: 0.02mm>',#3569);
#3571=APPLICATION_CONTEXT('mechanical design');
#3572=PRODUCT_CONTEXT('',#3571,'mechanical');
#3573=PRODUCT('assembly-definition:FE5E2B94AA80FC6C','SideDetail<L: 9.0mm, W: 3.12mm, T: 0.02mm>','Aetheris shared assembly definition',(#3572));
#3574=PRODUCT_DEFINITION_FORMATION('','',#3573);
#3575=PRODUCT_DEFINITION_CONTEXT('design',#3571,'design');
#3576=PRODUCT_DEFINITION('','',#3574,#3575);
#3577=PRODUCT_DEFINITION_SHAPE('','',#3576);
#3578=(LENGTH_UNIT()NAMED_UNIT(*)SI_UNIT(.MILLI.,.METRE.));
#3579=(NAMED_UNIT(*)PLANE_ANGLE_UNIT()SI_UNIT($,.RADIAN.));
#3580=(NAMED_UNIT(*)SI_UNIT($,.STERADIAN.)SOLID_ANGLE_UNIT());
#3581=(GEOMETRIC_REPRESENTATION_CONTEXT(3)GLOBAL_UNIT_ASSIGNED_CONTEXT((#3578,#3579,#3580))REPRESENTATION_CONTEXT('3','3D'));
#3582=SHAPE_REPRESENTATION('SideDetail<L: 9.0mm, W: 3.12mm, T: 0.02mm>',(#3570),#3581);
#3583=SHAPE_DEFINITION_REPRESENTATION(#3577,#3582);
#3584=APPLICATION_CONTEXT('mechanical design');
#3585=PRODUCT_CONTEXT('',#3584,'mechanical');
#3586=PRODUCT_DEFINITION_CONTEXT('design',#3584,'design');
#3587=(LENGTH_UNIT()NAMED_UNIT(*)SI_UNIT(.MILLI.,.METRE.));
#3588=(NAMED_UNIT(*)PLANE_ANGLE_UNIT()SI_UNIT($,.RADIAN.));
#3589=(NAMED_UNIT(*)SI_UNIT($,.STERADIAN.)SOLID_ANGLE_UNIT());
#3590=(GEOMETRIC_REPRESENTATION_CONTEXT(3)GLOBAL_UNIT_ASSIGNED_CONTEXT((#3587,#3588,#3589))REPRESENTATION_CONTEXT('3','3D'));
#3591=PRODUCT('assembly-instance:ExamplePhone','ExamplePhone','Aetheris assembly product',(#3585));
#3592=PRODUCT_DEFINITION_FORMATION('','',#3591);
#3593=PRODUCT_DEFINITION('assembly-instance:ExamplePhone','',#3592,#3586);
#3594=PRODUCT_DEFINITION_SHAPE('','',#3593);
#3595=SHAPE_REPRESENTATION('ExamplePhone',(),#3590);
#3596=SHAPE_DEFINITION_REPRESENTATION(#3594,#3595);
#3597=CARTESIAN_POINT('',(0.,0.,0.));
#3598=AXIS2_PLACEMENT_3D('',#3597,$,$);
#3599=NEXT_ASSEMBLY_USAGE_OCCURRENCE('assembly-instance:ExamplePhone.ActionButton','ActionButton','',#3593,#976,$);
#3600=PRODUCT_DEFINITION_SHAPE('','',#3599);
#3601=CARTESIAN_POINT('',(0,-34.28,4.375));
#3602=DIRECTION('',(-1,0,0));
#3603=DIRECTION('',(0,-1,0));
#3604=AXIS2_PLACEMENT_3D('',#3601,#3602,#3603);
#3605=ITEM_DEFINED_TRANSFORMATION('assembly-instance:ExamplePhone.ActionButton','Aetheris rigid occurrence transform',#3598,#3604);
#3606=(REPRESENTATION_RELATIONSHIP('assembly-instance:ExamplePhone.ActionButton','',#982,#3595)REPRESENTATION_RELATIONSHIP_WITH_TRANSFORMATION(#3605)SHAPE_REPRESENTATION_RELATIONSHIP());
#3607=CONTEXT_DEPENDENT_SHAPE_REPRESENTATION(#3606,#3600);
#3608=NEXT_ASSEMBLY_USAGE_OCCURRENCE('assembly-instance:ExamplePhone.Body','Body','',#3593,#3234,$);
#3609=PRODUCT_DEFINITION_SHAPE('','',#3608);
#3610=CARTESIAN_POINT('',(0,0,0));
#3611=DIRECTION('',(0,0,1));
#3612=DIRECTION('',(1,0,0));
#3613=AXIS2_PLACEMENT_3D('',#3610,#3611,#3612);
#3614=ITEM_DEFINED_TRANSFORMATION('assembly-instance:ExamplePhone.Body','Aetheris rigid occurrence transform',#3598,#3613);
#3615=(REPRESENTATION_RELATIONSHIP('assembly-instance:ExamplePhone.Body','',#3240,#3595)REPRESENTATION_RELATIONSHIP_WITH_TRANSFORMATION(#3614)SHAPE_REPRESENTATION_RELATIONSHIP());
#3616=CONTEXT_DEPENDENT_SHAPE_REPRESENTATION(#3615,#3609);
#3617=NEXT_ASSEMBLY_USAGE_OCCURRENCE('assembly-instance:ExamplePhone.CameraControl','CameraControl','',#3593,#1384,$);
#3618=PRODUCT_DEFINITION_SHAPE('','',#3617);
#3619=CARTESIAN_POINT('',(77.98,-111.82,4.375));
#3620=DIRECTION('',(1,0,0));
#3621=DIRECTION('',(0,1,0));
#3622=AXIS2_PLACEMENT_3D('',#3619,#3620,#3621);
#3623=ITEM_DEFINED_TRANSFORMATION('assembly-instance:ExamplePhone.CameraControl','Aetheris rigid occurrence transform',#3598,#3622);
#3624=(REPRESENTATION_RELATIONSHIP('assembly-instance:ExamplePhone.CameraControl','',#1390,#3595)REPRESENTATION_RELATIONSHIP_WITH_TRANSFORMATION(#3623)SHAPE_REPRESENTATION_RELATIONSHIP());
#3625=CONTEXT_DEPENDENT_SHAPE_REPRESENTATION(#3624,#3618);
#3626=NEXT_ASSEMBLY_USAGE_OCCURRENCE('assembly-instance:ExamplePhone.ConnectorOpeningProxy','ConnectorOpeningProxy','',#3593,#3576,$);
#3627=PRODUCT_DEFINITION_SHAPE('','',#3626);
#3628=CARTESIAN_POINT('',(38.99,-163.43,4.375));
#3629=DIRECTION('',(0,-1,0));
#3630=DIRECTION('',(1,0,0));
#3631=AXIS2_PLACEMENT_3D('',#3628,#3629,#3630);
#3632=ITEM_DEFINED_TRANSFORMATION('assembly-instance:ExamplePhone.ConnectorOpeningProxy','Aetheris rigid occurrence transform',#3598,#3631);
#3633=(REPRESENTATION_RELATIONSHIP('assembly-instance:ExamplePhone.ConnectorOpeningProxy','',#3582,#3595)REPRESENTATION_RELATIONSHIP_WITH_TRANSFORMATION(#3632)SHAPE_REPRESENTATION_RELATIONSHIP());
#3634=CONTEXT_DEPENDENT_SHAPE_REPRESENTATION(#3633,#3627);
#3635=NEXT_ASSEMBLY_USAGE_OCCURRENCE('assembly-instance:ExamplePhone.Display','Display','',#3593,#304,$);
#3636=PRODUCT_DEFINITION_SHAPE('','',#3635);
#3637=CARTESIAN_POINT('',(0,0,0));
#3638=DIRECTION('',(0,0,1));
#3639=DIRECTION('',(1,0,0));
#3640=AXIS2_PLACEMENT_3D('',#3637,#3638,#3639);
#3641=ITEM_DEFINED_TRANSFORMATION('assembly-instance:ExamplePhone.Display','Aetheris rigid occurrence transform',#3598,#3640);
#3642=(REPRESENTATION_RELATIONSHIP('assembly-instance:ExamplePhone.Display','',#310,#3595)REPRESENTATION_RELATIONSHIP_WITH_TRANSFORMATION(#3641)SHAPE_REPRESENTATION_RELATIONSHIP());
#3643=CONTEXT_DEPENDENT_SHAPE_REPRESENTATION(#3642,#3636);
#3644=NEXT_ASSEMBLY_USAGE_OCCURRENCE('assembly-instance:ExamplePhone.Flash','Flash','',#3593,#1761,$);
#3645=PRODUCT_DEFINITION_SHAPE('','',#3644);
#3646=CARTESIAN_POINT('',(0,0,0));
#3647=DIRECTION('',(0,0,1));
#3648=DIRECTION('',(1,0,0));
#3649=AXIS2_PLACEMENT_3D('',#3646,#3647,#3648);
#3650=ITEM_DEFINED_TRANSFORMATION('assembly-instance:ExamplePhone.Flash','Aetheris rigid occurrence transform',#3598,#3649);
#3651=(REPRESENTATION_RELATIONSHIP('assembly-instance:ExamplePhone.Flash','',#1767,#3595)REPRESENTATION_RELATIONSHIP_WITH_TRANSFORMATION(#3650)SHAPE_REPRESENTATION_RELATIONSHIP());
#3652=CONTEXT_DEPENDENT_SHAPE_REPRESENTATION(#3651,#3645);
#3653=NEXT_ASSEMBLY_USAGE_OCCURRENCE('assembly-instance:ExamplePhone.FrontGlass','FrontGlass','',#3593,#1695,$);
#3654=PRODUCT_DEFINITION_SHAPE('','',#3653);
#3655=CARTESIAN_POINT('',(0,0,0));
#3656=DIRECTION('',(0,0,1));
#3657=DIRECTION('',(1,0,0));
#3658=AXIS2_PLACEMENT_3D('',#3655,#3656,#3657);
#3659=ITEM_DEFINED_TRANSFORMATION('assembly-instance:ExamplePhone.FrontGlass','Aetheris rigid occurrence transform',#3598,#3658);
#3660=(REPRESENTATION_RELATIONSHIP('assembly-instance:ExamplePhone.FrontGlass','',#1701,#3595)REPRESENTATION_RELATIONSHIP_WITH_TRANSFORMATION(#3659)SHAPE_REPRESENTATION_RELATIONSHIP());
#3661=CONTEXT_DEPENDENT_SHAPE_REPRESENTATION(#3660,#3654);
#3662=NEXT_ASSEMBLY_USAGE_OCCURRENCE('assembly-instance:ExamplePhone.FrontSensor','FrontSensor','',#3593,#739,$);
#3663=PRODUCT_DEFINITION_SHAPE('','',#3662);
#3664=CARTESIAN_POINT('',(0,0,0));
#3665=DIRECTION('',(0,0,1));
#3666=DIRECTION('',(1,0,0));
#3667=AXIS2_PLACEMENT_3D('',#3664,#3665,#3666);
#3668=ITEM_DEFINED_TRANSFORMATION('assembly-instance:ExamplePhone.FrontSensor','Aetheris rigid occurrence transform',#3598,#3667);
#3669=(REPRESENTATION_RELATIONSHIP('assembly-instance:ExamplePhone.FrontSensor','',#745,#3595)REPRESENTATION_RELATIONSHIP_WITH_TRANSFORMATION(#3668)SHAPE_REPRESENTATION_RELATIONSHIP());
#3670=CONTEXT_DEPENDENT_SHAPE_REPRESENTATION(#3669,#3663);
#3671=NEXT_ASSEMBLY_USAGE_OCCURRENCE('assembly-instance:ExamplePhone.PortOpeningProxy1','PortOpeningProxy1','',#3593,#370,$);
#3672=PRODUCT_DEFINITION_SHAPE('','',#3671);
#3673=CARTESIAN_POINT('',(15.48,-163.43,4.375));
#3674=DIRECTION('',(0,-1,0));
#3675=DIRECTION('',(1,0,0));
#3676=AXIS2_PLACEMENT_3D('',#3673,#3674,#3675);
#3677=ITEM_DEFINED_TRANSFORMATION('assembly-instance:ExamplePhone.PortOpeningProxy1','Aetheris rigid occurrence transform',#3598,#3676);
#3678=(REPRESENTATION_RELATIONSHIP('assembly-instance:ExamplePhone.PortOpeningProxy1','',#376,#3595)REPRESENTATION_RELATIONSHIP_WITH_TRANSFORMATION(#3677)SHAPE_REPRESENTATION_RELATIONSHIP());
#3679=CONTEXT_DEPENDENT_SHAPE_REPRESENTATION(#3678,#3672);
#3680=NEXT_ASSEMBLY_USAGE_OCCURRENCE('assembly-instance:ExamplePhone.PortOpeningProxy10','PortOpeningProxy10','',#3593,#370,$);
#3681=PRODUCT_DEFINITION_SHAPE('','',#3680);
#3682=CARTESIAN_POINT('',(55.81,-163.43,4.375));
#3683=DIRECTION('',(0,-1,0));
#3684=DIRECTION('',(1,0,0));
#3685=AXIS2_PLACEMENT_3D('',#3682,#3683,#3684);
#3686=ITEM_DEFINED_TRANSFORMATION('assembly-instance:ExamplePhone.PortOpeningProxy10','Aetheris rigid occurrence transform',#3598,#3685);
#3687=(REPRESENTATION_RELATIONSHIP('assembly-instance:ExamplePhone.PortOpeningProxy10','',#376,#3595)REPRESENTATION_RELATIONSHIP_WITH_TRANSFORMATION(#3686)SHAPE_REPRESENTATION_RELATIONSHIP());
#3688=CONTEXT_DEPENDENT_SHAPE_REPRESENTATION(#3687,#3681);
#3689=NEXT_ASSEMBLY_USAGE_OCCURRENCE('assembly-instance:ExamplePhone.PortOpeningProxy11','PortOpeningProxy11','',#3593,#370,$);
#3690=PRODUCT_DEFINITION_SHAPE('','',#3689);
#3691=CARTESIAN_POINT('',(58.07,-163.43,4.375));
#3692=DIRECTION('',(0,-1,0));
#3693=DIRECTION('',(1,0,0));
#3694=AXIS2_PLACEMENT_3D('',#3691,#3692,#3693);
#3695=ITEM_DEFINED_TRANSFORMATION('assembly-instance:ExamplePhone.PortOpeningProxy11','Aetheris rigid occurrence transform',#3598,#3694);
#3696=(REPRESENTATION_RELATIONSHIP('assembly-instance:ExamplePhone.PortOpeningProxy11','',#376,#3595)REPRESENTATION_RELATIONSHIP_WITH_TRANSFORMATION(#3695)SHAPE_REPRESENTATION_RELATIONSHIP());
#3697=CONTEXT_DEPENDENT_SHAPE_REPRESENTATION(#3696,#3690);
#3698=NEXT_ASSEMBLY_USAGE_OCCURRENCE('assembly-instance:ExamplePhone.PortOpeningProxy12','PortOpeningProxy12','',#3593,#370,$);
#3699=PRODUCT_DEFINITION_SHAPE('','',#3698);
#3700=CARTESIAN_POINT('',(60.32,-163.43,4.375));
#3701=DIRECTION('',(0,-1,0));
#3702=DIRECTION('',(1,0,0));
#3703=AXIS2_PLACEMENT_3D('',#3700,#3701,#3702);
#3704=ITEM_DEFINED_TRANSFORMATION('assembly-instance:ExamplePhone.PortOpeningProxy12','Aetheris rigid occurrence transform',#3598,#3703);
#3705=(REPRESENTATION_RELATIONSHIP('assembly-instance:ExamplePhone.PortOpeningProxy12','',#376,#3595)REPRESENTATION_RELATIONSHIP_WITH_TRANSFORMATION(#3704)SHAPE_REPRESENTATION_RELATIONSHIP());
#3706=CONTEXT_DEPENDENT_SHAPE_REPRESENTATION(#3705,#3699);
#3707=NEXT_ASSEMBLY_USAGE_OCCURRENCE('assembly-instance:ExamplePhone.PortOpeningProxy2','PortOpeningProxy2','',#3593,#370,$);
#3708=PRODUCT_DEFINITION_SHAPE('','',#3707);
#3709=CARTESIAN_POINT('',(17.96,-163.43,4.375));
#3710=DIRECTION('',(0,-1,0));
#3711=DIRECTION('',(1,0,0));
#3712=AXIS2_PLACEMENT_3D('',#3709,#3710,#3711);
#3713=ITEM_DEFINED_TRANSFORMATION('assembly-instance:ExamplePhone.PortOpeningProxy2','Aetheris rigid occurrence transform',#3598,#3712);
#3714=(REPRESENTATION_RELATIONSHIP('assembly-instance:ExamplePhone.PortOpeningProxy2','',#376,#3595)REPRESENTATION_RELATIONSHIP_WITH_TRANSFORMATION(#3713)SHAPE_REPRESENTATION_RELATIONSHIP());
#3715=CONTEXT_DEPENDENT_SHAPE_REPRESENTATION(#3714,#3708);
#3716=NEXT_ASSEMBLY_USAGE_OCCURRENCE('assembly-instance:ExamplePhone.PortOpeningProxy3','PortOpeningProxy3','',#3593,#370,$);
#3717=PRODUCT_DEFINITION_SHAPE('','',#3716);
#3718=CARTESIAN_POINT('',(20.44,-163.43,4.375));
#3719=DIRECTION('',(0,-1,0));
#3720=DIRECTION('',(1,0,0));
#3721=AXIS2_PLACEMENT_3D('',#3718,#3719,#3720);
#3722=ITEM_DEFINED_TRANSFORMATION('assembly-instance:ExamplePhone.PortOpeningProxy3','Aetheris rigid occurrence transform',#3598,#3721);
#3723=(REPRESENTATION_RELATIONSHIP('assembly-instance:ExamplePhone.PortOpeningProxy3','',#376,#3595)REPRESENTATION_RELATIONSHIP_WITH_TRANSFORMATION(#3722)SHAPE_REPRESENTATION_RELATIONSHIP());
#3724=CONTEXT_DEPENDENT_SHAPE_REPRESENTATION(#3723,#3717);
#3725=NEXT_ASSEMBLY_USAGE_OCCURRENCE('assembly-instance:ExamplePhone.PortOpeningProxy4','PortOpeningProxy4','',#3593,#370,$);
#3726=PRODUCT_DEFINITION_SHAPE('','',#3725);
#3727=CARTESIAN_POINT('',(22.92,-163.43,4.375));
#3728=DIRECTION('',(0,-1,0));
#3729=DIRECTION('',(1,0,0));
#3730=AXIS2_PLACEMENT_3D('',#3727,#3728,#3729);
#3731=ITEM_DEFINED_TRANSFORMATION('assembly-instance:ExamplePhone.PortOpeningProxy4','Aetheris rigid occurrence transform',#3598,#3730);
#3732=(REPRESENTATION_RELATIONSHIP('assembly-instance:ExamplePhone.PortOpeningProxy4','',#376,#3595)REPRESENTATION_RELATIONSHIP_WITH_TRANSFORMATION(#3731)SHAPE_REPRESENTATION_RELATIONSHIP());
#3733=CONTEXT_DEPENDENT_SHAPE_REPRESENTATION(#3732,#3726);
#3734=NEXT_ASSEMBLY_USAGE_OCCURRENCE('assembly-instance:ExamplePhone.PortOpeningProxy5','PortOpeningProxy5','',#3593,#370,$);
#3735=PRODUCT_DEFINITION_SHAPE('','',#3734);
#3736=CARTESIAN_POINT('',(25.4,-163.43,4.375));
#3737=DIRECTION('',(0,-1,0));
#3738=DIRECTION('',(1,0,0));
#3739=AXIS2_PLACEMENT_3D('',#3736,#3737,#3738);
#3740=ITEM_DEFINED_TRANSFORMATION('assembly-instance:ExamplePhone.PortOpeningProxy5','Aetheris rigid occurrence transform',#3598,#3739);
#3741=(REPRESENTATION_RELATIONSHIP('assembly-instance:ExamplePhone.PortOpeningProxy5','',#376,#3595)REPRESENTATION_RELATIONSHIP_WITH_TRANSFORMATION(#3740)SHAPE_REPRESENTATION_RELATIONSHIP());
#3742=CONTEXT_DEPENDENT_SHAPE_REPRESENTATION(#3741,#3735);
#3743=NEXT_ASSEMBLY_USAGE_OCCURRENCE('assembly-instance:ExamplePhone.PortOpeningProxy6','PortOpeningProxy6','',#3593,#370,$);
#3744=PRODUCT_DEFINITION_SHAPE('','',#3743);
#3745=CARTESIAN_POINT('',(32.09,-163.43,4.375));
#3746=DIRECTION('',(0,-1,0));
#3747=DIRECTION('',(1,0,0));
#3748=AXIS2_PLACEMENT_3D('',#3745,#3746,#3747);
#3749=ITEM_DEFINED_TRANSFORMATION('assembly-instance:ExamplePhone.PortOpeningProxy6','Aetheris rigid occurrence transform',#3598,#3748);
#3750=(REPRESENTATION_RELATIONSHIP('assembly-instance:ExamplePhone.PortOpeningProxy6','',#376,#3595)REPRESENTATION_RELATIONSHIP_WITH_TRANSFORMATION(#3749)SHAPE_REPRESENTATION_RELATIONSHIP());
#3751=CONTEXT_DEPENDENT_SHAPE_REPRESENTATION(#3750,#3744);
#3752=NEXT_ASSEMBLY_USAGE_OCCURRENCE('assembly-instance:ExamplePhone.PortOpeningProxy7','PortOpeningProxy7','',#3593,#370,$);
#3753=PRODUCT_DEFINITION_SHAPE('','',#3752);
#3754=CARTESIAN_POINT('',(45.08,-163.43,4.375));
#3755=DIRECTION('',(0,-1,0));
#3756=DIRECTION('',(1,0,0));
#3757=AXIS2_PLACEMENT_3D('',#3754,#3755,#3756);
#3758=ITEM_DEFINED_TRANSFORMATION('assembly-instance:ExamplePhone.PortOpeningProxy7','Aetheris rigid occurrence transform',#3598,#3757);
#3759=(REPRESENTATION_RELATIONSHIP('assembly-instance:ExamplePhone.PortOpeningProxy7','',#376,#3595)REPRESENTATION_RELATIONSHIP_WITH_TRANSFORMATION(#3758)SHAPE_REPRESENTATION_RELATIONSHIP());
#3760=CONTEXT_DEPENDENT_SHAPE_REPRESENTATION(#3759,#3753);
#3761=NEXT_ASSEMBLY_USAGE_OCCURRENCE('assembly-instance:ExamplePhone.PortOpeningProxy8','PortOpeningProxy8','',#3593,#370,$);
#3762=PRODUCT_DEFINITION_SHAPE('','',#3761);
#3763=CARTESIAN_POINT('',(51.3,-163.43,4.375));
#3764=DIRECTION('',(0,-1,0));
#3765=DIRECTION('',(1,0,0));
#3766=AXIS2_PLACEMENT_3D('',#3763,#3764,#3765);
#3767=ITEM_DEFINED_TRANSFORMATION('assembly-instance:ExamplePhone.PortOpeningProxy8','Aetheris rigid occurrence transform',#3598,#3766);
#3768=(REPRESENTATION_RELATIONSHIP('assembly-instance:ExamplePhone.PortOpeningProxy8','',#376,#3595)REPRESENTATION_RELATIONSHIP_WITH_TRANSFORMATION(#3767)SHAPE_REPRESENTATION_RELATIONSHIP());
#3769=CONTEXT_DEPENDENT_SHAPE_REPRESENTATION(#3768,#3762);
#3770=NEXT_ASSEMBLY_USAGE_OCCURRENCE('assembly-instance:ExamplePhone.PortOpeningProxy9','PortOpeningProxy9','',#3593,#370,$);
#3771=PRODUCT_DEFINITION_SHAPE('','',#3770);
#3772=CARTESIAN_POINT('',(53.56,-163.43,4.375));
#3773=DIRECTION('',(0,-1,0));
#3774=DIRECTION('',(1,0,0));
#3775=AXIS2_PLACEMENT_3D('',#3772,#3773,#3774);
#3776=ITEM_DEFINED_TRANSFORMATION('assembly-instance:ExamplePhone.PortOpeningProxy9','Aetheris rigid occurrence transform',#3598,#3775);
#3777=(REPRESENTATION_RELATIONSHIP('assembly-instance:ExamplePhone.PortOpeningProxy9','',#376,#3595)REPRESENTATION_RELATIONSHIP_WITH_TRANSFORMATION(#3776)SHAPE_REPRESENTATION_RELATIONSHIP());
#3778=CONTEXT_DEPENDENT_SHAPE_REPRESENTATION(#3777,#3771);
#3779=NEXT_ASSEMBLY_USAGE_OCCURRENCE('assembly-instance:ExamplePhone.RearCamera1','RearCamera1','',#3593,#436,$);
#3780=PRODUCT_DEFINITION_SHAPE('','',#3779);
#3781=CARTESIAN_POINT('',(0,0,0));
#3782=DIRECTION('',(0,0,1));
#3783=DIRECTION('',(1,0,0));
#3784=AXIS2_PLACEMENT_3D('',#3781,#3782,#3783);
#3785=ITEM_DEFINED_TRANSFORMATION('assembly-instance:ExamplePhone.RearCamera1','Aetheris rigid occurrence transform',#3598,#3784);
#3786=(REPRESENTATION_RELATIONSHIP('assembly-instance:ExamplePhone.RearCamera1','',#442,#3595)REPRESENTATION_RELATIONSHIP_WITH_TRANSFORMATION(#3785)SHAPE_REPRESENTATION_RELATIONSHIP());
#3787=CONTEXT_DEPENDENT_SHAPE_REPRESENTATION(#3786,#3780);
#3788=NEXT_ASSEMBLY_USAGE_OCCURRENCE('assembly-instance:ExamplePhone.RearCamera2','RearCamera2','',#3593,#568,$);
#3789=PRODUCT_DEFINITION_SHAPE('','',#3788);
#3790=CARTESIAN_POINT('',(0,0,0));
#3791=DIRECTION('',(0,0,1));
#3792=DIRECTION('',(1,0,0));
#3793=AXIS2_PLACEMENT_3D('',#3790,#3791,#3792);
#3794=ITEM_DEFINED_TRANSFORMATION('assembly-instance:ExamplePhone.RearCamera2','Aetheris rigid occurrence transform',#3598,#3793);
#3795=(REPRESENTATION_RELATIONSHIP('assembly-instance:ExamplePhone.RearCamera2','',#574,#3595)REPRESENTATION_RELATIONSHIP_WITH_TRANSFORMATION(#3794)SHAPE_REPRESENTATION_RELATIONSHIP());
#3796=CONTEXT_DEPENDENT_SHAPE_REPRESENTATION(#3795,#3789);
#3797=NEXT_ASSEMBLY_USAGE_OCCURRENCE('assembly-instance:ExamplePhone.RearCamera3','RearCamera3','',#3593,#1213,$);
#3798=PRODUCT_DEFINITION_SHAPE('','',#3797);
#3799=CARTESIAN_POINT('',(0,0,0));
#3800=DIRECTION('',(0,0,1));
#3801=DIRECTION('',(1,0,0));
#3802=AXIS2_PLACEMENT_3D('',#3799,#3800,#3801);
#3803=ITEM_DEFINED_TRANSFORMATION('assembly-instance:ExamplePhone.RearCamera3','Aetheris rigid occurrence transform',#3598,#3802);
#3804=(REPRESENTATION_RELATIONSHIP('assembly-instance:ExamplePhone.RearCamera3','',#1219,#3595)REPRESENTATION_RELATIONSHIP_WITH_TRANSFORMATION(#3803)SHAPE_REPRESENTATION_RELATIONSHIP());
#3805=CONTEXT_DEPENDENT_SHAPE_REPRESENTATION(#3804,#3798);
#3806=NEXT_ASSEMBLY_USAGE_OCCURRENCE('assembly-instance:ExamplePhone.RearMic','RearMic','',#3593,#805,$);
#3807=PRODUCT_DEFINITION_SHAPE('','',#3806);
#3808=CARTESIAN_POINT('',(0,0,0));
#3809=DIRECTION('',(0,0,1));
#3810=DIRECTION('',(1,0,0));
#3811=AXIS2_PLACEMENT_3D('',#3808,#3809,#3810);
#3812=ITEM_DEFINED_TRANSFORMATION('assembly-instance:ExamplePhone.RearMic','Aetheris rigid occurrence transform',#3598,#3811);
#3813=(REPRESENTATION_RELATIONSHIP('assembly-instance:ExamplePhone.RearMic','',#811,#3595)REPRESENTATION_RELATIONSHIP_WITH_TRANSFORMATION(#3812)SHAPE_REPRESENTATION_RELATIONSHIP());
#3814=CONTEXT_DEPENDENT_SHAPE_REPRESENTATION(#3813,#3807);
#3815=NEXT_ASSEMBLY_USAGE_OCCURRENCE('assembly-instance:ExamplePhone.RearSensor','RearSensor','',#3593,#502,$);
#3816=PRODUCT_DEFINITION_SHAPE('','',#3815);
#3817=CARTESIAN_POINT('',(0,0,0));
#3818=DIRECTION('',(0,0,1));
#3819=DIRECTION('',(1,0,0));
#3820=AXIS2_PLACEMENT_3D('',#3817,#3818,#3819);
#3821=ITEM_DEFINED_TRANSFORMATION('assembly-instance:ExamplePhone.RearSensor','Aetheris rigid occurrence transform',#3598,#3820);
#3822=(REPRESENTATION_RELATIONSHIP('assembly-instance:ExamplePhone.RearSensor','',#508,#3595)REPRESENTATION_RELATIONSHIP_WITH_TRANSFORMATION(#3821)SHAPE_REPRESENTATION_RELATIONSHIP());
#3823=CONTEXT_DEPENDENT_SHAPE_REPRESENTATION(#3822,#3816);
#3824=NEXT_ASSEMBLY_USAGE_OCCURRENCE('assembly-instance:ExamplePhone.SideButton','SideButton','',#3593,#1147,$);
#3825=PRODUCT_DEFINITION_SHAPE('','',#3824);
#3826=CARTESIAN_POINT('',(77.98,-55.53,4.375));
#3827=DIRECTION('',(1,0,0));
#3828=DIRECTION('',(0,1,0));
#3829=AXIS2_PLACEMENT_3D('',#3826,#3827,#3828);
#3830=ITEM_DEFINED_TRANSFORMATION('assembly-instance:ExamplePhone.SideButton','Aetheris rigid occurrence transform',#3598,#3829);
#3831=(REPRESENTATION_RELATIONSHIP('assembly-instance:ExamplePhone.SideButton','',#1153,#3595)REPRESENTATION_RELATIONSHIP_WITH_TRANSFORMATION(#3830)SHAPE_REPRESENTATION_RELATIONSHIP());
#3832=CONTEXT_DEPENDENT_SHAPE_REPRESENTATION(#3831,#3825);
#3833=NEXT_ASSEMBLY_USAGE_OCCURRENCE('assembly-instance:ExamplePhone.VolumeDown','VolumeDown','',#3593,#3405,$);
#3834=PRODUCT_DEFINITION_SHAPE('','',#3833);
#3835=CARTESIAN_POINT('',(0,-62.63,4.375));
#3836=DIRECTION('',(-1,0,0));
#3837=DIRECTION('',(0,-1,0));
#3838=AXIS2_PLACEMENT_3D('',#3835,#3836,#3837);
#3839=ITEM_DEFINED_TRANSFORMATION('assembly-instance:ExamplePhone.VolumeDown','Aetheris rigid occurrence transform',#3598,#3838);
#3840=(REPRESENTATION_RELATIONSHIP('assembly-instance:ExamplePhone.VolumeDown','',#3411,#3595)REPRESENTATION_RELATIONSHIP_WITH_TRANSFORMATION(#3839)SHAPE_REPRESENTATION_RELATIONSHIP());
#3841=CONTEXT_DEPENDENT_SHAPE_REPRESENTATION(#3840,#3834);
#3842=NEXT_ASSEMBLY_USAGE_OCCURRENCE('assembly-instance:ExamplePhone.VolumeUp','VolumeUp','',#3593,#3405,$);
#3843=PRODUCT_DEFINITION_SHAPE('','',#3842);
#3844=CARTESIAN_POINT('',(0,-48.43,4.375));
#3845=DIRECTION('',(-1,0,0));
#3846=DIRECTION('',(0,-1,0));
#3847=AXIS2_PLACEMENT_3D('',#3844,#3845,#3846);
#3848=ITEM_DEFINED_TRANSFORMATION('assembly-instance:ExamplePhone.VolumeUp','Aetheris rigid occurrence transform',#3598,#3847);
#3849=(REPRESENTATION_RELATIONSHIP('assembly-instance:ExamplePhone.VolumeUp','',#3411,#3595)REPRESENTATION_RELATIONSHIP_WITH_TRANSFORMATION(#3848)SHAPE_REPRESENTATION_RELATIONSHIP());
#3850=CONTEXT_DEPENDENT_SHAPE_REPRESENTATION(#3849,#3843);
ENDSEC;
END-ISO-10303-21;
