ISO-10303-21;
HEADER;
FILE_DESCRIPTION(('Aetheris AP242 subset export'),'2;1');
FILE_NAME('aetheris_export.step','1970-01-01T00:00:00',('Aetheris'),('Aetheris'),'Aetheris.Kernel','Aetheris.Kernel','');
FILE_SCHEMA(('AP242_MANAGED_MODEL_BASED_3D_ENGINEERING_MIM_LF'));
ENDSEC;
DATA;
#1=CARTESIAN_POINT($,(0,0,0));
#2=DIRECTION($,(0,0,-1));
#3=DIRECTION($,(1,0,0));
#4=AXIS2_PLACEMENT_3D($,#1,#2,#3);
#5=PLANE($,#4);
#6=CARTESIAN_POINT($,(65.7442468752771,590.976987501108,0));
#7=VERTEX_POINT($,#6);
#8=CARTESIAN_POINT($,(65.7442468752771,580.232740625831,0));
#9=VERTEX_POINT($,#8);
#10=CARTESIAN_POINT($,(65.7442468752771,590.976987501108,0));
#11=DIRECTION($,(0,-1,0));
#12=VECTOR($,#11,1);
#13=LINE($,#10,#12);
#14=EDGE_CURVE($,#7,#9,#13,.T.);
#15=ORIENTED_EDGE($,$,$,#14,.T.);
#16=CARTESIAN_POINT($,(65.7442468752771,530.732740625831,-0));
#17=VERTEX_POINT($,#16);
#18=CARTESIAN_POINT($,(65.7442468752771,580.232740625831,0));
#19=DIRECTION($,(0,-1,0));
#20=VECTOR($,#19,1);
#21=LINE($,#18,#20);
#22=EDGE_CURVE($,#9,#17,#21,.T.);
#23=ORIENTED_EDGE($,$,$,#22,.T.);
#24=CARTESIAN_POINT($,(74.7442468752771,530.732740625831,0));
#25=VERTEX_POINT($,#24);
#26=CARTESIAN_POINT($,(65.7442468752771,530.732740625831,-0));
#27=DIRECTION($,(1,0,0));
#28=VECTOR($,#27,1);
#29=LINE($,#26,#28);
#30=EDGE_CURVE($,#17,#25,#29,.T.);
#31=ORIENTED_EDGE($,$,$,#30,.T.);
#32=CARTESIAN_POINT($,(74.7442468752771,518.232740625831,0));
#33=VERTEX_POINT($,#32);
#34=CARTESIAN_POINT($,(74.7442468752771,530.732740625831,0));
#35=DIRECTION($,(0,-1,0));
#36=VECTOR($,#35,1);
#37=LINE($,#34,#36);
#38=EDGE_CURVE($,#25,#33,#37,.T.);
#39=ORIENTED_EDGE($,$,$,#38,.T.);
#40=CARTESIAN_POINT($,(74.7442468752771,507.488493750554,0));
#41=VERTEX_POINT($,#40);
#42=CARTESIAN_POINT($,(74.7442468752771,518.232740625831,0));
#43=DIRECTION($,(0,-1,0));
#44=VECTOR($,#43,1);
#45=LINE($,#42,#44);
#46=EDGE_CURVE($,#33,#41,#45,.T.);
#47=ORIENTED_EDGE($,$,$,#46,.T.);
#48=CARTESIAN_POINT($,(65.7442468752771,507.488493750554,0));
#49=VERTEX_POINT($,#48);
#50=CARTESIAN_POINT($,(74.7442468752771,507.488493750554,0));
#51=DIRECTION($,(-1,0,0));
#52=VECTOR($,#51,1);
#53=LINE($,#50,#52);
#54=EDGE_CURVE($,#41,#49,#53,.T.);
#55=ORIENTED_EDGE($,$,$,#54,.T.);
#56=CARTESIAN_POINT($,(55,507.488493750554,0));
#57=VERTEX_POINT($,#56);
#58=CARTESIAN_POINT($,(65.7442468752771,507.488493750554,0));
#59=DIRECTION($,(-1,0,0));
#60=VECTOR($,#59,1);
#61=LINE($,#58,#60);
#62=EDGE_CURVE($,#49,#57,#61,.T.);
#63=ORIENTED_EDGE($,$,$,#62,.T.);
#64=CARTESIAN_POINT($,(35,507.488493750554,-0));
#65=VERTEX_POINT($,#64);
#66=CARTESIAN_POINT($,(55,507.488493750554,0));
#67=DIRECTION($,(-1,0,0));
#68=VECTOR($,#67,1);
#69=LINE($,#66,#68);
#70=EDGE_CURVE($,#57,#65,#69,.T.);
#71=ORIENTED_EDGE($,$,$,#70,.T.);
#72=CARTESIAN_POINT($,(9.99999999999999,482.488493750554,-0));
#73=VERTEX_POINT($,#72);
#74=CARTESIAN_POINT($,(35,507.488493750554,-0));
#75=DIRECTION($,(-0.707106781186547,-0.707106781186548,0));
#76=VECTOR($,#75,1);
#77=LINE($,#74,#76);
#78=EDGE_CURVE($,#65,#73,#77,.T.);
#79=ORIENTED_EDGE($,$,$,#78,.T.);
#80=CARTESIAN_POINT($,(9.99999999999999,162.488493750554,-0));
#81=VERTEX_POINT($,#80);
#82=CARTESIAN_POINT($,(9.99999999999999,482.488493750554,-0));
#83=DIRECTION($,(0,-1,0));
#84=VECTOR($,#83,1);
#85=LINE($,#82,#84);
#86=EDGE_CURVE($,#73,#81,#85,.T.);
#87=ORIENTED_EDGE($,$,$,#86,.T.);
#88=CARTESIAN_POINT($,(35,137.488493750554,-0));
#89=VERTEX_POINT($,#88);
#90=CARTESIAN_POINT($,(9.99999999999999,162.488493750554,-0));
#91=DIRECTION($,(0.707106781186547,-0.707106781186548,0));
#92=VECTOR($,#91,1);
#93=LINE($,#90,#92);
#94=EDGE_CURVE($,#81,#89,#93,.T.);
#95=ORIENTED_EDGE($,$,$,#94,.T.);
#96=CARTESIAN_POINT($,(55,137.488493750554,0));
#97=VERTEX_POINT($,#96);
#98=CARTESIAN_POINT($,(35,137.488493750554,-0));
#99=DIRECTION($,(1,0,0));
#100=VECTOR($,#99,1);
#101=LINE($,#98,#100);
#102=EDGE_CURVE($,#89,#97,#101,.T.);
#103=ORIENTED_EDGE($,$,$,#102,.T.);
#104=CARTESIAN_POINT($,(65.7442468752771,137.488493750554,0));
#105=VERTEX_POINT($,#104);
#106=CARTESIAN_POINT($,(55,137.488493750554,0));
#107=DIRECTION($,(1,0,0));
#108=VECTOR($,#107,1);
#109=LINE($,#106,#108);
#110=EDGE_CURVE($,#97,#105,#109,.T.);
#111=ORIENTED_EDGE($,$,$,#110,.T.);
#112=CARTESIAN_POINT($,(74.7442468752771,137.488493750554,0));
#113=VERTEX_POINT($,#112);
#114=CARTESIAN_POINT($,(65.7442468752771,137.488493750554,0));
#115=DIRECTION($,(1,0,0));
#116=VECTOR($,#115,1);
#117=LINE($,#114,#116);
#118=EDGE_CURVE($,#105,#113,#117,.T.);
#119=ORIENTED_EDGE($,$,$,#118,.T.);
#120=CARTESIAN_POINT($,(74.7442468752771,126.744246875277,0));
#121=VERTEX_POINT($,#120);
#122=CARTESIAN_POINT($,(74.7442468752771,137.488493750554,0));
#123=DIRECTION($,(0,-1,0));
#124=VECTOR($,#123,1);
#125=LINE($,#122,#124);
#126=EDGE_CURVE($,#113,#121,#125,.T.);
#127=ORIENTED_EDGE($,$,$,#126,.T.);
#128=CARTESIAN_POINT($,(74.7442468752771,114.244246875277,0));
#129=VERTEX_POINT($,#128);
#130=CARTESIAN_POINT($,(74.7442468752771,126.744246875277,0));
#131=DIRECTION($,(0,-1,0));
#132=VECTOR($,#131,1);
#133=LINE($,#130,#132);
#134=EDGE_CURVE($,#121,#129,#133,.T.);
#135=ORIENTED_EDGE($,$,$,#134,.T.);
#136=CARTESIAN_POINT($,(65.7442468752771,114.244246875277,-0));
#137=VERTEX_POINT($,#136);
#138=CARTESIAN_POINT($,(74.7442468752771,114.244246875277,0));
#139=DIRECTION($,(-1,0,0));
#140=VECTOR($,#139,1);
#141=LINE($,#138,#140);
#142=EDGE_CURVE($,#129,#137,#141,.T.);
#143=ORIENTED_EDGE($,$,$,#142,.T.);
#144=CARTESIAN_POINT($,(65.7442468752771,64.7442468752771,0));
#145=VERTEX_POINT($,#144);
#146=CARTESIAN_POINT($,(65.7442468752771,114.244246875277,-0));
#147=DIRECTION($,(0,-1,0));
#148=VECTOR($,#147,1);
#149=LINE($,#146,#148);
#150=EDGE_CURVE($,#137,#145,#149,.T.);
#151=ORIENTED_EDGE($,$,$,#150,.T.);
#152=CARTESIAN_POINT($,(65.7442468752771,54,0));
#153=VERTEX_POINT($,#152);
#154=CARTESIAN_POINT($,(65.7442468752771,64.7442468752771,0));
#155=DIRECTION($,(0,-1,0));
#156=VECTOR($,#155,1);
#157=LINE($,#154,#156);
#158=EDGE_CURVE($,#145,#153,#157,.T.);
#159=ORIENTED_EDGE($,$,$,#158,.T.);
#160=CARTESIAN_POINT($,(65.7442468752771,22.5,-0));
#161=VERTEX_POINT($,#160);
#162=CARTESIAN_POINT($,(65.7442468752771,54,0));
#163=DIRECTION($,(0,-1,0));
#164=VECTOR($,#163,1);
#165=LINE($,#162,#164);
#166=EDGE_CURVE($,#153,#161,#165,.T.);
#167=ORIENTED_EDGE($,$,$,#166,.T.);
#168=CARTESIAN_POINT($,(78.2442468752771,10,-0));
#169=VERTEX_POINT($,#168);
#170=CARTESIAN_POINT($,(65.7442468752771,22.5,-0));
#171=DIRECTION($,(0.707106781186548,-0.707106781186548,0));
#172=VECTOR($,#171,1);
#173=LINE($,#170,#172);
#174=EDGE_CURVE($,#161,#169,#173,.T.);
#175=ORIENTED_EDGE($,$,$,#174,.T.);
#176=CARTESIAN_POINT($,(116.744246875277,10,0));
#177=VERTEX_POINT($,#176);
#178=CARTESIAN_POINT($,(78.2442468752771,10,-0));
#179=DIRECTION($,(1,0,0));
#180=VECTOR($,#179,1);
#181=LINE($,#178,#180);
#182=EDGE_CURVE($,#169,#177,#181,.T.);
#183=ORIENTED_EDGE($,$,$,#182,.T.);
#184=CARTESIAN_POINT($,(122.744246875277,16,0));
#185=VERTEX_POINT($,#184);
#186=CARTESIAN_POINT($,(116.744246875277,16,0));
#187=DIRECTION($,(0,0,1));
#188=DIRECTION($,(1,0,0));
#189=AXIS2_PLACEMENT_3D($,#186,#187,#188);
#190=CIRCLE($,#189,6);
#191=TRIMMED_CURVE($,#190,(PARAMETER_VALUE(-1.5707963267949)),(PARAMETER_VALUE(0)),.T.,.PARAMETER.);
#192=EDGE_CURVE($,#177,#185,#191,.T.);
#193=ORIENTED_EDGE($,$,$,#192,.T.);
#194=CARTESIAN_POINT($,(122.744246875277,35,0));
#195=VERTEX_POINT($,#194);
#196=CARTESIAN_POINT($,(122.744246875277,16,0));
#197=DIRECTION($,(0,1,0));
#198=VECTOR($,#197,1);
#199=LINE($,#196,#198);
#200=EDGE_CURVE($,#185,#195,#199,.T.);
#201=ORIENTED_EDGE($,$,$,#200,.T.);
#202=CARTESIAN_POINT($,(128.744246875277,42,0));
#203=VERTEX_POINT($,#202);
#204=CARTESIAN_POINT($,(128.660227186677,36.0005883045146,0));
#205=DIRECTION($,(0,0,1));
#206=DIRECTION($,(1,0,0));
#207=AXIS2_PLACEMENT_3D($,#204,#205,#206);
#208=CIRCLE($,#207,6);
#209=TRIMMED_CURVE($,#208,(PARAMETER_VALUE(1.55679258766613)),(PARAMETER_VALUE(3.30914017525811)),.T.,.PARAMETER.);
#210=EDGE_CURVE($,#195,#203,#209,.F.);
#211=ORIENTED_EDGE($,$,$,#210,.T.);
#212=CARTESIAN_POINT($,(242.744246875277,42,0));
#213=VERTEX_POINT($,#212);
#214=CARTESIAN_POINT($,(128.744246875277,42,0));
#215=DIRECTION($,(1,0,0));
#216=VECTOR($,#215,1);
#217=LINE($,#214,#216);
#218=EDGE_CURVE($,#203,#213,#217,.T.);
#219=ORIENTED_EDGE($,$,$,#218,.T.);
#220=CARTESIAN_POINT($,(248.744246875277,35,0));
#221=VERTEX_POINT($,#220);
#222=CARTESIAN_POINT($,(242.828266563877,36.0005883045146,0));
#223=DIRECTION($,(0,0,1));
#224=DIRECTION($,(1,0,0));
#225=AXIS2_PLACEMENT_3D($,#222,#223,#224);
#226=CIRCLE($,#225,6);
#227=TRIMMED_CURVE($,#226,(PARAMETER_VALUE(-0.167547521668321)),(PARAMETER_VALUE(1.58480006592366)),.T.,.PARAMETER.);
#228=EDGE_CURVE($,#213,#221,#227,.F.);
#229=ORIENTED_EDGE($,$,$,#228,.T.);
#230=CARTESIAN_POINT($,(248.744246875277,16,0));
#231=VERTEX_POINT($,#230);
#232=CARTESIAN_POINT($,(248.744246875277,35,0));
#233=DIRECTION($,(0,-1,0));
#234=VECTOR($,#233,1);
#235=LINE($,#232,#234);
#236=EDGE_CURVE($,#221,#231,#235,.T.);
#237=ORIENTED_EDGE($,$,$,#236,.T.);
#238=CARTESIAN_POINT($,(254.744246875277,10,0));
#239=VERTEX_POINT($,#238);
#240=CARTESIAN_POINT($,(254.744246875277,16,0));
#241=DIRECTION($,(0,0,1));
#242=DIRECTION($,(1,0,0));
#243=AXIS2_PLACEMENT_3D($,#240,#241,#242);
#244=CIRCLE($,#243,6);
#245=TRIMMED_CURVE($,#244,(PARAMETER_VALUE(-3.14159265358979)),(PARAMETER_VALUE(-1.5707963267949)),.T.,.PARAMETER.);
#246=EDGE_CURVE($,#231,#239,#245,.T.);
#247=ORIENTED_EDGE($,$,$,#246,.T.);
#248=CARTESIAN_POINT($,(293.244246875277,10,-0));
#249=VERTEX_POINT($,#248);
#250=CARTESIAN_POINT($,(254.744246875277,10,0));
#251=DIRECTION($,(1,0,0));
#252=VECTOR($,#251,1);
#253=LINE($,#250,#252);
#254=EDGE_CURVE($,#239,#249,#253,.T.);
#255=ORIENTED_EDGE($,$,$,#254,.T.);
#256=CARTESIAN_POINT($,(305.744246875277,22.5,-0));
#257=VERTEX_POINT($,#256);
#258=CARTESIAN_POINT($,(293.244246875277,10,-0));
#259=DIRECTION($,(0.707106781186548,0.707106781186548,0));
#260=VECTOR($,#259,1);
#261=LINE($,#258,#260);
#262=EDGE_CURVE($,#249,#257,#261,.T.);
#263=ORIENTED_EDGE($,$,$,#262,.T.);
#264=CARTESIAN_POINT($,(305.744246875277,54,0));
#265=VERTEX_POINT($,#264);
#266=CARTESIAN_POINT($,(305.744246875277,22.5,-0));
#267=DIRECTION($,(0,1,0));
#268=VECTOR($,#267,1);
#269=LINE($,#266,#268);
#270=EDGE_CURVE($,#257,#265,#269,.T.);
#271=ORIENTED_EDGE($,$,$,#270,.T.);
#272=CARTESIAN_POINT($,(305.744246875277,64.7442468752771,0));
#273=VERTEX_POINT($,#272);
#274=CARTESIAN_POINT($,(305.744246875277,54,0));
#275=DIRECTION($,(0,1,0));
#276=VECTOR($,#275,1);
#277=LINE($,#274,#276);
#278=EDGE_CURVE($,#265,#273,#277,.T.);
#279=ORIENTED_EDGE($,$,$,#278,.T.);
#280=CARTESIAN_POINT($,(305.744246875277,114.244246875277,-0));
#281=VERTEX_POINT($,#280);
#282=CARTESIAN_POINT($,(305.744246875277,64.7442468752771,0));
#283=DIRECTION($,(0,1,0));
#284=VECTOR($,#283,1);
#285=LINE($,#282,#284);
#286=EDGE_CURVE($,#273,#281,#285,.T.);
#287=ORIENTED_EDGE($,$,$,#286,.T.);
#288=CARTESIAN_POINT($,(296.744246875277,114.244246875277,0));
#289=VERTEX_POINT($,#288);
#290=CARTESIAN_POINT($,(305.744246875277,114.244246875277,-0));
#291=DIRECTION($,(-1,0,0));
#292=VECTOR($,#291,1);
#293=LINE($,#290,#292);
#294=EDGE_CURVE($,#281,#289,#293,.T.);
#295=ORIENTED_EDGE($,$,$,#294,.T.);
#296=CARTESIAN_POINT($,(296.744246875277,126.744246875277,0));
#297=VERTEX_POINT($,#296);
#298=CARTESIAN_POINT($,(296.744246875277,114.244246875277,0));
#299=DIRECTION($,(0,1,0));
#300=VECTOR($,#299,1);
#301=LINE($,#298,#300);
#302=EDGE_CURVE($,#289,#297,#301,.T.);
#303=ORIENTED_EDGE($,$,$,#302,.T.);
#304=CARTESIAN_POINT($,(296.744246875277,137.488493750554,0));
#305=VERTEX_POINT($,#304);
#306=CARTESIAN_POINT($,(296.744246875277,126.744246875277,0));
#307=DIRECTION($,(0,1,0));
#308=VECTOR($,#307,1);
#309=LINE($,#306,#308);
#310=EDGE_CURVE($,#297,#305,#309,.T.);
#311=ORIENTED_EDGE($,$,$,#310,.T.);
#312=CARTESIAN_POINT($,(305.744246875277,137.488493750554,0));
#313=VERTEX_POINT($,#312);
#314=CARTESIAN_POINT($,(296.744246875277,137.488493750554,0));
#315=DIRECTION($,(1,0,0));
#316=VECTOR($,#315,1);
#317=LINE($,#314,#316);
#318=EDGE_CURVE($,#305,#313,#317,.T.);
#319=ORIENTED_EDGE($,$,$,#318,.T.);
#320=CARTESIAN_POINT($,(316.488493750554,137.488493750554,0));
#321=VERTEX_POINT($,#320);
#322=CARTESIAN_POINT($,(305.744246875277,137.488493750554,0));
#323=DIRECTION($,(1,0,0));
#324=VECTOR($,#323,1);
#325=LINE($,#322,#324);
#326=EDGE_CURVE($,#313,#321,#325,.T.);
#327=ORIENTED_EDGE($,$,$,#326,.T.);
#328=CARTESIAN_POINT($,(335.988493750554,137.488493750554,0));
#329=VERTEX_POINT($,#328);
#330=CARTESIAN_POINT($,(316.488493750554,137.488493750554,0));
#331=DIRECTION($,(1,0,0));
#332=VECTOR($,#331,1);
#333=LINE($,#330,#332);
#334=EDGE_CURVE($,#321,#329,#333,.T.);
#335=ORIENTED_EDGE($,$,$,#334,.T.);
#336=CARTESIAN_POINT($,(348.488493750554,149.988493750554,0));
#337=VERTEX_POINT($,#336);
#338=CARTESIAN_POINT($,(335.988493750554,149.988493750554,0));
#339=DIRECTION($,(0,0,1));
#340=DIRECTION($,(1,0,0));
#341=AXIS2_PLACEMENT_3D($,#338,#339,#340);
#342=CIRCLE($,#341,12.5);
#343=TRIMMED_CURVE($,#342,(PARAMETER_VALUE(-1.5707963267949)),(PARAMETER_VALUE(0)),.T.,.PARAMETER.);
#344=EDGE_CURVE($,#329,#337,#343,.T.);
#345=ORIENTED_EDGE($,$,$,#344,.T.);
#346=CARTESIAN_POINT($,(348.488493750554,180.988493750554,-0));
#347=VERTEX_POINT($,#346);
#348=CARTESIAN_POINT($,(348.488493750554,149.988493750554,0));
#349=DIRECTION($,(0,1,0));
#350=VECTOR($,#349,1);
#351=LINE($,#348,#350);
#352=EDGE_CURVE($,#337,#347,#351,.T.);
#353=ORIENTED_EDGE($,$,$,#352,.T.);
#354=CARTESIAN_POINT($,(333.488493750554,195.988493750554,0));
#355=VERTEX_POINT($,#354);
#356=CARTESIAN_POINT($,(348.488493750554,180.988493750554,-0));
#357=DIRECTION($,(-0.707106781186548,0.707106781186548,0));
#358=VECTOR($,#357,1);
#359=LINE($,#356,#358);
#360=EDGE_CURVE($,#347,#355,#359,.T.);
#361=ORIENTED_EDGE($,$,$,#360,.T.);
#362=CARTESIAN_POINT($,(333.488493750554,259.988493750554,0));
#363=VERTEX_POINT($,#362);
#364=CARTESIAN_POINT($,(333.488493750554,195.988493750554,0));
#365=DIRECTION($,(0,1,0));
#366=VECTOR($,#365,1);
#367=LINE($,#364,#366);
#368=EDGE_CURVE($,#355,#363,#367,.T.);
#369=ORIENTED_EDGE($,$,$,#368,.T.);
#370=CARTESIAN_POINT($,(345.488493750554,259.988493750554,0));
#371=VERTEX_POINT($,#370);
#372=CARTESIAN_POINT($,(333.488493750554,259.988493750554,0));
#373=DIRECTION($,(1,0,0));
#374=VECTOR($,#373,1);
#375=LINE($,#372,#374);
#376=EDGE_CURVE($,#363,#371,#375,.T.);
#377=ORIENTED_EDGE($,$,$,#376,.T.);
#378=CARTESIAN_POINT($,(350.860617188193,259.988493750554,0));
#379=VERTEX_POINT($,#378);
#380=CARTESIAN_POINT($,(345.488493750554,259.988493750554,0));
#381=DIRECTION($,(1,0,0));
#382=VECTOR($,#381,1);
#383=LINE($,#380,#382);
#384=EDGE_CURVE($,#371,#379,#383,.T.);
#385=ORIENTED_EDGE($,$,$,#384,.T.);
#386=CARTESIAN_POINT($,(399.860617188193,259.988493750554,0));
#387=VERTEX_POINT($,#386);
#388=CARTESIAN_POINT($,(350.860617188193,259.988493750554,0));
#389=DIRECTION($,(1,0,0));
#390=VECTOR($,#389,1);
#391=LINE($,#388,#390);
#392=EDGE_CURVE($,#379,#387,#391,.T.);
#393=ORIENTED_EDGE($,$,$,#392,.T.);
#394=CARTESIAN_POINT($,(412.360617188193,272.488493750554,0));
#395=VERTEX_POINT($,#394);
#396=CARTESIAN_POINT($,(399.860617188193,272.488493750554,0));
#397=DIRECTION($,(0,0,1));
#398=DIRECTION($,(1,0,0));
#399=AXIS2_PLACEMENT_3D($,#396,#397,#398);
#400=CIRCLE($,#399,12.5);
#401=TRIMMED_CURVE($,#400,(PARAMETER_VALUE(-1.5707963267949)),(PARAMETER_VALUE(0)),.T.,.PARAMETER.);
#402=EDGE_CURVE($,#387,#395,#401,.T.);
#403=ORIENTED_EDGE($,$,$,#402,.T.);
#404=CARTESIAN_POINT($,(412.360617188193,372.488493750554,0));
#405=VERTEX_POINT($,#404);
#406=CARTESIAN_POINT($,(412.360617188193,272.488493750554,0));
#407=DIRECTION($,(0,1,0));
#408=VECTOR($,#407,1);
#409=LINE($,#406,#408);
#410=EDGE_CURVE($,#395,#405,#409,.T.);
#411=ORIENTED_EDGE($,$,$,#410,.T.);
#412=CARTESIAN_POINT($,(399.860617188193,384.988493750554,0));
#413=VERTEX_POINT($,#412);
#414=CARTESIAN_POINT($,(399.860617188193,372.488493750554,0));
#415=DIRECTION($,(0,0,1));
#416=DIRECTION($,(1,0,0));
#417=AXIS2_PLACEMENT_3D($,#414,#415,#416);
#418=CIRCLE($,#417,12.5);
#419=TRIMMED_CURVE($,#418,(PARAMETER_VALUE(0)),(PARAMETER_VALUE(1.5707963267949)),.T.,.PARAMETER.);
#420=EDGE_CURVE($,#405,#413,#419,.T.);
#421=ORIENTED_EDGE($,$,$,#420,.T.);
#422=CARTESIAN_POINT($,(350.860617188193,384.988493750554,0));
#423=VERTEX_POINT($,#422);
#424=CARTESIAN_POINT($,(399.860617188193,384.988493750554,0));
#425=DIRECTION($,(-1,0,0));
#426=VECTOR($,#425,1);
#427=LINE($,#424,#426);
#428=EDGE_CURVE($,#413,#423,#427,.T.);
#429=ORIENTED_EDGE($,$,$,#428,.T.);
#430=CARTESIAN_POINT($,(345.488493750554,384.988493750554,0));
#431=VERTEX_POINT($,#430);
#432=CARTESIAN_POINT($,(350.860617188193,384.988493750554,0));
#433=DIRECTION($,(-1,0,0));
#434=VECTOR($,#433,1);
#435=LINE($,#432,#434);
#436=EDGE_CURVE($,#423,#431,#435,.T.);
#437=ORIENTED_EDGE($,$,$,#436,.T.);
#438=CARTESIAN_POINT($,(333.488493750554,384.988493750554,0));
#439=VERTEX_POINT($,#438);
#440=CARTESIAN_POINT($,(345.488493750554,384.988493750554,0));
#441=DIRECTION($,(-1,0,0));
#442=VECTOR($,#441,1);
#443=LINE($,#440,#442);
#444=EDGE_CURVE($,#431,#439,#443,.T.);
#445=ORIENTED_EDGE($,$,$,#444,.T.);
#446=CARTESIAN_POINT($,(333.488493750554,448.988493750554,0));
#447=VERTEX_POINT($,#446);
#448=CARTESIAN_POINT($,(333.488493750554,384.988493750554,0));
#449=DIRECTION($,(0,1,0));
#450=VECTOR($,#449,1);
#451=LINE($,#448,#450);
#452=EDGE_CURVE($,#439,#447,#451,.T.);
#453=ORIENTED_EDGE($,$,$,#452,.T.);
#454=CARTESIAN_POINT($,(348.488493750554,463.988493750554,-0));
#455=VERTEX_POINT($,#454);
#456=CARTESIAN_POINT($,(333.488493750554,448.988493750554,0));
#457=DIRECTION($,(0.707106781186548,0.707106781186548,0));
#458=VECTOR($,#457,1);
#459=LINE($,#456,#458);
#460=EDGE_CURVE($,#447,#455,#459,.T.);
#461=ORIENTED_EDGE($,$,$,#460,.T.);
#462=CARTESIAN_POINT($,(348.488493750554,494.988493750554,0));
#463=VERTEX_POINT($,#462);
#464=CARTESIAN_POINT($,(348.488493750554,463.988493750554,-0));
#465=DIRECTION($,(0,1,0));
#466=VECTOR($,#465,1);
#467=LINE($,#464,#466);
#468=EDGE_CURVE($,#455,#463,#467,.T.);
#469=ORIENTED_EDGE($,$,$,#468,.T.);
#470=CARTESIAN_POINT($,(335.988493750554,507.488493750554,0));
#471=VERTEX_POINT($,#470);
#472=CARTESIAN_POINT($,(335.988493750554,494.988493750554,0));
#473=DIRECTION($,(0,0,1));
#474=DIRECTION($,(1,0,0));
#475=AXIS2_PLACEMENT_3D($,#472,#473,#474);
#476=CIRCLE($,#475,12.5);
#477=TRIMMED_CURVE($,#476,(PARAMETER_VALUE(0)),(PARAMETER_VALUE(1.5707963267949)),.T.,.PARAMETER.);
#478=EDGE_CURVE($,#463,#471,#477,.T.);
#479=ORIENTED_EDGE($,$,$,#478,.T.);
#480=CARTESIAN_POINT($,(316.488493750554,507.488493750554,0));
#481=VERTEX_POINT($,#480);
#482=CARTESIAN_POINT($,(335.988493750554,507.488493750554,0));
#483=DIRECTION($,(-1,0,0));
#484=VECTOR($,#483,1);
#485=LINE($,#482,#484);
#486=EDGE_CURVE($,#471,#481,#485,.T.);
#487=ORIENTED_EDGE($,$,$,#486,.T.);
#488=CARTESIAN_POINT($,(305.744246875277,507.488493750554,0));
#489=VERTEX_POINT($,#488);
#490=CARTESIAN_POINT($,(316.488493750554,507.488493750554,0));
#491=DIRECTION($,(-1,0,0));
#492=VECTOR($,#491,1);
#493=LINE($,#490,#492);
#494=EDGE_CURVE($,#481,#489,#493,.T.);
#495=ORIENTED_EDGE($,$,$,#494,.T.);
#496=CARTESIAN_POINT($,(296.744246875277,507.488493750554,0));
#497=VERTEX_POINT($,#496);
#498=CARTESIAN_POINT($,(305.744246875277,507.488493750554,0));
#499=DIRECTION($,(-1,0,0));
#500=VECTOR($,#499,1);
#501=LINE($,#498,#500);
#502=EDGE_CURVE($,#489,#497,#501,.T.);
#503=ORIENTED_EDGE($,$,$,#502,.T.);
#504=CARTESIAN_POINT($,(296.744246875277,518.232740625831,0));
#505=VERTEX_POINT($,#504);
#506=CARTESIAN_POINT($,(296.744246875277,507.488493750554,0));
#507=DIRECTION($,(0,1,0));
#508=VECTOR($,#507,1);
#509=LINE($,#506,#508);
#510=EDGE_CURVE($,#497,#505,#509,.T.);
#511=ORIENTED_EDGE($,$,$,#510,.T.);
#512=CARTESIAN_POINT($,(296.744246875277,530.732740625831,0));
#513=VERTEX_POINT($,#512);
#514=CARTESIAN_POINT($,(296.744246875277,518.232740625831,0));
#515=DIRECTION($,(0,1,0));
#516=VECTOR($,#515,1);
#517=LINE($,#514,#516);
#518=EDGE_CURVE($,#505,#513,#517,.T.);
#519=ORIENTED_EDGE($,$,$,#518,.T.);
#520=CARTESIAN_POINT($,(305.744246875277,530.732740625831,-0));
#521=VERTEX_POINT($,#520);
#522=CARTESIAN_POINT($,(296.744246875277,530.732740625831,0));
#523=DIRECTION($,(1,0,0));
#524=VECTOR($,#523,1);
#525=LINE($,#522,#524);
#526=EDGE_CURVE($,#513,#521,#525,.T.);
#527=ORIENTED_EDGE($,$,$,#526,.T.);
#528=CARTESIAN_POINT($,(305.744246875277,580.232740625831,0));
#529=VERTEX_POINT($,#528);
#530=CARTESIAN_POINT($,(305.744246875277,530.732740625831,-0));
#531=DIRECTION($,(0,1,0));
#532=VECTOR($,#531,1);
#533=LINE($,#530,#532);
#534=EDGE_CURVE($,#521,#529,#533,.T.);
#535=ORIENTED_EDGE($,$,$,#534,.T.);
#536=CARTESIAN_POINT($,(305.744246875277,590.976987501108,0));
#537=VERTEX_POINT($,#536);
#538=CARTESIAN_POINT($,(305.744246875277,580.232740625831,0));
#539=DIRECTION($,(0,1,0));
#540=VECTOR($,#539,1);
#541=LINE($,#538,#540);
#542=EDGE_CURVE($,#529,#537,#541,.T.);
#543=ORIENTED_EDGE($,$,$,#542,.T.);
#544=CARTESIAN_POINT($,(305.744246875277,622.476987501108,-0));
#545=VERTEX_POINT($,#544);
#546=CARTESIAN_POINT($,(305.744246875277,590.976987501108,0));
#547=DIRECTION($,(0,1,0));
#548=VECTOR($,#547,1);
#549=LINE($,#546,#548);
#550=EDGE_CURVE($,#537,#545,#549,.T.);
#551=ORIENTED_EDGE($,$,$,#550,.T.);
#552=CARTESIAN_POINT($,(293.244246875277,634.976987501108,-0));
#553=VERTEX_POINT($,#552);
#554=CARTESIAN_POINT($,(305.744246875277,622.476987501108,-0));
#555=DIRECTION($,(-0.707106781186548,0.707106781186548,0));
#556=VECTOR($,#555,1);
#557=LINE($,#554,#556);
#558=EDGE_CURVE($,#545,#553,#557,.T.);
#559=ORIENTED_EDGE($,$,$,#558,.T.);
#560=CARTESIAN_POINT($,(248.744246875277,634.976987501108,-0));
#561=VERTEX_POINT($,#560);
#562=CARTESIAN_POINT($,(293.244246875277,634.976987501108,-0));
#563=DIRECTION($,(-1,0,0));
#564=VECTOR($,#563,1);
#565=LINE($,#562,#564);
#566=EDGE_CURVE($,#553,#561,#565,.T.);
#567=ORIENTED_EDGE($,$,$,#566,.T.);
#568=CARTESIAN_POINT($,(248.744246875277,609.976987501108,0));
#569=VERTEX_POINT($,#568);
#570=CARTESIAN_POINT($,(248.744246875277,634.976987501108,-0));
#571=DIRECTION($,(0,-1,0));
#572=VECTOR($,#571,1);
#573=LINE($,#570,#572);
#574=EDGE_CURVE($,#561,#569,#573,.T.);
#575=ORIENTED_EDGE($,$,$,#574,.T.);
#576=CARTESIAN_POINT($,(242.744246875277,602.976987501108,0));
#577=VERTEX_POINT($,#576);
#578=CARTESIAN_POINT($,(242.828266563877,608.976399196594,0));
#579=DIRECTION($,(0,0,1));
#580=DIRECTION($,(1,0,0));
#581=AXIS2_PLACEMENT_3D($,#578,#579,#580);
#582=CIRCLE($,#581,6);
#583=TRIMMED_CURVE($,#582,(PARAMETER_VALUE(-1.58480006592366)),(PARAMETER_VALUE(0.16754752166832)),.T.,.PARAMETER.);
#584=EDGE_CURVE($,#569,#577,#583,.F.);
#585=ORIENTED_EDGE($,$,$,#584,.T.);
#586=CARTESIAN_POINT($,(128.744246875277,602.976987501108,0));
#587=VERTEX_POINT($,#586);
#588=CARTESIAN_POINT($,(242.744246875277,602.976987501108,0));
#589=DIRECTION($,(-1,0,0));
#590=VECTOR($,#589,1);
#591=LINE($,#588,#590);
#592=EDGE_CURVE($,#577,#587,#591,.T.);
#593=ORIENTED_EDGE($,$,$,#592,.T.);
#594=CARTESIAN_POINT($,(122.744246875277,609.976987501108,0));
#595=VERTEX_POINT($,#594);
#596=CARTESIAN_POINT($,(128.660227186677,608.976399196594,0));
#597=DIRECTION($,(0,0,1));
#598=DIRECTION($,(1,0,0));
#599=AXIS2_PLACEMENT_3D($,#596,#597,#598);
#600=CIRCLE($,#599,6);
#601=TRIMMED_CURVE($,#600,(PARAMETER_VALUE(2.97404513192148)),(PARAMETER_VALUE(4.72639271951345)),.T.,.PARAMETER.);
#602=EDGE_CURVE($,#587,#595,#601,.F.);
#603=ORIENTED_EDGE($,$,$,#602,.T.);
#604=CARTESIAN_POINT($,(122.744246875277,634.976987501108,-0));
#605=VERTEX_POINT($,#604);
#606=CARTESIAN_POINT($,(122.744246875277,609.976987501108,0));
#607=DIRECTION($,(0,1,0));
#608=VECTOR($,#607,1);
#609=LINE($,#606,#608);
#610=EDGE_CURVE($,#595,#605,#609,.T.);
#611=ORIENTED_EDGE($,$,$,#610,.T.);
#612=CARTESIAN_POINT($,(78.244246875277,634.976987501108,-0));
#613=VERTEX_POINT($,#612);
#614=CARTESIAN_POINT($,(122.744246875277,634.976987501108,-0));
#615=DIRECTION($,(-1,0,0));
#616=VECTOR($,#615,1);
#617=LINE($,#614,#616);
#618=EDGE_CURVE($,#605,#613,#617,.T.);
#619=ORIENTED_EDGE($,$,$,#618,.T.);
#620=CARTESIAN_POINT($,(65.7442468752771,622.476987501108,-0));
#621=VERTEX_POINT($,#620);
#622=CARTESIAN_POINT($,(78.244246875277,634.976987501108,-0));
#623=DIRECTION($,(-0.707106781186548,-0.707106781186548,0));
#624=VECTOR($,#623,1);
#625=LINE($,#622,#624);
#626=EDGE_CURVE($,#613,#621,#625,.T.);
#627=ORIENTED_EDGE($,$,$,#626,.T.);
#628=CARTESIAN_POINT($,(65.7442468752771,622.476987501108,-0));
#629=DIRECTION($,(0,-1,0));
#630=VECTOR($,#629,1);
#631=LINE($,#628,#630);
#632=EDGE_CURVE($,#621,#7,#631,.T.);
#633=ORIENTED_EDGE($,$,$,#632,.T.);
#634=EDGE_LOOP($,(#15,#23,#31,#39,#47,#55,#63,#71,#79,#87,#95,#103,#111,#119,#127,#135,#143,#151,#159,#167,#175,#183,#193,#201,#211,#219,#229,#237,#247,#255,#263,#271,#279,#287,#295,#303,#311,#319,#327,#335,#345,#353,#361,#369,#377,#385,#393,#403,#411,#421,#429,#437,#445,#453,#461,#469,#479,#487,#495,#503,#511,#519,#527,#535,#543,#551,#559,#567,#575,#585,#593,#603,#611,#619,#627,#633));
#635=FACE_OUTER_BOUND('',#634,.T.);
#636=CARTESIAN_POINT($,(259.744246875277,174.988493750554,0));
#637=VERTEX_POINT($,#636);
#638=CARTESIAN_POINT($,(275.744246875277,174.988493750554,0));
#639=VERTEX_POINT($,#638);
#640=CARTESIAN_POINT($,(267.744246875277,174.988493750554,0));
#641=DIRECTION($,(0,0,1));
#642=DIRECTION($,(1,0,0));
#643=AXIS2_PLACEMENT_3D($,#640,#641,#642);
#644=CIRCLE($,#643,8);
#645=TRIMMED_CURVE($,#644,(PARAMETER_VALUE(3.14159265358979)),(PARAMETER_VALUE(6.28318530717959)),.T.,.PARAMETER.);
#646=EDGE_CURVE($,#637,#639,#645,.T.);
#647=ORIENTED_EDGE($,$,$,#646,.F.);
#648=CARTESIAN_POINT($,(267.744246875277,174.988493750554,0));
#649=DIRECTION($,(0,0,1));
#650=DIRECTION($,(1,0,0));
#651=AXIS2_PLACEMENT_3D($,#648,#649,#650);
#652=CIRCLE($,#651,8);
#653=TRIMMED_CURVE($,#652,(PARAMETER_VALUE(0)),(PARAMETER_VALUE(3.14159265358979)),.T.,.PARAMETER.);
#654=EDGE_CURVE($,#639,#637,#653,.T.);
#655=ORIENTED_EDGE($,$,$,#654,.F.);
#656=EDGE_LOOP($,(#647,#655));
#657=FACE_BOUND('',#656,.T.);
#658=CARTESIAN_POINT($,(259.744246875277,219.988493750554,0));
#659=VERTEX_POINT($,#658);
#660=CARTESIAN_POINT($,(275.744246875277,219.988493750554,0));
#661=VERTEX_POINT($,#660);
#662=CARTESIAN_POINT($,(267.744246875277,219.988493750554,0));
#663=DIRECTION($,(0,0,1));
#664=DIRECTION($,(1,0,0));
#665=AXIS2_PLACEMENT_3D($,#662,#663,#664);
#666=CIRCLE($,#665,8);
#667=TRIMMED_CURVE($,#666,(PARAMETER_VALUE(3.14159265358979)),(PARAMETER_VALUE(6.28318530717959)),.T.,.PARAMETER.);
#668=EDGE_CURVE($,#659,#661,#667,.T.);
#669=ORIENTED_EDGE($,$,$,#668,.F.);
#670=CARTESIAN_POINT($,(267.744246875277,219.988493750554,0));
#671=DIRECTION($,(0,0,1));
#672=DIRECTION($,(1,0,0));
#673=AXIS2_PLACEMENT_3D($,#670,#671,#672);
#674=CIRCLE($,#673,8);
#675=TRIMMED_CURVE($,#674,(PARAMETER_VALUE(0)),(PARAMETER_VALUE(3.14159265358979)),.T.,.PARAMETER.);
#676=EDGE_CURVE($,#661,#659,#675,.T.);
#677=ORIENTED_EDGE($,$,$,#676,.F.);
#678=EDGE_LOOP($,(#669,#677));
#679=FACE_BOUND('',#678,.T.);
#680=CARTESIAN_POINT($,(259.744246875277,264.988493750554,0));
#681=VERTEX_POINT($,#680);
#682=CARTESIAN_POINT($,(275.744246875277,264.988493750554,0));
#683=VERTEX_POINT($,#682);
#684=CARTESIAN_POINT($,(267.744246875277,264.988493750554,0));
#685=DIRECTION($,(0,0,1));
#686=DIRECTION($,(1,0,0));
#687=AXIS2_PLACEMENT_3D($,#684,#685,#686);
#688=CIRCLE($,#687,8);
#689=TRIMMED_CURVE($,#688,(PARAMETER_VALUE(3.14159265358979)),(PARAMETER_VALUE(6.28318530717959)),.T.,.PARAMETER.);
#690=EDGE_CURVE($,#681,#683,#689,.T.);
#691=ORIENTED_EDGE($,$,$,#690,.F.);
#692=CARTESIAN_POINT($,(267.744246875277,264.988493750554,0));
#693=DIRECTION($,(0,0,1));
#694=DIRECTION($,(1,0,0));
#695=AXIS2_PLACEMENT_3D($,#692,#693,#694);
#696=CIRCLE($,#695,8);
#697=TRIMMED_CURVE($,#696,(PARAMETER_VALUE(0)),(PARAMETER_VALUE(3.14159265358979)),.T.,.PARAMETER.);
#698=EDGE_CURVE($,#683,#681,#697,.T.);
#699=ORIENTED_EDGE($,$,$,#698,.F.);
#700=EDGE_LOOP($,(#691,#699));
#701=FACE_BOUND('',#700,.T.);
#702=CARTESIAN_POINT($,(259.744246875277,309.988493750554,0));
#703=VERTEX_POINT($,#702);
#704=CARTESIAN_POINT($,(275.744246875277,309.988493750554,0));
#705=VERTEX_POINT($,#704);
#706=CARTESIAN_POINT($,(267.744246875277,309.988493750554,0));
#707=DIRECTION($,(0,0,1));
#708=DIRECTION($,(1,0,0));
#709=AXIS2_PLACEMENT_3D($,#706,#707,#708);
#710=CIRCLE($,#709,8);
#711=TRIMMED_CURVE($,#710,(PARAMETER_VALUE(3.14159265358979)),(PARAMETER_VALUE(6.28318530717959)),.T.,.PARAMETER.);
#712=EDGE_CURVE($,#703,#705,#711,.T.);
#713=ORIENTED_EDGE($,$,$,#712,.F.);
#714=CARTESIAN_POINT($,(267.744246875277,309.988493750554,0));
#715=DIRECTION($,(0,0,1));
#716=DIRECTION($,(1,0,0));
#717=AXIS2_PLACEMENT_3D($,#714,#715,#716);
#718=CIRCLE($,#717,8);
#719=TRIMMED_CURVE($,#718,(PARAMETER_VALUE(0)),(PARAMETER_VALUE(3.14159265358979)),.T.,.PARAMETER.);
#720=EDGE_CURVE($,#705,#703,#719,.T.);
#721=ORIENTED_EDGE($,$,$,#720,.F.);
#722=EDGE_LOOP($,(#713,#721));
#723=FACE_BOUND('',#722,.T.);
#724=CARTESIAN_POINT($,(80.2442468752771,29,0));
#725=VERTEX_POINT($,#724);
#726=CARTESIAN_POINT($,(91.2442468752771,29,0));
#727=VERTEX_POINT($,#726);
#728=CARTESIAN_POINT($,(85.7442468752771,29,0));
#729=DIRECTION($,(0,0,1));
#730=DIRECTION($,(1,0,0));
#731=AXIS2_PLACEMENT_3D($,#728,#729,#730);
#732=CIRCLE($,#731,5.5);
#733=TRIMMED_CURVE($,#732,(PARAMETER_VALUE(3.14159265358979)),(PARAMETER_VALUE(6.28318530717959)),.T.,.PARAMETER.);
#734=EDGE_CURVE($,#725,#727,#733,.T.);
#735=ORIENTED_EDGE($,$,$,#734,.F.);
#736=CARTESIAN_POINT($,(85.7442468752771,29,0));
#737=DIRECTION($,(0,0,1));
#738=DIRECTION($,(1,0,0));
#739=AXIS2_PLACEMENT_3D($,#736,#737,#738);
#740=CIRCLE($,#739,5.5);
#741=TRIMMED_CURVE($,#740,(PARAMETER_VALUE(0)),(PARAMETER_VALUE(3.14159265358979)),.T.,.PARAMETER.);
#742=EDGE_CURVE($,#727,#725,#741,.T.);
#743=ORIENTED_EDGE($,$,$,#742,.F.);
#744=EDGE_LOOP($,(#735,#743));
#745=FACE_BOUND('',#744,.T.);
#746=CARTESIAN_POINT($,(280.244246875277,29,0));
#747=VERTEX_POINT($,#746);
#748=CARTESIAN_POINT($,(291.244246875277,29,0));
#749=VERTEX_POINT($,#748);
#750=CARTESIAN_POINT($,(285.744246875277,29,0));
#751=DIRECTION($,(0,0,1));
#752=DIRECTION($,(1,0,0));
#753=AXIS2_PLACEMENT_3D($,#750,#751,#752);
#754=CIRCLE($,#753,5.5);
#755=TRIMMED_CURVE($,#754,(PARAMETER_VALUE(3.14159265358979)),(PARAMETER_VALUE(6.28318530717959)),.T.,.PARAMETER.);
#756=EDGE_CURVE($,#747,#749,#755,.T.);
#757=ORIENTED_EDGE($,$,$,#756,.F.);
#758=CARTESIAN_POINT($,(285.744246875277,29,0));
#759=DIRECTION($,(0,0,1));
#760=DIRECTION($,(1,0,0));
#761=AXIS2_PLACEMENT_3D($,#758,#759,#760);
#762=CIRCLE($,#761,5.5);
#763=TRIMMED_CURVE($,#762,(PARAMETER_VALUE(0)),(PARAMETER_VALUE(3.14159265358979)),.T.,.PARAMETER.);
#764=EDGE_CURVE($,#749,#747,#763,.T.);
#765=ORIENTED_EDGE($,$,$,#764,.F.);
#766=EDGE_LOOP($,(#757,#765));
#767=FACE_BOUND('',#766,.T.);
#768=CARTESIAN_POINT($,(226.744246875277,412.488493750554,0));
#769=VERTEX_POINT($,#768);
#770=CARTESIAN_POINT($,(264.744246875277,412.488493750554,0));
#771=VERTEX_POINT($,#770);
#772=CARTESIAN_POINT($,(245.744246875277,412.488493750554,0));
#773=DIRECTION($,(0,0,1));
#774=DIRECTION($,(1,0,0));
#775=AXIS2_PLACEMENT_3D($,#772,#773,#774);
#776=CIRCLE($,#775,19);
#777=TRIMMED_CURVE($,#776,(PARAMETER_VALUE(3.14159265358979)),(PARAMETER_VALUE(6.28318530717959)),.T.,.PARAMETER.);
#778=EDGE_CURVE($,#769,#771,#777,.T.);
#779=ORIENTED_EDGE($,$,$,#778,.F.);
#780=CARTESIAN_POINT($,(245.744246875277,412.488493750554,0));
#781=DIRECTION($,(0,0,1));
#782=DIRECTION($,(1,0,0));
#783=AXIS2_PLACEMENT_3D($,#780,#781,#782);
#784=CIRCLE($,#783,19);
#785=TRIMMED_CURVE($,#784,(PARAMETER_VALUE(0)),(PARAMETER_VALUE(3.14159265358979)),.T.,.PARAMETER.);
#786=EDGE_CURVE($,#771,#769,#785,.T.);
#787=ORIENTED_EDGE($,$,$,#786,.F.);
#788=EDGE_LOOP($,(#779,#787));
#789=FACE_BOUND('',#788,.T.);
#790=CARTESIAN_POINT($,(130.244246875277,437.488493750554,0));
#791=VERTEX_POINT($,#790);
#792=CARTESIAN_POINT($,(181.244246875277,437.488493750554,0));
#793=VERTEX_POINT($,#792);
#794=CARTESIAN_POINT($,(155.744246875277,437.488493750554,0));
#795=DIRECTION($,(0,0,1));
#796=DIRECTION($,(1,0,0));
#797=AXIS2_PLACEMENT_3D($,#794,#795,#796);
#798=CIRCLE($,#797,25.5);
#799=TRIMMED_CURVE($,#798,(PARAMETER_VALUE(3.14159265358979)),(PARAMETER_VALUE(6.28318530717959)),.T.,.PARAMETER.);
#800=EDGE_CURVE($,#791,#793,#799,.T.);
#801=ORIENTED_EDGE($,$,$,#800,.F.);
#802=CARTESIAN_POINT($,(155.744246875277,437.488493750554,0));
#803=DIRECTION($,(0,0,1));
#804=DIRECTION($,(1,0,0));
#805=AXIS2_PLACEMENT_3D($,#802,#803,#804);
#806=CIRCLE($,#805,25.5);
#807=TRIMMED_CURVE($,#806,(PARAMETER_VALUE(0)),(PARAMETER_VALUE(3.14159265358979)),.T.,.PARAMETER.);
#808=EDGE_CURVE($,#793,#791,#807,.T.);
#809=ORIENTED_EDGE($,$,$,#808,.F.);
#810=EDGE_LOOP($,(#801,#809));
#811=FACE_BOUND('',#810,.T.);
#812=CARTESIAN_POINT($,(280.244246875277,615.976987501108,0));
#813=VERTEX_POINT($,#812);
#814=CARTESIAN_POINT($,(291.244246875277,615.976987501108,0));
#815=VERTEX_POINT($,#814);
#816=CARTESIAN_POINT($,(285.744246875277,615.976987501108,0));
#817=DIRECTION($,(0,0,1));
#818=DIRECTION($,(1,0,0));
#819=AXIS2_PLACEMENT_3D($,#816,#817,#818);
#820=CIRCLE($,#819,5.5);
#821=TRIMMED_CURVE($,#820,(PARAMETER_VALUE(3.14159265358979)),(PARAMETER_VALUE(6.28318530717959)),.T.,.PARAMETER.);
#822=EDGE_CURVE($,#813,#815,#821,.T.);
#823=ORIENTED_EDGE($,$,$,#822,.F.);
#824=CARTESIAN_POINT($,(285.744246875277,615.976987501108,0));
#825=DIRECTION($,(0,0,1));
#826=DIRECTION($,(1,0,0));
#827=AXIS2_PLACEMENT_3D($,#824,#825,#826);
#828=CIRCLE($,#827,5.5);
#829=TRIMMED_CURVE($,#828,(PARAMETER_VALUE(0)),(PARAMETER_VALUE(3.14159265358979)),.T.,.PARAMETER.);
#830=EDGE_CURVE($,#815,#813,#829,.T.);
#831=ORIENTED_EDGE($,$,$,#830,.F.);
#832=EDGE_LOOP($,(#823,#831));
#833=FACE_BOUND('',#832,.T.);
#834=CARTESIAN_POINT($,(80.2442468752771,615.976987501108,0));
#835=VERTEX_POINT($,#834);
#836=CARTESIAN_POINT($,(91.2442468752771,615.976987501108,0));
#837=VERTEX_POINT($,#836);
#838=CARTESIAN_POINT($,(85.7442468752771,615.976987501108,0));
#839=DIRECTION($,(0,0,1));
#840=DIRECTION($,(1,0,0));
#841=AXIS2_PLACEMENT_3D($,#838,#839,#840);
#842=CIRCLE($,#841,5.5);
#843=TRIMMED_CURVE($,#842,(PARAMETER_VALUE(3.14159265358979)),(PARAMETER_VALUE(6.28318530717959)),.T.,.PARAMETER.);
#844=EDGE_CURVE($,#835,#837,#843,.T.);
#845=ORIENTED_EDGE($,$,$,#844,.F.);
#846=CARTESIAN_POINT($,(85.7442468752771,615.976987501108,0));
#847=DIRECTION($,(0,0,1));
#848=DIRECTION($,(1,0,0));
#849=AXIS2_PLACEMENT_3D($,#846,#847,#848);
#850=CIRCLE($,#849,5.5);
#851=TRIMMED_CURVE($,#850,(PARAMETER_VALUE(0)),(PARAMETER_VALUE(3.14159265358979)),.T.,.PARAMETER.);
#852=EDGE_CURVE($,#837,#835,#851,.T.);
#853=ORIENTED_EDGE($,$,$,#852,.F.);
#854=EDGE_LOOP($,(#845,#853));
#855=FACE_BOUND('',#854,.T.);
#856=CARTESIAN_POINT($,(368.360617188193,322.488493750554,0));
#857=VERTEX_POINT($,#856);
#858=CARTESIAN_POINT($,(395.360617188193,322.488493750554,0));
#859=VERTEX_POINT($,#858);
#860=CARTESIAN_POINT($,(381.860617188193,322.488493750554,0));
#861=DIRECTION($,(0,0,1));
#862=DIRECTION($,(1,0,0));
#863=AXIS2_PLACEMENT_3D($,#860,#861,#862);
#864=CIRCLE($,#863,13.5);
#865=TRIMMED_CURVE($,#864,(PARAMETER_VALUE(3.14159265358979)),(PARAMETER_VALUE(6.28318530717959)),.T.,.PARAMETER.);
#866=EDGE_CURVE($,#857,#859,#865,.T.);
#867=ORIENTED_EDGE($,$,$,#866,.F.);
#868=CARTESIAN_POINT($,(381.860617188193,322.488493750554,0));
#869=DIRECTION($,(0,0,1));
#870=DIRECTION($,(1,0,0));
#871=AXIS2_PLACEMENT_3D($,#868,#869,#870);
#872=CIRCLE($,#871,13.5);
#873=TRIMMED_CURVE($,#872,(PARAMETER_VALUE(0)),(PARAMETER_VALUE(3.14159265358979)),.T.,.PARAMETER.);
#874=EDGE_CURVE($,#859,#857,#873,.T.);
#875=ORIENTED_EDGE($,$,$,#874,.F.);
#876=EDGE_LOOP($,(#867,#875));
#877=FACE_BOUND('',#876,.T.);
#878=CARTESIAN_POINT($,(365.360617188193,303.488493750554,0));
#879=VERTEX_POINT($,#878);
#880=CARTESIAN_POINT($,(370.360617188193,303.488493750554,0));
#881=VERTEX_POINT($,#880);
#882=CARTESIAN_POINT($,(367.860617188193,303.488493750554,0));
#883=DIRECTION($,(0,0,1));
#884=DIRECTION($,(1,0,0));
#885=AXIS2_PLACEMENT_3D($,#882,#883,#884);
#886=CIRCLE($,#885,2.5);
#887=TRIMMED_CURVE($,#886,(PARAMETER_VALUE(3.14159265358979)),(PARAMETER_VALUE(6.28318530717959)),.T.,.PARAMETER.);
#888=EDGE_CURVE($,#879,#881,#887,.T.);
#889=ORIENTED_EDGE($,$,$,#888,.F.);
#890=CARTESIAN_POINT($,(367.860617188193,303.488493750554,0));
#891=DIRECTION($,(0,0,1));
#892=DIRECTION($,(1,0,0));
#893=AXIS2_PLACEMENT_3D($,#890,#891,#892);
#894=CIRCLE($,#893,2.5);
#895=TRIMMED_CURVE($,#894,(PARAMETER_VALUE(0)),(PARAMETER_VALUE(3.14159265358979)),.T.,.PARAMETER.);
#896=EDGE_CURVE($,#881,#879,#895,.T.);
#897=ORIENTED_EDGE($,$,$,#896,.F.);
#898=EDGE_LOOP($,(#889,#897));
#899=FACE_BOUND('',#898,.T.);
#900=CARTESIAN_POINT($,(365.360617188193,341.488493750554,0));
#901=VERTEX_POINT($,#900);
#902=CARTESIAN_POINT($,(370.360617188193,341.488493750554,0));
#903=VERTEX_POINT($,#902);
#904=CARTESIAN_POINT($,(367.860617188193,341.488493750554,0));
#905=DIRECTION($,(0,0,1));
#906=DIRECTION($,(1,0,0));
#907=AXIS2_PLACEMENT_3D($,#904,#905,#906);
#908=CIRCLE($,#907,2.5);
#909=TRIMMED_CURVE($,#908,(PARAMETER_VALUE(3.14159265358979)),(PARAMETER_VALUE(6.28318530717959)),.T.,.PARAMETER.);
#910=EDGE_CURVE($,#901,#903,#909,.T.);
#911=ORIENTED_EDGE($,$,$,#910,.F.);
#912=CARTESIAN_POINT($,(367.860617188193,341.488493750554,0));
#913=DIRECTION($,(0,0,1));
#914=DIRECTION($,(1,0,0));
#915=AXIS2_PLACEMENT_3D($,#912,#913,#914);
#916=CIRCLE($,#915,2.5);
#917=TRIMMED_CURVE($,#916,(PARAMETER_VALUE(0)),(PARAMETER_VALUE(3.14159265358979)),.T.,.PARAMETER.);
#918=EDGE_CURVE($,#903,#901,#917,.T.);
#919=ORIENTED_EDGE($,$,$,#918,.F.);
#920=EDGE_LOOP($,(#911,#919));
#921=FACE_BOUND('',#920,.T.);
#922=CARTESIAN_POINT($,(397.360617188193,303.488493750554,0));
#923=VERTEX_POINT($,#922);
#924=CARTESIAN_POINT($,(402.360617188193,303.488493750554,0));
#925=VERTEX_POINT($,#924);
#926=CARTESIAN_POINT($,(399.860617188193,303.488493750554,0));
#927=DIRECTION($,(0,0,1));
#928=DIRECTION($,(1,0,0));
#929=AXIS2_PLACEMENT_3D($,#926,#927,#928);
#930=CIRCLE($,#929,2.5);
#931=TRIMMED_CURVE($,#930,(PARAMETER_VALUE(3.14159265358979)),(PARAMETER_VALUE(6.28318530717959)),.T.,.PARAMETER.);
#932=EDGE_CURVE($,#923,#925,#931,.T.);
#933=ORIENTED_EDGE($,$,$,#932,.F.);
#934=CARTESIAN_POINT($,(399.860617188193,303.488493750554,0));
#935=DIRECTION($,(0,0,1));
#936=DIRECTION($,(1,0,0));
#937=AXIS2_PLACEMENT_3D($,#934,#935,#936);
#938=CIRCLE($,#937,2.5);
#939=TRIMMED_CURVE($,#938,(PARAMETER_VALUE(0)),(PARAMETER_VALUE(3.14159265358979)),.T.,.PARAMETER.);
#940=EDGE_CURVE($,#925,#923,#939,.T.);
#941=ORIENTED_EDGE($,$,$,#940,.F.);
#942=EDGE_LOOP($,(#933,#941));
#943=FACE_BOUND('',#942,.T.);
#944=CARTESIAN_POINT($,(397.360617188193,341.488493750554,0));
#945=VERTEX_POINT($,#944);
#946=CARTESIAN_POINT($,(402.360617188193,341.488493750554,0));
#947=VERTEX_POINT($,#946);
#948=CARTESIAN_POINT($,(399.860617188193,341.488493750554,0));
#949=DIRECTION($,(0,0,1));
#950=DIRECTION($,(1,0,0));
#951=AXIS2_PLACEMENT_3D($,#948,#949,#950);
#952=CIRCLE($,#951,2.5);
#953=TRIMMED_CURVE($,#952,(PARAMETER_VALUE(3.14159265358979)),(PARAMETER_VALUE(6.28318530717959)),.T.,.PARAMETER.);
#954=EDGE_CURVE($,#945,#947,#953,.T.);
#955=ORIENTED_EDGE($,$,$,#954,.F.);
#956=CARTESIAN_POINT($,(399.860617188193,341.488493750554,0));
#957=DIRECTION($,(0,0,1));
#958=DIRECTION($,(1,0,0));
#959=AXIS2_PLACEMENT_3D($,#956,#957,#958);
#960=CIRCLE($,#959,2.5);
#961=TRIMMED_CURVE($,#960,(PARAMETER_VALUE(0)),(PARAMETER_VALUE(3.14159265358979)),.T.,.PARAMETER.);
#962=EDGE_CURVE($,#947,#945,#961,.T.);
#963=ORIENTED_EDGE($,$,$,#962,.F.);
#964=EDGE_LOOP($,(#955,#963));
#965=FACE_BOUND('',#964,.T.);
#966=CARTESIAN_POINT($,(108.244246875277,292.488493750554,0));
#967=VERTEX_POINT($,#966);
#968=CARTESIAN_POINT($,(108.244246875277,202.488493750554,0));
#969=VERTEX_POINT($,#968);
#970=CARTESIAN_POINT($,(108.244246875277,292.488493750554,0));
#971=DIRECTION($,(0,-1,0));
#972=VECTOR($,#971,1);
#973=LINE($,#970,#972);
#974=EDGE_CURVE($,#967,#969,#973,.T.);
#975=ORIENTED_EDGE($,$,$,#974,.F.);
#976=CARTESIAN_POINT($,(128.244246875277,292.488493750554,0));
#977=VERTEX_POINT($,#976);
#978=CARTESIAN_POINT($,(118.244246875277,292.488493750554,0));
#979=DIRECTION($,(0,0,1));
#980=DIRECTION($,(1,0,0));
#981=AXIS2_PLACEMENT_3D($,#978,#979,#980);
#982=CIRCLE($,#981,10);
#983=TRIMMED_CURVE($,#982,(PARAMETER_VALUE(0)),(PARAMETER_VALUE(3.14159265358979)),.T.,.PARAMETER.);
#984=EDGE_CURVE($,#977,#967,#983,.T.);
#985=ORIENTED_EDGE($,$,$,#984,.F.);
#986=CARTESIAN_POINT($,(128.244246875277,202.488493750554,0));
#987=VERTEX_POINT($,#986);
#988=CARTESIAN_POINT($,(128.244246875277,202.488493750554,0));
#989=DIRECTION($,(0,1,0));
#990=VECTOR($,#989,1);
#991=LINE($,#988,#990);
#992=EDGE_CURVE($,#987,#977,#991,.T.);
#993=ORIENTED_EDGE($,$,$,#992,.F.);
#994=CARTESIAN_POINT($,(118.244246875277,202.488493750554,0));
#995=DIRECTION($,(0,0,1));
#996=DIRECTION($,(1,0,0));
#997=AXIS2_PLACEMENT_3D($,#994,#995,#996);
#998=CIRCLE($,#997,10);
#999=TRIMMED_CURVE($,#998,(PARAMETER_VALUE(3.14159265358979)),(PARAMETER_VALUE(6.28318530717959)),.T.,.PARAMETER.);
#1000=EDGE_CURVE($,#969,#987,#999,.T.);
#1001=ORIENTED_EDGE($,$,$,#1000,.F.);
#1002=EDGE_LOOP($,(#975,#985,#993,#1001));
#1003=FACE_BOUND('',#1002,.T.);
#1004=CARTESIAN_POINT($,(173.244246875277,292.488493750554,0));
#1005=VERTEX_POINT($,#1004);
#1006=CARTESIAN_POINT($,(173.244246875277,202.488493750554,0));
#1007=VERTEX_POINT($,#1006);
#1008=CARTESIAN_POINT($,(173.244246875277,292.488493750554,0));
#1009=DIRECTION($,(0,-1,0));
#1010=VECTOR($,#1009,1);
#1011=LINE($,#1008,#1010);
#1012=EDGE_CURVE($,#1005,#1007,#1011,.T.);
#1013=ORIENTED_EDGE($,$,$,#1012,.F.);
#1014=CARTESIAN_POINT($,(193.244246875277,292.488493750554,0));
#1015=VERTEX_POINT($,#1014);
#1016=CARTESIAN_POINT($,(183.244246875277,292.488493750554,0));
#1017=DIRECTION($,(0,0,1));
#1018=DIRECTION($,(1,0,0));
#1019=AXIS2_PLACEMENT_3D($,#1016,#1017,#1018);
#1020=CIRCLE($,#1019,10);
#1021=TRIMMED_CURVE($,#1020,(PARAMETER_VALUE(0)),(PARAMETER_VALUE(3.14159265358979)),.T.,.PARAMETER.);
#1022=EDGE_CURVE($,#1015,#1005,#1021,.T.);
#1023=ORIENTED_EDGE($,$,$,#1022,.F.);
#1024=CARTESIAN_POINT($,(193.244246875277,202.488493750554,0));
#1025=VERTEX_POINT($,#1024);
#1026=CARTESIAN_POINT($,(193.244246875277,202.488493750554,0));
#1027=DIRECTION($,(0,1,0));
#1028=VECTOR($,#1027,1);
#1029=LINE($,#1026,#1028);
#1030=EDGE_CURVE($,#1025,#1015,#1029,.T.);
#1031=ORIENTED_EDGE($,$,$,#1030,.F.);
#1032=CARTESIAN_POINT($,(183.244246875277,202.488493750554,0));
#1033=DIRECTION($,(0,0,1));
#1034=DIRECTION($,(1,0,0));
#1035=AXIS2_PLACEMENT_3D($,#1032,#1033,#1034);
#1036=CIRCLE($,#1035,10);
#1037=TRIMMED_CURVE($,#1036,(PARAMETER_VALUE(3.14159265358979)),(PARAMETER_VALUE(6.28318530717959)),.T.,.PARAMETER.);
#1038=EDGE_CURVE($,#1007,#1025,#1037,.T.);
#1039=ORIENTED_EDGE($,$,$,#1038,.F.);
#1040=EDGE_LOOP($,(#1013,#1023,#1031,#1039));
#1041=FACE_BOUND('',#1040,.T.);
#1042=ADVANCED_FACE('',(#635,#657,#679,#701,#723,#745,#767,#789,#811,#833,#855,#877,#899,#921,#943,#965,#1003,#1041),#5,.T.);
#1043=CARTESIAN_POINT($,(0,0,2));
#1044=DIRECTION($,(0,0,1));
#1045=DIRECTION($,(1,0,0));
#1046=AXIS2_PLACEMENT_3D($,#1043,#1044,#1045);
#1047=PLANE($,#1046);
#1048=CARTESIAN_POINT($,(65.7442468752771,590.976987501108,2));
#1049=VERTEX_POINT($,#1048);
#1050=CARTESIAN_POINT($,(65.7442468752771,580.232740625831,2));
#1051=VERTEX_POINT($,#1050);
#1052=CARTESIAN_POINT($,(65.7442468752771,590.976987501108,2));
#1053=DIRECTION($,(0,-1,0));
#1054=VECTOR($,#1053,1);
#1055=LINE($,#1052,#1054);
#1056=EDGE_CURVE($,#1049,#1051,#1055,.T.);
#1057=ORIENTED_EDGE($,$,$,#1056,.T.);
#1058=CARTESIAN_POINT($,(65.7442468752771,530.732740625831,2));
#1059=VERTEX_POINT($,#1058);
#1060=CARTESIAN_POINT($,(65.7442468752771,580.232740625831,2));
#1061=DIRECTION($,(0,-1,0));
#1062=VECTOR($,#1061,1);
#1063=LINE($,#1060,#1062);
#1064=EDGE_CURVE($,#1051,#1059,#1063,.T.);
#1065=ORIENTED_EDGE($,$,$,#1064,.T.);
#1066=CARTESIAN_POINT($,(74.7442468752771,530.732740625831,2));
#1067=VERTEX_POINT($,#1066);
#1068=CARTESIAN_POINT($,(65.7442468752771,530.732740625831,2));
#1069=DIRECTION($,(1,0,0));
#1070=VECTOR($,#1069,1);
#1071=LINE($,#1068,#1070);
#1072=EDGE_CURVE($,#1059,#1067,#1071,.T.);
#1073=ORIENTED_EDGE($,$,$,#1072,.T.);
#1074=CARTESIAN_POINT($,(74.7442468752771,518.232740625831,2));
#1075=VERTEX_POINT($,#1074);
#1076=CARTESIAN_POINT($,(74.7442468752771,530.732740625831,2));
#1077=DIRECTION($,(0,-1,0));
#1078=VECTOR($,#1077,1);
#1079=LINE($,#1076,#1078);
#1080=EDGE_CURVE($,#1067,#1075,#1079,.T.);
#1081=ORIENTED_EDGE($,$,$,#1080,.T.);
#1082=CARTESIAN_POINT($,(74.7442468752771,507.488493750554,2));
#1083=VERTEX_POINT($,#1082);
#1084=CARTESIAN_POINT($,(74.7442468752771,518.232740625831,2));
#1085=DIRECTION($,(0,-1,0));
#1086=VECTOR($,#1085,1);
#1087=LINE($,#1084,#1086);
#1088=EDGE_CURVE($,#1075,#1083,#1087,.T.);
#1089=ORIENTED_EDGE($,$,$,#1088,.T.);
#1090=CARTESIAN_POINT($,(65.7442468752771,507.488493750554,2));
#1091=VERTEX_POINT($,#1090);
#1092=CARTESIAN_POINT($,(74.7442468752771,507.488493750554,2));
#1093=DIRECTION($,(-1,0,0));
#1094=VECTOR($,#1093,1);
#1095=LINE($,#1092,#1094);
#1096=EDGE_CURVE($,#1083,#1091,#1095,.T.);
#1097=ORIENTED_EDGE($,$,$,#1096,.T.);
#1098=CARTESIAN_POINT($,(55,507.488493750554,2));
#1099=VERTEX_POINT($,#1098);
#1100=CARTESIAN_POINT($,(65.7442468752771,507.488493750554,2));
#1101=DIRECTION($,(-1,0,0));
#1102=VECTOR($,#1101,1);
#1103=LINE($,#1100,#1102);
#1104=EDGE_CURVE($,#1091,#1099,#1103,.T.);
#1105=ORIENTED_EDGE($,$,$,#1104,.T.);
#1106=CARTESIAN_POINT($,(35,507.488493750554,2));
#1107=VERTEX_POINT($,#1106);
#1108=CARTESIAN_POINT($,(55,507.488493750554,2));
#1109=DIRECTION($,(-1,0,0));
#1110=VECTOR($,#1109,1);
#1111=LINE($,#1108,#1110);
#1112=EDGE_CURVE($,#1099,#1107,#1111,.T.);
#1113=ORIENTED_EDGE($,$,$,#1112,.T.);
#1114=CARTESIAN_POINT($,(9.99999999999999,482.488493750554,2));
#1115=VERTEX_POINT($,#1114);
#1116=CARTESIAN_POINT($,(35,507.488493750554,2));
#1117=DIRECTION($,(-0.707106781186547,-0.707106781186548,0));
#1118=VECTOR($,#1117,1);
#1119=LINE($,#1116,#1118);
#1120=EDGE_CURVE($,#1107,#1115,#1119,.T.);
#1121=ORIENTED_EDGE($,$,$,#1120,.T.);
#1122=CARTESIAN_POINT($,(9.99999999999999,162.488493750554,2));
#1123=VERTEX_POINT($,#1122);
#1124=CARTESIAN_POINT($,(9.99999999999999,482.488493750554,2));
#1125=DIRECTION($,(0,-1,0));
#1126=VECTOR($,#1125,1);
#1127=LINE($,#1124,#1126);
#1128=EDGE_CURVE($,#1115,#1123,#1127,.T.);
#1129=ORIENTED_EDGE($,$,$,#1128,.T.);
#1130=CARTESIAN_POINT($,(35,137.488493750554,2));
#1131=VERTEX_POINT($,#1130);
#1132=CARTESIAN_POINT($,(9.99999999999999,162.488493750554,2));
#1133=DIRECTION($,(0.707106781186547,-0.707106781186548,0));
#1134=VECTOR($,#1133,1);
#1135=LINE($,#1132,#1134);
#1136=EDGE_CURVE($,#1123,#1131,#1135,.T.);
#1137=ORIENTED_EDGE($,$,$,#1136,.T.);
#1138=CARTESIAN_POINT($,(55,137.488493750554,2));
#1139=VERTEX_POINT($,#1138);
#1140=CARTESIAN_POINT($,(35,137.488493750554,2));
#1141=DIRECTION($,(1,0,0));
#1142=VECTOR($,#1141,1);
#1143=LINE($,#1140,#1142);
#1144=EDGE_CURVE($,#1131,#1139,#1143,.T.);
#1145=ORIENTED_EDGE($,$,$,#1144,.T.);
#1146=CARTESIAN_POINT($,(65.7442468752771,137.488493750554,2));
#1147=VERTEX_POINT($,#1146);
#1148=CARTESIAN_POINT($,(55,137.488493750554,2));
#1149=DIRECTION($,(1,0,0));
#1150=VECTOR($,#1149,1);
#1151=LINE($,#1148,#1150);
#1152=EDGE_CURVE($,#1139,#1147,#1151,.T.);
#1153=ORIENTED_EDGE($,$,$,#1152,.T.);
#1154=CARTESIAN_POINT($,(74.7442468752771,137.488493750554,2));
#1155=VERTEX_POINT($,#1154);
#1156=CARTESIAN_POINT($,(65.7442468752771,137.488493750554,2));
#1157=DIRECTION($,(1,0,0));
#1158=VECTOR($,#1157,1);
#1159=LINE($,#1156,#1158);
#1160=EDGE_CURVE($,#1147,#1155,#1159,.T.);
#1161=ORIENTED_EDGE($,$,$,#1160,.T.);
#1162=CARTESIAN_POINT($,(74.7442468752771,126.744246875277,2));
#1163=VERTEX_POINT($,#1162);
#1164=CARTESIAN_POINT($,(74.7442468752771,137.488493750554,2));
#1165=DIRECTION($,(0,-1,0));
#1166=VECTOR($,#1165,1);
#1167=LINE($,#1164,#1166);
#1168=EDGE_CURVE($,#1155,#1163,#1167,.T.);
#1169=ORIENTED_EDGE($,$,$,#1168,.T.);
#1170=CARTESIAN_POINT($,(74.7442468752771,114.244246875277,2));
#1171=VERTEX_POINT($,#1170);
#1172=CARTESIAN_POINT($,(74.7442468752771,126.744246875277,2));
#1173=DIRECTION($,(0,-1,0));
#1174=VECTOR($,#1173,1);
#1175=LINE($,#1172,#1174);
#1176=EDGE_CURVE($,#1163,#1171,#1175,.T.);
#1177=ORIENTED_EDGE($,$,$,#1176,.T.);
#1178=CARTESIAN_POINT($,(65.7442468752771,114.244246875277,2));
#1179=VERTEX_POINT($,#1178);
#1180=CARTESIAN_POINT($,(74.7442468752771,114.244246875277,2));
#1181=DIRECTION($,(-1,0,0));
#1182=VECTOR($,#1181,1);
#1183=LINE($,#1180,#1182);
#1184=EDGE_CURVE($,#1171,#1179,#1183,.T.);
#1185=ORIENTED_EDGE($,$,$,#1184,.T.);
#1186=CARTESIAN_POINT($,(65.7442468752771,64.7442468752771,2));
#1187=VERTEX_POINT($,#1186);
#1188=CARTESIAN_POINT($,(65.7442468752771,114.244246875277,2));
#1189=DIRECTION($,(0,-1,0));
#1190=VECTOR($,#1189,1);
#1191=LINE($,#1188,#1190);
#1192=EDGE_CURVE($,#1179,#1187,#1191,.T.);
#1193=ORIENTED_EDGE($,$,$,#1192,.T.);
#1194=CARTESIAN_POINT($,(65.7442468752771,54,2));
#1195=VERTEX_POINT($,#1194);
#1196=CARTESIAN_POINT($,(65.7442468752771,64.7442468752771,2));
#1197=DIRECTION($,(0,-1,0));
#1198=VECTOR($,#1197,1);
#1199=LINE($,#1196,#1198);
#1200=EDGE_CURVE($,#1187,#1195,#1199,.T.);
#1201=ORIENTED_EDGE($,$,$,#1200,.T.);
#1202=CARTESIAN_POINT($,(65.7442468752771,22.5,2));
#1203=VERTEX_POINT($,#1202);
#1204=CARTESIAN_POINT($,(65.7442468752771,54,2));
#1205=DIRECTION($,(0,-1,0));
#1206=VECTOR($,#1205,1);
#1207=LINE($,#1204,#1206);
#1208=EDGE_CURVE($,#1195,#1203,#1207,.T.);
#1209=ORIENTED_EDGE($,$,$,#1208,.T.);
#1210=CARTESIAN_POINT($,(78.2442468752771,10,2));
#1211=VERTEX_POINT($,#1210);
#1212=CARTESIAN_POINT($,(65.7442468752771,22.5,2));
#1213=DIRECTION($,(0.707106781186548,-0.707106781186548,0));
#1214=VECTOR($,#1213,1);
#1215=LINE($,#1212,#1214);
#1216=EDGE_CURVE($,#1203,#1211,#1215,.T.);
#1217=ORIENTED_EDGE($,$,$,#1216,.T.);
#1218=CARTESIAN_POINT($,(116.744246875277,10,2));
#1219=VERTEX_POINT($,#1218);
#1220=CARTESIAN_POINT($,(78.2442468752771,10,2));
#1221=DIRECTION($,(1,0,0));
#1222=VECTOR($,#1221,1);
#1223=LINE($,#1220,#1222);
#1224=EDGE_CURVE($,#1211,#1219,#1223,.T.);
#1225=ORIENTED_EDGE($,$,$,#1224,.T.);
#1226=CARTESIAN_POINT($,(122.744246875277,16,2));
#1227=VERTEX_POINT($,#1226);
#1228=CARTESIAN_POINT($,(116.744246875277,16,2));
#1229=DIRECTION($,(0,0,1));
#1230=DIRECTION($,(1,0,0));
#1231=AXIS2_PLACEMENT_3D($,#1228,#1229,#1230);
#1232=CIRCLE($,#1231,6);
#1233=TRIMMED_CURVE($,#1232,(PARAMETER_VALUE(-1.5707963267949)),(PARAMETER_VALUE(0)),.T.,.PARAMETER.);
#1234=EDGE_CURVE($,#1219,#1227,#1233,.T.);
#1235=ORIENTED_EDGE($,$,$,#1234,.T.);
#1236=CARTESIAN_POINT($,(122.744246875277,35,2));
#1237=VERTEX_POINT($,#1236);
#1238=CARTESIAN_POINT($,(122.744246875277,16,2));
#1239=DIRECTION($,(0,1,0));
#1240=VECTOR($,#1239,1);
#1241=LINE($,#1238,#1240);
#1242=EDGE_CURVE($,#1227,#1237,#1241,.T.);
#1243=ORIENTED_EDGE($,$,$,#1242,.T.);
#1244=CARTESIAN_POINT($,(128.744246875277,42,2));
#1245=VERTEX_POINT($,#1244);
#1246=CARTESIAN_POINT($,(128.660227186677,36.0005883045146,2));
#1247=DIRECTION($,(0,0,1));
#1248=DIRECTION($,(1,0,0));
#1249=AXIS2_PLACEMENT_3D($,#1246,#1247,#1248);
#1250=CIRCLE($,#1249,6);
#1251=TRIMMED_CURVE($,#1250,(PARAMETER_VALUE(1.55679258766613)),(PARAMETER_VALUE(3.30914017525811)),.T.,.PARAMETER.);
#1252=EDGE_CURVE($,#1237,#1245,#1251,.F.);
#1253=ORIENTED_EDGE($,$,$,#1252,.T.);
#1254=CARTESIAN_POINT($,(242.744246875277,42,2));
#1255=VERTEX_POINT($,#1254);
#1256=CARTESIAN_POINT($,(128.744246875277,42,2));
#1257=DIRECTION($,(1,0,0));
#1258=VECTOR($,#1257,1);
#1259=LINE($,#1256,#1258);
#1260=EDGE_CURVE($,#1245,#1255,#1259,.T.);
#1261=ORIENTED_EDGE($,$,$,#1260,.T.);
#1262=CARTESIAN_POINT($,(248.744246875277,35,2));
#1263=VERTEX_POINT($,#1262);
#1264=CARTESIAN_POINT($,(242.828266563877,36.0005883045146,2));
#1265=DIRECTION($,(0,0,1));
#1266=DIRECTION($,(1,0,0));
#1267=AXIS2_PLACEMENT_3D($,#1264,#1265,#1266);
#1268=CIRCLE($,#1267,6);
#1269=TRIMMED_CURVE($,#1268,(PARAMETER_VALUE(-0.167547521668321)),(PARAMETER_VALUE(1.58480006592366)),.T.,.PARAMETER.);
#1270=EDGE_CURVE($,#1255,#1263,#1269,.F.);
#1271=ORIENTED_EDGE($,$,$,#1270,.T.);
#1272=CARTESIAN_POINT($,(248.744246875277,16,2));
#1273=VERTEX_POINT($,#1272);
#1274=CARTESIAN_POINT($,(248.744246875277,35,2));
#1275=DIRECTION($,(0,-1,0));
#1276=VECTOR($,#1275,1);
#1277=LINE($,#1274,#1276);
#1278=EDGE_CURVE($,#1263,#1273,#1277,.T.);
#1279=ORIENTED_EDGE($,$,$,#1278,.T.);
#1280=CARTESIAN_POINT($,(254.744246875277,10,2));
#1281=VERTEX_POINT($,#1280);
#1282=CARTESIAN_POINT($,(254.744246875277,16,2));
#1283=DIRECTION($,(0,0,1));
#1284=DIRECTION($,(1,0,0));
#1285=AXIS2_PLACEMENT_3D($,#1282,#1283,#1284);
#1286=CIRCLE($,#1285,6);
#1287=TRIMMED_CURVE($,#1286,(PARAMETER_VALUE(-3.14159265358979)),(PARAMETER_VALUE(-1.5707963267949)),.T.,.PARAMETER.);
#1288=EDGE_CURVE($,#1273,#1281,#1287,.T.);
#1289=ORIENTED_EDGE($,$,$,#1288,.T.);
#1290=CARTESIAN_POINT($,(293.244246875277,10,2));
#1291=VERTEX_POINT($,#1290);
#1292=CARTESIAN_POINT($,(254.744246875277,10,2));
#1293=DIRECTION($,(1,0,0));
#1294=VECTOR($,#1293,1);
#1295=LINE($,#1292,#1294);
#1296=EDGE_CURVE($,#1281,#1291,#1295,.T.);
#1297=ORIENTED_EDGE($,$,$,#1296,.T.);
#1298=CARTESIAN_POINT($,(305.744246875277,22.5,2));
#1299=VERTEX_POINT($,#1298);
#1300=CARTESIAN_POINT($,(293.244246875277,10,2));
#1301=DIRECTION($,(0.707106781186548,0.707106781186548,0));
#1302=VECTOR($,#1301,1);
#1303=LINE($,#1300,#1302);
#1304=EDGE_CURVE($,#1291,#1299,#1303,.T.);
#1305=ORIENTED_EDGE($,$,$,#1304,.T.);
#1306=CARTESIAN_POINT($,(305.744246875277,54,2));
#1307=VERTEX_POINT($,#1306);
#1308=CARTESIAN_POINT($,(305.744246875277,22.5,2));
#1309=DIRECTION($,(0,1,0));
#1310=VECTOR($,#1309,1);
#1311=LINE($,#1308,#1310);
#1312=EDGE_CURVE($,#1299,#1307,#1311,.T.);
#1313=ORIENTED_EDGE($,$,$,#1312,.T.);
#1314=CARTESIAN_POINT($,(305.744246875277,64.7442468752771,2));
#1315=VERTEX_POINT($,#1314);
#1316=CARTESIAN_POINT($,(305.744246875277,54,2));
#1317=DIRECTION($,(0,1,0));
#1318=VECTOR($,#1317,1);
#1319=LINE($,#1316,#1318);
#1320=EDGE_CURVE($,#1307,#1315,#1319,.T.);
#1321=ORIENTED_EDGE($,$,$,#1320,.T.);
#1322=CARTESIAN_POINT($,(305.744246875277,114.244246875277,2));
#1323=VERTEX_POINT($,#1322);
#1324=CARTESIAN_POINT($,(305.744246875277,64.7442468752771,2));
#1325=DIRECTION($,(0,1,0));
#1326=VECTOR($,#1325,1);
#1327=LINE($,#1324,#1326);
#1328=EDGE_CURVE($,#1315,#1323,#1327,.T.);
#1329=ORIENTED_EDGE($,$,$,#1328,.T.);
#1330=CARTESIAN_POINT($,(296.744246875277,114.244246875277,2));
#1331=VERTEX_POINT($,#1330);
#1332=CARTESIAN_POINT($,(305.744246875277,114.244246875277,2));
#1333=DIRECTION($,(-1,0,0));
#1334=VECTOR($,#1333,1);
#1335=LINE($,#1332,#1334);
#1336=EDGE_CURVE($,#1323,#1331,#1335,.T.);
#1337=ORIENTED_EDGE($,$,$,#1336,.T.);
#1338=CARTESIAN_POINT($,(296.744246875277,126.744246875277,2));
#1339=VERTEX_POINT($,#1338);
#1340=CARTESIAN_POINT($,(296.744246875277,114.244246875277,2));
#1341=DIRECTION($,(0,1,0));
#1342=VECTOR($,#1341,1);
#1343=LINE($,#1340,#1342);
#1344=EDGE_CURVE($,#1331,#1339,#1343,.T.);
#1345=ORIENTED_EDGE($,$,$,#1344,.T.);
#1346=CARTESIAN_POINT($,(296.744246875277,137.488493750554,2));
#1347=VERTEX_POINT($,#1346);
#1348=CARTESIAN_POINT($,(296.744246875277,126.744246875277,2));
#1349=DIRECTION($,(0,1,0));
#1350=VECTOR($,#1349,1);
#1351=LINE($,#1348,#1350);
#1352=EDGE_CURVE($,#1339,#1347,#1351,.T.);
#1353=ORIENTED_EDGE($,$,$,#1352,.T.);
#1354=CARTESIAN_POINT($,(305.744246875277,137.488493750554,2));
#1355=VERTEX_POINT($,#1354);
#1356=CARTESIAN_POINT($,(296.744246875277,137.488493750554,2));
#1357=DIRECTION($,(1,0,0));
#1358=VECTOR($,#1357,1);
#1359=LINE($,#1356,#1358);
#1360=EDGE_CURVE($,#1347,#1355,#1359,.T.);
#1361=ORIENTED_EDGE($,$,$,#1360,.T.);
#1362=CARTESIAN_POINT($,(316.488493750554,137.488493750554,2));
#1363=VERTEX_POINT($,#1362);
#1364=CARTESIAN_POINT($,(305.744246875277,137.488493750554,2));
#1365=DIRECTION($,(1,0,0));
#1366=VECTOR($,#1365,1);
#1367=LINE($,#1364,#1366);
#1368=EDGE_CURVE($,#1355,#1363,#1367,.T.);
#1369=ORIENTED_EDGE($,$,$,#1368,.T.);
#1370=CARTESIAN_POINT($,(335.988493750554,137.488493750554,2));
#1371=VERTEX_POINT($,#1370);
#1372=CARTESIAN_POINT($,(316.488493750554,137.488493750554,2));
#1373=DIRECTION($,(1,0,0));
#1374=VECTOR($,#1373,1);
#1375=LINE($,#1372,#1374);
#1376=EDGE_CURVE($,#1363,#1371,#1375,.T.);
#1377=ORIENTED_EDGE($,$,$,#1376,.T.);
#1378=CARTESIAN_POINT($,(348.488493750554,149.988493750554,2));
#1379=VERTEX_POINT($,#1378);
#1380=CARTESIAN_POINT($,(335.988493750554,149.988493750554,2));
#1381=DIRECTION($,(0,0,1));
#1382=DIRECTION($,(1,0,0));
#1383=AXIS2_PLACEMENT_3D($,#1380,#1381,#1382);
#1384=CIRCLE($,#1383,12.5);
#1385=TRIMMED_CURVE($,#1384,(PARAMETER_VALUE(-1.5707963267949)),(PARAMETER_VALUE(0)),.T.,.PARAMETER.);
#1386=EDGE_CURVE($,#1371,#1379,#1385,.T.);
#1387=ORIENTED_EDGE($,$,$,#1386,.T.);
#1388=CARTESIAN_POINT($,(348.488493750554,180.988493750554,2));
#1389=VERTEX_POINT($,#1388);
#1390=CARTESIAN_POINT($,(348.488493750554,149.988493750554,2));
#1391=DIRECTION($,(0,1,0));
#1392=VECTOR($,#1391,1);
#1393=LINE($,#1390,#1392);
#1394=EDGE_CURVE($,#1379,#1389,#1393,.T.);
#1395=ORIENTED_EDGE($,$,$,#1394,.T.);
#1396=CARTESIAN_POINT($,(333.488493750554,195.988493750554,2));
#1397=VERTEX_POINT($,#1396);
#1398=CARTESIAN_POINT($,(348.488493750554,180.988493750554,2));
#1399=DIRECTION($,(-0.707106781186548,0.707106781186548,0));
#1400=VECTOR($,#1399,1);
#1401=LINE($,#1398,#1400);
#1402=EDGE_CURVE($,#1389,#1397,#1401,.T.);
#1403=ORIENTED_EDGE($,$,$,#1402,.T.);
#1404=CARTESIAN_POINT($,(333.488493750554,259.988493750554,2));
#1405=VERTEX_POINT($,#1404);
#1406=CARTESIAN_POINT($,(333.488493750554,195.988493750554,2));
#1407=DIRECTION($,(0,1,0));
#1408=VECTOR($,#1407,1);
#1409=LINE($,#1406,#1408);
#1410=EDGE_CURVE($,#1397,#1405,#1409,.T.);
#1411=ORIENTED_EDGE($,$,$,#1410,.T.);
#1412=CARTESIAN_POINT($,(345.488493750554,259.988493750554,2));
#1413=VERTEX_POINT($,#1412);
#1414=CARTESIAN_POINT($,(333.488493750554,259.988493750554,2));
#1415=DIRECTION($,(1,0,0));
#1416=VECTOR($,#1415,1);
#1417=LINE($,#1414,#1416);
#1418=EDGE_CURVE($,#1405,#1413,#1417,.T.);
#1419=ORIENTED_EDGE($,$,$,#1418,.T.);
#1420=CARTESIAN_POINT($,(350.860617188193,259.988493750554,2));
#1421=VERTEX_POINT($,#1420);
#1422=CARTESIAN_POINT($,(345.488493750554,259.988493750554,2));
#1423=DIRECTION($,(1,0,0));
#1424=VECTOR($,#1423,1);
#1425=LINE($,#1422,#1424);
#1426=EDGE_CURVE($,#1413,#1421,#1425,.T.);
#1427=ORIENTED_EDGE($,$,$,#1426,.T.);
#1428=CARTESIAN_POINT($,(399.860617188193,259.988493750554,2));
#1429=VERTEX_POINT($,#1428);
#1430=CARTESIAN_POINT($,(350.860617188193,259.988493750554,2));
#1431=DIRECTION($,(1,0,0));
#1432=VECTOR($,#1431,1);
#1433=LINE($,#1430,#1432);
#1434=EDGE_CURVE($,#1421,#1429,#1433,.T.);
#1435=ORIENTED_EDGE($,$,$,#1434,.T.);
#1436=CARTESIAN_POINT($,(412.360617188193,272.488493750554,2));
#1437=VERTEX_POINT($,#1436);
#1438=CARTESIAN_POINT($,(399.860617188193,272.488493750554,2));
#1439=DIRECTION($,(0,0,1));
#1440=DIRECTION($,(1,0,0));
#1441=AXIS2_PLACEMENT_3D($,#1438,#1439,#1440);
#1442=CIRCLE($,#1441,12.5);
#1443=TRIMMED_CURVE($,#1442,(PARAMETER_VALUE(-1.5707963267949)),(PARAMETER_VALUE(0)),.T.,.PARAMETER.);
#1444=EDGE_CURVE($,#1429,#1437,#1443,.T.);
#1445=ORIENTED_EDGE($,$,$,#1444,.T.);
#1446=CARTESIAN_POINT($,(412.360617188193,372.488493750554,2));
#1447=VERTEX_POINT($,#1446);
#1448=CARTESIAN_POINT($,(412.360617188193,272.488493750554,2));
#1449=DIRECTION($,(0,1,0));
#1450=VECTOR($,#1449,1);
#1451=LINE($,#1448,#1450);
#1452=EDGE_CURVE($,#1437,#1447,#1451,.T.);
#1453=ORIENTED_EDGE($,$,$,#1452,.T.);
#1454=CARTESIAN_POINT($,(399.860617188193,384.988493750554,2));
#1455=VERTEX_POINT($,#1454);
#1456=CARTESIAN_POINT($,(399.860617188193,372.488493750554,2));
#1457=DIRECTION($,(0,0,1));
#1458=DIRECTION($,(1,0,0));
#1459=AXIS2_PLACEMENT_3D($,#1456,#1457,#1458);
#1460=CIRCLE($,#1459,12.5);
#1461=TRIMMED_CURVE($,#1460,(PARAMETER_VALUE(0)),(PARAMETER_VALUE(1.5707963267949)),.T.,.PARAMETER.);
#1462=EDGE_CURVE($,#1447,#1455,#1461,.T.);
#1463=ORIENTED_EDGE($,$,$,#1462,.T.);
#1464=CARTESIAN_POINT($,(350.860617188193,384.988493750554,2));
#1465=VERTEX_POINT($,#1464);
#1466=CARTESIAN_POINT($,(399.860617188193,384.988493750554,2));
#1467=DIRECTION($,(-1,0,0));
#1468=VECTOR($,#1467,1);
#1469=LINE($,#1466,#1468);
#1470=EDGE_CURVE($,#1455,#1465,#1469,.T.);
#1471=ORIENTED_EDGE($,$,$,#1470,.T.);
#1472=CARTESIAN_POINT($,(345.488493750554,384.988493750554,2));
#1473=VERTEX_POINT($,#1472);
#1474=CARTESIAN_POINT($,(350.860617188193,384.988493750554,2));
#1475=DIRECTION($,(-1,0,0));
#1476=VECTOR($,#1475,1);
#1477=LINE($,#1474,#1476);
#1478=EDGE_CURVE($,#1465,#1473,#1477,.T.);
#1479=ORIENTED_EDGE($,$,$,#1478,.T.);
#1480=CARTESIAN_POINT($,(333.488493750554,384.988493750554,2));
#1481=VERTEX_POINT($,#1480);
#1482=CARTESIAN_POINT($,(345.488493750554,384.988493750554,2));
#1483=DIRECTION($,(-1,0,0));
#1484=VECTOR($,#1483,1);
#1485=LINE($,#1482,#1484);
#1486=EDGE_CURVE($,#1473,#1481,#1485,.T.);
#1487=ORIENTED_EDGE($,$,$,#1486,.T.);
#1488=CARTESIAN_POINT($,(333.488493750554,448.988493750554,2));
#1489=VERTEX_POINT($,#1488);
#1490=CARTESIAN_POINT($,(333.488493750554,384.988493750554,2));
#1491=DIRECTION($,(0,1,0));
#1492=VECTOR($,#1491,1);
#1493=LINE($,#1490,#1492);
#1494=EDGE_CURVE($,#1481,#1489,#1493,.T.);
#1495=ORIENTED_EDGE($,$,$,#1494,.T.);
#1496=CARTESIAN_POINT($,(348.488493750554,463.988493750554,2));
#1497=VERTEX_POINT($,#1496);
#1498=CARTESIAN_POINT($,(333.488493750554,448.988493750554,2));
#1499=DIRECTION($,(0.707106781186548,0.707106781186548,0));
#1500=VECTOR($,#1499,1);
#1501=LINE($,#1498,#1500);
#1502=EDGE_CURVE($,#1489,#1497,#1501,.T.);
#1503=ORIENTED_EDGE($,$,$,#1502,.T.);
#1504=CARTESIAN_POINT($,(348.488493750554,494.988493750554,2));
#1505=VERTEX_POINT($,#1504);
#1506=CARTESIAN_POINT($,(348.488493750554,463.988493750554,2));
#1507=DIRECTION($,(0,1,0));
#1508=VECTOR($,#1507,1);
#1509=LINE($,#1506,#1508);
#1510=EDGE_CURVE($,#1497,#1505,#1509,.T.);
#1511=ORIENTED_EDGE($,$,$,#1510,.T.);
#1512=CARTESIAN_POINT($,(335.988493750554,507.488493750554,2));
#1513=VERTEX_POINT($,#1512);
#1514=CARTESIAN_POINT($,(335.988493750554,494.988493750554,2));
#1515=DIRECTION($,(0,0,1));
#1516=DIRECTION($,(1,0,0));
#1517=AXIS2_PLACEMENT_3D($,#1514,#1515,#1516);
#1518=CIRCLE($,#1517,12.5);
#1519=TRIMMED_CURVE($,#1518,(PARAMETER_VALUE(0)),(PARAMETER_VALUE(1.5707963267949)),.T.,.PARAMETER.);
#1520=EDGE_CURVE($,#1505,#1513,#1519,.T.);
#1521=ORIENTED_EDGE($,$,$,#1520,.T.);
#1522=CARTESIAN_POINT($,(316.488493750554,507.488493750554,2));
#1523=VERTEX_POINT($,#1522);
#1524=CARTESIAN_POINT($,(335.988493750554,507.488493750554,2));
#1525=DIRECTION($,(-1,0,0));
#1526=VECTOR($,#1525,1);
#1527=LINE($,#1524,#1526);
#1528=EDGE_CURVE($,#1513,#1523,#1527,.T.);
#1529=ORIENTED_EDGE($,$,$,#1528,.T.);
#1530=CARTESIAN_POINT($,(305.744246875277,507.488493750554,2));
#1531=VERTEX_POINT($,#1530);
#1532=CARTESIAN_POINT($,(316.488493750554,507.488493750554,2));
#1533=DIRECTION($,(-1,0,0));
#1534=VECTOR($,#1533,1);
#1535=LINE($,#1532,#1534);
#1536=EDGE_CURVE($,#1523,#1531,#1535,.T.);
#1537=ORIENTED_EDGE($,$,$,#1536,.T.);
#1538=CARTESIAN_POINT($,(296.744246875277,507.488493750554,2));
#1539=VERTEX_POINT($,#1538);
#1540=CARTESIAN_POINT($,(305.744246875277,507.488493750554,2));
#1541=DIRECTION($,(-1,0,0));
#1542=VECTOR($,#1541,1);
#1543=LINE($,#1540,#1542);
#1544=EDGE_CURVE($,#1531,#1539,#1543,.T.);
#1545=ORIENTED_EDGE($,$,$,#1544,.T.);
#1546=CARTESIAN_POINT($,(296.744246875277,518.232740625831,2));
#1547=VERTEX_POINT($,#1546);
#1548=CARTESIAN_POINT($,(296.744246875277,507.488493750554,2));
#1549=DIRECTION($,(0,1,0));
#1550=VECTOR($,#1549,1);
#1551=LINE($,#1548,#1550);
#1552=EDGE_CURVE($,#1539,#1547,#1551,.T.);
#1553=ORIENTED_EDGE($,$,$,#1552,.T.);
#1554=CARTESIAN_POINT($,(296.744246875277,530.732740625831,2));
#1555=VERTEX_POINT($,#1554);
#1556=CARTESIAN_POINT($,(296.744246875277,518.232740625831,2));
#1557=DIRECTION($,(0,1,0));
#1558=VECTOR($,#1557,1);
#1559=LINE($,#1556,#1558);
#1560=EDGE_CURVE($,#1547,#1555,#1559,.T.);
#1561=ORIENTED_EDGE($,$,$,#1560,.T.);
#1562=CARTESIAN_POINT($,(305.744246875277,530.732740625831,2));
#1563=VERTEX_POINT($,#1562);
#1564=CARTESIAN_POINT($,(296.744246875277,530.732740625831,2));
#1565=DIRECTION($,(1,0,0));
#1566=VECTOR($,#1565,1);
#1567=LINE($,#1564,#1566);
#1568=EDGE_CURVE($,#1555,#1563,#1567,.T.);
#1569=ORIENTED_EDGE($,$,$,#1568,.T.);
#1570=CARTESIAN_POINT($,(305.744246875277,580.232740625831,2));
#1571=VERTEX_POINT($,#1570);
#1572=CARTESIAN_POINT($,(305.744246875277,530.732740625831,2));
#1573=DIRECTION($,(0,1,0));
#1574=VECTOR($,#1573,1);
#1575=LINE($,#1572,#1574);
#1576=EDGE_CURVE($,#1563,#1571,#1575,.T.);
#1577=ORIENTED_EDGE($,$,$,#1576,.T.);
#1578=CARTESIAN_POINT($,(305.744246875277,590.976987501108,2));
#1579=VERTEX_POINT($,#1578);
#1580=CARTESIAN_POINT($,(305.744246875277,580.232740625831,2));
#1581=DIRECTION($,(0,1,0));
#1582=VECTOR($,#1581,1);
#1583=LINE($,#1580,#1582);
#1584=EDGE_CURVE($,#1571,#1579,#1583,.T.);
#1585=ORIENTED_EDGE($,$,$,#1584,.T.);
#1586=CARTESIAN_POINT($,(305.744246875277,622.476987501108,2));
#1587=VERTEX_POINT($,#1586);
#1588=CARTESIAN_POINT($,(305.744246875277,590.976987501108,2));
#1589=DIRECTION($,(0,1,0));
#1590=VECTOR($,#1589,1);
#1591=LINE($,#1588,#1590);
#1592=EDGE_CURVE($,#1579,#1587,#1591,.T.);
#1593=ORIENTED_EDGE($,$,$,#1592,.T.);
#1594=CARTESIAN_POINT($,(293.244246875277,634.976987501108,2));
#1595=VERTEX_POINT($,#1594);
#1596=CARTESIAN_POINT($,(305.744246875277,622.476987501108,2));
#1597=DIRECTION($,(-0.707106781186548,0.707106781186548,0));
#1598=VECTOR($,#1597,1);
#1599=LINE($,#1596,#1598);
#1600=EDGE_CURVE($,#1587,#1595,#1599,.T.);
#1601=ORIENTED_EDGE($,$,$,#1600,.T.);
#1602=CARTESIAN_POINT($,(248.744246875277,634.976987501108,2));
#1603=VERTEX_POINT($,#1602);
#1604=CARTESIAN_POINT($,(293.244246875277,634.976987501108,2));
#1605=DIRECTION($,(-1,0,0));
#1606=VECTOR($,#1605,1);
#1607=LINE($,#1604,#1606);
#1608=EDGE_CURVE($,#1595,#1603,#1607,.T.);
#1609=ORIENTED_EDGE($,$,$,#1608,.T.);
#1610=CARTESIAN_POINT($,(248.744246875277,609.976987501108,2));
#1611=VERTEX_POINT($,#1610);
#1612=CARTESIAN_POINT($,(248.744246875277,634.976987501108,2));
#1613=DIRECTION($,(0,-1,0));
#1614=VECTOR($,#1613,1);
#1615=LINE($,#1612,#1614);
#1616=EDGE_CURVE($,#1603,#1611,#1615,.T.);
#1617=ORIENTED_EDGE($,$,$,#1616,.T.);
#1618=CARTESIAN_POINT($,(242.744246875277,602.976987501108,2));
#1619=VERTEX_POINT($,#1618);
#1620=CARTESIAN_POINT($,(242.828266563877,608.976399196594,2));
#1621=DIRECTION($,(0,0,1));
#1622=DIRECTION($,(1,0,0));
#1623=AXIS2_PLACEMENT_3D($,#1620,#1621,#1622);
#1624=CIRCLE($,#1623,6);
#1625=TRIMMED_CURVE($,#1624,(PARAMETER_VALUE(-1.58480006592366)),(PARAMETER_VALUE(0.16754752166832)),.T.,.PARAMETER.);
#1626=EDGE_CURVE($,#1611,#1619,#1625,.F.);
#1627=ORIENTED_EDGE($,$,$,#1626,.T.);
#1628=CARTESIAN_POINT($,(128.744246875277,602.976987501108,2));
#1629=VERTEX_POINT($,#1628);
#1630=CARTESIAN_POINT($,(242.744246875277,602.976987501108,2));
#1631=DIRECTION($,(-1,0,0));
#1632=VECTOR($,#1631,1);
#1633=LINE($,#1630,#1632);
#1634=EDGE_CURVE($,#1619,#1629,#1633,.T.);
#1635=ORIENTED_EDGE($,$,$,#1634,.T.);
#1636=CARTESIAN_POINT($,(122.744246875277,609.976987501108,2));
#1637=VERTEX_POINT($,#1636);
#1638=CARTESIAN_POINT($,(128.660227186677,608.976399196594,2));
#1639=DIRECTION($,(0,0,1));
#1640=DIRECTION($,(1,0,0));
#1641=AXIS2_PLACEMENT_3D($,#1638,#1639,#1640);
#1642=CIRCLE($,#1641,6);
#1643=TRIMMED_CURVE($,#1642,(PARAMETER_VALUE(2.97404513192148)),(PARAMETER_VALUE(4.72639271951345)),.T.,.PARAMETER.);
#1644=EDGE_CURVE($,#1629,#1637,#1643,.F.);
#1645=ORIENTED_EDGE($,$,$,#1644,.T.);
#1646=CARTESIAN_POINT($,(122.744246875277,634.976987501108,2));
#1647=VERTEX_POINT($,#1646);
#1648=CARTESIAN_POINT($,(122.744246875277,609.976987501108,2));
#1649=DIRECTION($,(0,1,0));
#1650=VECTOR($,#1649,1);
#1651=LINE($,#1648,#1650);
#1652=EDGE_CURVE($,#1637,#1647,#1651,.T.);
#1653=ORIENTED_EDGE($,$,$,#1652,.T.);
#1654=CARTESIAN_POINT($,(78.244246875277,634.976987501108,2));
#1655=VERTEX_POINT($,#1654);
#1656=CARTESIAN_POINT($,(122.744246875277,634.976987501108,2));
#1657=DIRECTION($,(-1,0,0));
#1658=VECTOR($,#1657,1);
#1659=LINE($,#1656,#1658);
#1660=EDGE_CURVE($,#1647,#1655,#1659,.T.);
#1661=ORIENTED_EDGE($,$,$,#1660,.T.);
#1662=CARTESIAN_POINT($,(65.7442468752771,622.476987501108,2));
#1663=VERTEX_POINT($,#1662);
#1664=CARTESIAN_POINT($,(78.244246875277,634.976987501108,2));
#1665=DIRECTION($,(-0.707106781186548,-0.707106781186548,0));
#1666=VECTOR($,#1665,1);
#1667=LINE($,#1664,#1666);
#1668=EDGE_CURVE($,#1655,#1663,#1667,.T.);
#1669=ORIENTED_EDGE($,$,$,#1668,.T.);
#1670=CARTESIAN_POINT($,(65.7442468752771,622.476987501108,2));
#1671=DIRECTION($,(0,-1,0));
#1672=VECTOR($,#1671,1);
#1673=LINE($,#1670,#1672);
#1674=EDGE_CURVE($,#1663,#1049,#1673,.T.);
#1675=ORIENTED_EDGE($,$,$,#1674,.T.);
#1676=EDGE_LOOP($,(#1057,#1065,#1073,#1081,#1089,#1097,#1105,#1113,#1121,#1129,#1137,#1145,#1153,#1161,#1169,#1177,#1185,#1193,#1201,#1209,#1217,#1225,#1235,#1243,#1253,#1261,#1271,#1279,#1289,#1297,#1305,#1313,#1321,#1329,#1337,#1345,#1353,#1361,#1369,#1377,#1387,#1395,#1403,#1411,#1419,#1427,#1435,#1445,#1453,#1463,#1471,#1479,#1487,#1495,#1503,#1511,#1521,#1529,#1537,#1545,#1553,#1561,#1569,#1577,#1585,#1593,#1601,#1609,#1617,#1627,#1635,#1645,#1653,#1661,#1669,#1675));
#1677=FACE_OUTER_BOUND('',#1676,.T.);
#1678=CARTESIAN_POINT($,(259.744246875277,174.988493750554,2));
#1679=VERTEX_POINT($,#1678);
#1680=CARTESIAN_POINT($,(275.744246875277,174.988493750554,2));
#1681=VERTEX_POINT($,#1680);
#1682=CARTESIAN_POINT($,(267.744246875277,174.988493750554,2));
#1683=DIRECTION($,(0,0,1));
#1684=DIRECTION($,(1,0,0));
#1685=AXIS2_PLACEMENT_3D($,#1682,#1683,#1684);
#1686=CIRCLE($,#1685,8);
#1687=TRIMMED_CURVE($,#1686,(PARAMETER_VALUE(3.14159265358979)),(PARAMETER_VALUE(6.28318530717959)),.T.,.PARAMETER.);
#1688=EDGE_CURVE($,#1679,#1681,#1687,.T.);
#1689=ORIENTED_EDGE($,$,$,#1688,.F.);
#1690=CARTESIAN_POINT($,(267.744246875277,174.988493750554,2));
#1691=DIRECTION($,(0,0,1));
#1692=DIRECTION($,(1,0,0));
#1693=AXIS2_PLACEMENT_3D($,#1690,#1691,#1692);
#1694=CIRCLE($,#1693,8);
#1695=TRIMMED_CURVE($,#1694,(PARAMETER_VALUE(0)),(PARAMETER_VALUE(3.14159265358979)),.T.,.PARAMETER.);
#1696=EDGE_CURVE($,#1681,#1679,#1695,.T.);
#1697=ORIENTED_EDGE($,$,$,#1696,.F.);
#1698=EDGE_LOOP($,(#1689,#1697));
#1699=FACE_BOUND('',#1698,.T.);
#1700=CARTESIAN_POINT($,(259.744246875277,219.988493750554,2));
#1701=VERTEX_POINT($,#1700);
#1702=CARTESIAN_POINT($,(275.744246875277,219.988493750554,2));
#1703=VERTEX_POINT($,#1702);
#1704=CARTESIAN_POINT($,(267.744246875277,219.988493750554,2));
#1705=DIRECTION($,(0,0,1));
#1706=DIRECTION($,(1,0,0));
#1707=AXIS2_PLACEMENT_3D($,#1704,#1705,#1706);
#1708=CIRCLE($,#1707,8);
#1709=TRIMMED_CURVE($,#1708,(PARAMETER_VALUE(3.14159265358979)),(PARAMETER_VALUE(6.28318530717959)),.T.,.PARAMETER.);
#1710=EDGE_CURVE($,#1701,#1703,#1709,.T.);
#1711=ORIENTED_EDGE($,$,$,#1710,.F.);
#1712=CARTESIAN_POINT($,(267.744246875277,219.988493750554,2));
#1713=DIRECTION($,(0,0,1));
#1714=DIRECTION($,(1,0,0));
#1715=AXIS2_PLACEMENT_3D($,#1712,#1713,#1714);
#1716=CIRCLE($,#1715,8);
#1717=TRIMMED_CURVE($,#1716,(PARAMETER_VALUE(0)),(PARAMETER_VALUE(3.14159265358979)),.T.,.PARAMETER.);
#1718=EDGE_CURVE($,#1703,#1701,#1717,.T.);
#1719=ORIENTED_EDGE($,$,$,#1718,.F.);
#1720=EDGE_LOOP($,(#1711,#1719));
#1721=FACE_BOUND('',#1720,.T.);
#1722=CARTESIAN_POINT($,(259.744246875277,264.988493750554,2));
#1723=VERTEX_POINT($,#1722);
#1724=CARTESIAN_POINT($,(275.744246875277,264.988493750554,2));
#1725=VERTEX_POINT($,#1724);
#1726=CARTESIAN_POINT($,(267.744246875277,264.988493750554,2));
#1727=DIRECTION($,(0,0,1));
#1728=DIRECTION($,(1,0,0));
#1729=AXIS2_PLACEMENT_3D($,#1726,#1727,#1728);
#1730=CIRCLE($,#1729,8);
#1731=TRIMMED_CURVE($,#1730,(PARAMETER_VALUE(3.14159265358979)),(PARAMETER_VALUE(6.28318530717959)),.T.,.PARAMETER.);
#1732=EDGE_CURVE($,#1723,#1725,#1731,.T.);
#1733=ORIENTED_EDGE($,$,$,#1732,.F.);
#1734=CARTESIAN_POINT($,(267.744246875277,264.988493750554,2));
#1735=DIRECTION($,(0,0,1));
#1736=DIRECTION($,(1,0,0));
#1737=AXIS2_PLACEMENT_3D($,#1734,#1735,#1736);
#1738=CIRCLE($,#1737,8);
#1739=TRIMMED_CURVE($,#1738,(PARAMETER_VALUE(0)),(PARAMETER_VALUE(3.14159265358979)),.T.,.PARAMETER.);
#1740=EDGE_CURVE($,#1725,#1723,#1739,.T.);
#1741=ORIENTED_EDGE($,$,$,#1740,.F.);
#1742=EDGE_LOOP($,(#1733,#1741));
#1743=FACE_BOUND('',#1742,.T.);
#1744=CARTESIAN_POINT($,(259.744246875277,309.988493750554,2));
#1745=VERTEX_POINT($,#1744);
#1746=CARTESIAN_POINT($,(275.744246875277,309.988493750554,2));
#1747=VERTEX_POINT($,#1746);
#1748=CARTESIAN_POINT($,(267.744246875277,309.988493750554,2));
#1749=DIRECTION($,(0,0,1));
#1750=DIRECTION($,(1,0,0));
#1751=AXIS2_PLACEMENT_3D($,#1748,#1749,#1750);
#1752=CIRCLE($,#1751,8);
#1753=TRIMMED_CURVE($,#1752,(PARAMETER_VALUE(3.14159265358979)),(PARAMETER_VALUE(6.28318530717959)),.T.,.PARAMETER.);
#1754=EDGE_CURVE($,#1745,#1747,#1753,.T.);
#1755=ORIENTED_EDGE($,$,$,#1754,.F.);
#1756=CARTESIAN_POINT($,(267.744246875277,309.988493750554,2));
#1757=DIRECTION($,(0,0,1));
#1758=DIRECTION($,(1,0,0));
#1759=AXIS2_PLACEMENT_3D($,#1756,#1757,#1758);
#1760=CIRCLE($,#1759,8);
#1761=TRIMMED_CURVE($,#1760,(PARAMETER_VALUE(0)),(PARAMETER_VALUE(3.14159265358979)),.T.,.PARAMETER.);
#1762=EDGE_CURVE($,#1747,#1745,#1761,.T.);
#1763=ORIENTED_EDGE($,$,$,#1762,.F.);
#1764=EDGE_LOOP($,(#1755,#1763));
#1765=FACE_BOUND('',#1764,.T.);
#1766=CARTESIAN_POINT($,(80.2442468752771,29,2));
#1767=VERTEX_POINT($,#1766);
#1768=CARTESIAN_POINT($,(91.2442468752771,29,2));
#1769=VERTEX_POINT($,#1768);
#1770=CARTESIAN_POINT($,(85.7442468752771,29,2));
#1771=DIRECTION($,(0,0,1));
#1772=DIRECTION($,(1,0,0));
#1773=AXIS2_PLACEMENT_3D($,#1770,#1771,#1772);
#1774=CIRCLE($,#1773,5.5);
#1775=TRIMMED_CURVE($,#1774,(PARAMETER_VALUE(3.14159265358979)),(PARAMETER_VALUE(6.28318530717959)),.T.,.PARAMETER.);
#1776=EDGE_CURVE($,#1767,#1769,#1775,.T.);
#1777=ORIENTED_EDGE($,$,$,#1776,.F.);
#1778=CARTESIAN_POINT($,(85.7442468752771,29,2));
#1779=DIRECTION($,(0,0,1));
#1780=DIRECTION($,(1,0,0));
#1781=AXIS2_PLACEMENT_3D($,#1778,#1779,#1780);
#1782=CIRCLE($,#1781,5.5);
#1783=TRIMMED_CURVE($,#1782,(PARAMETER_VALUE(0)),(PARAMETER_VALUE(3.14159265358979)),.T.,.PARAMETER.);
#1784=EDGE_CURVE($,#1769,#1767,#1783,.T.);
#1785=ORIENTED_EDGE($,$,$,#1784,.F.);
#1786=EDGE_LOOP($,(#1777,#1785));
#1787=FACE_BOUND('',#1786,.T.);
#1788=CARTESIAN_POINT($,(280.244246875277,29,2));
#1789=VERTEX_POINT($,#1788);
#1790=CARTESIAN_POINT($,(291.244246875277,29,2));
#1791=VERTEX_POINT($,#1790);
#1792=CARTESIAN_POINT($,(285.744246875277,29,2));
#1793=DIRECTION($,(0,0,1));
#1794=DIRECTION($,(1,0,0));
#1795=AXIS2_PLACEMENT_3D($,#1792,#1793,#1794);
#1796=CIRCLE($,#1795,5.5);
#1797=TRIMMED_CURVE($,#1796,(PARAMETER_VALUE(3.14159265358979)),(PARAMETER_VALUE(6.28318530717959)),.T.,.PARAMETER.);
#1798=EDGE_CURVE($,#1789,#1791,#1797,.T.);
#1799=ORIENTED_EDGE($,$,$,#1798,.F.);
#1800=CARTESIAN_POINT($,(285.744246875277,29,2));
#1801=DIRECTION($,(0,0,1));
#1802=DIRECTION($,(1,0,0));
#1803=AXIS2_PLACEMENT_3D($,#1800,#1801,#1802);
#1804=CIRCLE($,#1803,5.5);
#1805=TRIMMED_CURVE($,#1804,(PARAMETER_VALUE(0)),(PARAMETER_VALUE(3.14159265358979)),.T.,.PARAMETER.);
#1806=EDGE_CURVE($,#1791,#1789,#1805,.T.);
#1807=ORIENTED_EDGE($,$,$,#1806,.F.);
#1808=EDGE_LOOP($,(#1799,#1807));
#1809=FACE_BOUND('',#1808,.T.);
#1810=CARTESIAN_POINT($,(226.744246875277,412.488493750554,2));
#1811=VERTEX_POINT($,#1810);
#1812=CARTESIAN_POINT($,(264.744246875277,412.488493750554,2));
#1813=VERTEX_POINT($,#1812);
#1814=CARTESIAN_POINT($,(245.744246875277,412.488493750554,2));
#1815=DIRECTION($,(0,0,1));
#1816=DIRECTION($,(1,0,0));
#1817=AXIS2_PLACEMENT_3D($,#1814,#1815,#1816);
#1818=CIRCLE($,#1817,19);
#1819=TRIMMED_CURVE($,#1818,(PARAMETER_VALUE(3.14159265358979)),(PARAMETER_VALUE(6.28318530717959)),.T.,.PARAMETER.);
#1820=EDGE_CURVE($,#1811,#1813,#1819,.T.);
#1821=ORIENTED_EDGE($,$,$,#1820,.F.);
#1822=CARTESIAN_POINT($,(245.744246875277,412.488493750554,2));
#1823=DIRECTION($,(0,0,1));
#1824=DIRECTION($,(1,0,0));
#1825=AXIS2_PLACEMENT_3D($,#1822,#1823,#1824);
#1826=CIRCLE($,#1825,19);
#1827=TRIMMED_CURVE($,#1826,(PARAMETER_VALUE(0)),(PARAMETER_VALUE(3.14159265358979)),.T.,.PARAMETER.);
#1828=EDGE_CURVE($,#1813,#1811,#1827,.T.);
#1829=ORIENTED_EDGE($,$,$,#1828,.F.);
#1830=EDGE_LOOP($,(#1821,#1829));
#1831=FACE_BOUND('',#1830,.T.);
#1832=CARTESIAN_POINT($,(130.244246875277,437.488493750554,2));
#1833=VERTEX_POINT($,#1832);
#1834=CARTESIAN_POINT($,(181.244246875277,437.488493750554,2));
#1835=VERTEX_POINT($,#1834);
#1836=CARTESIAN_POINT($,(155.744246875277,437.488493750554,2));
#1837=DIRECTION($,(0,0,1));
#1838=DIRECTION($,(1,0,0));
#1839=AXIS2_PLACEMENT_3D($,#1836,#1837,#1838);
#1840=CIRCLE($,#1839,25.5);
#1841=TRIMMED_CURVE($,#1840,(PARAMETER_VALUE(3.14159265358979)),(PARAMETER_VALUE(6.28318530717959)),.T.,.PARAMETER.);
#1842=EDGE_CURVE($,#1833,#1835,#1841,.T.);
#1843=ORIENTED_EDGE($,$,$,#1842,.F.);
#1844=CARTESIAN_POINT($,(155.744246875277,437.488493750554,2));
#1845=DIRECTION($,(0,0,1));
#1846=DIRECTION($,(1,0,0));
#1847=AXIS2_PLACEMENT_3D($,#1844,#1845,#1846);
#1848=CIRCLE($,#1847,25.5);
#1849=TRIMMED_CURVE($,#1848,(PARAMETER_VALUE(0)),(PARAMETER_VALUE(3.14159265358979)),.T.,.PARAMETER.);
#1850=EDGE_CURVE($,#1835,#1833,#1849,.T.);
#1851=ORIENTED_EDGE($,$,$,#1850,.F.);
#1852=EDGE_LOOP($,(#1843,#1851));
#1853=FACE_BOUND('',#1852,.T.);
#1854=CARTESIAN_POINT($,(280.244246875277,615.976987501108,2));
#1855=VERTEX_POINT($,#1854);
#1856=CARTESIAN_POINT($,(291.244246875277,615.976987501108,2));
#1857=VERTEX_POINT($,#1856);
#1858=CARTESIAN_POINT($,(285.744246875277,615.976987501108,2));
#1859=DIRECTION($,(0,0,1));
#1860=DIRECTION($,(1,0,0));
#1861=AXIS2_PLACEMENT_3D($,#1858,#1859,#1860);
#1862=CIRCLE($,#1861,5.5);
#1863=TRIMMED_CURVE($,#1862,(PARAMETER_VALUE(3.14159265358979)),(PARAMETER_VALUE(6.28318530717959)),.T.,.PARAMETER.);
#1864=EDGE_CURVE($,#1855,#1857,#1863,.T.);
#1865=ORIENTED_EDGE($,$,$,#1864,.F.);
#1866=CARTESIAN_POINT($,(285.744246875277,615.976987501108,2));
#1867=DIRECTION($,(0,0,1));
#1868=DIRECTION($,(1,0,0));
#1869=AXIS2_PLACEMENT_3D($,#1866,#1867,#1868);
#1870=CIRCLE($,#1869,5.5);
#1871=TRIMMED_CURVE($,#1870,(PARAMETER_VALUE(0)),(PARAMETER_VALUE(3.14159265358979)),.T.,.PARAMETER.);
#1872=EDGE_CURVE($,#1857,#1855,#1871,.T.);
#1873=ORIENTED_EDGE($,$,$,#1872,.F.);
#1874=EDGE_LOOP($,(#1865,#1873));
#1875=FACE_BOUND('',#1874,.T.);
#1876=CARTESIAN_POINT($,(80.2442468752771,615.976987501108,2));
#1877=VERTEX_POINT($,#1876);
#1878=CARTESIAN_POINT($,(91.2442468752771,615.976987501108,2));
#1879=VERTEX_POINT($,#1878);
#1880=CARTESIAN_POINT($,(85.7442468752771,615.976987501108,2));
#1881=DIRECTION($,(0,0,1));
#1882=DIRECTION($,(1,0,0));
#1883=AXIS2_PLACEMENT_3D($,#1880,#1881,#1882);
#1884=CIRCLE($,#1883,5.5);
#1885=TRIMMED_CURVE($,#1884,(PARAMETER_VALUE(3.14159265358979)),(PARAMETER_VALUE(6.28318530717959)),.T.,.PARAMETER.);
#1886=EDGE_CURVE($,#1877,#1879,#1885,.T.);
#1887=ORIENTED_EDGE($,$,$,#1886,.F.);
#1888=CARTESIAN_POINT($,(85.7442468752771,615.976987501108,2));
#1889=DIRECTION($,(0,0,1));
#1890=DIRECTION($,(1,0,0));
#1891=AXIS2_PLACEMENT_3D($,#1888,#1889,#1890);
#1892=CIRCLE($,#1891,5.5);
#1893=TRIMMED_CURVE($,#1892,(PARAMETER_VALUE(0)),(PARAMETER_VALUE(3.14159265358979)),.T.,.PARAMETER.);
#1894=EDGE_CURVE($,#1879,#1877,#1893,.T.);
#1895=ORIENTED_EDGE($,$,$,#1894,.F.);
#1896=EDGE_LOOP($,(#1887,#1895));
#1897=FACE_BOUND('',#1896,.T.);
#1898=CARTESIAN_POINT($,(368.360617188193,322.488493750554,2));
#1899=VERTEX_POINT($,#1898);
#1900=CARTESIAN_POINT($,(395.360617188193,322.488493750554,2));
#1901=VERTEX_POINT($,#1900);
#1902=CARTESIAN_POINT($,(381.860617188193,322.488493750554,2));
#1903=DIRECTION($,(0,0,1));
#1904=DIRECTION($,(1,0,0));
#1905=AXIS2_PLACEMENT_3D($,#1902,#1903,#1904);
#1906=CIRCLE($,#1905,13.5);
#1907=TRIMMED_CURVE($,#1906,(PARAMETER_VALUE(3.14159265358979)),(PARAMETER_VALUE(6.28318530717959)),.T.,.PARAMETER.);
#1908=EDGE_CURVE($,#1899,#1901,#1907,.T.);
#1909=ORIENTED_EDGE($,$,$,#1908,.F.);
#1910=CARTESIAN_POINT($,(381.860617188193,322.488493750554,2));
#1911=DIRECTION($,(0,0,1));
#1912=DIRECTION($,(1,0,0));
#1913=AXIS2_PLACEMENT_3D($,#1910,#1911,#1912);
#1914=CIRCLE($,#1913,13.5);
#1915=TRIMMED_CURVE($,#1914,(PARAMETER_VALUE(0)),(PARAMETER_VALUE(3.14159265358979)),.T.,.PARAMETER.);
#1916=EDGE_CURVE($,#1901,#1899,#1915,.T.);
#1917=ORIENTED_EDGE($,$,$,#1916,.F.);
#1918=EDGE_LOOP($,(#1909,#1917));
#1919=FACE_BOUND('',#1918,.T.);
#1920=CARTESIAN_POINT($,(365.360617188193,303.488493750554,2));
#1921=VERTEX_POINT($,#1920);
#1922=CARTESIAN_POINT($,(370.360617188193,303.488493750554,2));
#1923=VERTEX_POINT($,#1922);
#1924=CARTESIAN_POINT($,(367.860617188193,303.488493750554,2));
#1925=DIRECTION($,(0,0,1));
#1926=DIRECTION($,(1,0,0));
#1927=AXIS2_PLACEMENT_3D($,#1924,#1925,#1926);
#1928=CIRCLE($,#1927,2.5);
#1929=TRIMMED_CURVE($,#1928,(PARAMETER_VALUE(3.14159265358979)),(PARAMETER_VALUE(6.28318530717959)),.T.,.PARAMETER.);
#1930=EDGE_CURVE($,#1921,#1923,#1929,.T.);
#1931=ORIENTED_EDGE($,$,$,#1930,.F.);
#1932=CARTESIAN_POINT($,(367.860617188193,303.488493750554,2));
#1933=DIRECTION($,(0,0,1));
#1934=DIRECTION($,(1,0,0));
#1935=AXIS2_PLACEMENT_3D($,#1932,#1933,#1934);
#1936=CIRCLE($,#1935,2.5);
#1937=TRIMMED_CURVE($,#1936,(PARAMETER_VALUE(0)),(PARAMETER_VALUE(3.14159265358979)),.T.,.PARAMETER.);
#1938=EDGE_CURVE($,#1923,#1921,#1937,.T.);
#1939=ORIENTED_EDGE($,$,$,#1938,.F.);
#1940=EDGE_LOOP($,(#1931,#1939));
#1941=FACE_BOUND('',#1940,.T.);
#1942=CARTESIAN_POINT($,(365.360617188193,341.488493750554,2));
#1943=VERTEX_POINT($,#1942);
#1944=CARTESIAN_POINT($,(370.360617188193,341.488493750554,2));
#1945=VERTEX_POINT($,#1944);
#1946=CARTESIAN_POINT($,(367.860617188193,341.488493750554,2));
#1947=DIRECTION($,(0,0,1));
#1948=DIRECTION($,(1,0,0));
#1949=AXIS2_PLACEMENT_3D($,#1946,#1947,#1948);
#1950=CIRCLE($,#1949,2.5);
#1951=TRIMMED_CURVE($,#1950,(PARAMETER_VALUE(3.14159265358979)),(PARAMETER_VALUE(6.28318530717959)),.T.,.PARAMETER.);
#1952=EDGE_CURVE($,#1943,#1945,#1951,.T.);
#1953=ORIENTED_EDGE($,$,$,#1952,.F.);
#1954=CARTESIAN_POINT($,(367.860617188193,341.488493750554,2));
#1955=DIRECTION($,(0,0,1));
#1956=DIRECTION($,(1,0,0));
#1957=AXIS2_PLACEMENT_3D($,#1954,#1955,#1956);
#1958=CIRCLE($,#1957,2.5);
#1959=TRIMMED_CURVE($,#1958,(PARAMETER_VALUE(0)),(PARAMETER_VALUE(3.14159265358979)),.T.,.PARAMETER.);
#1960=EDGE_CURVE($,#1945,#1943,#1959,.T.);
#1961=ORIENTED_EDGE($,$,$,#1960,.F.);
#1962=EDGE_LOOP($,(#1953,#1961));
#1963=FACE_BOUND('',#1962,.T.);
#1964=CARTESIAN_POINT($,(397.360617188193,303.488493750554,2));
#1965=VERTEX_POINT($,#1964);
#1966=CARTESIAN_POINT($,(402.360617188193,303.488493750554,2));
#1967=VERTEX_POINT($,#1966);
#1968=CARTESIAN_POINT($,(399.860617188193,303.488493750554,2));
#1969=DIRECTION($,(0,0,1));
#1970=DIRECTION($,(1,0,0));
#1971=AXIS2_PLACEMENT_3D($,#1968,#1969,#1970);
#1972=CIRCLE($,#1971,2.5);
#1973=TRIMMED_CURVE($,#1972,(PARAMETER_VALUE(3.14159265358979)),(PARAMETER_VALUE(6.28318530717959)),.T.,.PARAMETER.);
#1974=EDGE_CURVE($,#1965,#1967,#1973,.T.);
#1975=ORIENTED_EDGE($,$,$,#1974,.F.);
#1976=CARTESIAN_POINT($,(399.860617188193,303.488493750554,2));
#1977=DIRECTION($,(0,0,1));
#1978=DIRECTION($,(1,0,0));
#1979=AXIS2_PLACEMENT_3D($,#1976,#1977,#1978);
#1980=CIRCLE($,#1979,2.5);
#1981=TRIMMED_CURVE($,#1980,(PARAMETER_VALUE(0)),(PARAMETER_VALUE(3.14159265358979)),.T.,.PARAMETER.);
#1982=EDGE_CURVE($,#1967,#1965,#1981,.T.);
#1983=ORIENTED_EDGE($,$,$,#1982,.F.);
#1984=EDGE_LOOP($,(#1975,#1983));
#1985=FACE_BOUND('',#1984,.T.);
#1986=CARTESIAN_POINT($,(397.360617188193,341.488493750554,2));
#1987=VERTEX_POINT($,#1986);
#1988=CARTESIAN_POINT($,(402.360617188193,341.488493750554,2));
#1989=VERTEX_POINT($,#1988);
#1990=CARTESIAN_POINT($,(399.860617188193,341.488493750554,2));
#1991=DIRECTION($,(0,0,1));
#1992=DIRECTION($,(1,0,0));
#1993=AXIS2_PLACEMENT_3D($,#1990,#1991,#1992);
#1994=CIRCLE($,#1993,2.5);
#1995=TRIMMED_CURVE($,#1994,(PARAMETER_VALUE(3.14159265358979)),(PARAMETER_VALUE(6.28318530717959)),.T.,.PARAMETER.);
#1996=EDGE_CURVE($,#1987,#1989,#1995,.T.);
#1997=ORIENTED_EDGE($,$,$,#1996,.F.);
#1998=CARTESIAN_POINT($,(399.860617188193,341.488493750554,2));
#1999=DIRECTION($,(0,0,1));
#2000=DIRECTION($,(1,0,0));
#2001=AXIS2_PLACEMENT_3D($,#1998,#1999,#2000);
#2002=CIRCLE($,#2001,2.5);
#2003=TRIMMED_CURVE($,#2002,(PARAMETER_VALUE(0)),(PARAMETER_VALUE(3.14159265358979)),.T.,.PARAMETER.);
#2004=EDGE_CURVE($,#1989,#1987,#2003,.T.);
#2005=ORIENTED_EDGE($,$,$,#2004,.F.);
#2006=EDGE_LOOP($,(#1997,#2005));
#2007=FACE_BOUND('',#2006,.T.);
#2008=CARTESIAN_POINT($,(108.244246875277,292.488493750554,2));
#2009=VERTEX_POINT($,#2008);
#2010=CARTESIAN_POINT($,(108.244246875277,202.488493750554,2));
#2011=VERTEX_POINT($,#2010);
#2012=CARTESIAN_POINT($,(108.244246875277,292.488493750554,2));
#2013=DIRECTION($,(0,-1,0));
#2014=VECTOR($,#2013,1);
#2015=LINE($,#2012,#2014);
#2016=EDGE_CURVE($,#2009,#2011,#2015,.T.);
#2017=ORIENTED_EDGE($,$,$,#2016,.F.);
#2018=CARTESIAN_POINT($,(128.244246875277,292.488493750554,2));
#2019=VERTEX_POINT($,#2018);
#2020=CARTESIAN_POINT($,(118.244246875277,292.488493750554,2));
#2021=DIRECTION($,(0,0,1));
#2022=DIRECTION($,(1,0,0));
#2023=AXIS2_PLACEMENT_3D($,#2020,#2021,#2022);
#2024=CIRCLE($,#2023,10);
#2025=TRIMMED_CURVE($,#2024,(PARAMETER_VALUE(0)),(PARAMETER_VALUE(3.14159265358979)),.T.,.PARAMETER.);
#2026=EDGE_CURVE($,#2019,#2009,#2025,.T.);
#2027=ORIENTED_EDGE($,$,$,#2026,.F.);
#2028=CARTESIAN_POINT($,(128.244246875277,202.488493750554,2));
#2029=VERTEX_POINT($,#2028);
#2030=CARTESIAN_POINT($,(128.244246875277,202.488493750554,2));
#2031=DIRECTION($,(0,1,0));
#2032=VECTOR($,#2031,1);
#2033=LINE($,#2030,#2032);
#2034=EDGE_CURVE($,#2029,#2019,#2033,.T.);
#2035=ORIENTED_EDGE($,$,$,#2034,.F.);
#2036=CARTESIAN_POINT($,(118.244246875277,202.488493750554,2));
#2037=DIRECTION($,(0,0,1));
#2038=DIRECTION($,(1,0,0));
#2039=AXIS2_PLACEMENT_3D($,#2036,#2037,#2038);
#2040=CIRCLE($,#2039,10);
#2041=TRIMMED_CURVE($,#2040,(PARAMETER_VALUE(3.14159265358979)),(PARAMETER_VALUE(6.28318530717959)),.T.,.PARAMETER.);
#2042=EDGE_CURVE($,#2011,#2029,#2041,.T.);
#2043=ORIENTED_EDGE($,$,$,#2042,.F.);
#2044=EDGE_LOOP($,(#2017,#2027,#2035,#2043));
#2045=FACE_BOUND('',#2044,.T.);
#2046=CARTESIAN_POINT($,(173.244246875277,292.488493750554,2));
#2047=VERTEX_POINT($,#2046);
#2048=CARTESIAN_POINT($,(173.244246875277,202.488493750554,2));
#2049=VERTEX_POINT($,#2048);
#2050=CARTESIAN_POINT($,(173.244246875277,292.488493750554,2));
#2051=DIRECTION($,(0,-1,0));
#2052=VECTOR($,#2051,1);
#2053=LINE($,#2050,#2052);
#2054=EDGE_CURVE($,#2047,#2049,#2053,.T.);
#2055=ORIENTED_EDGE($,$,$,#2054,.F.);
#2056=CARTESIAN_POINT($,(193.244246875277,292.488493750554,2));
#2057=VERTEX_POINT($,#2056);
#2058=CARTESIAN_POINT($,(183.244246875277,292.488493750554,2));
#2059=DIRECTION($,(0,0,1));
#2060=DIRECTION($,(1,0,0));
#2061=AXIS2_PLACEMENT_3D($,#2058,#2059,#2060);
#2062=CIRCLE($,#2061,10);
#2063=TRIMMED_CURVE($,#2062,(PARAMETER_VALUE(0)),(PARAMETER_VALUE(3.14159265358979)),.T.,.PARAMETER.);
#2064=EDGE_CURVE($,#2057,#2047,#2063,.T.);
#2065=ORIENTED_EDGE($,$,$,#2064,.F.);
#2066=CARTESIAN_POINT($,(193.244246875277,202.488493750554,2));
#2067=VERTEX_POINT($,#2066);
#2068=CARTESIAN_POINT($,(193.244246875277,202.488493750554,2));
#2069=DIRECTION($,(0,1,0));
#2070=VECTOR($,#2069,1);
#2071=LINE($,#2068,#2070);
#2072=EDGE_CURVE($,#2067,#2057,#2071,.T.);
#2073=ORIENTED_EDGE($,$,$,#2072,.F.);
#2074=CARTESIAN_POINT($,(183.244246875277,202.488493750554,2));
#2075=DIRECTION($,(0,0,1));
#2076=DIRECTION($,(1,0,0));
#2077=AXIS2_PLACEMENT_3D($,#2074,#2075,#2076);
#2078=CIRCLE($,#2077,10);
#2079=TRIMMED_CURVE($,#2078,(PARAMETER_VALUE(3.14159265358979)),(PARAMETER_VALUE(6.28318530717959)),.T.,.PARAMETER.);
#2080=EDGE_CURVE($,#2049,#2067,#2079,.T.);
#2081=ORIENTED_EDGE($,$,$,#2080,.F.);
#2082=EDGE_LOOP($,(#2055,#2065,#2073,#2081));
#2083=FACE_BOUND('',#2082,.T.);
#2084=ADVANCED_FACE('',(#1677,#1699,#1721,#1743,#1765,#1787,#1809,#1831,#1853,#1875,#1897,#1919,#1941,#1963,#1985,#2007,#2045,#2083),#1047,.T.);
#2085=CARTESIAN_POINT($,(65.7442468752771,590.976987501108,0));
#2086=DIRECTION($,(-1,0,0));
#2087=DIRECTION($,(0,0,1));
#2088=AXIS2_PLACEMENT_3D($,#2085,#2086,#2087);
#2089=PLANE($,#2088);
#2090=ORIENTED_EDGE($,$,$,#14,.T.);
#2091=CARTESIAN_POINT($,(65.7442468752771,580.232740625831,0));
#2092=DIRECTION($,(0,0,1));
#2093=VECTOR($,#2092,1);
#2094=LINE($,#2091,#2093);
#2095=EDGE_CURVE($,#9,#1051,#2094,.T.);
#2096=ORIENTED_EDGE($,$,$,#2095,.T.);
#2097=ORIENTED_EDGE($,$,$,#1056,.F.);
#2098=CARTESIAN_POINT($,(65.7442468752771,590.976987501108,0));
#2099=DIRECTION($,(0,0,1));
#2100=VECTOR($,#2099,1);
#2101=LINE($,#2098,#2100);
#2102=EDGE_CURVE($,#7,#1049,#2101,.T.);
#2103=ORIENTED_EDGE($,$,$,#2102,.F.);
#2104=EDGE_LOOP($,(#2090,#2096,#2097,#2103));
#2105=FACE_OUTER_BOUND('',#2104,.T.);
#2106=ADVANCED_FACE('',(#2105),#2089,.T.);
#2107=CARTESIAN_POINT($,(65.7442468752771,580.232740625831,0));
#2108=DIRECTION($,(-1,0,0));
#2109=DIRECTION($,(0,0,1));
#2110=AXIS2_PLACEMENT_3D($,#2107,#2108,#2109);
#2111=PLANE($,#2110);
#2112=ORIENTED_EDGE($,$,$,#22,.T.);
#2113=CARTESIAN_POINT($,(65.7442468752771,530.732740625831,-0));
#2114=DIRECTION($,(0,0,1));
#2115=VECTOR($,#2114,1);
#2116=LINE($,#2113,#2115);
#2117=EDGE_CURVE($,#17,#1059,#2116,.T.);
#2118=ORIENTED_EDGE($,$,$,#2117,.T.);
#2119=ORIENTED_EDGE($,$,$,#1064,.F.);
#2120=ORIENTED_EDGE($,$,$,#2095,.F.);
#2121=EDGE_LOOP($,(#2112,#2118,#2119,#2120));
#2122=FACE_OUTER_BOUND('',#2121,.T.);
#2123=ADVANCED_FACE('',(#2122),#2111,.T.);
#2124=CARTESIAN_POINT($,(65.7442468752771,530.732740625831,0));
#2125=DIRECTION($,(0,-1,0));
#2126=DIRECTION($,(0,0,1));
#2127=AXIS2_PLACEMENT_3D($,#2124,#2125,#2126);
#2128=PLANE($,#2127);
#2129=ORIENTED_EDGE($,$,$,#30,.T.);
#2130=CARTESIAN_POINT($,(74.7442468752771,530.732740625831,0));
#2131=DIRECTION($,(0,0,1));
#2132=VECTOR($,#2131,1);
#2133=LINE($,#2130,#2132);
#2134=EDGE_CURVE($,#25,#1067,#2133,.T.);
#2135=ORIENTED_EDGE($,$,$,#2134,.T.);
#2136=ORIENTED_EDGE($,$,$,#1072,.F.);
#2137=ORIENTED_EDGE($,$,$,#2117,.F.);
#2138=EDGE_LOOP($,(#2129,#2135,#2136,#2137));
#2139=FACE_OUTER_BOUND('',#2138,.T.);
#2140=ADVANCED_FACE('',(#2139),#2128,.T.);
#2141=CARTESIAN_POINT($,(74.7442468752771,530.732740625831,0));
#2142=DIRECTION($,(-1,0,0));
#2143=DIRECTION($,(0,0,1));
#2144=AXIS2_PLACEMENT_3D($,#2141,#2142,#2143);
#2145=PLANE($,#2144);
#2146=ORIENTED_EDGE($,$,$,#38,.T.);
#2147=CARTESIAN_POINT($,(74.7442468752771,518.232740625831,0));
#2148=DIRECTION($,(0,0,1));
#2149=VECTOR($,#2148,1);
#2150=LINE($,#2147,#2149);
#2151=EDGE_CURVE($,#33,#1075,#2150,.T.);
#2152=ORIENTED_EDGE($,$,$,#2151,.T.);
#2153=ORIENTED_EDGE($,$,$,#1080,.F.);
#2154=ORIENTED_EDGE($,$,$,#2134,.F.);
#2155=EDGE_LOOP($,(#2146,#2152,#2153,#2154));
#2156=FACE_OUTER_BOUND('',#2155,.T.);
#2157=ADVANCED_FACE('',(#2156),#2145,.T.);
#2158=CARTESIAN_POINT($,(74.7442468752771,518.232740625831,0));
#2159=DIRECTION($,(-1,0,0));
#2160=DIRECTION($,(0,0,1));
#2161=AXIS2_PLACEMENT_3D($,#2158,#2159,#2160);
#2162=PLANE($,#2161);
#2163=ORIENTED_EDGE($,$,$,#46,.T.);
#2164=CARTESIAN_POINT($,(74.7442468752771,507.488493750554,0));
#2165=DIRECTION($,(0,0,1));
#2166=VECTOR($,#2165,1);
#2167=LINE($,#2164,#2166);
#2168=EDGE_CURVE($,#41,#1083,#2167,.T.);
#2169=ORIENTED_EDGE($,$,$,#2168,.T.);
#2170=ORIENTED_EDGE($,$,$,#1088,.F.);
#2171=ORIENTED_EDGE($,$,$,#2151,.F.);
#2172=EDGE_LOOP($,(#2163,#2169,#2170,#2171));
#2173=FACE_OUTER_BOUND('',#2172,.T.);
#2174=ADVANCED_FACE('',(#2173),#2162,.T.);
#2175=CARTESIAN_POINT($,(74.7442468752771,507.488493750554,0));
#2176=DIRECTION($,(0,1,0));
#2177=DIRECTION($,(0,0,1));
#2178=AXIS2_PLACEMENT_3D($,#2175,#2176,#2177);
#2179=PLANE($,#2178);
#2180=ORIENTED_EDGE($,$,$,#54,.T.);
#2181=CARTESIAN_POINT($,(65.7442468752771,507.488493750554,0));
#2182=DIRECTION($,(0,0,1));
#2183=VECTOR($,#2182,1);
#2184=LINE($,#2181,#2183);
#2185=EDGE_CURVE($,#49,#1091,#2184,.T.);
#2186=ORIENTED_EDGE($,$,$,#2185,.T.);
#2187=ORIENTED_EDGE($,$,$,#1096,.F.);
#2188=ORIENTED_EDGE($,$,$,#2168,.F.);
#2189=EDGE_LOOP($,(#2180,#2186,#2187,#2188));
#2190=FACE_OUTER_BOUND('',#2189,.T.);
#2191=ADVANCED_FACE('',(#2190),#2179,.T.);
#2192=CARTESIAN_POINT($,(65.7442468752771,507.488493750554,0));
#2193=DIRECTION($,(0,1,0));
#2194=DIRECTION($,(0,0,1));
#2195=AXIS2_PLACEMENT_3D($,#2192,#2193,#2194);
#2196=PLANE($,#2195);
#2197=ORIENTED_EDGE($,$,$,#62,.T.);
#2198=CARTESIAN_POINT($,(55,507.488493750554,0));
#2199=DIRECTION($,(0,0,1));
#2200=VECTOR($,#2199,1);
#2201=LINE($,#2198,#2200);
#2202=EDGE_CURVE($,#57,#1099,#2201,.T.);
#2203=ORIENTED_EDGE($,$,$,#2202,.T.);
#2204=ORIENTED_EDGE($,$,$,#1104,.F.);
#2205=ORIENTED_EDGE($,$,$,#2185,.F.);
#2206=EDGE_LOOP($,(#2197,#2203,#2204,#2205));
#2207=FACE_OUTER_BOUND('',#2206,.T.);
#2208=ADVANCED_FACE('',(#2207),#2196,.T.);
#2209=CARTESIAN_POINT($,(55,507.488493750554,0));
#2210=DIRECTION($,(0,1,0));
#2211=DIRECTION($,(0,0,1));
#2212=AXIS2_PLACEMENT_3D($,#2209,#2210,#2211);
#2213=PLANE($,#2212);
#2214=ORIENTED_EDGE($,$,$,#70,.T.);
#2215=CARTESIAN_POINT($,(35,507.488493750554,-0));
#2216=DIRECTION($,(0,0,1));
#2217=VECTOR($,#2216,1);
#2218=LINE($,#2215,#2217);
#2219=EDGE_CURVE($,#65,#1107,#2218,.T.);
#2220=ORIENTED_EDGE($,$,$,#2219,.T.);
#2221=ORIENTED_EDGE($,$,$,#1112,.F.);
#2222=ORIENTED_EDGE($,$,$,#2202,.F.);
#2223=EDGE_LOOP($,(#2214,#2220,#2221,#2222));
#2224=FACE_OUTER_BOUND('',#2223,.T.);
#2225=ADVANCED_FACE('',(#2224),#2213,.T.);
#2226=CARTESIAN_POINT($,(35,507.488493750554,0));
#2227=DIRECTION($,(-0.707106781186548,0.707106781186547,0));
#2228=DIRECTION($,(0,0,1));
#2229=AXIS2_PLACEMENT_3D($,#2226,#2227,#2228);
#2230=PLANE($,#2229);
#2231=ORIENTED_EDGE($,$,$,#78,.T.);
#2232=CARTESIAN_POINT($,(9.99999999999999,482.488493750554,-0));
#2233=DIRECTION($,(0,0,1));
#2234=VECTOR($,#2233,1);
#2235=LINE($,#2232,#2234);
#2236=EDGE_CURVE($,#73,#1115,#2235,.T.);
#2237=ORIENTED_EDGE($,$,$,#2236,.T.);
#2238=ORIENTED_EDGE($,$,$,#1120,.F.);
#2239=ORIENTED_EDGE($,$,$,#2219,.F.);
#2240=EDGE_LOOP($,(#2231,#2237,#2238,#2239));
#2241=FACE_OUTER_BOUND('',#2240,.T.);
#2242=ADVANCED_FACE('',(#2241),#2230,.T.);
#2243=CARTESIAN_POINT($,(9.99999999999999,482.488493750554,0));
#2244=DIRECTION($,(-1,0,0));
#2245=DIRECTION($,(0,0,1));
#2246=AXIS2_PLACEMENT_3D($,#2243,#2244,#2245);
#2247=PLANE($,#2246);
#2248=ORIENTED_EDGE($,$,$,#86,.T.);
#2249=CARTESIAN_POINT($,(9.99999999999999,162.488493750554,-0));
#2250=DIRECTION($,(0,0,1));
#2251=VECTOR($,#2250,1);
#2252=LINE($,#2249,#2251);
#2253=EDGE_CURVE($,#81,#1123,#2252,.T.);
#2254=ORIENTED_EDGE($,$,$,#2253,.T.);
#2255=ORIENTED_EDGE($,$,$,#1128,.F.);
#2256=ORIENTED_EDGE($,$,$,#2236,.F.);
#2257=EDGE_LOOP($,(#2248,#2254,#2255,#2256));
#2258=FACE_OUTER_BOUND('',#2257,.T.);
#2259=ADVANCED_FACE('',(#2258),#2247,.T.);
#2260=CARTESIAN_POINT($,(9.99999999999999,162.488493750554,0));
#2261=DIRECTION($,(-0.707106781186548,-0.707106781186547,0));
#2262=DIRECTION($,(0,0,1));
#2263=AXIS2_PLACEMENT_3D($,#2260,#2261,#2262);
#2264=PLANE($,#2263);
#2265=ORIENTED_EDGE($,$,$,#94,.T.);
#2266=CARTESIAN_POINT($,(35,137.488493750554,-0));
#2267=DIRECTION($,(0,0,1));
#2268=VECTOR($,#2267,1);
#2269=LINE($,#2266,#2268);
#2270=EDGE_CURVE($,#89,#1131,#2269,.T.);
#2271=ORIENTED_EDGE($,$,$,#2270,.T.);
#2272=ORIENTED_EDGE($,$,$,#1136,.F.);
#2273=ORIENTED_EDGE($,$,$,#2253,.F.);
#2274=EDGE_LOOP($,(#2265,#2271,#2272,#2273));
#2275=FACE_OUTER_BOUND('',#2274,.T.);
#2276=ADVANCED_FACE('',(#2275),#2264,.T.);
#2277=CARTESIAN_POINT($,(35,137.488493750554,0));
#2278=DIRECTION($,(0,-1,0));
#2279=DIRECTION($,(0,0,1));
#2280=AXIS2_PLACEMENT_3D($,#2277,#2278,#2279);
#2281=PLANE($,#2280);
#2282=ORIENTED_EDGE($,$,$,#102,.T.);
#2283=CARTESIAN_POINT($,(55,137.488493750554,0));
#2284=DIRECTION($,(0,0,1));
#2285=VECTOR($,#2284,1);
#2286=LINE($,#2283,#2285);
#2287=EDGE_CURVE($,#97,#1139,#2286,.T.);
#2288=ORIENTED_EDGE($,$,$,#2287,.T.);
#2289=ORIENTED_EDGE($,$,$,#1144,.F.);
#2290=ORIENTED_EDGE($,$,$,#2270,.F.);
#2291=EDGE_LOOP($,(#2282,#2288,#2289,#2290));
#2292=FACE_OUTER_BOUND('',#2291,.T.);
#2293=ADVANCED_FACE('',(#2292),#2281,.T.);
#2294=CARTESIAN_POINT($,(55,137.488493750554,0));
#2295=DIRECTION($,(0,-1,0));
#2296=DIRECTION($,(0,0,1));
#2297=AXIS2_PLACEMENT_3D($,#2294,#2295,#2296);
#2298=PLANE($,#2297);
#2299=ORIENTED_EDGE($,$,$,#110,.T.);
#2300=CARTESIAN_POINT($,(65.7442468752771,137.488493750554,0));
#2301=DIRECTION($,(0,0,1));
#2302=VECTOR($,#2301,1);
#2303=LINE($,#2300,#2302);
#2304=EDGE_CURVE($,#105,#1147,#2303,.T.);
#2305=ORIENTED_EDGE($,$,$,#2304,.T.);
#2306=ORIENTED_EDGE($,$,$,#1152,.F.);
#2307=ORIENTED_EDGE($,$,$,#2287,.F.);
#2308=EDGE_LOOP($,(#2299,#2305,#2306,#2307));
#2309=FACE_OUTER_BOUND('',#2308,.T.);
#2310=ADVANCED_FACE('',(#2309),#2298,.T.);
#2311=CARTESIAN_POINT($,(65.7442468752771,137.488493750554,0));
#2312=DIRECTION($,(0,-1,0));
#2313=DIRECTION($,(0,0,1));
#2314=AXIS2_PLACEMENT_3D($,#2311,#2312,#2313);
#2315=PLANE($,#2314);
#2316=ORIENTED_EDGE($,$,$,#118,.T.);
#2317=CARTESIAN_POINT($,(74.7442468752771,137.488493750554,0));
#2318=DIRECTION($,(0,0,1));
#2319=VECTOR($,#2318,1);
#2320=LINE($,#2317,#2319);
#2321=EDGE_CURVE($,#113,#1155,#2320,.T.);
#2322=ORIENTED_EDGE($,$,$,#2321,.T.);
#2323=ORIENTED_EDGE($,$,$,#1160,.F.);
#2324=ORIENTED_EDGE($,$,$,#2304,.F.);
#2325=EDGE_LOOP($,(#2316,#2322,#2323,#2324));
#2326=FACE_OUTER_BOUND('',#2325,.T.);
#2327=ADVANCED_FACE('',(#2326),#2315,.T.);
#2328=CARTESIAN_POINT($,(74.7442468752771,137.488493750554,0));
#2329=DIRECTION($,(-1,0,0));
#2330=DIRECTION($,(0,0,1));
#2331=AXIS2_PLACEMENT_3D($,#2328,#2329,#2330);
#2332=PLANE($,#2331);
#2333=ORIENTED_EDGE($,$,$,#126,.T.);
#2334=CARTESIAN_POINT($,(74.7442468752771,126.744246875277,0));
#2335=DIRECTION($,(0,0,1));
#2336=VECTOR($,#2335,1);
#2337=LINE($,#2334,#2336);
#2338=EDGE_CURVE($,#121,#1163,#2337,.T.);
#2339=ORIENTED_EDGE($,$,$,#2338,.T.);
#2340=ORIENTED_EDGE($,$,$,#1168,.F.);
#2341=ORIENTED_EDGE($,$,$,#2321,.F.);
#2342=EDGE_LOOP($,(#2333,#2339,#2340,#2341));
#2343=FACE_OUTER_BOUND('',#2342,.T.);
#2344=ADVANCED_FACE('',(#2343),#2332,.T.);
#2345=CARTESIAN_POINT($,(74.7442468752771,126.744246875277,0));
#2346=DIRECTION($,(-1,0,0));
#2347=DIRECTION($,(0,0,1));
#2348=AXIS2_PLACEMENT_3D($,#2345,#2346,#2347);
#2349=PLANE($,#2348);
#2350=ORIENTED_EDGE($,$,$,#134,.T.);
#2351=CARTESIAN_POINT($,(74.7442468752771,114.244246875277,0));
#2352=DIRECTION($,(0,0,1));
#2353=VECTOR($,#2352,1);
#2354=LINE($,#2351,#2353);
#2355=EDGE_CURVE($,#129,#1171,#2354,.T.);
#2356=ORIENTED_EDGE($,$,$,#2355,.T.);
#2357=ORIENTED_EDGE($,$,$,#1176,.F.);
#2358=ORIENTED_EDGE($,$,$,#2338,.F.);
#2359=EDGE_LOOP($,(#2350,#2356,#2357,#2358));
#2360=FACE_OUTER_BOUND('',#2359,.T.);
#2361=ADVANCED_FACE('',(#2360),#2349,.T.);
#2362=CARTESIAN_POINT($,(74.7442468752771,114.244246875277,0));
#2363=DIRECTION($,(0,1,0));
#2364=DIRECTION($,(0,0,1));
#2365=AXIS2_PLACEMENT_3D($,#2362,#2363,#2364);
#2366=PLANE($,#2365);
#2367=ORIENTED_EDGE($,$,$,#142,.T.);
#2368=CARTESIAN_POINT($,(65.7442468752771,114.244246875277,-0));
#2369=DIRECTION($,(0,0,1));
#2370=VECTOR($,#2369,1);
#2371=LINE($,#2368,#2370);
#2372=EDGE_CURVE($,#137,#1179,#2371,.T.);
#2373=ORIENTED_EDGE($,$,$,#2372,.T.);
#2374=ORIENTED_EDGE($,$,$,#1184,.F.);
#2375=ORIENTED_EDGE($,$,$,#2355,.F.);
#2376=EDGE_LOOP($,(#2367,#2373,#2374,#2375));
#2377=FACE_OUTER_BOUND('',#2376,.T.);
#2378=ADVANCED_FACE('',(#2377),#2366,.T.);
#2379=CARTESIAN_POINT($,(65.7442468752771,114.244246875277,0));
#2380=DIRECTION($,(-1,0,0));
#2381=DIRECTION($,(0,0,1));
#2382=AXIS2_PLACEMENT_3D($,#2379,#2380,#2381);
#2383=PLANE($,#2382);
#2384=ORIENTED_EDGE($,$,$,#150,.T.);
#2385=CARTESIAN_POINT($,(65.7442468752771,64.7442468752771,0));
#2386=DIRECTION($,(0,0,1));
#2387=VECTOR($,#2386,1);
#2388=LINE($,#2385,#2387);
#2389=EDGE_CURVE($,#145,#1187,#2388,.T.);
#2390=ORIENTED_EDGE($,$,$,#2389,.T.);
#2391=ORIENTED_EDGE($,$,$,#1192,.F.);
#2392=ORIENTED_EDGE($,$,$,#2372,.F.);
#2393=EDGE_LOOP($,(#2384,#2390,#2391,#2392));
#2394=FACE_OUTER_BOUND('',#2393,.T.);
#2395=ADVANCED_FACE('',(#2394),#2383,.T.);
#2396=CARTESIAN_POINT($,(65.7442468752771,64.7442468752771,0));
#2397=DIRECTION($,(-1,0,0));
#2398=DIRECTION($,(0,0,1));
#2399=AXIS2_PLACEMENT_3D($,#2396,#2397,#2398);
#2400=PLANE($,#2399);
#2401=ORIENTED_EDGE($,$,$,#158,.T.);
#2402=CARTESIAN_POINT($,(65.7442468752771,54,0));
#2403=DIRECTION($,(0,0,1));
#2404=VECTOR($,#2403,1);
#2405=LINE($,#2402,#2404);
#2406=EDGE_CURVE($,#153,#1195,#2405,.T.);
#2407=ORIENTED_EDGE($,$,$,#2406,.T.);
#2408=ORIENTED_EDGE($,$,$,#1200,.F.);
#2409=ORIENTED_EDGE($,$,$,#2389,.F.);
#2410=EDGE_LOOP($,(#2401,#2407,#2408,#2409));
#2411=FACE_OUTER_BOUND('',#2410,.T.);
#2412=ADVANCED_FACE('',(#2411),#2400,.T.);
#2413=CARTESIAN_POINT($,(65.7442468752771,54,0));
#2414=DIRECTION($,(-1,0,0));
#2415=DIRECTION($,(0,0,1));
#2416=AXIS2_PLACEMENT_3D($,#2413,#2414,#2415);
#2417=PLANE($,#2416);
#2418=ORIENTED_EDGE($,$,$,#166,.T.);
#2419=CARTESIAN_POINT($,(65.7442468752771,22.5,-0));
#2420=DIRECTION($,(0,0,1));
#2421=VECTOR($,#2420,1);
#2422=LINE($,#2419,#2421);
#2423=EDGE_CURVE($,#161,#1203,#2422,.T.);
#2424=ORIENTED_EDGE($,$,$,#2423,.T.);
#2425=ORIENTED_EDGE($,$,$,#1208,.F.);
#2426=ORIENTED_EDGE($,$,$,#2406,.F.);
#2427=EDGE_LOOP($,(#2418,#2424,#2425,#2426));
#2428=FACE_OUTER_BOUND('',#2427,.T.);
#2429=ADVANCED_FACE('',(#2428),#2417,.T.);
#2430=CARTESIAN_POINT($,(65.7442468752771,22.5,0));
#2431=DIRECTION($,(-0.707106781186547,-0.707106781186547,0));
#2432=DIRECTION($,(0,0,1));
#2433=AXIS2_PLACEMENT_3D($,#2430,#2431,#2432);
#2434=PLANE($,#2433);
#2435=ORIENTED_EDGE($,$,$,#174,.T.);
#2436=CARTESIAN_POINT($,(78.2442468752771,10,-0));
#2437=DIRECTION($,(0,0,1));
#2438=VECTOR($,#2437,1);
#2439=LINE($,#2436,#2438);
#2440=EDGE_CURVE($,#169,#1211,#2439,.T.);
#2441=ORIENTED_EDGE($,$,$,#2440,.T.);
#2442=ORIENTED_EDGE($,$,$,#1216,.F.);
#2443=ORIENTED_EDGE($,$,$,#2423,.F.);
#2444=EDGE_LOOP($,(#2435,#2441,#2442,#2443));
#2445=FACE_OUTER_BOUND('',#2444,.T.);
#2446=ADVANCED_FACE('',(#2445),#2434,.T.);
#2447=CARTESIAN_POINT($,(78.2442468752771,10,0));
#2448=DIRECTION($,(0,-1,0));
#2449=DIRECTION($,(0,0,1));
#2450=AXIS2_PLACEMENT_3D($,#2447,#2448,#2449);
#2451=PLANE($,#2450);
#2452=ORIENTED_EDGE($,$,$,#182,.T.);
#2453=CARTESIAN_POINT($,(116.744246875277,10,0));
#2454=DIRECTION($,(0,0,1));
#2455=VECTOR($,#2454,1);
#2456=LINE($,#2453,#2455);
#2457=EDGE_CURVE($,#177,#1219,#2456,.T.);
#2458=ORIENTED_EDGE($,$,$,#2457,.T.);
#2459=ORIENTED_EDGE($,$,$,#1224,.F.);
#2460=ORIENTED_EDGE($,$,$,#2440,.F.);
#2461=EDGE_LOOP($,(#2452,#2458,#2459,#2460));
#2462=FACE_OUTER_BOUND('',#2461,.T.);
#2463=ADVANCED_FACE('',(#2462),#2451,.T.);
#2464=CARTESIAN_POINT($,(116.744246875277,16,0));
#2465=DIRECTION($,(0,0,1));
#2466=DIRECTION($,(1,0,0));
#2467=AXIS2_PLACEMENT_3D($,#2464,#2465,#2466);
#2468=CYLINDRICAL_SURFACE($,#2467,6);
#2469=ORIENTED_EDGE($,$,$,#192,.T.);
#2470=CARTESIAN_POINT($,(122.744246875277,16,0));
#2471=DIRECTION($,(0,0,1));
#2472=VECTOR($,#2471,1);
#2473=LINE($,#2470,#2472);
#2474=EDGE_CURVE($,#185,#1227,#2473,.T.);
#2475=ORIENTED_EDGE($,$,$,#2474,.T.);
#2476=ORIENTED_EDGE($,$,$,#1234,.F.);
#2477=ORIENTED_EDGE($,$,$,#2457,.F.);
#2478=EDGE_LOOP($,(#2469,#2475,#2476,#2477));
#2479=FACE_OUTER_BOUND('',#2478,.T.);
#2480=ADVANCED_FACE('',(#2479),#2468,.T.);
#2481=CARTESIAN_POINT($,(122.744246875277,16,0));
#2482=DIRECTION($,(1,0,0));
#2483=DIRECTION($,(0,0,1));
#2484=AXIS2_PLACEMENT_3D($,#2481,#2482,#2483);
#2485=PLANE($,#2484);
#2486=ORIENTED_EDGE($,$,$,#200,.T.);
#2487=CARTESIAN_POINT($,(122.744246875277,35,0));
#2488=DIRECTION($,(0,0,1));
#2489=VECTOR($,#2488,1);
#2490=LINE($,#2487,#2489);
#2491=EDGE_CURVE($,#195,#1237,#2490,.T.);
#2492=ORIENTED_EDGE($,$,$,#2491,.T.);
#2493=ORIENTED_EDGE($,$,$,#1242,.F.);
#2494=ORIENTED_EDGE($,$,$,#2474,.F.);
#2495=EDGE_LOOP($,(#2486,#2492,#2493,#2494));
#2496=FACE_OUTER_BOUND('',#2495,.T.);
#2497=ADVANCED_FACE('',(#2496),#2485,.T.);
#2498=CARTESIAN_POINT($,(128.660227186677,36.0005883045146,0));
#2499=DIRECTION($,(0,0,1));
#2500=DIRECTION($,(1,0,0));
#2501=AXIS2_PLACEMENT_3D($,#2498,#2499,#2500);
#2502=CYLINDRICAL_SURFACE($,#2501,6);
#2503=ORIENTED_EDGE($,$,$,#210,.T.);
#2504=CARTESIAN_POINT($,(128.744246875277,42,0));
#2505=DIRECTION($,(0,0,1));
#2506=VECTOR($,#2505,1);
#2507=LINE($,#2504,#2506);
#2508=EDGE_CURVE($,#203,#1245,#2507,.T.);
#2509=ORIENTED_EDGE($,$,$,#2508,.T.);
#2510=ORIENTED_EDGE($,$,$,#1252,.F.);
#2511=ORIENTED_EDGE($,$,$,#2491,.F.);
#2512=EDGE_LOOP($,(#2503,#2509,#2510,#2511));
#2513=FACE_OUTER_BOUND('',#2512,.T.);
#2514=ADVANCED_FACE('',(#2513),#2502,.T.);
#2515=CARTESIAN_POINT($,(128.744246875277,42,0));
#2516=DIRECTION($,(0,-1,0));
#2517=DIRECTION($,(0,0,1));
#2518=AXIS2_PLACEMENT_3D($,#2515,#2516,#2517);
#2519=PLANE($,#2518);
#2520=ORIENTED_EDGE($,$,$,#218,.T.);
#2521=CARTESIAN_POINT($,(242.744246875277,42,0));
#2522=DIRECTION($,(0,0,1));
#2523=VECTOR($,#2522,1);
#2524=LINE($,#2521,#2523);
#2525=EDGE_CURVE($,#213,#1255,#2524,.T.);
#2526=ORIENTED_EDGE($,$,$,#2525,.T.);
#2527=ORIENTED_EDGE($,$,$,#1260,.F.);
#2528=ORIENTED_EDGE($,$,$,#2508,.F.);
#2529=EDGE_LOOP($,(#2520,#2526,#2527,#2528));
#2530=FACE_OUTER_BOUND('',#2529,.T.);
#2531=ADVANCED_FACE('',(#2530),#2519,.T.);
#2532=CARTESIAN_POINT($,(242.828266563877,36.0005883045146,0));
#2533=DIRECTION($,(0,0,1));
#2534=DIRECTION($,(1,0,0));
#2535=AXIS2_PLACEMENT_3D($,#2532,#2533,#2534);
#2536=CYLINDRICAL_SURFACE($,#2535,6);
#2537=ORIENTED_EDGE($,$,$,#228,.T.);
#2538=CARTESIAN_POINT($,(248.744246875277,35,0));
#2539=DIRECTION($,(0,0,1));
#2540=VECTOR($,#2539,1);
#2541=LINE($,#2538,#2540);
#2542=EDGE_CURVE($,#221,#1263,#2541,.T.);
#2543=ORIENTED_EDGE($,$,$,#2542,.T.);
#2544=ORIENTED_EDGE($,$,$,#1270,.F.);
#2545=ORIENTED_EDGE($,$,$,#2525,.F.);
#2546=EDGE_LOOP($,(#2537,#2543,#2544,#2545));
#2547=FACE_OUTER_BOUND('',#2546,.T.);
#2548=ADVANCED_FACE('',(#2547),#2536,.T.);
#2549=CARTESIAN_POINT($,(248.744246875277,35,0));
#2550=DIRECTION($,(-1,0,0));
#2551=DIRECTION($,(0,0,1));
#2552=AXIS2_PLACEMENT_3D($,#2549,#2550,#2551);
#2553=PLANE($,#2552);
#2554=ORIENTED_EDGE($,$,$,#236,.T.);
#2555=CARTESIAN_POINT($,(248.744246875277,16,0));
#2556=DIRECTION($,(0,0,1));
#2557=VECTOR($,#2556,1);
#2558=LINE($,#2555,#2557);
#2559=EDGE_CURVE($,#231,#1273,#2558,.T.);
#2560=ORIENTED_EDGE($,$,$,#2559,.T.);
#2561=ORIENTED_EDGE($,$,$,#1278,.F.);
#2562=ORIENTED_EDGE($,$,$,#2542,.F.);
#2563=EDGE_LOOP($,(#2554,#2560,#2561,#2562));
#2564=FACE_OUTER_BOUND('',#2563,.T.);
#2565=ADVANCED_FACE('',(#2564),#2553,.T.);
#2566=CARTESIAN_POINT($,(254.744246875277,16,0));
#2567=DIRECTION($,(0,0,1));
#2568=DIRECTION($,(1,0,0));
#2569=AXIS2_PLACEMENT_3D($,#2566,#2567,#2568);
#2570=CYLINDRICAL_SURFACE($,#2569,6);
#2571=ORIENTED_EDGE($,$,$,#246,.T.);
#2572=CARTESIAN_POINT($,(254.744246875277,10,0));
#2573=DIRECTION($,(0,0,1));
#2574=VECTOR($,#2573,1);
#2575=LINE($,#2572,#2574);
#2576=EDGE_CURVE($,#239,#1281,#2575,.T.);
#2577=ORIENTED_EDGE($,$,$,#2576,.T.);
#2578=ORIENTED_EDGE($,$,$,#1288,.F.);
#2579=ORIENTED_EDGE($,$,$,#2559,.F.);
#2580=EDGE_LOOP($,(#2571,#2577,#2578,#2579));
#2581=FACE_OUTER_BOUND('',#2580,.T.);
#2582=ADVANCED_FACE('',(#2581),#2570,.T.);
#2583=CARTESIAN_POINT($,(254.744246875277,10,0));
#2584=DIRECTION($,(0,-1,0));
#2585=DIRECTION($,(0,0,1));
#2586=AXIS2_PLACEMENT_3D($,#2583,#2584,#2585);
#2587=PLANE($,#2586);
#2588=ORIENTED_EDGE($,$,$,#254,.T.);
#2589=CARTESIAN_POINT($,(293.244246875277,10,-0));
#2590=DIRECTION($,(0,0,1));
#2591=VECTOR($,#2590,1);
#2592=LINE($,#2589,#2591);
#2593=EDGE_CURVE($,#249,#1291,#2592,.T.);
#2594=ORIENTED_EDGE($,$,$,#2593,.T.);
#2595=ORIENTED_EDGE($,$,$,#1296,.F.);
#2596=ORIENTED_EDGE($,$,$,#2576,.F.);
#2597=EDGE_LOOP($,(#2588,#2594,#2595,#2596));
#2598=FACE_OUTER_BOUND('',#2597,.T.);
#2599=ADVANCED_FACE('',(#2598),#2587,.T.);
#2600=CARTESIAN_POINT($,(293.244246875277,10,0));
#2601=DIRECTION($,(0.707106781186547,-0.707106781186547,0));
#2602=DIRECTION($,(0,0,1));
#2603=AXIS2_PLACEMENT_3D($,#2600,#2601,#2602);
#2604=PLANE($,#2603);
#2605=ORIENTED_EDGE($,$,$,#262,.T.);
#2606=CARTESIAN_POINT($,(305.744246875277,22.5,-0));
#2607=DIRECTION($,(0,0,1));
#2608=VECTOR($,#2607,1);
#2609=LINE($,#2606,#2608);
#2610=EDGE_CURVE($,#257,#1299,#2609,.T.);
#2611=ORIENTED_EDGE($,$,$,#2610,.T.);
#2612=ORIENTED_EDGE($,$,$,#1304,.F.);
#2613=ORIENTED_EDGE($,$,$,#2593,.F.);
#2614=EDGE_LOOP($,(#2605,#2611,#2612,#2613));
#2615=FACE_OUTER_BOUND('',#2614,.T.);
#2616=ADVANCED_FACE('',(#2615),#2604,.T.);
#2617=CARTESIAN_POINT($,(305.744246875277,22.5,0));
#2618=DIRECTION($,(1,0,0));
#2619=DIRECTION($,(0,0,1));
#2620=AXIS2_PLACEMENT_3D($,#2617,#2618,#2619);
#2621=PLANE($,#2620);
#2622=ORIENTED_EDGE($,$,$,#270,.T.);
#2623=CARTESIAN_POINT($,(305.744246875277,54,0));
#2624=DIRECTION($,(0,0,1));
#2625=VECTOR($,#2624,1);
#2626=LINE($,#2623,#2625);
#2627=EDGE_CURVE($,#265,#1307,#2626,.T.);
#2628=ORIENTED_EDGE($,$,$,#2627,.T.);
#2629=ORIENTED_EDGE($,$,$,#1312,.F.);
#2630=ORIENTED_EDGE($,$,$,#2610,.F.);
#2631=EDGE_LOOP($,(#2622,#2628,#2629,#2630));
#2632=FACE_OUTER_BOUND('',#2631,.T.);
#2633=ADVANCED_FACE('',(#2632),#2621,.T.);
#2634=CARTESIAN_POINT($,(305.744246875277,54,0));
#2635=DIRECTION($,(1,0,0));
#2636=DIRECTION($,(0,0,1));
#2637=AXIS2_PLACEMENT_3D($,#2634,#2635,#2636);
#2638=PLANE($,#2637);
#2639=ORIENTED_EDGE($,$,$,#278,.T.);
#2640=CARTESIAN_POINT($,(305.744246875277,64.7442468752771,0));
#2641=DIRECTION($,(0,0,1));
#2642=VECTOR($,#2641,1);
#2643=LINE($,#2640,#2642);
#2644=EDGE_CURVE($,#273,#1315,#2643,.T.);
#2645=ORIENTED_EDGE($,$,$,#2644,.T.);
#2646=ORIENTED_EDGE($,$,$,#1320,.F.);
#2647=ORIENTED_EDGE($,$,$,#2627,.F.);
#2648=EDGE_LOOP($,(#2639,#2645,#2646,#2647));
#2649=FACE_OUTER_BOUND('',#2648,.T.);
#2650=ADVANCED_FACE('',(#2649),#2638,.T.);
#2651=CARTESIAN_POINT($,(305.744246875277,64.7442468752771,0));
#2652=DIRECTION($,(1,0,0));
#2653=DIRECTION($,(0,0,1));
#2654=AXIS2_PLACEMENT_3D($,#2651,#2652,#2653);
#2655=PLANE($,#2654);
#2656=ORIENTED_EDGE($,$,$,#286,.T.);
#2657=CARTESIAN_POINT($,(305.744246875277,114.244246875277,-0));
#2658=DIRECTION($,(0,0,1));
#2659=VECTOR($,#2658,1);
#2660=LINE($,#2657,#2659);
#2661=EDGE_CURVE($,#281,#1323,#2660,.T.);
#2662=ORIENTED_EDGE($,$,$,#2661,.T.);
#2663=ORIENTED_EDGE($,$,$,#1328,.F.);
#2664=ORIENTED_EDGE($,$,$,#2644,.F.);
#2665=EDGE_LOOP($,(#2656,#2662,#2663,#2664));
#2666=FACE_OUTER_BOUND('',#2665,.T.);
#2667=ADVANCED_FACE('',(#2666),#2655,.T.);
#2668=CARTESIAN_POINT($,(305.744246875277,114.244246875277,0));
#2669=DIRECTION($,(0,1,0));
#2670=DIRECTION($,(0,0,1));
#2671=AXIS2_PLACEMENT_3D($,#2668,#2669,#2670);
#2672=PLANE($,#2671);
#2673=ORIENTED_EDGE($,$,$,#294,.T.);
#2674=CARTESIAN_POINT($,(296.744246875277,114.244246875277,0));
#2675=DIRECTION($,(0,0,1));
#2676=VECTOR($,#2675,1);
#2677=LINE($,#2674,#2676);
#2678=EDGE_CURVE($,#289,#1331,#2677,.T.);
#2679=ORIENTED_EDGE($,$,$,#2678,.T.);
#2680=ORIENTED_EDGE($,$,$,#1336,.F.);
#2681=ORIENTED_EDGE($,$,$,#2661,.F.);
#2682=EDGE_LOOP($,(#2673,#2679,#2680,#2681));
#2683=FACE_OUTER_BOUND('',#2682,.T.);
#2684=ADVANCED_FACE('',(#2683),#2672,.T.);
#2685=CARTESIAN_POINT($,(296.744246875277,114.244246875277,0));
#2686=DIRECTION($,(1,0,0));
#2687=DIRECTION($,(0,0,1));
#2688=AXIS2_PLACEMENT_3D($,#2685,#2686,#2687);
#2689=PLANE($,#2688);
#2690=ORIENTED_EDGE($,$,$,#302,.T.);
#2691=CARTESIAN_POINT($,(296.744246875277,126.744246875277,0));
#2692=DIRECTION($,(0,0,1));
#2693=VECTOR($,#2692,1);
#2694=LINE($,#2691,#2693);
#2695=EDGE_CURVE($,#297,#1339,#2694,.T.);
#2696=ORIENTED_EDGE($,$,$,#2695,.T.);
#2697=ORIENTED_EDGE($,$,$,#1344,.F.);
#2698=ORIENTED_EDGE($,$,$,#2678,.F.);
#2699=EDGE_LOOP($,(#2690,#2696,#2697,#2698));
#2700=FACE_OUTER_BOUND('',#2699,.T.);
#2701=ADVANCED_FACE('',(#2700),#2689,.T.);
#2702=CARTESIAN_POINT($,(296.744246875277,126.744246875277,0));
#2703=DIRECTION($,(1,0,0));
#2704=DIRECTION($,(0,0,1));
#2705=AXIS2_PLACEMENT_3D($,#2702,#2703,#2704);
#2706=PLANE($,#2705);
#2707=ORIENTED_EDGE($,$,$,#310,.T.);
#2708=CARTESIAN_POINT($,(296.744246875277,137.488493750554,0));
#2709=DIRECTION($,(0,0,1));
#2710=VECTOR($,#2709,1);
#2711=LINE($,#2708,#2710);
#2712=EDGE_CURVE($,#305,#1347,#2711,.T.);
#2713=ORIENTED_EDGE($,$,$,#2712,.T.);
#2714=ORIENTED_EDGE($,$,$,#1352,.F.);
#2715=ORIENTED_EDGE($,$,$,#2695,.F.);
#2716=EDGE_LOOP($,(#2707,#2713,#2714,#2715));
#2717=FACE_OUTER_BOUND('',#2716,.T.);
#2718=ADVANCED_FACE('',(#2717),#2706,.T.);
#2719=CARTESIAN_POINT($,(296.744246875277,137.488493750554,0));
#2720=DIRECTION($,(0,-1,0));
#2721=DIRECTION($,(0,0,1));
#2722=AXIS2_PLACEMENT_3D($,#2719,#2720,#2721);
#2723=PLANE($,#2722);
#2724=ORIENTED_EDGE($,$,$,#318,.T.);
#2725=CARTESIAN_POINT($,(305.744246875277,137.488493750554,0));
#2726=DIRECTION($,(0,0,1));
#2727=VECTOR($,#2726,1);
#2728=LINE($,#2725,#2727);
#2729=EDGE_CURVE($,#313,#1355,#2728,.T.);
#2730=ORIENTED_EDGE($,$,$,#2729,.T.);
#2731=ORIENTED_EDGE($,$,$,#1360,.F.);
#2732=ORIENTED_EDGE($,$,$,#2712,.F.);
#2733=EDGE_LOOP($,(#2724,#2730,#2731,#2732));
#2734=FACE_OUTER_BOUND('',#2733,.T.);
#2735=ADVANCED_FACE('',(#2734),#2723,.T.);
#2736=CARTESIAN_POINT($,(305.744246875277,137.488493750554,0));
#2737=DIRECTION($,(0,-1,0));
#2738=DIRECTION($,(0,0,1));
#2739=AXIS2_PLACEMENT_3D($,#2736,#2737,#2738);
#2740=PLANE($,#2739);
#2741=ORIENTED_EDGE($,$,$,#326,.T.);
#2742=CARTESIAN_POINT($,(316.488493750554,137.488493750554,0));
#2743=DIRECTION($,(0,0,1));
#2744=VECTOR($,#2743,1);
#2745=LINE($,#2742,#2744);
#2746=EDGE_CURVE($,#321,#1363,#2745,.T.);
#2747=ORIENTED_EDGE($,$,$,#2746,.T.);
#2748=ORIENTED_EDGE($,$,$,#1368,.F.);
#2749=ORIENTED_EDGE($,$,$,#2729,.F.);
#2750=EDGE_LOOP($,(#2741,#2747,#2748,#2749));
#2751=FACE_OUTER_BOUND('',#2750,.T.);
#2752=ADVANCED_FACE('',(#2751),#2740,.T.);
#2753=CARTESIAN_POINT($,(316.488493750554,137.488493750554,0));
#2754=DIRECTION($,(0,-1,0));
#2755=DIRECTION($,(0,0,1));
#2756=AXIS2_PLACEMENT_3D($,#2753,#2754,#2755);
#2757=PLANE($,#2756);
#2758=ORIENTED_EDGE($,$,$,#334,.T.);
#2759=CARTESIAN_POINT($,(335.988493750554,137.488493750554,0));
#2760=DIRECTION($,(0,0,1));
#2761=VECTOR($,#2760,1);
#2762=LINE($,#2759,#2761);
#2763=EDGE_CURVE($,#329,#1371,#2762,.T.);
#2764=ORIENTED_EDGE($,$,$,#2763,.T.);
#2765=ORIENTED_EDGE($,$,$,#1376,.F.);
#2766=ORIENTED_EDGE($,$,$,#2746,.F.);
#2767=EDGE_LOOP($,(#2758,#2764,#2765,#2766));
#2768=FACE_OUTER_BOUND('',#2767,.T.);
#2769=ADVANCED_FACE('',(#2768),#2757,.T.);
#2770=CARTESIAN_POINT($,(335.988493750554,149.988493750554,0));
#2771=DIRECTION($,(0,0,1));
#2772=DIRECTION($,(1,0,0));
#2773=AXIS2_PLACEMENT_3D($,#2770,#2771,#2772);
#2774=CYLINDRICAL_SURFACE($,#2773,12.5);
#2775=ORIENTED_EDGE($,$,$,#344,.T.);
#2776=CARTESIAN_POINT($,(348.488493750554,149.988493750554,0));
#2777=DIRECTION($,(0,0,1));
#2778=VECTOR($,#2777,1);
#2779=LINE($,#2776,#2778);
#2780=EDGE_CURVE($,#337,#1379,#2779,.T.);
#2781=ORIENTED_EDGE($,$,$,#2780,.T.);
#2782=ORIENTED_EDGE($,$,$,#1386,.F.);
#2783=ORIENTED_EDGE($,$,$,#2763,.F.);
#2784=EDGE_LOOP($,(#2775,#2781,#2782,#2783));
#2785=FACE_OUTER_BOUND('',#2784,.T.);
#2786=ADVANCED_FACE('',(#2785),#2774,.T.);
#2787=CARTESIAN_POINT($,(348.488493750554,149.988493750554,0));
#2788=DIRECTION($,(1,0,0));
#2789=DIRECTION($,(0,0,1));
#2790=AXIS2_PLACEMENT_3D($,#2787,#2788,#2789);
#2791=PLANE($,#2790);
#2792=ORIENTED_EDGE($,$,$,#352,.T.);
#2793=CARTESIAN_POINT($,(348.488493750554,180.988493750554,-0));
#2794=DIRECTION($,(0,0,1));
#2795=VECTOR($,#2794,1);
#2796=LINE($,#2793,#2795);
#2797=EDGE_CURVE($,#347,#1389,#2796,.T.);
#2798=ORIENTED_EDGE($,$,$,#2797,.T.);
#2799=ORIENTED_EDGE($,$,$,#1394,.F.);
#2800=ORIENTED_EDGE($,$,$,#2780,.F.);
#2801=EDGE_LOOP($,(#2792,#2798,#2799,#2800));
#2802=FACE_OUTER_BOUND('',#2801,.T.);
#2803=ADVANCED_FACE('',(#2802),#2791,.T.);
#2804=CARTESIAN_POINT($,(348.488493750554,180.988493750554,0));
#2805=DIRECTION($,(0.707106781186547,0.707106781186547,0));
#2806=DIRECTION($,(0,0,1));
#2807=AXIS2_PLACEMENT_3D($,#2804,#2805,#2806);
#2808=PLANE($,#2807);
#2809=ORIENTED_EDGE($,$,$,#360,.T.);
#2810=CARTESIAN_POINT($,(333.488493750554,195.988493750554,0));
#2811=DIRECTION($,(0,0,1));
#2812=VECTOR($,#2811,1);
#2813=LINE($,#2810,#2812);
#2814=EDGE_CURVE($,#355,#1397,#2813,.T.);
#2815=ORIENTED_EDGE($,$,$,#2814,.T.);
#2816=ORIENTED_EDGE($,$,$,#1402,.F.);
#2817=ORIENTED_EDGE($,$,$,#2797,.F.);
#2818=EDGE_LOOP($,(#2809,#2815,#2816,#2817));
#2819=FACE_OUTER_BOUND('',#2818,.T.);
#2820=ADVANCED_FACE('',(#2819),#2808,.T.);
#2821=CARTESIAN_POINT($,(333.488493750554,195.988493750554,0));
#2822=DIRECTION($,(1,0,0));
#2823=DIRECTION($,(0,0,1));
#2824=AXIS2_PLACEMENT_3D($,#2821,#2822,#2823);
#2825=PLANE($,#2824);
#2826=ORIENTED_EDGE($,$,$,#368,.T.);
#2827=CARTESIAN_POINT($,(333.488493750554,259.988493750554,0));
#2828=DIRECTION($,(0,0,1));
#2829=VECTOR($,#2828,1);
#2830=LINE($,#2827,#2829);
#2831=EDGE_CURVE($,#363,#1405,#2830,.T.);
#2832=ORIENTED_EDGE($,$,$,#2831,.T.);
#2833=ORIENTED_EDGE($,$,$,#1410,.F.);
#2834=ORIENTED_EDGE($,$,$,#2814,.F.);
#2835=EDGE_LOOP($,(#2826,#2832,#2833,#2834));
#2836=FACE_OUTER_BOUND('',#2835,.T.);
#2837=ADVANCED_FACE('',(#2836),#2825,.T.);
#2838=CARTESIAN_POINT($,(333.488493750554,259.988493750554,0));
#2839=DIRECTION($,(0,-1,0));
#2840=DIRECTION($,(0,0,1));
#2841=AXIS2_PLACEMENT_3D($,#2838,#2839,#2840);
#2842=PLANE($,#2841);
#2843=ORIENTED_EDGE($,$,$,#376,.T.);
#2844=CARTESIAN_POINT($,(345.488493750554,259.988493750554,0));
#2845=DIRECTION($,(0,0,1));
#2846=VECTOR($,#2845,1);
#2847=LINE($,#2844,#2846);
#2848=EDGE_CURVE($,#371,#1413,#2847,.T.);
#2849=ORIENTED_EDGE($,$,$,#2848,.T.);
#2850=ORIENTED_EDGE($,$,$,#1418,.F.);
#2851=ORIENTED_EDGE($,$,$,#2831,.F.);
#2852=EDGE_LOOP($,(#2843,#2849,#2850,#2851));
#2853=FACE_OUTER_BOUND('',#2852,.T.);
#2854=ADVANCED_FACE('',(#2853),#2842,.T.);
#2855=CARTESIAN_POINT($,(345.488493750554,259.988493750554,0));
#2856=DIRECTION($,(0,-1,0));
#2857=DIRECTION($,(0,0,1));
#2858=AXIS2_PLACEMENT_3D($,#2855,#2856,#2857);
#2859=PLANE($,#2858);
#2860=ORIENTED_EDGE($,$,$,#384,.T.);
#2861=CARTESIAN_POINT($,(350.860617188193,259.988493750554,0));
#2862=DIRECTION($,(0,0,1));
#2863=VECTOR($,#2862,1);
#2864=LINE($,#2861,#2863);
#2865=EDGE_CURVE($,#379,#1421,#2864,.T.);
#2866=ORIENTED_EDGE($,$,$,#2865,.T.);
#2867=ORIENTED_EDGE($,$,$,#1426,.F.);
#2868=ORIENTED_EDGE($,$,$,#2848,.F.);
#2869=EDGE_LOOP($,(#2860,#2866,#2867,#2868));
#2870=FACE_OUTER_BOUND('',#2869,.T.);
#2871=ADVANCED_FACE('',(#2870),#2859,.T.);
#2872=CARTESIAN_POINT($,(350.860617188193,259.988493750554,0));
#2873=DIRECTION($,(0,-1,0));
#2874=DIRECTION($,(0,0,1));
#2875=AXIS2_PLACEMENT_3D($,#2872,#2873,#2874);
#2876=PLANE($,#2875);
#2877=ORIENTED_EDGE($,$,$,#392,.T.);
#2878=CARTESIAN_POINT($,(399.860617188193,259.988493750554,0));
#2879=DIRECTION($,(0,0,1));
#2880=VECTOR($,#2879,1);
#2881=LINE($,#2878,#2880);
#2882=EDGE_CURVE($,#387,#1429,#2881,.T.);
#2883=ORIENTED_EDGE($,$,$,#2882,.T.);
#2884=ORIENTED_EDGE($,$,$,#1434,.F.);
#2885=ORIENTED_EDGE($,$,$,#2865,.F.);
#2886=EDGE_LOOP($,(#2877,#2883,#2884,#2885));
#2887=FACE_OUTER_BOUND('',#2886,.T.);
#2888=ADVANCED_FACE('',(#2887),#2876,.T.);
#2889=CARTESIAN_POINT($,(399.860617188193,272.488493750554,0));
#2890=DIRECTION($,(0,0,1));
#2891=DIRECTION($,(1,0,0));
#2892=AXIS2_PLACEMENT_3D($,#2889,#2890,#2891);
#2893=CYLINDRICAL_SURFACE($,#2892,12.5);
#2894=ORIENTED_EDGE($,$,$,#402,.T.);
#2895=CARTESIAN_POINT($,(412.360617188193,272.488493750554,0));
#2896=DIRECTION($,(0,0,1));
#2897=VECTOR($,#2896,1);
#2898=LINE($,#2895,#2897);
#2899=EDGE_CURVE($,#395,#1437,#2898,.T.);
#2900=ORIENTED_EDGE($,$,$,#2899,.T.);
#2901=ORIENTED_EDGE($,$,$,#1444,.F.);
#2902=ORIENTED_EDGE($,$,$,#2882,.F.);
#2903=EDGE_LOOP($,(#2894,#2900,#2901,#2902));
#2904=FACE_OUTER_BOUND('',#2903,.T.);
#2905=ADVANCED_FACE('',(#2904),#2893,.T.);
#2906=CARTESIAN_POINT($,(412.360617188193,272.488493750554,0));
#2907=DIRECTION($,(1,0,0));
#2908=DIRECTION($,(0,0,1));
#2909=AXIS2_PLACEMENT_3D($,#2906,#2907,#2908);
#2910=PLANE($,#2909);
#2911=ORIENTED_EDGE($,$,$,#410,.T.);
#2912=CARTESIAN_POINT($,(412.360617188193,372.488493750554,0));
#2913=DIRECTION($,(0,0,1));
#2914=VECTOR($,#2913,1);
#2915=LINE($,#2912,#2914);
#2916=EDGE_CURVE($,#405,#1447,#2915,.T.);
#2917=ORIENTED_EDGE($,$,$,#2916,.T.);
#2918=ORIENTED_EDGE($,$,$,#1452,.F.);
#2919=ORIENTED_EDGE($,$,$,#2899,.F.);
#2920=EDGE_LOOP($,(#2911,#2917,#2918,#2919));
#2921=FACE_OUTER_BOUND('',#2920,.T.);
#2922=ADVANCED_FACE('',(#2921),#2910,.T.);
#2923=CARTESIAN_POINT($,(399.860617188193,372.488493750554,0));
#2924=DIRECTION($,(0,0,1));
#2925=DIRECTION($,(1,0,0));
#2926=AXIS2_PLACEMENT_3D($,#2923,#2924,#2925);
#2927=CYLINDRICAL_SURFACE($,#2926,12.5);
#2928=ORIENTED_EDGE($,$,$,#420,.T.);
#2929=CARTESIAN_POINT($,(399.860617188193,384.988493750554,0));
#2930=DIRECTION($,(0,0,1));
#2931=VECTOR($,#2930,1);
#2932=LINE($,#2929,#2931);
#2933=EDGE_CURVE($,#413,#1455,#2932,.T.);
#2934=ORIENTED_EDGE($,$,$,#2933,.T.);
#2935=ORIENTED_EDGE($,$,$,#1462,.F.);
#2936=ORIENTED_EDGE($,$,$,#2916,.F.);
#2937=EDGE_LOOP($,(#2928,#2934,#2935,#2936));
#2938=FACE_OUTER_BOUND('',#2937,.T.);
#2939=ADVANCED_FACE('',(#2938),#2927,.T.);
#2940=CARTESIAN_POINT($,(399.860617188193,384.988493750554,0));
#2941=DIRECTION($,(0,1,0));
#2942=DIRECTION($,(0,0,1));
#2943=AXIS2_PLACEMENT_3D($,#2940,#2941,#2942);
#2944=PLANE($,#2943);
#2945=ORIENTED_EDGE($,$,$,#428,.T.);
#2946=CARTESIAN_POINT($,(350.860617188193,384.988493750554,0));
#2947=DIRECTION($,(0,0,1));
#2948=VECTOR($,#2947,1);
#2949=LINE($,#2946,#2948);
#2950=EDGE_CURVE($,#423,#1465,#2949,.T.);
#2951=ORIENTED_EDGE($,$,$,#2950,.T.);
#2952=ORIENTED_EDGE($,$,$,#1470,.F.);
#2953=ORIENTED_EDGE($,$,$,#2933,.F.);
#2954=EDGE_LOOP($,(#2945,#2951,#2952,#2953));
#2955=FACE_OUTER_BOUND('',#2954,.T.);
#2956=ADVANCED_FACE('',(#2955),#2944,.T.);
#2957=CARTESIAN_POINT($,(350.860617188193,384.988493750554,0));
#2958=DIRECTION($,(0,1,0));
#2959=DIRECTION($,(0,0,1));
#2960=AXIS2_PLACEMENT_3D($,#2957,#2958,#2959);
#2961=PLANE($,#2960);
#2962=ORIENTED_EDGE($,$,$,#436,.T.);
#2963=CARTESIAN_POINT($,(345.488493750554,384.988493750554,0));
#2964=DIRECTION($,(0,0,1));
#2965=VECTOR($,#2964,1);
#2966=LINE($,#2963,#2965);
#2967=EDGE_CURVE($,#431,#1473,#2966,.T.);
#2968=ORIENTED_EDGE($,$,$,#2967,.T.);
#2969=ORIENTED_EDGE($,$,$,#1478,.F.);
#2970=ORIENTED_EDGE($,$,$,#2950,.F.);
#2971=EDGE_LOOP($,(#2962,#2968,#2969,#2970));
#2972=FACE_OUTER_BOUND('',#2971,.T.);
#2973=ADVANCED_FACE('',(#2972),#2961,.T.);
#2974=CARTESIAN_POINT($,(345.488493750554,384.988493750554,0));
#2975=DIRECTION($,(0,1,0));
#2976=DIRECTION($,(0,0,1));
#2977=AXIS2_PLACEMENT_3D($,#2974,#2975,#2976);
#2978=PLANE($,#2977);
#2979=ORIENTED_EDGE($,$,$,#444,.T.);
#2980=CARTESIAN_POINT($,(333.488493750554,384.988493750554,0));
#2981=DIRECTION($,(0,0,1));
#2982=VECTOR($,#2981,1);
#2983=LINE($,#2980,#2982);
#2984=EDGE_CURVE($,#439,#1481,#2983,.T.);
#2985=ORIENTED_EDGE($,$,$,#2984,.T.);
#2986=ORIENTED_EDGE($,$,$,#1486,.F.);
#2987=ORIENTED_EDGE($,$,$,#2967,.F.);
#2988=EDGE_LOOP($,(#2979,#2985,#2986,#2987));
#2989=FACE_OUTER_BOUND('',#2988,.T.);
#2990=ADVANCED_FACE('',(#2989),#2978,.T.);
#2991=CARTESIAN_POINT($,(333.488493750554,384.988493750554,0));
#2992=DIRECTION($,(1,0,0));
#2993=DIRECTION($,(0,0,1));
#2994=AXIS2_PLACEMENT_3D($,#2991,#2992,#2993);
#2995=PLANE($,#2994);
#2996=ORIENTED_EDGE($,$,$,#452,.T.);
#2997=CARTESIAN_POINT($,(333.488493750554,448.988493750554,0));
#2998=DIRECTION($,(0,0,1));
#2999=VECTOR($,#2998,1);
#3000=LINE($,#2997,#2999);
#3001=EDGE_CURVE($,#447,#1489,#3000,.T.);
#3002=ORIENTED_EDGE($,$,$,#3001,.T.);
#3003=ORIENTED_EDGE($,$,$,#1494,.F.);
#3004=ORIENTED_EDGE($,$,$,#2984,.F.);
#3005=EDGE_LOOP($,(#2996,#3002,#3003,#3004));
#3006=FACE_OUTER_BOUND('',#3005,.T.);
#3007=ADVANCED_FACE('',(#3006),#2995,.T.);
#3008=CARTESIAN_POINT($,(333.488493750554,448.988493750554,0));
#3009=DIRECTION($,(0.707106781186547,-0.707106781186547,0));
#3010=DIRECTION($,(0,0,1));
#3011=AXIS2_PLACEMENT_3D($,#3008,#3009,#3010);
#3012=PLANE($,#3011);
#3013=ORIENTED_EDGE($,$,$,#460,.T.);
#3014=CARTESIAN_POINT($,(348.488493750554,463.988493750554,-0));
#3015=DIRECTION($,(0,0,1));
#3016=VECTOR($,#3015,1);
#3017=LINE($,#3014,#3016);
#3018=EDGE_CURVE($,#455,#1497,#3017,.T.);
#3019=ORIENTED_EDGE($,$,$,#3018,.T.);
#3020=ORIENTED_EDGE($,$,$,#1502,.F.);
#3021=ORIENTED_EDGE($,$,$,#3001,.F.);
#3022=EDGE_LOOP($,(#3013,#3019,#3020,#3021));
#3023=FACE_OUTER_BOUND('',#3022,.T.);
#3024=ADVANCED_FACE('',(#3023),#3012,.T.);
#3025=CARTESIAN_POINT($,(348.488493750554,463.988493750554,0));
#3026=DIRECTION($,(1,0,0));
#3027=DIRECTION($,(0,0,1));
#3028=AXIS2_PLACEMENT_3D($,#3025,#3026,#3027);
#3029=PLANE($,#3028);
#3030=ORIENTED_EDGE($,$,$,#468,.T.);
#3031=CARTESIAN_POINT($,(348.488493750554,494.988493750554,0));
#3032=DIRECTION($,(0,0,1));
#3033=VECTOR($,#3032,1);
#3034=LINE($,#3031,#3033);
#3035=EDGE_CURVE($,#463,#1505,#3034,.T.);
#3036=ORIENTED_EDGE($,$,$,#3035,.T.);
#3037=ORIENTED_EDGE($,$,$,#1510,.F.);
#3038=ORIENTED_EDGE($,$,$,#3018,.F.);
#3039=EDGE_LOOP($,(#3030,#3036,#3037,#3038));
#3040=FACE_OUTER_BOUND('',#3039,.T.);
#3041=ADVANCED_FACE('',(#3040),#3029,.T.);
#3042=CARTESIAN_POINT($,(335.988493750554,494.988493750554,0));
#3043=DIRECTION($,(0,0,1));
#3044=DIRECTION($,(1,0,0));
#3045=AXIS2_PLACEMENT_3D($,#3042,#3043,#3044);
#3046=CYLINDRICAL_SURFACE($,#3045,12.5);
#3047=ORIENTED_EDGE($,$,$,#478,.T.);
#3048=CARTESIAN_POINT($,(335.988493750554,507.488493750554,0));
#3049=DIRECTION($,(0,0,1));
#3050=VECTOR($,#3049,1);
#3051=LINE($,#3048,#3050);
#3052=EDGE_CURVE($,#471,#1513,#3051,.T.);
#3053=ORIENTED_EDGE($,$,$,#3052,.T.);
#3054=ORIENTED_EDGE($,$,$,#1520,.F.);
#3055=ORIENTED_EDGE($,$,$,#3035,.F.);
#3056=EDGE_LOOP($,(#3047,#3053,#3054,#3055));
#3057=FACE_OUTER_BOUND('',#3056,.T.);
#3058=ADVANCED_FACE('',(#3057),#3046,.T.);
#3059=CARTESIAN_POINT($,(335.988493750554,507.488493750554,0));
#3060=DIRECTION($,(0,1,0));
#3061=DIRECTION($,(0,0,1));
#3062=AXIS2_PLACEMENT_3D($,#3059,#3060,#3061);
#3063=PLANE($,#3062);
#3064=ORIENTED_EDGE($,$,$,#486,.T.);
#3065=CARTESIAN_POINT($,(316.488493750554,507.488493750554,0));
#3066=DIRECTION($,(0,0,1));
#3067=VECTOR($,#3066,1);
#3068=LINE($,#3065,#3067);
#3069=EDGE_CURVE($,#481,#1523,#3068,.T.);
#3070=ORIENTED_EDGE($,$,$,#3069,.T.);
#3071=ORIENTED_EDGE($,$,$,#1528,.F.);
#3072=ORIENTED_EDGE($,$,$,#3052,.F.);
#3073=EDGE_LOOP($,(#3064,#3070,#3071,#3072));
#3074=FACE_OUTER_BOUND('',#3073,.T.);
#3075=ADVANCED_FACE('',(#3074),#3063,.T.);
#3076=CARTESIAN_POINT($,(316.488493750554,507.488493750554,0));
#3077=DIRECTION($,(0,1,0));
#3078=DIRECTION($,(0,0,1));
#3079=AXIS2_PLACEMENT_3D($,#3076,#3077,#3078);
#3080=PLANE($,#3079);
#3081=ORIENTED_EDGE($,$,$,#494,.T.);
#3082=CARTESIAN_POINT($,(305.744246875277,507.488493750554,0));
#3083=DIRECTION($,(0,0,1));
#3084=VECTOR($,#3083,1);
#3085=LINE($,#3082,#3084);
#3086=EDGE_CURVE($,#489,#1531,#3085,.T.);
#3087=ORIENTED_EDGE($,$,$,#3086,.T.);
#3088=ORIENTED_EDGE($,$,$,#1536,.F.);
#3089=ORIENTED_EDGE($,$,$,#3069,.F.);
#3090=EDGE_LOOP($,(#3081,#3087,#3088,#3089));
#3091=FACE_OUTER_BOUND('',#3090,.T.);
#3092=ADVANCED_FACE('',(#3091),#3080,.T.);
#3093=CARTESIAN_POINT($,(305.744246875277,507.488493750554,0));
#3094=DIRECTION($,(0,1,0));
#3095=DIRECTION($,(0,0,1));
#3096=AXIS2_PLACEMENT_3D($,#3093,#3094,#3095);
#3097=PLANE($,#3096);
#3098=ORIENTED_EDGE($,$,$,#502,.T.);
#3099=CARTESIAN_POINT($,(296.744246875277,507.488493750554,0));
#3100=DIRECTION($,(0,0,1));
#3101=VECTOR($,#3100,1);
#3102=LINE($,#3099,#3101);
#3103=EDGE_CURVE($,#497,#1539,#3102,.T.);
#3104=ORIENTED_EDGE($,$,$,#3103,.T.);
#3105=ORIENTED_EDGE($,$,$,#1544,.F.);
#3106=ORIENTED_EDGE($,$,$,#3086,.F.);
#3107=EDGE_LOOP($,(#3098,#3104,#3105,#3106));
#3108=FACE_OUTER_BOUND('',#3107,.T.);
#3109=ADVANCED_FACE('',(#3108),#3097,.T.);
#3110=CARTESIAN_POINT($,(296.744246875277,507.488493750554,0));
#3111=DIRECTION($,(1,0,0));
#3112=DIRECTION($,(0,0,1));
#3113=AXIS2_PLACEMENT_3D($,#3110,#3111,#3112);
#3114=PLANE($,#3113);
#3115=ORIENTED_EDGE($,$,$,#510,.T.);
#3116=CARTESIAN_POINT($,(296.744246875277,518.232740625831,0));
#3117=DIRECTION($,(0,0,1));
#3118=VECTOR($,#3117,1);
#3119=LINE($,#3116,#3118);
#3120=EDGE_CURVE($,#505,#1547,#3119,.T.);
#3121=ORIENTED_EDGE($,$,$,#3120,.T.);
#3122=ORIENTED_EDGE($,$,$,#1552,.F.);
#3123=ORIENTED_EDGE($,$,$,#3103,.F.);
#3124=EDGE_LOOP($,(#3115,#3121,#3122,#3123));
#3125=FACE_OUTER_BOUND('',#3124,.T.);
#3126=ADVANCED_FACE('',(#3125),#3114,.T.);
#3127=CARTESIAN_POINT($,(296.744246875277,518.232740625831,0));
#3128=DIRECTION($,(1,0,0));
#3129=DIRECTION($,(0,0,1));
#3130=AXIS2_PLACEMENT_3D($,#3127,#3128,#3129);
#3131=PLANE($,#3130);
#3132=ORIENTED_EDGE($,$,$,#518,.T.);
#3133=CARTESIAN_POINT($,(296.744246875277,530.732740625831,0));
#3134=DIRECTION($,(0,0,1));
#3135=VECTOR($,#3134,1);
#3136=LINE($,#3133,#3135);
#3137=EDGE_CURVE($,#513,#1555,#3136,.T.);
#3138=ORIENTED_EDGE($,$,$,#3137,.T.);
#3139=ORIENTED_EDGE($,$,$,#1560,.F.);
#3140=ORIENTED_EDGE($,$,$,#3120,.F.);
#3141=EDGE_LOOP($,(#3132,#3138,#3139,#3140));
#3142=FACE_OUTER_BOUND('',#3141,.T.);
#3143=ADVANCED_FACE('',(#3142),#3131,.T.);
#3144=CARTESIAN_POINT($,(296.744246875277,530.732740625831,0));
#3145=DIRECTION($,(0,-1,0));
#3146=DIRECTION($,(0,0,1));
#3147=AXIS2_PLACEMENT_3D($,#3144,#3145,#3146);
#3148=PLANE($,#3147);
#3149=ORIENTED_EDGE($,$,$,#526,.T.);
#3150=CARTESIAN_POINT($,(305.744246875277,530.732740625831,-0));
#3151=DIRECTION($,(0,0,1));
#3152=VECTOR($,#3151,1);
#3153=LINE($,#3150,#3152);
#3154=EDGE_CURVE($,#521,#1563,#3153,.T.);
#3155=ORIENTED_EDGE($,$,$,#3154,.T.);
#3156=ORIENTED_EDGE($,$,$,#1568,.F.);
#3157=ORIENTED_EDGE($,$,$,#3137,.F.);
#3158=EDGE_LOOP($,(#3149,#3155,#3156,#3157));
#3159=FACE_OUTER_BOUND('',#3158,.T.);
#3160=ADVANCED_FACE('',(#3159),#3148,.T.);
#3161=CARTESIAN_POINT($,(305.744246875277,530.732740625831,0));
#3162=DIRECTION($,(1,0,0));
#3163=DIRECTION($,(0,0,1));
#3164=AXIS2_PLACEMENT_3D($,#3161,#3162,#3163);
#3165=PLANE($,#3164);
#3166=ORIENTED_EDGE($,$,$,#534,.T.);
#3167=CARTESIAN_POINT($,(305.744246875277,580.232740625831,0));
#3168=DIRECTION($,(0,0,1));
#3169=VECTOR($,#3168,1);
#3170=LINE($,#3167,#3169);
#3171=EDGE_CURVE($,#529,#1571,#3170,.T.);
#3172=ORIENTED_EDGE($,$,$,#3171,.T.);
#3173=ORIENTED_EDGE($,$,$,#1576,.F.);
#3174=ORIENTED_EDGE($,$,$,#3154,.F.);
#3175=EDGE_LOOP($,(#3166,#3172,#3173,#3174));
#3176=FACE_OUTER_BOUND('',#3175,.T.);
#3177=ADVANCED_FACE('',(#3176),#3165,.T.);
#3178=CARTESIAN_POINT($,(305.744246875277,580.232740625831,0));
#3179=DIRECTION($,(1,0,0));
#3180=DIRECTION($,(0,0,1));
#3181=AXIS2_PLACEMENT_3D($,#3178,#3179,#3180);
#3182=PLANE($,#3181);
#3183=ORIENTED_EDGE($,$,$,#542,.T.);
#3184=CARTESIAN_POINT($,(305.744246875277,590.976987501108,0));
#3185=DIRECTION($,(0,0,1));
#3186=VECTOR($,#3185,1);
#3187=LINE($,#3184,#3186);
#3188=EDGE_CURVE($,#537,#1579,#3187,.T.);
#3189=ORIENTED_EDGE($,$,$,#3188,.T.);
#3190=ORIENTED_EDGE($,$,$,#1584,.F.);
#3191=ORIENTED_EDGE($,$,$,#3171,.F.);
#3192=EDGE_LOOP($,(#3183,#3189,#3190,#3191));
#3193=FACE_OUTER_BOUND('',#3192,.T.);
#3194=ADVANCED_FACE('',(#3193),#3182,.T.);
#3195=CARTESIAN_POINT($,(305.744246875277,590.976987501108,0));
#3196=DIRECTION($,(1,0,0));
#3197=DIRECTION($,(0,0,1));
#3198=AXIS2_PLACEMENT_3D($,#3195,#3196,#3197);
#3199=PLANE($,#3198);
#3200=ORIENTED_EDGE($,$,$,#550,.T.);
#3201=CARTESIAN_POINT($,(305.744246875277,622.476987501108,-0));
#3202=DIRECTION($,(0,0,1));
#3203=VECTOR($,#3202,1);
#3204=LINE($,#3201,#3203);
#3205=EDGE_CURVE($,#545,#1587,#3204,.T.);
#3206=ORIENTED_EDGE($,$,$,#3205,.T.);
#3207=ORIENTED_EDGE($,$,$,#1592,.F.);
#3208=ORIENTED_EDGE($,$,$,#3188,.F.);
#3209=EDGE_LOOP($,(#3200,#3206,#3207,#3208));
#3210=FACE_OUTER_BOUND('',#3209,.T.);
#3211=ADVANCED_FACE('',(#3210),#3199,.T.);
#3212=CARTESIAN_POINT($,(305.744246875277,622.476987501108,0));
#3213=DIRECTION($,(0.707106781186547,0.707106781186547,0));
#3214=DIRECTION($,(0,0,1));
#3215=AXIS2_PLACEMENT_3D($,#3212,#3213,#3214);
#3216=PLANE($,#3215);
#3217=ORIENTED_EDGE($,$,$,#558,.T.);
#3218=CARTESIAN_POINT($,(293.244246875277,634.976987501108,-0));
#3219=DIRECTION($,(0,0,1));
#3220=VECTOR($,#3219,1);
#3221=LINE($,#3218,#3220);
#3222=EDGE_CURVE($,#553,#1595,#3221,.T.);
#3223=ORIENTED_EDGE($,$,$,#3222,.T.);
#3224=ORIENTED_EDGE($,$,$,#1600,.F.);
#3225=ORIENTED_EDGE($,$,$,#3205,.F.);
#3226=EDGE_LOOP($,(#3217,#3223,#3224,#3225));
#3227=FACE_OUTER_BOUND('',#3226,.T.);
#3228=ADVANCED_FACE('',(#3227),#3216,.T.);
#3229=CARTESIAN_POINT($,(293.244246875277,634.976987501108,0));
#3230=DIRECTION($,(0,1,0));
#3231=DIRECTION($,(0,0,1));
#3232=AXIS2_PLACEMENT_3D($,#3229,#3230,#3231);
#3233=PLANE($,#3232);
#3234=ORIENTED_EDGE($,$,$,#566,.T.);
#3235=CARTESIAN_POINT($,(248.744246875277,634.976987501108,-0));
#3236=DIRECTION($,(0,0,1));
#3237=VECTOR($,#3236,1);
#3238=LINE($,#3235,#3237);
#3239=EDGE_CURVE($,#561,#1603,#3238,.T.);
#3240=ORIENTED_EDGE($,$,$,#3239,.T.);
#3241=ORIENTED_EDGE($,$,$,#1608,.F.);
#3242=ORIENTED_EDGE($,$,$,#3222,.F.);
#3243=EDGE_LOOP($,(#3234,#3240,#3241,#3242));
#3244=FACE_OUTER_BOUND('',#3243,.T.);
#3245=ADVANCED_FACE('',(#3244),#3233,.T.);
#3246=CARTESIAN_POINT($,(248.744246875277,634.976987501108,0));
#3247=DIRECTION($,(-1,0,0));
#3248=DIRECTION($,(0,0,1));
#3249=AXIS2_PLACEMENT_3D($,#3246,#3247,#3248);
#3250=PLANE($,#3249);
#3251=ORIENTED_EDGE($,$,$,#574,.T.);
#3252=CARTESIAN_POINT($,(248.744246875277,609.976987501108,0));
#3253=DIRECTION($,(0,0,1));
#3254=VECTOR($,#3253,1);
#3255=LINE($,#3252,#3254);
#3256=EDGE_CURVE($,#569,#1611,#3255,.T.);
#3257=ORIENTED_EDGE($,$,$,#3256,.T.);
#3258=ORIENTED_EDGE($,$,$,#1616,.F.);
#3259=ORIENTED_EDGE($,$,$,#3239,.F.);
#3260=EDGE_LOOP($,(#3251,#3257,#3258,#3259));
#3261=FACE_OUTER_BOUND('',#3260,.T.);
#3262=ADVANCED_FACE('',(#3261),#3250,.T.);
#3263=CARTESIAN_POINT($,(242.828266563877,608.976399196594,0));
#3264=DIRECTION($,(0,0,1));
#3265=DIRECTION($,(1,0,0));
#3266=AXIS2_PLACEMENT_3D($,#3263,#3264,#3265);
#3267=CYLINDRICAL_SURFACE($,#3266,6);
#3268=ORIENTED_EDGE($,$,$,#584,.T.);
#3269=CARTESIAN_POINT($,(242.744246875277,602.976987501108,0));
#3270=DIRECTION($,(0,0,1));
#3271=VECTOR($,#3270,1);
#3272=LINE($,#3269,#3271);
#3273=EDGE_CURVE($,#577,#1619,#3272,.T.);
#3274=ORIENTED_EDGE($,$,$,#3273,.T.);
#3275=ORIENTED_EDGE($,$,$,#1626,.F.);
#3276=ORIENTED_EDGE($,$,$,#3256,.F.);
#3277=EDGE_LOOP($,(#3268,#3274,#3275,#3276));
#3278=FACE_OUTER_BOUND('',#3277,.T.);
#3279=ADVANCED_FACE('',(#3278),#3267,.T.);
#3280=CARTESIAN_POINT($,(242.744246875277,602.976987501108,0));
#3281=DIRECTION($,(0,1,0));
#3282=DIRECTION($,(0,0,1));
#3283=AXIS2_PLACEMENT_3D($,#3280,#3281,#3282);
#3284=PLANE($,#3283);
#3285=ORIENTED_EDGE($,$,$,#592,.T.);
#3286=CARTESIAN_POINT($,(128.744246875277,602.976987501108,0));
#3287=DIRECTION($,(0,0,1));
#3288=VECTOR($,#3287,1);
#3289=LINE($,#3286,#3288);
#3290=EDGE_CURVE($,#587,#1629,#3289,.T.);
#3291=ORIENTED_EDGE($,$,$,#3290,.T.);
#3292=ORIENTED_EDGE($,$,$,#1634,.F.);
#3293=ORIENTED_EDGE($,$,$,#3273,.F.);
#3294=EDGE_LOOP($,(#3285,#3291,#3292,#3293));
#3295=FACE_OUTER_BOUND('',#3294,.T.);
#3296=ADVANCED_FACE('',(#3295),#3284,.T.);
#3297=CARTESIAN_POINT($,(128.660227186677,608.976399196594,0));
#3298=DIRECTION($,(0,0,1));
#3299=DIRECTION($,(1,0,0));
#3300=AXIS2_PLACEMENT_3D($,#3297,#3298,#3299);
#3301=CYLINDRICAL_SURFACE($,#3300,6);
#3302=ORIENTED_EDGE($,$,$,#602,.T.);
#3303=CARTESIAN_POINT($,(122.744246875277,609.976987501108,0));
#3304=DIRECTION($,(0,0,1));
#3305=VECTOR($,#3304,1);
#3306=LINE($,#3303,#3305);
#3307=EDGE_CURVE($,#595,#1637,#3306,.T.);
#3308=ORIENTED_EDGE($,$,$,#3307,.T.);
#3309=ORIENTED_EDGE($,$,$,#1644,.F.);
#3310=ORIENTED_EDGE($,$,$,#3290,.F.);
#3311=EDGE_LOOP($,(#3302,#3308,#3309,#3310));
#3312=FACE_OUTER_BOUND('',#3311,.T.);
#3313=ADVANCED_FACE('',(#3312),#3301,.T.);
#3314=CARTESIAN_POINT($,(122.744246875277,609.976987501108,0));
#3315=DIRECTION($,(1,0,0));
#3316=DIRECTION($,(0,0,1));
#3317=AXIS2_PLACEMENT_3D($,#3314,#3315,#3316);
#3318=PLANE($,#3317);
#3319=ORIENTED_EDGE($,$,$,#610,.T.);
#3320=CARTESIAN_POINT($,(122.744246875277,634.976987501108,-0));
#3321=DIRECTION($,(0,0,1));
#3322=VECTOR($,#3321,1);
#3323=LINE($,#3320,#3322);
#3324=EDGE_CURVE($,#605,#1647,#3323,.T.);
#3325=ORIENTED_EDGE($,$,$,#3324,.T.);
#3326=ORIENTED_EDGE($,$,$,#1652,.F.);
#3327=ORIENTED_EDGE($,$,$,#3307,.F.);
#3328=EDGE_LOOP($,(#3319,#3325,#3326,#3327));
#3329=FACE_OUTER_BOUND('',#3328,.T.);
#3330=ADVANCED_FACE('',(#3329),#3318,.T.);
#3331=CARTESIAN_POINT($,(122.744246875277,634.976987501108,0));
#3332=DIRECTION($,(0,1,0));
#3333=DIRECTION($,(0,0,1));
#3334=AXIS2_PLACEMENT_3D($,#3331,#3332,#3333);
#3335=PLANE($,#3334);
#3336=ORIENTED_EDGE($,$,$,#618,.T.);
#3337=CARTESIAN_POINT($,(78.244246875277,634.976987501108,-0));
#3338=DIRECTION($,(0,0,1));
#3339=VECTOR($,#3338,1);
#3340=LINE($,#3337,#3339);
#3341=EDGE_CURVE($,#613,#1655,#3340,.T.);
#3342=ORIENTED_EDGE($,$,$,#3341,.T.);
#3343=ORIENTED_EDGE($,$,$,#1660,.F.);
#3344=ORIENTED_EDGE($,$,$,#3324,.F.);
#3345=EDGE_LOOP($,(#3336,#3342,#3343,#3344));
#3346=FACE_OUTER_BOUND('',#3345,.T.);
#3347=ADVANCED_FACE('',(#3346),#3335,.T.);
#3348=CARTESIAN_POINT($,(78.2442468752771,634.976987501108,0));
#3349=DIRECTION($,(-0.707106781186547,0.707106781186547,0));
#3350=DIRECTION($,(0,0,1));
#3351=AXIS2_PLACEMENT_3D($,#3348,#3349,#3350);
#3352=PLANE($,#3351);
#3353=ORIENTED_EDGE($,$,$,#626,.T.);
#3354=CARTESIAN_POINT($,(65.7442468752771,622.476987501108,-0));
#3355=DIRECTION($,(0,0,1));
#3356=VECTOR($,#3355,1);
#3357=LINE($,#3354,#3356);
#3358=EDGE_CURVE($,#621,#1663,#3357,.T.);
#3359=ORIENTED_EDGE($,$,$,#3358,.T.);
#3360=ORIENTED_EDGE($,$,$,#1668,.F.);
#3361=ORIENTED_EDGE($,$,$,#3341,.F.);
#3362=EDGE_LOOP($,(#3353,#3359,#3360,#3361));
#3363=FACE_OUTER_BOUND('',#3362,.T.);
#3364=ADVANCED_FACE('',(#3363),#3352,.T.);
#3365=CARTESIAN_POINT($,(65.7442468752771,622.476987501108,0));
#3366=DIRECTION($,(-1,0,0));
#3367=DIRECTION($,(0,0,1));
#3368=AXIS2_PLACEMENT_3D($,#3365,#3366,#3367);
#3369=PLANE($,#3368);
#3370=ORIENTED_EDGE($,$,$,#632,.T.);
#3371=ORIENTED_EDGE($,$,$,#2102,.T.);
#3372=ORIENTED_EDGE($,$,$,#1674,.F.);
#3373=ORIENTED_EDGE($,$,$,#3358,.F.);
#3374=EDGE_LOOP($,(#3370,#3371,#3372,#3373));
#3375=FACE_OUTER_BOUND('',#3374,.T.);
#3376=ADVANCED_FACE('',(#3375),#3369,.T.);
#3377=CARTESIAN_POINT($,(267.744246875277,174.988493750554,0));
#3378=DIRECTION($,(0,0,1));
#3379=DIRECTION($,(1,0,0));
#3380=AXIS2_PLACEMENT_3D($,#3377,#3378,#3379);
#3381=CYLINDRICAL_SURFACE($,#3380,8);
#3382=ORIENTED_EDGE($,$,$,#654,.T.);
#3383=CARTESIAN_POINT($,(259.744246875277,174.988493750554,0));
#3384=DIRECTION($,(0,0,1));
#3385=VECTOR($,#3384,1);
#3386=LINE($,#3383,#3385);
#3387=EDGE_CURVE($,#637,#1679,#3386,.T.);
#3388=ORIENTED_EDGE($,$,$,#3387,.T.);
#3389=ORIENTED_EDGE($,$,$,#1696,.F.);
#3390=CARTESIAN_POINT($,(275.744246875277,174.988493750554,0));
#3391=DIRECTION($,(0,0,1));
#3392=VECTOR($,#3391,1);
#3393=LINE($,#3390,#3392);
#3394=EDGE_CURVE($,#639,#1681,#3393,.T.);
#3395=ORIENTED_EDGE($,$,$,#3394,.F.);
#3396=EDGE_LOOP($,(#3382,#3388,#3389,#3395));
#3397=FACE_OUTER_BOUND('',#3396,.T.);
#3398=ADVANCED_FACE('',(#3397),#3381,.F.);
#3399=CARTESIAN_POINT($,(267.744246875277,174.988493750554,0));
#3400=DIRECTION($,(0,0,1));
#3401=DIRECTION($,(1,0,0));
#3402=AXIS2_PLACEMENT_3D($,#3399,#3400,#3401);
#3403=CYLINDRICAL_SURFACE($,#3402,8);
#3404=ORIENTED_EDGE($,$,$,#646,.T.);
#3405=ORIENTED_EDGE($,$,$,#3394,.T.);
#3406=ORIENTED_EDGE($,$,$,#1688,.F.);
#3407=ORIENTED_EDGE($,$,$,#3387,.F.);
#3408=EDGE_LOOP($,(#3404,#3405,#3406,#3407));
#3409=FACE_OUTER_BOUND('',#3408,.T.);
#3410=ADVANCED_FACE('',(#3409),#3403,.F.);
#3411=CARTESIAN_POINT($,(267.744246875277,219.988493750554,0));
#3412=DIRECTION($,(0,0,1));
#3413=DIRECTION($,(1,0,0));
#3414=AXIS2_PLACEMENT_3D($,#3411,#3412,#3413);
#3415=CYLINDRICAL_SURFACE($,#3414,8);
#3416=ORIENTED_EDGE($,$,$,#676,.T.);
#3417=CARTESIAN_POINT($,(259.744246875277,219.988493750554,0));
#3418=DIRECTION($,(0,0,1));
#3419=VECTOR($,#3418,1);
#3420=LINE($,#3417,#3419);
#3421=EDGE_CURVE($,#659,#1701,#3420,.T.);
#3422=ORIENTED_EDGE($,$,$,#3421,.T.);
#3423=ORIENTED_EDGE($,$,$,#1718,.F.);
#3424=CARTESIAN_POINT($,(275.744246875277,219.988493750554,0));
#3425=DIRECTION($,(0,0,1));
#3426=VECTOR($,#3425,1);
#3427=LINE($,#3424,#3426);
#3428=EDGE_CURVE($,#661,#1703,#3427,.T.);
#3429=ORIENTED_EDGE($,$,$,#3428,.F.);
#3430=EDGE_LOOP($,(#3416,#3422,#3423,#3429));
#3431=FACE_OUTER_BOUND('',#3430,.T.);
#3432=ADVANCED_FACE('',(#3431),#3415,.F.);
#3433=CARTESIAN_POINT($,(267.744246875277,219.988493750554,0));
#3434=DIRECTION($,(0,0,1));
#3435=DIRECTION($,(1,0,0));
#3436=AXIS2_PLACEMENT_3D($,#3433,#3434,#3435);
#3437=CYLINDRICAL_SURFACE($,#3436,8);
#3438=ORIENTED_EDGE($,$,$,#668,.T.);
#3439=ORIENTED_EDGE($,$,$,#3428,.T.);
#3440=ORIENTED_EDGE($,$,$,#1710,.F.);
#3441=ORIENTED_EDGE($,$,$,#3421,.F.);
#3442=EDGE_LOOP($,(#3438,#3439,#3440,#3441));
#3443=FACE_OUTER_BOUND('',#3442,.T.);
#3444=ADVANCED_FACE('',(#3443),#3437,.F.);
#3445=CARTESIAN_POINT($,(267.744246875277,264.988493750554,0));
#3446=DIRECTION($,(0,0,1));
#3447=DIRECTION($,(1,0,0));
#3448=AXIS2_PLACEMENT_3D($,#3445,#3446,#3447);
#3449=CYLINDRICAL_SURFACE($,#3448,8);
#3450=ORIENTED_EDGE($,$,$,#698,.T.);
#3451=CARTESIAN_POINT($,(259.744246875277,264.988493750554,0));
#3452=DIRECTION($,(0,0,1));
#3453=VECTOR($,#3452,1);
#3454=LINE($,#3451,#3453);
#3455=EDGE_CURVE($,#681,#1723,#3454,.T.);
#3456=ORIENTED_EDGE($,$,$,#3455,.T.);
#3457=ORIENTED_EDGE($,$,$,#1740,.F.);
#3458=CARTESIAN_POINT($,(275.744246875277,264.988493750554,0));
#3459=DIRECTION($,(0,0,1));
#3460=VECTOR($,#3459,1);
#3461=LINE($,#3458,#3460);
#3462=EDGE_CURVE($,#683,#1725,#3461,.T.);
#3463=ORIENTED_EDGE($,$,$,#3462,.F.);
#3464=EDGE_LOOP($,(#3450,#3456,#3457,#3463));
#3465=FACE_OUTER_BOUND('',#3464,.T.);
#3466=ADVANCED_FACE('',(#3465),#3449,.F.);
#3467=CARTESIAN_POINT($,(267.744246875277,264.988493750554,0));
#3468=DIRECTION($,(0,0,1));
#3469=DIRECTION($,(1,0,0));
#3470=AXIS2_PLACEMENT_3D($,#3467,#3468,#3469);
#3471=CYLINDRICAL_SURFACE($,#3470,8);
#3472=ORIENTED_EDGE($,$,$,#690,.T.);
#3473=ORIENTED_EDGE($,$,$,#3462,.T.);
#3474=ORIENTED_EDGE($,$,$,#1732,.F.);
#3475=ORIENTED_EDGE($,$,$,#3455,.F.);
#3476=EDGE_LOOP($,(#3472,#3473,#3474,#3475));
#3477=FACE_OUTER_BOUND('',#3476,.T.);
#3478=ADVANCED_FACE('',(#3477),#3471,.F.);
#3479=CARTESIAN_POINT($,(267.744246875277,309.988493750554,0));
#3480=DIRECTION($,(0,0,1));
#3481=DIRECTION($,(1,0,0));
#3482=AXIS2_PLACEMENT_3D($,#3479,#3480,#3481);
#3483=CYLINDRICAL_SURFACE($,#3482,8);
#3484=ORIENTED_EDGE($,$,$,#720,.T.);
#3485=CARTESIAN_POINT($,(259.744246875277,309.988493750554,0));
#3486=DIRECTION($,(0,0,1));
#3487=VECTOR($,#3486,1);
#3488=LINE($,#3485,#3487);
#3489=EDGE_CURVE($,#703,#1745,#3488,.T.);
#3490=ORIENTED_EDGE($,$,$,#3489,.T.);
#3491=ORIENTED_EDGE($,$,$,#1762,.F.);
#3492=CARTESIAN_POINT($,(275.744246875277,309.988493750554,0));
#3493=DIRECTION($,(0,0,1));
#3494=VECTOR($,#3493,1);
#3495=LINE($,#3492,#3494);
#3496=EDGE_CURVE($,#705,#1747,#3495,.T.);
#3497=ORIENTED_EDGE($,$,$,#3496,.F.);
#3498=EDGE_LOOP($,(#3484,#3490,#3491,#3497));
#3499=FACE_OUTER_BOUND('',#3498,.T.);
#3500=ADVANCED_FACE('',(#3499),#3483,.F.);
#3501=CARTESIAN_POINT($,(267.744246875277,309.988493750554,0));
#3502=DIRECTION($,(0,0,1));
#3503=DIRECTION($,(1,0,0));
#3504=AXIS2_PLACEMENT_3D($,#3501,#3502,#3503);
#3505=CYLINDRICAL_SURFACE($,#3504,8);
#3506=ORIENTED_EDGE($,$,$,#712,.T.);
#3507=ORIENTED_EDGE($,$,$,#3496,.T.);
#3508=ORIENTED_EDGE($,$,$,#1754,.F.);
#3509=ORIENTED_EDGE($,$,$,#3489,.F.);
#3510=EDGE_LOOP($,(#3506,#3507,#3508,#3509));
#3511=FACE_OUTER_BOUND('',#3510,.T.);
#3512=ADVANCED_FACE('',(#3511),#3505,.F.);
#3513=CARTESIAN_POINT($,(85.7442468752771,29,0));
#3514=DIRECTION($,(0,0,1));
#3515=DIRECTION($,(1,0,0));
#3516=AXIS2_PLACEMENT_3D($,#3513,#3514,#3515);
#3517=CYLINDRICAL_SURFACE($,#3516,5.5);
#3518=ORIENTED_EDGE($,$,$,#742,.T.);
#3519=CARTESIAN_POINT($,(80.2442468752771,29,0));
#3520=DIRECTION($,(0,0,1));
#3521=VECTOR($,#3520,1);
#3522=LINE($,#3519,#3521);
#3523=EDGE_CURVE($,#725,#1767,#3522,.T.);
#3524=ORIENTED_EDGE($,$,$,#3523,.T.);
#3525=ORIENTED_EDGE($,$,$,#1784,.F.);
#3526=CARTESIAN_POINT($,(91.2442468752771,29,0));
#3527=DIRECTION($,(0,0,1));
#3528=VECTOR($,#3527,1);
#3529=LINE($,#3526,#3528);
#3530=EDGE_CURVE($,#727,#1769,#3529,.T.);
#3531=ORIENTED_EDGE($,$,$,#3530,.F.);
#3532=EDGE_LOOP($,(#3518,#3524,#3525,#3531));
#3533=FACE_OUTER_BOUND('',#3532,.T.);
#3534=ADVANCED_FACE('',(#3533),#3517,.F.);
#3535=CARTESIAN_POINT($,(85.7442468752771,29,0));
#3536=DIRECTION($,(0,0,1));
#3537=DIRECTION($,(1,0,0));
#3538=AXIS2_PLACEMENT_3D($,#3535,#3536,#3537);
#3539=CYLINDRICAL_SURFACE($,#3538,5.5);
#3540=ORIENTED_EDGE($,$,$,#734,.T.);
#3541=ORIENTED_EDGE($,$,$,#3530,.T.);
#3542=ORIENTED_EDGE($,$,$,#1776,.F.);
#3543=ORIENTED_EDGE($,$,$,#3523,.F.);
#3544=EDGE_LOOP($,(#3540,#3541,#3542,#3543));
#3545=FACE_OUTER_BOUND('',#3544,.T.);
#3546=ADVANCED_FACE('',(#3545),#3539,.F.);
#3547=CARTESIAN_POINT($,(285.744246875277,29,0));
#3548=DIRECTION($,(0,0,1));
#3549=DIRECTION($,(1,0,0));
#3550=AXIS2_PLACEMENT_3D($,#3547,#3548,#3549);
#3551=CYLINDRICAL_SURFACE($,#3550,5.5);
#3552=ORIENTED_EDGE($,$,$,#764,.T.);
#3553=CARTESIAN_POINT($,(280.244246875277,29,0));
#3554=DIRECTION($,(0,0,1));
#3555=VECTOR($,#3554,1);
#3556=LINE($,#3553,#3555);
#3557=EDGE_CURVE($,#747,#1789,#3556,.T.);
#3558=ORIENTED_EDGE($,$,$,#3557,.T.);
#3559=ORIENTED_EDGE($,$,$,#1806,.F.);
#3560=CARTESIAN_POINT($,(291.244246875277,29,0));
#3561=DIRECTION($,(0,0,1));
#3562=VECTOR($,#3561,1);
#3563=LINE($,#3560,#3562);
#3564=EDGE_CURVE($,#749,#1791,#3563,.T.);
#3565=ORIENTED_EDGE($,$,$,#3564,.F.);
#3566=EDGE_LOOP($,(#3552,#3558,#3559,#3565));
#3567=FACE_OUTER_BOUND('',#3566,.T.);
#3568=ADVANCED_FACE('',(#3567),#3551,.F.);
#3569=CARTESIAN_POINT($,(285.744246875277,29,0));
#3570=DIRECTION($,(0,0,1));
#3571=DIRECTION($,(1,0,0));
#3572=AXIS2_PLACEMENT_3D($,#3569,#3570,#3571);
#3573=CYLINDRICAL_SURFACE($,#3572,5.5);
#3574=ORIENTED_EDGE($,$,$,#756,.T.);
#3575=ORIENTED_EDGE($,$,$,#3564,.T.);
#3576=ORIENTED_EDGE($,$,$,#1798,.F.);
#3577=ORIENTED_EDGE($,$,$,#3557,.F.);
#3578=EDGE_LOOP($,(#3574,#3575,#3576,#3577));
#3579=FACE_OUTER_BOUND('',#3578,.T.);
#3580=ADVANCED_FACE('',(#3579),#3573,.F.);
#3581=CARTESIAN_POINT($,(245.744246875277,412.488493750554,0));
#3582=DIRECTION($,(0,0,1));
#3583=DIRECTION($,(1,0,0));
#3584=AXIS2_PLACEMENT_3D($,#3581,#3582,#3583);
#3585=CYLINDRICAL_SURFACE($,#3584,19);
#3586=ORIENTED_EDGE($,$,$,#786,.T.);
#3587=CARTESIAN_POINT($,(226.744246875277,412.488493750554,0));
#3588=DIRECTION($,(0,0,1));
#3589=VECTOR($,#3588,1);
#3590=LINE($,#3587,#3589);
#3591=EDGE_CURVE($,#769,#1811,#3590,.T.);
#3592=ORIENTED_EDGE($,$,$,#3591,.T.);
#3593=ORIENTED_EDGE($,$,$,#1828,.F.);
#3594=CARTESIAN_POINT($,(264.744246875277,412.488493750554,0));
#3595=DIRECTION($,(0,0,1));
#3596=VECTOR($,#3595,1);
#3597=LINE($,#3594,#3596);
#3598=EDGE_CURVE($,#771,#1813,#3597,.T.);
#3599=ORIENTED_EDGE($,$,$,#3598,.F.);
#3600=EDGE_LOOP($,(#3586,#3592,#3593,#3599));
#3601=FACE_OUTER_BOUND('',#3600,.T.);
#3602=ADVANCED_FACE('',(#3601),#3585,.F.);
#3603=CARTESIAN_POINT($,(245.744246875277,412.488493750554,0));
#3604=DIRECTION($,(0,0,1));
#3605=DIRECTION($,(1,0,0));
#3606=AXIS2_PLACEMENT_3D($,#3603,#3604,#3605);
#3607=CYLINDRICAL_SURFACE($,#3606,19);
#3608=ORIENTED_EDGE($,$,$,#778,.T.);
#3609=ORIENTED_EDGE($,$,$,#3598,.T.);
#3610=ORIENTED_EDGE($,$,$,#1820,.F.);
#3611=ORIENTED_EDGE($,$,$,#3591,.F.);
#3612=EDGE_LOOP($,(#3608,#3609,#3610,#3611));
#3613=FACE_OUTER_BOUND('',#3612,.T.);
#3614=ADVANCED_FACE('',(#3613),#3607,.F.);
#3615=CARTESIAN_POINT($,(155.744246875277,437.488493750554,0));
#3616=DIRECTION($,(0,0,1));
#3617=DIRECTION($,(1,0,0));
#3618=AXIS2_PLACEMENT_3D($,#3615,#3616,#3617);
#3619=CYLINDRICAL_SURFACE($,#3618,25.5);
#3620=ORIENTED_EDGE($,$,$,#808,.T.);
#3621=CARTESIAN_POINT($,(130.244246875277,437.488493750554,0));
#3622=DIRECTION($,(0,0,1));
#3623=VECTOR($,#3622,1);
#3624=LINE($,#3621,#3623);
#3625=EDGE_CURVE($,#791,#1833,#3624,.T.);
#3626=ORIENTED_EDGE($,$,$,#3625,.T.);
#3627=ORIENTED_EDGE($,$,$,#1850,.F.);
#3628=CARTESIAN_POINT($,(181.244246875277,437.488493750554,0));
#3629=DIRECTION($,(0,0,1));
#3630=VECTOR($,#3629,1);
#3631=LINE($,#3628,#3630);
#3632=EDGE_CURVE($,#793,#1835,#3631,.T.);
#3633=ORIENTED_EDGE($,$,$,#3632,.F.);
#3634=EDGE_LOOP($,(#3620,#3626,#3627,#3633));
#3635=FACE_OUTER_BOUND('',#3634,.T.);
#3636=ADVANCED_FACE('',(#3635),#3619,.F.);
#3637=CARTESIAN_POINT($,(155.744246875277,437.488493750554,0));
#3638=DIRECTION($,(0,0,1));
#3639=DIRECTION($,(1,0,0));
#3640=AXIS2_PLACEMENT_3D($,#3637,#3638,#3639);
#3641=CYLINDRICAL_SURFACE($,#3640,25.5);
#3642=ORIENTED_EDGE($,$,$,#800,.T.);
#3643=ORIENTED_EDGE($,$,$,#3632,.T.);
#3644=ORIENTED_EDGE($,$,$,#1842,.F.);
#3645=ORIENTED_EDGE($,$,$,#3625,.F.);
#3646=EDGE_LOOP($,(#3642,#3643,#3644,#3645));
#3647=FACE_OUTER_BOUND('',#3646,.T.);
#3648=ADVANCED_FACE('',(#3647),#3641,.F.);
#3649=CARTESIAN_POINT($,(285.744246875277,615.976987501108,0));
#3650=DIRECTION($,(0,0,1));
#3651=DIRECTION($,(1,0,0));
#3652=AXIS2_PLACEMENT_3D($,#3649,#3650,#3651);
#3653=CYLINDRICAL_SURFACE($,#3652,5.5);
#3654=ORIENTED_EDGE($,$,$,#830,.T.);
#3655=CARTESIAN_POINT($,(280.244246875277,615.976987501108,0));
#3656=DIRECTION($,(0,0,1));
#3657=VECTOR($,#3656,1);
#3658=LINE($,#3655,#3657);
#3659=EDGE_CURVE($,#813,#1855,#3658,.T.);
#3660=ORIENTED_EDGE($,$,$,#3659,.T.);
#3661=ORIENTED_EDGE($,$,$,#1872,.F.);
#3662=CARTESIAN_POINT($,(291.244246875277,615.976987501108,0));
#3663=DIRECTION($,(0,0,1));
#3664=VECTOR($,#3663,1);
#3665=LINE($,#3662,#3664);
#3666=EDGE_CURVE($,#815,#1857,#3665,.T.);
#3667=ORIENTED_EDGE($,$,$,#3666,.F.);
#3668=EDGE_LOOP($,(#3654,#3660,#3661,#3667));
#3669=FACE_OUTER_BOUND('',#3668,.T.);
#3670=ADVANCED_FACE('',(#3669),#3653,.F.);
#3671=CARTESIAN_POINT($,(285.744246875277,615.976987501108,0));
#3672=DIRECTION($,(0,0,1));
#3673=DIRECTION($,(1,0,0));
#3674=AXIS2_PLACEMENT_3D($,#3671,#3672,#3673);
#3675=CYLINDRICAL_SURFACE($,#3674,5.5);
#3676=ORIENTED_EDGE($,$,$,#822,.T.);
#3677=ORIENTED_EDGE($,$,$,#3666,.T.);
#3678=ORIENTED_EDGE($,$,$,#1864,.F.);
#3679=ORIENTED_EDGE($,$,$,#3659,.F.);
#3680=EDGE_LOOP($,(#3676,#3677,#3678,#3679));
#3681=FACE_OUTER_BOUND('',#3680,.T.);
#3682=ADVANCED_FACE('',(#3681),#3675,.F.);
#3683=CARTESIAN_POINT($,(85.7442468752771,615.976987501108,0));
#3684=DIRECTION($,(0,0,1));
#3685=DIRECTION($,(1,0,0));
#3686=AXIS2_PLACEMENT_3D($,#3683,#3684,#3685);
#3687=CYLINDRICAL_SURFACE($,#3686,5.5);
#3688=ORIENTED_EDGE($,$,$,#852,.T.);
#3689=CARTESIAN_POINT($,(80.2442468752771,615.976987501108,0));
#3690=DIRECTION($,(0,0,1));
#3691=VECTOR($,#3690,1);
#3692=LINE($,#3689,#3691);
#3693=EDGE_CURVE($,#835,#1877,#3692,.T.);
#3694=ORIENTED_EDGE($,$,$,#3693,.T.);
#3695=ORIENTED_EDGE($,$,$,#1894,.F.);
#3696=CARTESIAN_POINT($,(91.2442468752771,615.976987501108,0));
#3697=DIRECTION($,(0,0,1));
#3698=VECTOR($,#3697,1);
#3699=LINE($,#3696,#3698);
#3700=EDGE_CURVE($,#837,#1879,#3699,.T.);
#3701=ORIENTED_EDGE($,$,$,#3700,.F.);
#3702=EDGE_LOOP($,(#3688,#3694,#3695,#3701));
#3703=FACE_OUTER_BOUND('',#3702,.T.);
#3704=ADVANCED_FACE('',(#3703),#3687,.F.);
#3705=CARTESIAN_POINT($,(85.7442468752771,615.976987501108,0));
#3706=DIRECTION($,(0,0,1));
#3707=DIRECTION($,(1,0,0));
#3708=AXIS2_PLACEMENT_3D($,#3705,#3706,#3707);
#3709=CYLINDRICAL_SURFACE($,#3708,5.5);
#3710=ORIENTED_EDGE($,$,$,#844,.T.);
#3711=ORIENTED_EDGE($,$,$,#3700,.T.);
#3712=ORIENTED_EDGE($,$,$,#1886,.F.);
#3713=ORIENTED_EDGE($,$,$,#3693,.F.);
#3714=EDGE_LOOP($,(#3710,#3711,#3712,#3713));
#3715=FACE_OUTER_BOUND('',#3714,.T.);
#3716=ADVANCED_FACE('',(#3715),#3709,.F.);
#3717=CARTESIAN_POINT($,(381.860617188193,322.488493750554,0));
#3718=DIRECTION($,(0,0,1));
#3719=DIRECTION($,(1,0,0));
#3720=AXIS2_PLACEMENT_3D($,#3717,#3718,#3719);
#3721=CYLINDRICAL_SURFACE($,#3720,13.5);
#3722=ORIENTED_EDGE($,$,$,#874,.T.);
#3723=CARTESIAN_POINT($,(368.360617188193,322.488493750554,0));
#3724=DIRECTION($,(0,0,1));
#3725=VECTOR($,#3724,1);
#3726=LINE($,#3723,#3725);
#3727=EDGE_CURVE($,#857,#1899,#3726,.T.);
#3728=ORIENTED_EDGE($,$,$,#3727,.T.);
#3729=ORIENTED_EDGE($,$,$,#1916,.F.);
#3730=CARTESIAN_POINT($,(395.360617188193,322.488493750554,0));
#3731=DIRECTION($,(0,0,1));
#3732=VECTOR($,#3731,1);
#3733=LINE($,#3730,#3732);
#3734=EDGE_CURVE($,#859,#1901,#3733,.T.);
#3735=ORIENTED_EDGE($,$,$,#3734,.F.);
#3736=EDGE_LOOP($,(#3722,#3728,#3729,#3735));
#3737=FACE_OUTER_BOUND('',#3736,.T.);
#3738=ADVANCED_FACE('',(#3737),#3721,.F.);
#3739=CARTESIAN_POINT($,(381.860617188193,322.488493750554,0));
#3740=DIRECTION($,(0,0,1));
#3741=DIRECTION($,(1,0,0));
#3742=AXIS2_PLACEMENT_3D($,#3739,#3740,#3741);
#3743=CYLINDRICAL_SURFACE($,#3742,13.5);
#3744=ORIENTED_EDGE($,$,$,#866,.T.);
#3745=ORIENTED_EDGE($,$,$,#3734,.T.);
#3746=ORIENTED_EDGE($,$,$,#1908,.F.);
#3747=ORIENTED_EDGE($,$,$,#3727,.F.);
#3748=EDGE_LOOP($,(#3744,#3745,#3746,#3747));
#3749=FACE_OUTER_BOUND('',#3748,.T.);
#3750=ADVANCED_FACE('',(#3749),#3743,.F.);
#3751=CARTESIAN_POINT($,(367.860617188193,303.488493750554,0));
#3752=DIRECTION($,(0,0,1));
#3753=DIRECTION($,(1,0,0));
#3754=AXIS2_PLACEMENT_3D($,#3751,#3752,#3753);
#3755=CYLINDRICAL_SURFACE($,#3754,2.5);
#3756=ORIENTED_EDGE($,$,$,#896,.T.);
#3757=CARTESIAN_POINT($,(365.360617188193,303.488493750554,0));
#3758=DIRECTION($,(0,0,1));
#3759=VECTOR($,#3758,1);
#3760=LINE($,#3757,#3759);
#3761=EDGE_CURVE($,#879,#1921,#3760,.T.);
#3762=ORIENTED_EDGE($,$,$,#3761,.T.);
#3763=ORIENTED_EDGE($,$,$,#1938,.F.);
#3764=CARTESIAN_POINT($,(370.360617188193,303.488493750554,0));
#3765=DIRECTION($,(0,0,1));
#3766=VECTOR($,#3765,1);
#3767=LINE($,#3764,#3766);
#3768=EDGE_CURVE($,#881,#1923,#3767,.T.);
#3769=ORIENTED_EDGE($,$,$,#3768,.F.);
#3770=EDGE_LOOP($,(#3756,#3762,#3763,#3769));
#3771=FACE_OUTER_BOUND('',#3770,.T.);
#3772=ADVANCED_FACE('',(#3771),#3755,.F.);
#3773=CARTESIAN_POINT($,(367.860617188193,303.488493750554,0));
#3774=DIRECTION($,(0,0,1));
#3775=DIRECTION($,(1,0,0));
#3776=AXIS2_PLACEMENT_3D($,#3773,#3774,#3775);
#3777=CYLINDRICAL_SURFACE($,#3776,2.5);
#3778=ORIENTED_EDGE($,$,$,#888,.T.);
#3779=ORIENTED_EDGE($,$,$,#3768,.T.);
#3780=ORIENTED_EDGE($,$,$,#1930,.F.);
#3781=ORIENTED_EDGE($,$,$,#3761,.F.);
#3782=EDGE_LOOP($,(#3778,#3779,#3780,#3781));
#3783=FACE_OUTER_BOUND('',#3782,.T.);
#3784=ADVANCED_FACE('',(#3783),#3777,.F.);
#3785=CARTESIAN_POINT($,(367.860617188193,341.488493750554,0));
#3786=DIRECTION($,(0,0,1));
#3787=DIRECTION($,(1,0,0));
#3788=AXIS2_PLACEMENT_3D($,#3785,#3786,#3787);
#3789=CYLINDRICAL_SURFACE($,#3788,2.5);
#3790=ORIENTED_EDGE($,$,$,#918,.T.);
#3791=CARTESIAN_POINT($,(365.360617188193,341.488493750554,0));
#3792=DIRECTION($,(0,0,1));
#3793=VECTOR($,#3792,1);
#3794=LINE($,#3791,#3793);
#3795=EDGE_CURVE($,#901,#1943,#3794,.T.);
#3796=ORIENTED_EDGE($,$,$,#3795,.T.);
#3797=ORIENTED_EDGE($,$,$,#1960,.F.);
#3798=CARTESIAN_POINT($,(370.360617188193,341.488493750554,0));
#3799=DIRECTION($,(0,0,1));
#3800=VECTOR($,#3799,1);
#3801=LINE($,#3798,#3800);
#3802=EDGE_CURVE($,#903,#1945,#3801,.T.);
#3803=ORIENTED_EDGE($,$,$,#3802,.F.);
#3804=EDGE_LOOP($,(#3790,#3796,#3797,#3803));
#3805=FACE_OUTER_BOUND('',#3804,.T.);
#3806=ADVANCED_FACE('',(#3805),#3789,.F.);
#3807=CARTESIAN_POINT($,(367.860617188193,341.488493750554,0));
#3808=DIRECTION($,(0,0,1));
#3809=DIRECTION($,(1,0,0));
#3810=AXIS2_PLACEMENT_3D($,#3807,#3808,#3809);
#3811=CYLINDRICAL_SURFACE($,#3810,2.5);
#3812=ORIENTED_EDGE($,$,$,#910,.T.);
#3813=ORIENTED_EDGE($,$,$,#3802,.T.);
#3814=ORIENTED_EDGE($,$,$,#1952,.F.);
#3815=ORIENTED_EDGE($,$,$,#3795,.F.);
#3816=EDGE_LOOP($,(#3812,#3813,#3814,#3815));
#3817=FACE_OUTER_BOUND('',#3816,.T.);
#3818=ADVANCED_FACE('',(#3817),#3811,.F.);
#3819=CARTESIAN_POINT($,(399.860617188193,303.488493750554,0));
#3820=DIRECTION($,(0,0,1));
#3821=DIRECTION($,(1,0,0));
#3822=AXIS2_PLACEMENT_3D($,#3819,#3820,#3821);
#3823=CYLINDRICAL_SURFACE($,#3822,2.5);
#3824=ORIENTED_EDGE($,$,$,#940,.T.);
#3825=CARTESIAN_POINT($,(397.360617188193,303.488493750554,0));
#3826=DIRECTION($,(0,0,1));
#3827=VECTOR($,#3826,1);
#3828=LINE($,#3825,#3827);
#3829=EDGE_CURVE($,#923,#1965,#3828,.T.);
#3830=ORIENTED_EDGE($,$,$,#3829,.T.);
#3831=ORIENTED_EDGE($,$,$,#1982,.F.);
#3832=CARTESIAN_POINT($,(402.360617188193,303.488493750554,0));
#3833=DIRECTION($,(0,0,1));
#3834=VECTOR($,#3833,1);
#3835=LINE($,#3832,#3834);
#3836=EDGE_CURVE($,#925,#1967,#3835,.T.);
#3837=ORIENTED_EDGE($,$,$,#3836,.F.);
#3838=EDGE_LOOP($,(#3824,#3830,#3831,#3837));
#3839=FACE_OUTER_BOUND('',#3838,.T.);
#3840=ADVANCED_FACE('',(#3839),#3823,.F.);
#3841=CARTESIAN_POINT($,(399.860617188193,303.488493750554,0));
#3842=DIRECTION($,(0,0,1));
#3843=DIRECTION($,(1,0,0));
#3844=AXIS2_PLACEMENT_3D($,#3841,#3842,#3843);
#3845=CYLINDRICAL_SURFACE($,#3844,2.5);
#3846=ORIENTED_EDGE($,$,$,#932,.T.);
#3847=ORIENTED_EDGE($,$,$,#3836,.T.);
#3848=ORIENTED_EDGE($,$,$,#1974,.F.);
#3849=ORIENTED_EDGE($,$,$,#3829,.F.);
#3850=EDGE_LOOP($,(#3846,#3847,#3848,#3849));
#3851=FACE_OUTER_BOUND('',#3850,.T.);
#3852=ADVANCED_FACE('',(#3851),#3845,.F.);
#3853=CARTESIAN_POINT($,(399.860617188193,341.488493750554,0));
#3854=DIRECTION($,(0,0,1));
#3855=DIRECTION($,(1,0,0));
#3856=AXIS2_PLACEMENT_3D($,#3853,#3854,#3855);
#3857=CYLINDRICAL_SURFACE($,#3856,2.5);
#3858=ORIENTED_EDGE($,$,$,#962,.T.);
#3859=CARTESIAN_POINT($,(397.360617188193,341.488493750554,0));
#3860=DIRECTION($,(0,0,1));
#3861=VECTOR($,#3860,1);
#3862=LINE($,#3859,#3861);
#3863=EDGE_CURVE($,#945,#1987,#3862,.T.);
#3864=ORIENTED_EDGE($,$,$,#3863,.T.);
#3865=ORIENTED_EDGE($,$,$,#2004,.F.);
#3866=CARTESIAN_POINT($,(402.360617188193,341.488493750554,0));
#3867=DIRECTION($,(0,0,1));
#3868=VECTOR($,#3867,1);
#3869=LINE($,#3866,#3868);
#3870=EDGE_CURVE($,#947,#1989,#3869,.T.);
#3871=ORIENTED_EDGE($,$,$,#3870,.F.);
#3872=EDGE_LOOP($,(#3858,#3864,#3865,#3871));
#3873=FACE_OUTER_BOUND('',#3872,.T.);
#3874=ADVANCED_FACE('',(#3873),#3857,.F.);
#3875=CARTESIAN_POINT($,(399.860617188193,341.488493750554,0));
#3876=DIRECTION($,(0,0,1));
#3877=DIRECTION($,(1,0,0));
#3878=AXIS2_PLACEMENT_3D($,#3875,#3876,#3877);
#3879=CYLINDRICAL_SURFACE($,#3878,2.5);
#3880=ORIENTED_EDGE($,$,$,#954,.T.);
#3881=ORIENTED_EDGE($,$,$,#3870,.T.);
#3882=ORIENTED_EDGE($,$,$,#1996,.F.);
#3883=ORIENTED_EDGE($,$,$,#3863,.F.);
#3884=EDGE_LOOP($,(#3880,#3881,#3882,#3883));
#3885=FACE_OUTER_BOUND('',#3884,.T.);
#3886=ADVANCED_FACE('',(#3885),#3879,.F.);
#3887=CARTESIAN_POINT($,(118.244246875277,202.488493750554,0));
#3888=DIRECTION($,(0,0,1));
#3889=DIRECTION($,(1,0,0));
#3890=AXIS2_PLACEMENT_3D($,#3887,#3888,#3889);
#3891=CYLINDRICAL_SURFACE($,#3890,10);
#3892=ORIENTED_EDGE($,$,$,#1000,.T.);
#3893=CARTESIAN_POINT($,(128.244246875277,202.488493750554,0));
#3894=DIRECTION($,(0,0,1));
#3895=VECTOR($,#3894,1);
#3896=LINE($,#3893,#3895);
#3897=EDGE_CURVE($,#987,#2029,#3896,.T.);
#3898=ORIENTED_EDGE($,$,$,#3897,.T.);
#3899=ORIENTED_EDGE($,$,$,#2042,.F.);
#3900=CARTESIAN_POINT($,(108.244246875277,202.488493750554,0));
#3901=DIRECTION($,(0,0,1));
#3902=VECTOR($,#3901,1);
#3903=LINE($,#3900,#3902);
#3904=EDGE_CURVE($,#969,#2011,#3903,.T.);
#3905=ORIENTED_EDGE($,$,$,#3904,.F.);
#3906=EDGE_LOOP($,(#3892,#3898,#3899,#3905));
#3907=FACE_OUTER_BOUND('',#3906,.T.);
#3908=ADVANCED_FACE('',(#3907),#3891,.F.);
#3909=CARTESIAN_POINT($,(128.244246875277,202.488493750554,0));
#3910=DIRECTION($,(-1,0,0));
#3911=DIRECTION($,(0,0,1));
#3912=AXIS2_PLACEMENT_3D($,#3909,#3910,#3911);
#3913=PLANE($,#3912);
#3914=ORIENTED_EDGE($,$,$,#992,.T.);
#3915=CARTESIAN_POINT($,(128.244246875277,292.488493750554,0));
#3916=DIRECTION($,(0,0,1));
#3917=VECTOR($,#3916,1);
#3918=LINE($,#3915,#3917);
#3919=EDGE_CURVE($,#977,#2019,#3918,.T.);
#3920=ORIENTED_EDGE($,$,$,#3919,.T.);
#3921=ORIENTED_EDGE($,$,$,#2034,.F.);
#3922=ORIENTED_EDGE($,$,$,#3897,.F.);
#3923=EDGE_LOOP($,(#3914,#3920,#3921,#3922));
#3924=FACE_OUTER_BOUND('',#3923,.T.);
#3925=ADVANCED_FACE('',(#3924),#3913,.T.);
#3926=CARTESIAN_POINT($,(118.244246875277,292.488493750554,0));
#3927=DIRECTION($,(0,0,1));
#3928=DIRECTION($,(1,0,0));
#3929=AXIS2_PLACEMENT_3D($,#3926,#3927,#3928);
#3930=CYLINDRICAL_SURFACE($,#3929,10);
#3931=ORIENTED_EDGE($,$,$,#984,.T.);
#3932=CARTESIAN_POINT($,(108.244246875277,292.488493750554,0));
#3933=DIRECTION($,(0,0,1));
#3934=VECTOR($,#3933,1);
#3935=LINE($,#3932,#3934);
#3936=EDGE_CURVE($,#967,#2009,#3935,.T.);
#3937=ORIENTED_EDGE($,$,$,#3936,.T.);
#3938=ORIENTED_EDGE($,$,$,#2026,.F.);
#3939=ORIENTED_EDGE($,$,$,#3919,.F.);
#3940=EDGE_LOOP($,(#3931,#3937,#3938,#3939));
#3941=FACE_OUTER_BOUND('',#3940,.T.);
#3942=ADVANCED_FACE('',(#3941),#3930,.F.);
#3943=CARTESIAN_POINT($,(108.244246875277,292.488493750554,0));
#3944=DIRECTION($,(1,0,0));
#3945=DIRECTION($,(0,0,1));
#3946=AXIS2_PLACEMENT_3D($,#3943,#3944,#3945);
#3947=PLANE($,#3946);
#3948=ORIENTED_EDGE($,$,$,#974,.T.);
#3949=ORIENTED_EDGE($,$,$,#3904,.T.);
#3950=ORIENTED_EDGE($,$,$,#2016,.F.);
#3951=ORIENTED_EDGE($,$,$,#3936,.F.);
#3952=EDGE_LOOP($,(#3948,#3949,#3950,#3951));
#3953=FACE_OUTER_BOUND('',#3952,.T.);
#3954=ADVANCED_FACE('',(#3953),#3947,.T.);
#3955=CARTESIAN_POINT($,(183.244246875277,202.488493750554,0));
#3956=DIRECTION($,(0,0,1));
#3957=DIRECTION($,(1,0,0));
#3958=AXIS2_PLACEMENT_3D($,#3955,#3956,#3957);
#3959=CYLINDRICAL_SURFACE($,#3958,10);
#3960=ORIENTED_EDGE($,$,$,#1038,.T.);
#3961=CARTESIAN_POINT($,(193.244246875277,202.488493750554,0));
#3962=DIRECTION($,(0,0,1));
#3963=VECTOR($,#3962,1);
#3964=LINE($,#3961,#3963);
#3965=EDGE_CURVE($,#1025,#2067,#3964,.T.);
#3966=ORIENTED_EDGE($,$,$,#3965,.T.);
#3967=ORIENTED_EDGE($,$,$,#2080,.F.);
#3968=CARTESIAN_POINT($,(173.244246875277,202.488493750554,0));
#3969=DIRECTION($,(0,0,1));
#3970=VECTOR($,#3969,1);
#3971=LINE($,#3968,#3970);
#3972=EDGE_CURVE($,#1007,#2049,#3971,.T.);
#3973=ORIENTED_EDGE($,$,$,#3972,.F.);
#3974=EDGE_LOOP($,(#3960,#3966,#3967,#3973));
#3975=FACE_OUTER_BOUND('',#3974,.T.);
#3976=ADVANCED_FACE('',(#3975),#3959,.F.);
#3977=CARTESIAN_POINT($,(193.244246875277,202.488493750554,0));
#3978=DIRECTION($,(-1,0,0));
#3979=DIRECTION($,(0,0,1));
#3980=AXIS2_PLACEMENT_3D($,#3977,#3978,#3979);
#3981=PLANE($,#3980);
#3982=ORIENTED_EDGE($,$,$,#1030,.T.);
#3983=CARTESIAN_POINT($,(193.244246875277,292.488493750554,0));
#3984=DIRECTION($,(0,0,1));
#3985=VECTOR($,#3984,1);
#3986=LINE($,#3983,#3985);
#3987=EDGE_CURVE($,#1015,#2057,#3986,.T.);
#3988=ORIENTED_EDGE($,$,$,#3987,.T.);
#3989=ORIENTED_EDGE($,$,$,#2072,.F.);
#3990=ORIENTED_EDGE($,$,$,#3965,.F.);
#3991=EDGE_LOOP($,(#3982,#3988,#3989,#3990));
#3992=FACE_OUTER_BOUND('',#3991,.T.);
#3993=ADVANCED_FACE('',(#3992),#3981,.T.);
#3994=CARTESIAN_POINT($,(183.244246875277,292.488493750554,0));
#3995=DIRECTION($,(0,0,1));
#3996=DIRECTION($,(1,0,0));
#3997=AXIS2_PLACEMENT_3D($,#3994,#3995,#3996);
#3998=CYLINDRICAL_SURFACE($,#3997,10);
#3999=ORIENTED_EDGE($,$,$,#1022,.T.);
#4000=CARTESIAN_POINT($,(173.244246875277,292.488493750554,0));
#4001=DIRECTION($,(0,0,1));
#4002=VECTOR($,#4001,1);
#4003=LINE($,#4000,#4002);
#4004=EDGE_CURVE($,#1005,#2047,#4003,.T.);
#4005=ORIENTED_EDGE($,$,$,#4004,.T.);
#4006=ORIENTED_EDGE($,$,$,#2064,.F.);
#4007=ORIENTED_EDGE($,$,$,#3987,.F.);
#4008=EDGE_LOOP($,(#3999,#4005,#4006,#4007));
#4009=FACE_OUTER_BOUND('',#4008,.T.);
#4010=ADVANCED_FACE('',(#4009),#3998,.F.);
#4011=CARTESIAN_POINT($,(173.244246875277,292.488493750554,0));
#4012=DIRECTION($,(1,0,0));
#4013=DIRECTION($,(0,0,1));
#4014=AXIS2_PLACEMENT_3D($,#4011,#4012,#4013);
#4015=PLANE($,#4014);
#4016=ORIENTED_EDGE($,$,$,#1012,.T.);
#4017=ORIENTED_EDGE($,$,$,#3972,.T.);
#4018=ORIENTED_EDGE($,$,$,#2054,.F.);
#4019=ORIENTED_EDGE($,$,$,#4004,.F.);
#4020=EDGE_LOOP($,(#4016,#4017,#4018,#4019));
#4021=FACE_OUTER_BOUND('',#4020,.T.);
#4022=ADVANCED_FACE('',(#4021),#4015,.T.);
#4023=CLOSED_SHELL($,(#1042,#2084,#2106,#2123,#2140,#2157,#2174,#2191,#2208,#2225,#2242,#2259,#2276,#2293,#2310,#2327,#2344,#2361,#2378,#2395,#2412,#2429,#2446,#2463,#2480,#2497,#2514,#2531,#2548,#2565,#2582,#2599,#2616,#2633,#2650,#2667,#2684,#2701,#2718,#2735,#2752,#2769,#2786,#2803,#2820,#2837,#2854,#2871,#2888,#2905,#2922,#2939,#2956,#2973,#2990,#3007,#3024,#3041,#3058,#3075,#3092,#3109,#3126,#3143,#3160,#3177,#3194,#3211,#3228,#3245,#3262,#3279,#3296,#3313,#3330,#3347,#3364,#3376,#3398,#3410,#3432,#3444,#3466,#3478,#3500,#3512,#3534,#3546,#3568,#3580,#3602,#3614,#3636,#3648,#3670,#3682,#3704,#3716,#3738,#3750,#3772,#3784,#3806,#3818,#3840,#3852,#3874,#3886,#3908,#3925,#3942,#3954,#3976,#3993,#4010,#4022));
#4024=MANIFOLD_SOLID_BREP('sheetmetal-Ctc03 flat pattern',#4023);
#4025=APPLICATION_CONTEXT('mechanical design');
#4026=PRODUCT_CONTEXT('',#4025,'mechanical');
#4027=PRODUCT('sheetmetal_Ctc03_flat','sheetmetal-Ctc03 flat pattern','',(#4026));
#4028=PRODUCT_DEFINITION_FORMATION('','',#4027);
#4029=PRODUCT_DEFINITION_CONTEXT('design',#4025,'design');
#4030=PRODUCT_DEFINITION('','',#4028,#4029);
#4031=PRODUCT_DEFINITION_SHAPE('','',#4030);
#4032=(LENGTH_UNIT()NAMED_UNIT(*)SI_UNIT(.MILLI.,.METRE.));
#4033=(NAMED_UNIT(*)PLANE_ANGLE_UNIT()SI_UNIT($,.RADIAN.));
#4034=(NAMED_UNIT(*)SI_UNIT($,.STERADIAN.)SOLID_ANGLE_UNIT());
#4035=(GEOMETRIC_REPRESENTATION_CONTEXT(3)GLOBAL_UNIT_ASSIGNED_CONTEXT((#4032,#4033,#4034))REPRESENTATION_CONTEXT('3','3D'));
#4036=SHAPE_REPRESENTATION('sheetmetal-Ctc03 flat pattern',(#4024),#4035);
#4037=SHAPE_DEFINITION_REPRESENTATION(#4031,#4036);
ENDSEC;
END-ISO-10303-21;
