ISO-10303-21;
HEADER;
FILE_DESCRIPTION(('Aetheris AP242 subset export'),'2;1');
FILE_NAME('aetheris_export.step','1970-01-01T00:00:00',('Aetheris'),('Aetheris'),'Aetheris.Kernel','Aetheris.Kernel','');
FILE_SCHEMA(('AP242_MANAGED_MODEL_BASED_3D_ENGINEERING_MIM_LF'));
ENDSEC;
DATA;
#1=CARTESIAN_POINT($,(-241.3,58.08726,78.2));
#2=DIRECTION($,(0,0,1));
#3=DIRECTION($,(1,0,0));
#4=AXIS2_PLACEMENT_3D($,#1,#2,#3);
#5=PLANE($,#4);
#6=CARTESIAN_POINT($,(-241.3,58.08726,78.2));
#7=VERTEX_POINT($,#6);
#8=CARTESIAN_POINT($,(-1.30000000000001,58.08726,78.2));
#9=VERTEX_POINT($,#8);
#10=CARTESIAN_POINT($,(-241.3,58.08726,78.2));
#11=DIRECTION($,(1,0,0));
#12=VECTOR($,#11,1);
#13=LINE($,#10,#12);
#14=EDGE_CURVE($,#7,#9,#13,.T.);
#15=ORIENTED_EDGE($,$,$,#14,.T.);
#16=CARTESIAN_POINT($,(-1.30000000000001,428.08726,78.2));
#17=VERTEX_POINT($,#16);
#18=CARTESIAN_POINT($,(-1.30000000000001,58.08726,78.2));
#19=DIRECTION($,(0,1,0));
#20=VECTOR($,#19,1);
#21=LINE($,#18,#20);
#22=EDGE_CURVE($,#9,#17,#21,.T.);
#23=ORIENTED_EDGE($,$,$,#22,.T.);
#24=CARTESIAN_POINT($,(-241.3,428.08726,78.2));
#25=VERTEX_POINT($,#24);
#26=CARTESIAN_POINT($,(-1.30000000000001,428.08726,78.2));
#27=DIRECTION($,(-1,0,0));
#28=VECTOR($,#27,1);
#29=LINE($,#26,#28);
#30=EDGE_CURVE($,#17,#25,#29,.T.);
#31=ORIENTED_EDGE($,$,$,#30,.T.);
#32=CARTESIAN_POINT($,(-241.3,428.08726,78.2));
#33=DIRECTION($,(0,-1,0));
#34=VECTOR($,#33,1);
#35=LINE($,#32,#34);
#36=EDGE_CURVE($,#25,#7,#35,.T.);
#37=ORIENTED_EDGE($,$,$,#36,.T.);
#38=EDGE_LOOP($,(#15,#23,#31,#37));
#39=FACE_OUTER_BOUND('',#38,.T.);
#40=CARTESIAN_POINT($,(-31.3,95.58726,78.2));
#41=VERTEX_POINT($,#40);
#42=CARTESIAN_POINT($,(-39.3,95.58726,78.2));
#43=DIRECTION($,(0,0,1));
#44=DIRECTION($,(1,0,0));
#45=AXIS2_PLACEMENT_3D($,#42,#43,#44);
#46=CIRCLE($,#45,8);
#47=EDGE_CURVE($,#41,#41,#46,.T.);
#48=ORIENTED_EDGE($,$,$,#47,.T.);
#49=EDGE_LOOP($,(#48));
#50=FACE_BOUND('',#49,.T.);
#51=CARTESIAN_POINT($,(-31.3,140.58726,78.2));
#52=VERTEX_POINT($,#51);
#53=CARTESIAN_POINT($,(-39.3,140.58726,78.2));
#54=DIRECTION($,(0,0,1));
#55=DIRECTION($,(1,0,0));
#56=AXIS2_PLACEMENT_3D($,#53,#54,#55);
#57=CIRCLE($,#56,8);
#58=EDGE_CURVE($,#52,#52,#57,.T.);
#59=ORIENTED_EDGE($,$,$,#58,.T.);
#60=EDGE_LOOP($,(#59));
#61=FACE_BOUND('',#60,.T.);
#62=CARTESIAN_POINT($,(-31.3,185.58726,78.2));
#63=VERTEX_POINT($,#62);
#64=CARTESIAN_POINT($,(-39.3,185.58726,78.2));
#65=DIRECTION($,(0,0,1));
#66=DIRECTION($,(1,0,0));
#67=AXIS2_PLACEMENT_3D($,#64,#65,#66);
#68=CIRCLE($,#67,8);
#69=EDGE_CURVE($,#63,#63,#68,.T.);
#70=ORIENTED_EDGE($,$,$,#69,.T.);
#71=EDGE_LOOP($,(#70));
#72=FACE_BOUND('',#71,.T.);
#73=CARTESIAN_POINT($,(-31.3,230.58726,78.2));
#74=VERTEX_POINT($,#73);
#75=CARTESIAN_POINT($,(-39.3,230.58726,78.2));
#76=DIRECTION($,(0,0,1));
#77=DIRECTION($,(1,0,0));
#78=AXIS2_PLACEMENT_3D($,#75,#76,#77);
#79=CIRCLE($,#78,8);
#80=EDGE_CURVE($,#74,#74,#79,.T.);
#81=ORIENTED_EDGE($,$,$,#80,.T.);
#82=EDGE_LOOP($,(#81));
#83=FACE_BOUND('',#82,.T.);
#84=CARTESIAN_POINT($,(-125.8,358.08726,78.2));
#85=VERTEX_POINT($,#84);
#86=CARTESIAN_POINT($,(-151.3,358.08726,78.2));
#87=DIRECTION($,(0,0,1));
#88=DIRECTION($,(1,0,0));
#89=AXIS2_PLACEMENT_3D($,#86,#87,#88);
#90=CIRCLE($,#89,25.5);
#91=EDGE_CURVE($,#85,#85,#90,.T.);
#92=ORIENTED_EDGE($,$,$,#91,.T.);
#93=EDGE_LOOP($,(#92));
#94=FACE_BOUND('',#93,.T.);
#95=CARTESIAN_POINT($,(-42.3,333.08726,78.2));
#96=VERTEX_POINT($,#95);
#97=CARTESIAN_POINT($,(-61.3,333.08726,78.2));
#98=DIRECTION($,(0,0,1));
#99=DIRECTION($,(1,0,0));
#100=AXIS2_PLACEMENT_3D($,#97,#98,#99);
#101=CIRCLE($,#100,19);
#102=EDGE_CURVE($,#96,#96,#101,.T.);
#103=ORIENTED_EDGE($,$,$,#102,.T.);
#104=EDGE_LOOP($,(#103));
#105=FACE_BOUND('',#104,.T.);
#106=CARTESIAN_POINT($,(-178.8,213.08726,78.2));
#107=VERTEX_POINT($,#106);
#108=CARTESIAN_POINT($,(-198.8,213.08726,78.2));
#109=VERTEX_POINT($,#108);
#110=CARTESIAN_POINT($,(-188.8,213.08726,78.2));
#111=DIRECTION($,(0,0,1));
#112=DIRECTION($,(1,0,0));
#113=AXIS2_PLACEMENT_3D($,#110,#111,#112);
#114=CIRCLE($,#113,10);
#115=TRIMMED_CURVE($,#114,(PARAMETER_VALUE(0)),(PARAMETER_VALUE(3.14159265358979)),.T.,.PARAMETER.);
#116=EDGE_CURVE($,#107,#109,#115,.T.);
#117=ORIENTED_EDGE($,$,$,#116,.F.);
#118=CARTESIAN_POINT($,(-178.8,123.08726,78.2));
#119=VERTEX_POINT($,#118);
#120=CARTESIAN_POINT($,(-178.8,123.08726,78.2));
#121=DIRECTION($,(0,1,0));
#122=VECTOR($,#121,1);
#123=LINE($,#120,#122);
#124=EDGE_CURVE($,#119,#107,#123,.T.);
#125=ORIENTED_EDGE($,$,$,#124,.F.);
#126=CARTESIAN_POINT($,(-198.8,123.08726,78.2));
#127=VERTEX_POINT($,#126);
#128=CARTESIAN_POINT($,(-188.8,123.08726,78.2));
#129=DIRECTION($,(0,0,1));
#130=DIRECTION($,(-1,0,0));
#131=AXIS2_PLACEMENT_3D($,#128,#129,#130);
#132=CIRCLE($,#131,10);
#133=TRIMMED_CURVE($,#132,(PARAMETER_VALUE(0)),(PARAMETER_VALUE(3.14159265358979)),.T.,.PARAMETER.);
#134=EDGE_CURVE($,#127,#119,#133,.T.);
#135=ORIENTED_EDGE($,$,$,#134,.F.);
#136=CARTESIAN_POINT($,(-198.8,213.08726,78.2));
#137=DIRECTION($,(0,-1,0));
#138=VECTOR($,#137,1);
#139=LINE($,#136,#138);
#140=EDGE_CURVE($,#109,#127,#139,.T.);
#141=ORIENTED_EDGE($,$,$,#140,.F.);
#142=EDGE_LOOP($,(#117,#125,#135,#141));
#143=FACE_BOUND('',#142,.T.);
#144=CARTESIAN_POINT($,(-113.8,213.08726,78.2));
#145=VERTEX_POINT($,#144);
#146=CARTESIAN_POINT($,(-133.8,213.08726,78.2));
#147=VERTEX_POINT($,#146);
#148=CARTESIAN_POINT($,(-123.8,213.08726,78.2));
#149=DIRECTION($,(0,0,1));
#150=DIRECTION($,(1,0,0));
#151=AXIS2_PLACEMENT_3D($,#148,#149,#150);
#152=CIRCLE($,#151,10);
#153=TRIMMED_CURVE($,#152,(PARAMETER_VALUE(0)),(PARAMETER_VALUE(3.14159265358979)),.T.,.PARAMETER.);
#154=EDGE_CURVE($,#145,#147,#153,.T.);
#155=ORIENTED_EDGE($,$,$,#154,.F.);
#156=CARTESIAN_POINT($,(-113.8,123.08726,78.2));
#157=VERTEX_POINT($,#156);
#158=CARTESIAN_POINT($,(-113.8,123.08726,78.2));
#159=DIRECTION($,(0,1,0));
#160=VECTOR($,#159,1);
#161=LINE($,#158,#160);
#162=EDGE_CURVE($,#157,#145,#161,.T.);
#163=ORIENTED_EDGE($,$,$,#162,.F.);
#164=CARTESIAN_POINT($,(-133.8,123.08726,78.2));
#165=VERTEX_POINT($,#164);
#166=CARTESIAN_POINT($,(-123.8,123.08726,78.2));
#167=DIRECTION($,(0,0,1));
#168=DIRECTION($,(-1,0,0));
#169=AXIS2_PLACEMENT_3D($,#166,#167,#168);
#170=CIRCLE($,#169,10);
#171=TRIMMED_CURVE($,#170,(PARAMETER_VALUE(0)),(PARAMETER_VALUE(3.14159265358979)),.T.,.PARAMETER.);
#172=EDGE_CURVE($,#165,#157,#171,.T.);
#173=ORIENTED_EDGE($,$,$,#172,.F.);
#174=CARTESIAN_POINT($,(-133.8,213.08726,78.2));
#175=DIRECTION($,(0,-1,0));
#176=VECTOR($,#175,1);
#177=LINE($,#174,#176);
#178=EDGE_CURVE($,#147,#165,#177,.T.);
#179=ORIENTED_EDGE($,$,$,#178,.F.);
#180=EDGE_LOOP($,(#155,#163,#173,#179));
#181=FACE_BOUND('',#180,.T.);
#182=ADVANCED_FACE('',(#39,#50,#61,#72,#83,#94,#105,#143,#181),#5,.T.);
#183=CARTESIAN_POINT($,(-241.3,58.08726,76.2));
#184=DIRECTION($,(-0,-0,-1));
#185=DIRECTION($,(1,0,0));
#186=AXIS2_PLACEMENT_3D($,#183,#184,#185);
#187=PLANE($,#186);
#188=CARTESIAN_POINT($,(-241.3,428.08726,76.2));
#189=VERTEX_POINT($,#188);
#190=CARTESIAN_POINT($,(-1.30000000000001,428.08726,76.2));
#191=VERTEX_POINT($,#190);
#192=CARTESIAN_POINT($,(-241.3,428.08726,76.2));
#193=DIRECTION($,(1,0,0));
#194=VECTOR($,#193,1);
#195=LINE($,#192,#194);
#196=EDGE_CURVE($,#189,#191,#195,.T.);
#197=ORIENTED_EDGE($,$,$,#196,.T.);
#198=CARTESIAN_POINT($,(-1.30000000000001,58.08726,76.2));
#199=VERTEX_POINT($,#198);
#200=CARTESIAN_POINT($,(-1.30000000000001,428.08726,76.2));
#201=DIRECTION($,(0,-1,0));
#202=VECTOR($,#201,1);
#203=LINE($,#200,#202);
#204=EDGE_CURVE($,#191,#199,#203,.T.);
#205=ORIENTED_EDGE($,$,$,#204,.T.);
#206=CARTESIAN_POINT($,(-241.3,58.08726,76.2));
#207=VERTEX_POINT($,#206);
#208=CARTESIAN_POINT($,(-1.30000000000001,58.08726,76.2));
#209=DIRECTION($,(-1,0,0));
#210=VECTOR($,#209,1);
#211=LINE($,#208,#210);
#212=EDGE_CURVE($,#199,#207,#211,.T.);
#213=ORIENTED_EDGE($,$,$,#212,.T.);
#214=CARTESIAN_POINT($,(-241.3,58.08726,76.2));
#215=DIRECTION($,(0,1,0));
#216=VECTOR($,#215,1);
#217=LINE($,#214,#216);
#218=EDGE_CURVE($,#207,#189,#217,.T.);
#219=ORIENTED_EDGE($,$,$,#218,.T.);
#220=EDGE_LOOP($,(#197,#205,#213,#219));
#221=FACE_OUTER_BOUND('',#220,.T.);
#222=CARTESIAN_POINT($,(-31.3,95.58726,76.2));
#223=VERTEX_POINT($,#222);
#224=CARTESIAN_POINT($,(-39.3,95.58726,76.2));
#225=DIRECTION($,(0,0,1));
#226=DIRECTION($,(1,0,0));
#227=AXIS2_PLACEMENT_3D($,#224,#225,#226);
#228=CIRCLE($,#227,8);
#229=EDGE_CURVE($,#223,#223,#228,.T.);
#230=ORIENTED_EDGE($,$,$,#229,.T.);
#231=EDGE_LOOP($,(#230));
#232=FACE_BOUND('',#231,.T.);
#233=CARTESIAN_POINT($,(-31.3,140.58726,76.2));
#234=VERTEX_POINT($,#233);
#235=CARTESIAN_POINT($,(-39.3,140.58726,76.2));
#236=DIRECTION($,(0,0,1));
#237=DIRECTION($,(1,0,0));
#238=AXIS2_PLACEMENT_3D($,#235,#236,#237);
#239=CIRCLE($,#238,8);
#240=EDGE_CURVE($,#234,#234,#239,.T.);
#241=ORIENTED_EDGE($,$,$,#240,.T.);
#242=EDGE_LOOP($,(#241));
#243=FACE_BOUND('',#242,.T.);
#244=CARTESIAN_POINT($,(-31.3,185.58726,76.2));
#245=VERTEX_POINT($,#244);
#246=CARTESIAN_POINT($,(-39.3,185.58726,76.2));
#247=DIRECTION($,(0,0,1));
#248=DIRECTION($,(1,0,0));
#249=AXIS2_PLACEMENT_3D($,#246,#247,#248);
#250=CIRCLE($,#249,8);
#251=EDGE_CURVE($,#245,#245,#250,.T.);
#252=ORIENTED_EDGE($,$,$,#251,.T.);
#253=EDGE_LOOP($,(#252));
#254=FACE_BOUND('',#253,.T.);
#255=CARTESIAN_POINT($,(-31.3,230.58726,76.2));
#256=VERTEX_POINT($,#255);
#257=CARTESIAN_POINT($,(-39.3,230.58726,76.2));
#258=DIRECTION($,(0,0,1));
#259=DIRECTION($,(1,0,0));
#260=AXIS2_PLACEMENT_3D($,#257,#258,#259);
#261=CIRCLE($,#260,8);
#262=EDGE_CURVE($,#256,#256,#261,.T.);
#263=ORIENTED_EDGE($,$,$,#262,.T.);
#264=EDGE_LOOP($,(#263));
#265=FACE_BOUND('',#264,.T.);
#266=CARTESIAN_POINT($,(-125.8,358.08726,76.2));
#267=VERTEX_POINT($,#266);
#268=CARTESIAN_POINT($,(-151.3,358.08726,76.2));
#269=DIRECTION($,(0,0,1));
#270=DIRECTION($,(1,0,0));
#271=AXIS2_PLACEMENT_3D($,#268,#269,#270);
#272=CIRCLE($,#271,25.5);
#273=EDGE_CURVE($,#267,#267,#272,.T.);
#274=ORIENTED_EDGE($,$,$,#273,.T.);
#275=EDGE_LOOP($,(#274));
#276=FACE_BOUND('',#275,.T.);
#277=CARTESIAN_POINT($,(-42.3,333.08726,76.2));
#278=VERTEX_POINT($,#277);
#279=CARTESIAN_POINT($,(-61.3,333.08726,76.2));
#280=DIRECTION($,(0,0,1));
#281=DIRECTION($,(1,0,0));
#282=AXIS2_PLACEMENT_3D($,#279,#280,#281);
#283=CIRCLE($,#282,19);
#284=EDGE_CURVE($,#278,#278,#283,.T.);
#285=ORIENTED_EDGE($,$,$,#284,.T.);
#286=EDGE_LOOP($,(#285));
#287=FACE_BOUND('',#286,.T.);
#288=CARTESIAN_POINT($,(-198.8,123.08726,76.2));
#289=VERTEX_POINT($,#288);
#290=CARTESIAN_POINT($,(-178.8,123.08726,76.2));
#291=VERTEX_POINT($,#290);
#292=CARTESIAN_POINT($,(-188.8,123.08726,76.2));
#293=DIRECTION($,(0,0,1));
#294=DIRECTION($,(-1,0,0));
#295=AXIS2_PLACEMENT_3D($,#292,#293,#294);
#296=CIRCLE($,#295,10);
#297=TRIMMED_CURVE($,#296,(PARAMETER_VALUE(0)),(PARAMETER_VALUE(3.14159265358979)),.T.,.PARAMETER.);
#298=EDGE_CURVE($,#289,#291,#297,.T.);
#299=ORIENTED_EDGE($,$,$,#298,.T.);
#300=CARTESIAN_POINT($,(-178.8,213.08726,76.2));
#301=VERTEX_POINT($,#300);
#302=CARTESIAN_POINT($,(-178.8,123.08726,76.2));
#303=DIRECTION($,(0,1,0));
#304=VECTOR($,#303,1);
#305=LINE($,#302,#304);
#306=EDGE_CURVE($,#291,#301,#305,.T.);
#307=ORIENTED_EDGE($,$,$,#306,.T.);
#308=CARTESIAN_POINT($,(-198.8,213.08726,76.2));
#309=VERTEX_POINT($,#308);
#310=CARTESIAN_POINT($,(-188.8,213.08726,76.2));
#311=DIRECTION($,(0,0,1));
#312=DIRECTION($,(1,0,0));
#313=AXIS2_PLACEMENT_3D($,#310,#311,#312);
#314=CIRCLE($,#313,10);
#315=TRIMMED_CURVE($,#314,(PARAMETER_VALUE(0)),(PARAMETER_VALUE(3.14159265358979)),.T.,.PARAMETER.);
#316=EDGE_CURVE($,#301,#309,#315,.T.);
#317=ORIENTED_EDGE($,$,$,#316,.T.);
#318=CARTESIAN_POINT($,(-198.8,213.08726,76.2));
#319=DIRECTION($,(0,-1,0));
#320=VECTOR($,#319,1);
#321=LINE($,#318,#320);
#322=EDGE_CURVE($,#309,#289,#321,.T.);
#323=ORIENTED_EDGE($,$,$,#322,.T.);
#324=EDGE_LOOP($,(#299,#307,#317,#323));
#325=FACE_BOUND('',#324,.T.);
#326=CARTESIAN_POINT($,(-133.8,123.08726,76.2));
#327=VERTEX_POINT($,#326);
#328=CARTESIAN_POINT($,(-113.8,123.08726,76.2));
#329=VERTEX_POINT($,#328);
#330=CARTESIAN_POINT($,(-123.8,123.08726,76.2));
#331=DIRECTION($,(0,0,1));
#332=DIRECTION($,(-1,0,0));
#333=AXIS2_PLACEMENT_3D($,#330,#331,#332);
#334=CIRCLE($,#333,10);
#335=TRIMMED_CURVE($,#334,(PARAMETER_VALUE(0)),(PARAMETER_VALUE(3.14159265358979)),.T.,.PARAMETER.);
#336=EDGE_CURVE($,#327,#329,#335,.T.);
#337=ORIENTED_EDGE($,$,$,#336,.T.);
#338=CARTESIAN_POINT($,(-113.8,213.08726,76.2));
#339=VERTEX_POINT($,#338);
#340=CARTESIAN_POINT($,(-113.8,123.08726,76.2));
#341=DIRECTION($,(0,1,0));
#342=VECTOR($,#341,1);
#343=LINE($,#340,#342);
#344=EDGE_CURVE($,#329,#339,#343,.T.);
#345=ORIENTED_EDGE($,$,$,#344,.T.);
#346=CARTESIAN_POINT($,(-133.8,213.08726,76.2));
#347=VERTEX_POINT($,#346);
#348=CARTESIAN_POINT($,(-123.8,213.08726,76.2));
#349=DIRECTION($,(0,0,1));
#350=DIRECTION($,(1,0,0));
#351=AXIS2_PLACEMENT_3D($,#348,#349,#350);
#352=CIRCLE($,#351,10);
#353=TRIMMED_CURVE($,#352,(PARAMETER_VALUE(0)),(PARAMETER_VALUE(3.14159265358979)),.T.,.PARAMETER.);
#354=EDGE_CURVE($,#339,#347,#353,.T.);
#355=ORIENTED_EDGE($,$,$,#354,.T.);
#356=CARTESIAN_POINT($,(-133.8,213.08726,76.2));
#357=DIRECTION($,(0,-1,0));
#358=VECTOR($,#357,1);
#359=LINE($,#356,#358);
#360=EDGE_CURVE($,#347,#327,#359,.T.);
#361=ORIENTED_EDGE($,$,$,#360,.T.);
#362=EDGE_LOOP($,(#337,#345,#355,#361));
#363=FACE_BOUND('',#362,.T.);
#364=ADVANCED_FACE('',(#221,#232,#243,#254,#265,#276,#287,#325,#363),#187,.F.);
#365=CARTESIAN_POINT($,(-232.3,50.08726,70.2));
#366=DIRECTION($,(0,-1,0));
#367=DIRECTION($,(1,0,0));
#368=AXIS2_PLACEMENT_3D($,#365,#366,#367);
#369=PLANE($,#368);
#370=CARTESIAN_POINT($,(-232.3,50.08726,70.2));
#371=VERTEX_POINT($,#370);
#372=CARTESIAN_POINT($,(-10.3,50.08726,70.2));
#373=VERTEX_POINT($,#372);
#374=CARTESIAN_POINT($,(-232.3,50.08726,70.2));
#375=DIRECTION($,(1,0,0));
#376=VECTOR($,#375,1);
#377=LINE($,#374,#376);
#378=EDGE_CURVE($,#371,#373,#377,.T.);
#379=ORIENTED_EDGE($,$,$,#378,.T.);
#380=CARTESIAN_POINT($,(-10.3,50.08726,57.7));
#381=VERTEX_POINT($,#380);
#382=CARTESIAN_POINT($,(-10.3,50.08726,70.2));
#383=DIRECTION($,(0,0,-1));
#384=VECTOR($,#383,1);
#385=LINE($,#382,#384);
#386=EDGE_CURVE($,#373,#381,#385,.T.);
#387=ORIENTED_EDGE($,$,$,#386,.T.);
#388=CARTESIAN_POINT($,(-1.30000000000001,50.08726,57.7));
#389=VERTEX_POINT($,#388);
#390=CARTESIAN_POINT($,(-10.3,50.08726,57.7));
#391=DIRECTION($,(1,0,0));
#392=VECTOR($,#391,1);
#393=LINE($,#390,#392);
#394=EDGE_CURVE($,#381,#389,#393,.T.);
#395=ORIENTED_EDGE($,$,$,#394,.T.);
#396=CARTESIAN_POINT($,(-1.30000000000001,50.08726,8.2));
#397=VERTEX_POINT($,#396);
#398=CARTESIAN_POINT($,(-1.30000000000001,50.08726,57.7));
#399=DIRECTION($,(0,-0,-1));
#400=VECTOR($,#399,1);
#401=LINE($,#398,#400);
#402=EDGE_CURVE($,#389,#397,#401,.T.);
#403=ORIENTED_EDGE($,$,$,#402,.T.);
#404=CARTESIAN_POINT($,(-241.3,50.08726,8.2));
#405=VERTEX_POINT($,#404);
#406=CARTESIAN_POINT($,(-1.30000000000001,50.08726,8.2));
#407=DIRECTION($,(-1,0,0));
#408=VECTOR($,#407,1);
#409=LINE($,#406,#408);
#410=EDGE_CURVE($,#397,#405,#409,.T.);
#411=ORIENTED_EDGE($,$,$,#410,.T.);
#412=CARTESIAN_POINT($,(-241.3,50.08726,57.7));
#413=VERTEX_POINT($,#412);
#414=CARTESIAN_POINT($,(-241.3,50.08726,8.2));
#415=DIRECTION($,(0,0,1));
#416=VECTOR($,#415,1);
#417=LINE($,#414,#416);
#418=EDGE_CURVE($,#405,#413,#417,.T.);
#419=ORIENTED_EDGE($,$,$,#418,.T.);
#420=CARTESIAN_POINT($,(-232.3,50.08726,57.7));
#421=VERTEX_POINT($,#420);
#422=CARTESIAN_POINT($,(-241.3,50.08726,57.7));
#423=DIRECTION($,(1,0,0));
#424=VECTOR($,#423,1);
#425=LINE($,#422,#424);
#426=EDGE_CURVE($,#413,#421,#425,.T.);
#427=ORIENTED_EDGE($,$,$,#426,.T.);
#428=CARTESIAN_POINT($,(-232.3,50.08726,57.7));
#429=DIRECTION($,(0,0,1));
#430=VECTOR($,#429,1);
#431=LINE($,#428,#430);
#432=EDGE_CURVE($,#421,#371,#431,.T.);
#433=ORIENTED_EDGE($,$,$,#432,.T.);
#434=EDGE_LOOP($,(#379,#387,#395,#403,#411,#419,#427,#433));
#435=FACE_OUTER_BOUND('',#434,.T.);
#436=ADVANCED_FACE('',(#435),#369,.T.);
#437=CARTESIAN_POINT($,(-232.3,52.08726,70.2));
#438=DIRECTION($,(-0,1,-0));
#439=DIRECTION($,(1,0,0));
#440=AXIS2_PLACEMENT_3D($,#437,#438,#439);
#441=PLANE($,#440);
#442=CARTESIAN_POINT($,(-232.3,52.08726,57.7));
#443=VERTEX_POINT($,#442);
#444=CARTESIAN_POINT($,(-241.3,52.08726,57.7));
#445=VERTEX_POINT($,#444);
#446=CARTESIAN_POINT($,(-232.3,52.08726,57.7));
#447=DIRECTION($,(-1,0,0));
#448=VECTOR($,#447,1);
#449=LINE($,#446,#448);
#450=EDGE_CURVE($,#443,#445,#449,.T.);
#451=ORIENTED_EDGE($,$,$,#450,.T.);
#452=CARTESIAN_POINT($,(-241.3,52.08726,8.2));
#453=VERTEX_POINT($,#452);
#454=CARTESIAN_POINT($,(-241.3,52.08726,57.7));
#455=DIRECTION($,(0,-0,-1));
#456=VECTOR($,#455,1);
#457=LINE($,#454,#456);
#458=EDGE_CURVE($,#445,#453,#457,.T.);
#459=ORIENTED_EDGE($,$,$,#458,.T.);
#460=CARTESIAN_POINT($,(-1.30000000000001,52.08726,8.2));
#461=VERTEX_POINT($,#460);
#462=CARTESIAN_POINT($,(-241.3,52.08726,8.2));
#463=DIRECTION($,(1,0,0));
#464=VECTOR($,#463,1);
#465=LINE($,#462,#464);
#466=EDGE_CURVE($,#453,#461,#465,.T.);
#467=ORIENTED_EDGE($,$,$,#466,.T.);
#468=CARTESIAN_POINT($,(-1.30000000000001,52.08726,57.7));
#469=VERTEX_POINT($,#468);
#470=CARTESIAN_POINT($,(-1.30000000000001,52.08726,8.2));
#471=DIRECTION($,(0,0,1));
#472=VECTOR($,#471,1);
#473=LINE($,#470,#472);
#474=EDGE_CURVE($,#461,#469,#473,.T.);
#475=ORIENTED_EDGE($,$,$,#474,.T.);
#476=CARTESIAN_POINT($,(-10.3,52.08726,57.7));
#477=VERTEX_POINT($,#476);
#478=CARTESIAN_POINT($,(-1.30000000000001,52.08726,57.7));
#479=DIRECTION($,(-1,0,0));
#480=VECTOR($,#479,1);
#481=LINE($,#478,#480);
#482=EDGE_CURVE($,#469,#477,#481,.T.);
#483=ORIENTED_EDGE($,$,$,#482,.T.);
#484=CARTESIAN_POINT($,(-10.3,52.08726,70.2));
#485=VERTEX_POINT($,#484);
#486=CARTESIAN_POINT($,(-10.3,52.08726,57.7));
#487=DIRECTION($,(0,0,1));
#488=VECTOR($,#487,1);
#489=LINE($,#486,#488);
#490=EDGE_CURVE($,#477,#485,#489,.T.);
#491=ORIENTED_EDGE($,$,$,#490,.T.);
#492=CARTESIAN_POINT($,(-232.3,52.08726,70.2));
#493=VERTEX_POINT($,#492);
#494=CARTESIAN_POINT($,(-10.3,52.08726,70.2));
#495=DIRECTION($,(-1,0,0));
#496=VECTOR($,#495,1);
#497=LINE($,#494,#496);
#498=EDGE_CURVE($,#485,#493,#497,.T.);
#499=ORIENTED_EDGE($,$,$,#498,.T.);
#500=CARTESIAN_POINT($,(-232.3,52.08726,70.2));
#501=DIRECTION($,(0,0,-1));
#502=VECTOR($,#501,1);
#503=LINE($,#500,#502);
#504=EDGE_CURVE($,#493,#443,#503,.T.);
#505=ORIENTED_EDGE($,$,$,#504,.T.);
#506=EDGE_LOOP($,(#451,#459,#467,#475,#483,#491,#499,#505));
#507=FACE_OUTER_BOUND('',#506,.T.);
#508=ADVANCED_FACE('',(#507),#441,.F.);
#509=CARTESIAN_POINT($,(-232.3,58.08726,70.2));
#510=DIRECTION($,(1,0,0));
#511=DIRECTION($,(0,0,1));
#512=AXIS2_PLACEMENT_3D($,#509,#510,#511);
#513=CYLINDRICAL_SURFACE($,#512,8);
#514=CARTESIAN_POINT($,(-232.3,58.08726,78.2));
#515=VERTEX_POINT($,#514);
#516=CARTESIAN_POINT($,(-10.3,58.08726,78.2));
#517=VERTEX_POINT($,#516);
#518=CARTESIAN_POINT($,(-232.3,58.08726,78.2));
#519=DIRECTION($,(1,0,0));
#520=VECTOR($,#519,1);
#521=LINE($,#518,#520);
#522=EDGE_CURVE($,#515,#517,#521,.T.);
#523=ORIENTED_EDGE($,$,$,#522,.T.);
#524=CARTESIAN_POINT($,(-10.3,58.08726,70.2));
#525=DIRECTION($,(1,0,0));
#526=DIRECTION($,(0,0,1));
#527=AXIS2_PLACEMENT_3D($,#524,#525,#526);
#528=CIRCLE($,#527,8);
#529=TRIMMED_CURVE($,#528,(PARAMETER_VALUE(0)),(PARAMETER_VALUE(1.5707963267949)),.T.,.PARAMETER.);
#530=EDGE_CURVE($,#517,#373,#529,.T.);
#531=ORIENTED_EDGE($,$,$,#530,.T.);
#532=ORIENTED_EDGE($,$,$,#378,.F.);
#533=CARTESIAN_POINT($,(-232.3,58.08726,70.2));
#534=DIRECTION($,(-1,-0,-0));
#535=DIRECTION($,(0,-1,0));
#536=AXIS2_PLACEMENT_3D($,#533,#534,#535);
#537=CIRCLE($,#536,8);
#538=TRIMMED_CURVE($,#537,(PARAMETER_VALUE(0)),(PARAMETER_VALUE(1.5707963267949)),.T.,.PARAMETER.);
#539=EDGE_CURVE($,#371,#515,#538,.T.);
#540=ORIENTED_EDGE($,$,$,#539,.T.);
#541=EDGE_LOOP($,(#523,#531,#532,#540));
#542=FACE_OUTER_BOUND('',#541,.T.);
#543=ADVANCED_FACE('',(#542),#513,.T.);
#544=CARTESIAN_POINT($,(-232.3,58.08726,70.2));
#545=DIRECTION($,(1,0,0));
#546=DIRECTION($,(0,0,1));
#547=AXIS2_PLACEMENT_3D($,#544,#545,#546);
#548=CYLINDRICAL_SURFACE($,#547,6);
#549=ORIENTED_EDGE($,$,$,#498,.F.);
#550=CARTESIAN_POINT($,(-10.3,58.08726,76.2));
#551=VERTEX_POINT($,#550);
#552=CARTESIAN_POINT($,(-10.3,58.08726,70.2));
#553=DIRECTION($,(-1,-0,-0));
#554=DIRECTION($,(0,-1,0));
#555=AXIS2_PLACEMENT_3D($,#552,#553,#554);
#556=CIRCLE($,#555,6);
#557=TRIMMED_CURVE($,#556,(PARAMETER_VALUE(0)),(PARAMETER_VALUE(1.5707963267949)),.T.,.PARAMETER.);
#558=EDGE_CURVE($,#485,#551,#557,.T.);
#559=ORIENTED_EDGE($,$,$,#558,.T.);
#560=CARTESIAN_POINT($,(-232.3,58.08726,76.2));
#561=VERTEX_POINT($,#560);
#562=CARTESIAN_POINT($,(-10.3,58.08726,76.2));
#563=DIRECTION($,(-1,0,0));
#564=VECTOR($,#563,1);
#565=LINE($,#562,#564);
#566=EDGE_CURVE($,#551,#561,#565,.T.);
#567=ORIENTED_EDGE($,$,$,#566,.T.);
#568=CARTESIAN_POINT($,(-232.3,58.08726,70.2));
#569=DIRECTION($,(1,0,0));
#570=DIRECTION($,(0,0,1));
#571=AXIS2_PLACEMENT_3D($,#568,#569,#570);
#572=CIRCLE($,#571,6);
#573=TRIMMED_CURVE($,#572,(PARAMETER_VALUE(0)),(PARAMETER_VALUE(1.5707963267949)),.T.,.PARAMETER.);
#574=EDGE_CURVE($,#561,#493,#573,.T.);
#575=ORIENTED_EDGE($,$,$,#574,.T.);
#576=EDGE_LOOP($,(#549,#559,#567,#575));
#577=FACE_OUTER_BOUND('',#576,.T.);
#578=ADVANCED_FACE('',(#577),#548,.F.);
#579=CARTESIAN_POINT($,(-10.3,436.08726,70.2));
#580=DIRECTION($,(0,1,0));
#581=DIRECTION($,(-1,0,0));
#582=AXIS2_PLACEMENT_3D($,#579,#580,#581);
#583=PLANE($,#582);
#584=CARTESIAN_POINT($,(-10.3,436.08726,70.2));
#585=VERTEX_POINT($,#584);
#586=CARTESIAN_POINT($,(-232.3,436.08726,70.2));
#587=VERTEX_POINT($,#586);
#588=CARTESIAN_POINT($,(-10.3,436.08726,70.2));
#589=DIRECTION($,(-1,0,0));
#590=VECTOR($,#589,1);
#591=LINE($,#588,#590);
#592=EDGE_CURVE($,#585,#587,#591,.T.);
#593=ORIENTED_EDGE($,$,$,#592,.T.);
#594=CARTESIAN_POINT($,(-232.3,436.08726,57.7));
#595=VERTEX_POINT($,#594);
#596=CARTESIAN_POINT($,(-232.3,436.08726,70.2));
#597=DIRECTION($,(0,0,-1));
#598=VECTOR($,#597,1);
#599=LINE($,#596,#598);
#600=EDGE_CURVE($,#587,#595,#599,.T.);
#601=ORIENTED_EDGE($,$,$,#600,.T.);
#602=CARTESIAN_POINT($,(-241.3,436.08726,57.7));
#603=VERTEX_POINT($,#602);
#604=CARTESIAN_POINT($,(-232.3,436.08726,57.7));
#605=DIRECTION($,(-1,0,0));
#606=VECTOR($,#605,1);
#607=LINE($,#604,#606);
#608=EDGE_CURVE($,#595,#603,#607,.T.);
#609=ORIENTED_EDGE($,$,$,#608,.T.);
#610=CARTESIAN_POINT($,(-241.3,436.08726,8.2));
#611=VERTEX_POINT($,#610);
#612=CARTESIAN_POINT($,(-241.3,436.08726,57.7));
#613=DIRECTION($,(0,0,-1));
#614=VECTOR($,#613,1);
#615=LINE($,#612,#614);
#616=EDGE_CURVE($,#603,#611,#615,.T.);
#617=ORIENTED_EDGE($,$,$,#616,.T.);
#618=CARTESIAN_POINT($,(-1.30000000000001,436.08726,8.2));
#619=VERTEX_POINT($,#618);
#620=CARTESIAN_POINT($,(-241.3,436.08726,8.2));
#621=DIRECTION($,(1,0,0));
#622=VECTOR($,#621,1);
#623=LINE($,#620,#622);
#624=EDGE_CURVE($,#611,#619,#623,.T.);
#625=ORIENTED_EDGE($,$,$,#624,.T.);
#626=CARTESIAN_POINT($,(-1.30000000000001,436.08726,57.7));
#627=VERTEX_POINT($,#626);
#628=CARTESIAN_POINT($,(-1.30000000000001,436.08726,8.2));
#629=DIRECTION($,(0,0,1));
#630=VECTOR($,#629,1);
#631=LINE($,#628,#630);
#632=EDGE_CURVE($,#619,#627,#631,.T.);
#633=ORIENTED_EDGE($,$,$,#632,.T.);
#634=CARTESIAN_POINT($,(-10.3,436.08726,57.7));
#635=VERTEX_POINT($,#634);
#636=CARTESIAN_POINT($,(-1.30000000000001,436.08726,57.7));
#637=DIRECTION($,(-1,0,0));
#638=VECTOR($,#637,1);
#639=LINE($,#636,#638);
#640=EDGE_CURVE($,#627,#635,#639,.T.);
#641=ORIENTED_EDGE($,$,$,#640,.T.);
#642=CARTESIAN_POINT($,(-10.3,436.08726,57.7));
#643=DIRECTION($,(0,0,1));
#644=VECTOR($,#643,1);
#645=LINE($,#642,#644);
#646=EDGE_CURVE($,#635,#585,#645,.T.);
#647=ORIENTED_EDGE($,$,$,#646,.T.);
#648=EDGE_LOOP($,(#593,#601,#609,#617,#625,#633,#641,#647));
#649=FACE_OUTER_BOUND('',#648,.T.);
#650=ADVANCED_FACE('',(#649),#583,.T.);
#651=CARTESIAN_POINT($,(-10.3,434.08726,70.2));
#652=DIRECTION($,(-0,-1,-0));
#653=DIRECTION($,(-1,0,0));
#654=AXIS2_PLACEMENT_3D($,#651,#652,#653);
#655=PLANE($,#654);
#656=CARTESIAN_POINT($,(-10.3,434.08726,57.7));
#657=VERTEX_POINT($,#656);
#658=CARTESIAN_POINT($,(-1.30000000000001,434.08726,57.7));
#659=VERTEX_POINT($,#658);
#660=CARTESIAN_POINT($,(-10.3,434.08726,57.7));
#661=DIRECTION($,(1,0,0));
#662=VECTOR($,#661,1);
#663=LINE($,#660,#662);
#664=EDGE_CURVE($,#657,#659,#663,.T.);
#665=ORIENTED_EDGE($,$,$,#664,.T.);
#666=CARTESIAN_POINT($,(-1.30000000000001,434.08726,8.2));
#667=VERTEX_POINT($,#666);
#668=CARTESIAN_POINT($,(-1.30000000000001,434.08726,57.7));
#669=DIRECTION($,(0,0,-1));
#670=VECTOR($,#669,1);
#671=LINE($,#668,#670);
#672=EDGE_CURVE($,#659,#667,#671,.T.);
#673=ORIENTED_EDGE($,$,$,#672,.T.);
#674=CARTESIAN_POINT($,(-241.3,434.08726,8.2));
#675=VERTEX_POINT($,#674);
#676=CARTESIAN_POINT($,(-1.30000000000001,434.08726,8.2));
#677=DIRECTION($,(-1,0,0));
#678=VECTOR($,#677,1);
#679=LINE($,#676,#678);
#680=EDGE_CURVE($,#667,#675,#679,.T.);
#681=ORIENTED_EDGE($,$,$,#680,.T.);
#682=CARTESIAN_POINT($,(-241.3,434.08726,57.7));
#683=VERTEX_POINT($,#682);
#684=CARTESIAN_POINT($,(-241.3,434.08726,8.2));
#685=DIRECTION($,(0,0,1));
#686=VECTOR($,#685,1);
#687=LINE($,#684,#686);
#688=EDGE_CURVE($,#675,#683,#687,.T.);
#689=ORIENTED_EDGE($,$,$,#688,.T.);
#690=CARTESIAN_POINT($,(-232.3,434.08726,57.7));
#691=VERTEX_POINT($,#690);
#692=CARTESIAN_POINT($,(-241.3,434.08726,57.7));
#693=DIRECTION($,(1,0,0));
#694=VECTOR($,#693,1);
#695=LINE($,#692,#694);
#696=EDGE_CURVE($,#683,#691,#695,.T.);
#697=ORIENTED_EDGE($,$,$,#696,.T.);
#698=CARTESIAN_POINT($,(-232.3,434.08726,70.2));
#699=VERTEX_POINT($,#698);
#700=CARTESIAN_POINT($,(-232.3,434.08726,57.7));
#701=DIRECTION($,(0,0,1));
#702=VECTOR($,#701,1);
#703=LINE($,#700,#702);
#704=EDGE_CURVE($,#691,#699,#703,.T.);
#705=ORIENTED_EDGE($,$,$,#704,.T.);
#706=CARTESIAN_POINT($,(-10.3,434.08726,70.2));
#707=VERTEX_POINT($,#706);
#708=CARTESIAN_POINT($,(-232.3,434.08726,70.2));
#709=DIRECTION($,(1,0,0));
#710=VECTOR($,#709,1);
#711=LINE($,#708,#710);
#712=EDGE_CURVE($,#699,#707,#711,.T.);
#713=ORIENTED_EDGE($,$,$,#712,.T.);
#714=CARTESIAN_POINT($,(-10.3,434.08726,70.2));
#715=DIRECTION($,(0,0,-1));
#716=VECTOR($,#715,1);
#717=LINE($,#714,#716);
#718=EDGE_CURVE($,#707,#657,#717,.T.);
#719=ORIENTED_EDGE($,$,$,#718,.T.);
#720=EDGE_LOOP($,(#665,#673,#681,#689,#697,#705,#713,#719));
#721=FACE_OUTER_BOUND('',#720,.T.);
#722=ADVANCED_FACE('',(#721),#655,.F.);
#723=CARTESIAN_POINT($,(-10.3,428.08726,70.2));
#724=DIRECTION($,(-1,0,0));
#725=DIRECTION($,(0,0,1));
#726=AXIS2_PLACEMENT_3D($,#723,#724,#725);
#727=CYLINDRICAL_SURFACE($,#726,8);
#728=CARTESIAN_POINT($,(-10.3,428.08726,78.2));
#729=VERTEX_POINT($,#728);
#730=CARTESIAN_POINT($,(-232.3,428.08726,78.2));
#731=VERTEX_POINT($,#730);
#732=CARTESIAN_POINT($,(-10.3,428.08726,78.2));
#733=DIRECTION($,(-1,0,0));
#734=VECTOR($,#733,1);
#735=LINE($,#732,#734);
#736=EDGE_CURVE($,#729,#731,#735,.T.);
#737=ORIENTED_EDGE($,$,$,#736,.T.);
#738=CARTESIAN_POINT($,(-232.3,428.08726,70.2));
#739=DIRECTION($,(-1,0,0));
#740=DIRECTION($,(0,0,1));
#741=AXIS2_PLACEMENT_3D($,#738,#739,#740);
#742=CIRCLE($,#741,8);
#743=TRIMMED_CURVE($,#742,(PARAMETER_VALUE(0)),(PARAMETER_VALUE(1.5707963267949)),.T.,.PARAMETER.);
#744=EDGE_CURVE($,#731,#587,#743,.T.);
#745=ORIENTED_EDGE($,$,$,#744,.T.);
#746=ORIENTED_EDGE($,$,$,#592,.F.);
#747=CARTESIAN_POINT($,(-10.3,428.08726,70.2));
#748=DIRECTION($,(1,-0,-0));
#749=DIRECTION($,(0,1,0));
#750=AXIS2_PLACEMENT_3D($,#747,#748,#749);
#751=CIRCLE($,#750,8);
#752=TRIMMED_CURVE($,#751,(PARAMETER_VALUE(0)),(PARAMETER_VALUE(1.5707963267949)),.T.,.PARAMETER.);
#753=EDGE_CURVE($,#585,#729,#752,.T.);
#754=ORIENTED_EDGE($,$,$,#753,.T.);
#755=EDGE_LOOP($,(#737,#745,#746,#754));
#756=FACE_OUTER_BOUND('',#755,.T.);
#757=ADVANCED_FACE('',(#756),#727,.T.);
#758=CARTESIAN_POINT($,(-10.3,428.08726,70.2));
#759=DIRECTION($,(-1,0,0));
#760=DIRECTION($,(0,0,1));
#761=AXIS2_PLACEMENT_3D($,#758,#759,#760);
#762=CYLINDRICAL_SURFACE($,#761,6);
#763=ORIENTED_EDGE($,$,$,#712,.F.);
#764=CARTESIAN_POINT($,(-232.3,428.08726,76.2));
#765=VERTEX_POINT($,#764);
#766=CARTESIAN_POINT($,(-232.3,428.08726,70.2));
#767=DIRECTION($,(1,-0,-0));
#768=DIRECTION($,(0,1,0));
#769=AXIS2_PLACEMENT_3D($,#766,#767,#768);
#770=CIRCLE($,#769,6);
#771=TRIMMED_CURVE($,#770,(PARAMETER_VALUE(0)),(PARAMETER_VALUE(1.5707963267949)),.T.,.PARAMETER.);
#772=EDGE_CURVE($,#699,#765,#771,.T.);
#773=ORIENTED_EDGE($,$,$,#772,.T.);
#774=CARTESIAN_POINT($,(-10.3,428.08726,76.2));
#775=VERTEX_POINT($,#774);
#776=CARTESIAN_POINT($,(-232.3,428.08726,76.2));
#777=DIRECTION($,(1,0,0));
#778=VECTOR($,#777,1);
#779=LINE($,#776,#778);
#780=EDGE_CURVE($,#765,#775,#779,.T.);
#781=ORIENTED_EDGE($,$,$,#780,.T.);
#782=CARTESIAN_POINT($,(-10.3,428.08726,70.2));
#783=DIRECTION($,(-1,0,0));
#784=DIRECTION($,(0,0,1));
#785=AXIS2_PLACEMENT_3D($,#782,#783,#784);
#786=CIRCLE($,#785,6);
#787=TRIMMED_CURVE($,#786,(PARAMETER_VALUE(0)),(PARAMETER_VALUE(1.5707963267949)),.T.,.PARAMETER.);
#788=EDGE_CURVE($,#775,#707,#787,.T.);
#789=ORIENTED_EDGE($,$,$,#788,.T.);
#790=EDGE_LOOP($,(#763,#773,#781,#789));
#791=FACE_OUTER_BOUND('',#790,.T.);
#792=ADVANCED_FACE('',(#791),#762,.F.);
#793=CARTESIAN_POINT($,(-247.3,428.08726,84.2));
#794=DIRECTION($,(1,0,0));
#795=DIRECTION($,(0,-1,0));
#796=AXIS2_PLACEMENT_3D($,#793,#794,#795);
#797=PLANE($,#796);
#798=CARTESIAN_POINT($,(-247.3,428.08726,84.2));
#799=VERTEX_POINT($,#798);
#800=CARTESIAN_POINT($,(-247.3,58.08726,84.2));
#801=VERTEX_POINT($,#800);
#802=CARTESIAN_POINT($,(-247.3,428.08726,84.2));
#803=DIRECTION($,(0,-1,0));
#804=VECTOR($,#803,1);
#805=LINE($,#802,#804);
#806=EDGE_CURVE($,#799,#801,#805,.T.);
#807=ORIENTED_EDGE($,$,$,#806,.T.);
#808=CARTESIAN_POINT($,(-247.3,58.08726,104.2));
#809=VERTEX_POINT($,#808);
#810=CARTESIAN_POINT($,(-247.3,58.08726,84.2));
#811=DIRECTION($,(0,0,1));
#812=VECTOR($,#811,1);
#813=LINE($,#810,#812);
#814=EDGE_CURVE($,#801,#809,#813,.T.);
#815=ORIENTED_EDGE($,$,$,#814,.T.);
#816=CARTESIAN_POINT($,(-247.3,83.08726,129.2));
#817=VERTEX_POINT($,#816);
#818=CARTESIAN_POINT($,(-247.3,58.08726,104.2));
#819=DIRECTION($,(0,0.707106781186548,0.707106781186547));
#820=VECTOR($,#819,1);
#821=LINE($,#818,#820);
#822=EDGE_CURVE($,#809,#817,#821,.T.);
#823=ORIENTED_EDGE($,$,$,#822,.T.);
#824=CARTESIAN_POINT($,(-247.3,403.08726,129.2));
#825=VERTEX_POINT($,#824);
#826=CARTESIAN_POINT($,(-247.3,83.08726,129.2));
#827=DIRECTION($,(0,1,0));
#828=VECTOR($,#827,1);
#829=LINE($,#826,#828);
#830=EDGE_CURVE($,#817,#825,#829,.T.);
#831=ORIENTED_EDGE($,$,$,#830,.T.);
#832=CARTESIAN_POINT($,(-247.3,428.08726,104.2));
#833=VERTEX_POINT($,#832);
#834=CARTESIAN_POINT($,(-247.3,403.08726,129.2));
#835=DIRECTION($,(0,0.707106781186548,-0.707106781186547));
#836=VECTOR($,#835,1);
#837=LINE($,#834,#836);
#838=EDGE_CURVE($,#825,#833,#837,.T.);
#839=ORIENTED_EDGE($,$,$,#838,.T.);
#840=CARTESIAN_POINT($,(-247.3,428.08726,104.2));
#841=DIRECTION($,(0,0,-1));
#842=VECTOR($,#841,1);
#843=LINE($,#840,#842);
#844=EDGE_CURVE($,#833,#799,#843,.T.);
#845=ORIENTED_EDGE($,$,$,#844,.T.);
#846=EDGE_LOOP($,(#807,#815,#823,#831,#839,#845));
#847=FACE_OUTER_BOUND('',#846,.T.);
#848=ADVANCED_FACE('',(#847),#797,.T.);
#849=CARTESIAN_POINT($,(-249.3,428.08726,84.2));
#850=DIRECTION($,(-1,-0,-0));
#851=DIRECTION($,(0,-1,0));
#852=AXIS2_PLACEMENT_3D($,#849,#850,#851);
#853=PLANE($,#852);
#854=CARTESIAN_POINT($,(-249.3,428.08726,104.2));
#855=VERTEX_POINT($,#854);
#856=CARTESIAN_POINT($,(-249.3,403.08726,129.2));
#857=VERTEX_POINT($,#856);
#858=CARTESIAN_POINT($,(-249.3,428.08726,104.2));
#859=DIRECTION($,(0,-0.707106781186548,0.707106781186547));
#860=VECTOR($,#859,1);
#861=LINE($,#858,#860);
#862=EDGE_CURVE($,#855,#857,#861,.T.);
#863=ORIENTED_EDGE($,$,$,#862,.T.);
#864=CARTESIAN_POINT($,(-249.3,83.08726,129.2));
#865=VERTEX_POINT($,#864);
#866=CARTESIAN_POINT($,(-249.3,403.08726,129.2));
#867=DIRECTION($,(0,-1,0));
#868=VECTOR($,#867,1);
#869=LINE($,#866,#868);
#870=EDGE_CURVE($,#857,#865,#869,.T.);
#871=ORIENTED_EDGE($,$,$,#870,.T.);
#872=CARTESIAN_POINT($,(-249.3,58.08726,104.2));
#873=VERTEX_POINT($,#872);
#874=CARTESIAN_POINT($,(-249.3,83.08726,129.2));
#875=DIRECTION($,(0,-0.707106781186548,-0.707106781186547));
#876=VECTOR($,#875,1);
#877=LINE($,#874,#876);
#878=EDGE_CURVE($,#865,#873,#877,.T.);
#879=ORIENTED_EDGE($,$,$,#878,.T.);
#880=CARTESIAN_POINT($,(-249.3,58.08726,84.2));
#881=VERTEX_POINT($,#880);
#882=CARTESIAN_POINT($,(-249.3,58.08726,104.2));
#883=DIRECTION($,(0,0,-1));
#884=VECTOR($,#883,1);
#885=LINE($,#882,#884);
#886=EDGE_CURVE($,#873,#881,#885,.T.);
#887=ORIENTED_EDGE($,$,$,#886,.T.);
#888=CARTESIAN_POINT($,(-249.3,428.08726,84.2));
#889=VERTEX_POINT($,#888);
#890=CARTESIAN_POINT($,(-249.3,58.08726,84.2));
#891=DIRECTION($,(0,1,0));
#892=VECTOR($,#891,1);
#893=LINE($,#890,#892);
#894=EDGE_CURVE($,#881,#889,#893,.T.);
#895=ORIENTED_EDGE($,$,$,#894,.T.);
#896=CARTESIAN_POINT($,(-249.3,428.08726,84.2));
#897=DIRECTION($,(0,0,1));
#898=VECTOR($,#897,1);
#899=LINE($,#896,#898);
#900=EDGE_CURVE($,#889,#855,#899,.T.);
#901=ORIENTED_EDGE($,$,$,#900,.T.);
#902=EDGE_LOOP($,(#863,#871,#879,#887,#895,#901));
#903=FACE_OUTER_BOUND('',#902,.T.);
#904=ADVANCED_FACE('',(#903),#853,.F.);
#905=CARTESIAN_POINT($,(-241.3,428.08726,84.2));
#906=DIRECTION($,(0,-1,0));
#907=DIRECTION($,(0,0,-1));
#908=AXIS2_PLACEMENT_3D($,#905,#906,#907);
#909=CYLINDRICAL_SURFACE($,#908,6);
#910=ORIENTED_EDGE($,$,$,#36,.T.);
#911=CARTESIAN_POINT($,(-241.3,58.08726,84.2));
#912=DIRECTION($,(-0,1,-0));
#913=DIRECTION($,(0,0,-1));
#914=AXIS2_PLACEMENT_3D($,#911,#912,#913);
#915=CIRCLE($,#914,6);
#916=TRIMMED_CURVE($,#915,(PARAMETER_VALUE(0)),(PARAMETER_VALUE(1.5707963267949)),.T.,.PARAMETER.);
#917=EDGE_CURVE($,#7,#801,#916,.T.);
#918=ORIENTED_EDGE($,$,$,#917,.T.);
#919=ORIENTED_EDGE($,$,$,#806,.F.);
#920=CARTESIAN_POINT($,(-241.3,428.08726,84.2));
#921=DIRECTION($,(0,-1,0));
#922=DIRECTION($,(-1,0,0));
#923=AXIS2_PLACEMENT_3D($,#920,#921,#922);
#924=CIRCLE($,#923,6);
#925=TRIMMED_CURVE($,#924,(PARAMETER_VALUE(0)),(PARAMETER_VALUE(1.5707963267949)),.T.,.PARAMETER.);
#926=EDGE_CURVE($,#799,#25,#925,.T.);
#927=ORIENTED_EDGE($,$,$,#926,.T.);
#928=EDGE_LOOP($,(#910,#918,#919,#927));
#929=FACE_OUTER_BOUND('',#928,.T.);
#930=ADVANCED_FACE('',(#929),#909,.T.);
#931=CARTESIAN_POINT($,(-241.3,428.08726,84.2));
#932=DIRECTION($,(0,-1,0));
#933=DIRECTION($,(0,0,-1));
#934=AXIS2_PLACEMENT_3D($,#931,#932,#933);
#935=CYLINDRICAL_SURFACE($,#934,8);
#936=ORIENTED_EDGE($,$,$,#894,.F.);
#937=CARTESIAN_POINT($,(-241.3,58.08726,84.2));
#938=DIRECTION($,(0,-1,0));
#939=DIRECTION($,(-1,0,0));
#940=AXIS2_PLACEMENT_3D($,#937,#938,#939);
#941=CIRCLE($,#940,8);
#942=TRIMMED_CURVE($,#941,(PARAMETER_VALUE(0)),(PARAMETER_VALUE(1.5707963267949)),.T.,.PARAMETER.);
#943=EDGE_CURVE($,#881,#207,#942,.T.);
#944=ORIENTED_EDGE($,$,$,#943,.T.);
#945=ORIENTED_EDGE($,$,$,#218,.T.);
#946=CARTESIAN_POINT($,(-241.3,428.08726,84.2));
#947=DIRECTION($,(-0,1,-0));
#948=DIRECTION($,(0,0,-1));
#949=AXIS2_PLACEMENT_3D($,#946,#947,#948);
#950=CIRCLE($,#949,8);
#951=TRIMMED_CURVE($,#950,(PARAMETER_VALUE(0)),(PARAMETER_VALUE(1.5707963267949)),.T.,.PARAMETER.);
#952=EDGE_CURVE($,#189,#889,#951,.T.);
#953=ORIENTED_EDGE($,$,$,#952,.T.);
#954=EDGE_LOOP($,(#936,#944,#945,#953));
#955=FACE_OUTER_BOUND('',#954,.T.);
#956=ADVANCED_FACE('',(#955),#935,.F.);
#957=CARTESIAN_POINT($,(4.69999999999999,58.08726,84.2));
#958=DIRECTION($,(-1,0,0));
#959=DIRECTION($,(0,1,0));
#960=AXIS2_PLACEMENT_3D($,#957,#958,#959);
#961=PLANE($,#960);
#962=CARTESIAN_POINT($,(4.69999999999999,58.08726,84.2));
#963=VERTEX_POINT($,#962);
#964=CARTESIAN_POINT($,(4.69999999999999,428.08726,84.2));
#965=VERTEX_POINT($,#964);
#966=CARTESIAN_POINT($,(4.69999999999999,58.08726,84.2));
#967=DIRECTION($,(0,1,0));
#968=VECTOR($,#967,1);
#969=LINE($,#966,#968);
#970=EDGE_CURVE($,#963,#965,#969,.T.);
#971=ORIENTED_EDGE($,$,$,#970,.T.);
#972=CARTESIAN_POINT($,(4.69999999999999,428.08726,103.7));
#973=VERTEX_POINT($,#972);
#974=CARTESIAN_POINT($,(4.69999999999999,428.08726,84.2));
#975=DIRECTION($,(0,0,1));
#976=VECTOR($,#975,1);
#977=LINE($,#974,#976);
#978=EDGE_CURVE($,#965,#973,#977,.T.);
#979=ORIENTED_EDGE($,$,$,#978,.T.);
#980=CARTESIAN_POINT($,(4.69999999999999,415.58726,116.2));
#981=VERTEX_POINT($,#980);
#982=CARTESIAN_POINT($,(4.69999999999999,415.58726,103.7));
#983=DIRECTION($,(1,-0,-0));
#984=DIRECTION($,(0,1,0));
#985=AXIS2_PLACEMENT_3D($,#982,#983,#984);
#986=CIRCLE($,#985,12.5);
#987=TRIMMED_CURVE($,#986,(PARAMETER_VALUE(0)),(PARAMETER_VALUE(1.5707963267949)),.T.,.PARAMETER.);
#988=EDGE_CURVE($,#973,#981,#987,.T.);
#989=ORIENTED_EDGE($,$,$,#988,.T.);
#990=CARTESIAN_POINT($,(4.69999999999999,384.58726,116.2));
#991=VERTEX_POINT($,#990);
#992=CARTESIAN_POINT($,(4.69999999999999,415.58726,116.2));
#993=DIRECTION($,(0,-1,0));
#994=VECTOR($,#993,1);
#995=LINE($,#992,#994);
#996=EDGE_CURVE($,#981,#991,#995,.T.);
#997=ORIENTED_EDGE($,$,$,#996,.T.);
#998=CARTESIAN_POINT($,(4.69999999999999,369.58726,101.2));
#999=VERTEX_POINT($,#998);
#1000=CARTESIAN_POINT($,(4.69999999999999,384.58726,116.2));
#1001=DIRECTION($,(-0,-0.707106781186548,-0.707106781186548));
#1002=VECTOR($,#1001,1);
#1003=LINE($,#1000,#1002);
#1004=EDGE_CURVE($,#991,#999,#1003,.T.);
#1005=ORIENTED_EDGE($,$,$,#1004,.T.);
#1006=CARTESIAN_POINT($,(4.69999999999999,305.58726,101.2));
#1007=VERTEX_POINT($,#1006);
#1008=CARTESIAN_POINT($,(4.69999999999999,369.58726,101.2));
#1009=DIRECTION($,(0,-1,0));
#1010=VECTOR($,#1009,1);
#1011=LINE($,#1008,#1010);
#1012=EDGE_CURVE($,#999,#1007,#1011,.T.);
#1013=ORIENTED_EDGE($,$,$,#1012,.T.);
#1014=CARTESIAN_POINT($,(4.69999999999999,305.58726,113.2));
#1015=VERTEX_POINT($,#1014);
#1016=CARTESIAN_POINT($,(4.69999999999999,305.58726,101.2));
#1017=DIRECTION($,(0,0,1));
#1018=VECTOR($,#1017,1);
#1019=LINE($,#1016,#1018);
#1020=EDGE_CURVE($,#1007,#1015,#1019,.T.);
#1021=ORIENTED_EDGE($,$,$,#1020,.T.);
#1022=CARTESIAN_POINT($,(4.69999999999999,180.58726,113.2));
#1023=VERTEX_POINT($,#1022);
#1024=CARTESIAN_POINT($,(4.69999999999999,305.58726,113.2));
#1025=DIRECTION($,(0,-1,0));
#1026=VECTOR($,#1025,1);
#1027=LINE($,#1024,#1026);
#1028=EDGE_CURVE($,#1015,#1023,#1027,.T.);
#1029=ORIENTED_EDGE($,$,$,#1028,.T.);
#1030=CARTESIAN_POINT($,(4.69999999999999,180.58726,101.2));
#1031=VERTEX_POINT($,#1030);
#1032=CARTESIAN_POINT($,(4.69999999999999,180.58726,113.2));
#1033=DIRECTION($,(-0,0,-1));
#1034=VECTOR($,#1033,1);
#1035=LINE($,#1032,#1034);
#1036=EDGE_CURVE($,#1023,#1031,#1035,.T.);
#1037=ORIENTED_EDGE($,$,$,#1036,.T.);
#1038=CARTESIAN_POINT($,(4.69999999999999,116.58726,101.2));
#1039=VERTEX_POINT($,#1038);
#1040=CARTESIAN_POINT($,(4.69999999999999,180.58726,101.2));
#1041=DIRECTION($,(0,-1,0));
#1042=VECTOR($,#1041,1);
#1043=LINE($,#1040,#1042);
#1044=EDGE_CURVE($,#1031,#1039,#1043,.T.);
#1045=ORIENTED_EDGE($,$,$,#1044,.T.);
#1046=CARTESIAN_POINT($,(4.69999999999999,101.58726,116.2));
#1047=VERTEX_POINT($,#1046);
#1048=CARTESIAN_POINT($,(4.69999999999999,116.58726,101.2));
#1049=DIRECTION($,(0,-0.707106781186548,0.707106781186548));
#1050=VECTOR($,#1049,1);
#1051=LINE($,#1048,#1050);
#1052=EDGE_CURVE($,#1039,#1047,#1051,.T.);
#1053=ORIENTED_EDGE($,$,$,#1052,.T.);
#1054=CARTESIAN_POINT($,(4.69999999999999,70.58726,116.2));
#1055=VERTEX_POINT($,#1054);
#1056=CARTESIAN_POINT($,(4.69999999999999,101.58726,116.2));
#1057=DIRECTION($,(0,-1,0));
#1058=VECTOR($,#1057,1);
#1059=LINE($,#1056,#1058);
#1060=EDGE_CURVE($,#1047,#1055,#1059,.T.);
#1061=ORIENTED_EDGE($,$,$,#1060,.T.);
#1062=CARTESIAN_POINT($,(4.69999999999999,58.08726,103.7));
#1063=VERTEX_POINT($,#1062);
#1064=CARTESIAN_POINT($,(4.69999999999999,70.58726,103.7));
#1065=DIRECTION($,(1,-0,-0));
#1066=DIRECTION($,(0,0,1));
#1067=AXIS2_PLACEMENT_3D($,#1064,#1065,#1066);
#1068=CIRCLE($,#1067,12.5);
#1069=TRIMMED_CURVE($,#1068,(PARAMETER_VALUE(0)),(PARAMETER_VALUE(1.5707963267949)),.T.,.PARAMETER.);
#1070=EDGE_CURVE($,#1055,#1063,#1069,.T.);
#1071=ORIENTED_EDGE($,$,$,#1070,.T.);
#1072=CARTESIAN_POINT($,(4.69999999999999,58.08726,103.7));
#1073=DIRECTION($,(-0,0,-1));
#1074=VECTOR($,#1073,1);
#1075=LINE($,#1072,#1074);
#1076=EDGE_CURVE($,#1063,#963,#1075,.T.);
#1077=ORIENTED_EDGE($,$,$,#1076,.T.);
#1078=EDGE_LOOP($,(#971,#979,#989,#997,#1005,#1013,#1021,#1029,#1037,#1045,#1053,#1061,#1071,#1077));
#1079=FACE_OUTER_BOUND('',#1078,.T.);
#1080=ADVANCED_FACE('',(#1079),#961,.T.);
#1081=CARTESIAN_POINT($,(6.69999999999999,58.08726,84.2));
#1082=DIRECTION($,(1,-0,-0));
#1083=DIRECTION($,(0,1,0));
#1084=AXIS2_PLACEMENT_3D($,#1081,#1082,#1083);
#1085=PLANE($,#1084);
#1086=CARTESIAN_POINT($,(6.69999999999999,58.08726,103.7));
#1087=VERTEX_POINT($,#1086);
#1088=CARTESIAN_POINT($,(6.69999999999999,70.58726,116.2));
#1089=VERTEX_POINT($,#1088);
#1090=CARTESIAN_POINT($,(6.69999999999999,70.58726,103.7));
#1091=DIRECTION($,(-1,0,0));
#1092=DIRECTION($,(0,-1,0));
#1093=AXIS2_PLACEMENT_3D($,#1090,#1091,#1092);
#1094=CIRCLE($,#1093,12.5);
#1095=TRIMMED_CURVE($,#1094,(PARAMETER_VALUE(0)),(PARAMETER_VALUE(1.5707963267949)),.T.,.PARAMETER.);
#1096=EDGE_CURVE($,#1087,#1089,#1095,.T.);
#1097=ORIENTED_EDGE($,$,$,#1096,.T.);
#1098=CARTESIAN_POINT($,(6.69999999999999,101.58726,116.2));
#1099=VERTEX_POINT($,#1098);
#1100=CARTESIAN_POINT($,(6.69999999999999,70.58726,116.2));
#1101=DIRECTION($,(0,1,0));
#1102=VECTOR($,#1101,1);
#1103=LINE($,#1100,#1102);
#1104=EDGE_CURVE($,#1089,#1099,#1103,.T.);
#1105=ORIENTED_EDGE($,$,$,#1104,.T.);
#1106=CARTESIAN_POINT($,(6.69999999999999,116.58726,101.2));
#1107=VERTEX_POINT($,#1106);
#1108=CARTESIAN_POINT($,(6.69999999999999,101.58726,116.2));
#1109=DIRECTION($,(-0,0.707106781186548,-0.707106781186548));
#1110=VECTOR($,#1109,1);
#1111=LINE($,#1108,#1110);
#1112=EDGE_CURVE($,#1099,#1107,#1111,.T.);
#1113=ORIENTED_EDGE($,$,$,#1112,.T.);
#1114=CARTESIAN_POINT($,(6.69999999999999,180.58726,101.2));
#1115=VERTEX_POINT($,#1114);
#1116=CARTESIAN_POINT($,(6.69999999999999,116.58726,101.2));
#1117=DIRECTION($,(0,1,0));
#1118=VECTOR($,#1117,1);
#1119=LINE($,#1116,#1118);
#1120=EDGE_CURVE($,#1107,#1115,#1119,.T.);
#1121=ORIENTED_EDGE($,$,$,#1120,.T.);
#1122=CARTESIAN_POINT($,(6.69999999999999,180.58726,113.2));
#1123=VERTEX_POINT($,#1122);
#1124=CARTESIAN_POINT($,(6.69999999999999,180.58726,101.2));
#1125=DIRECTION($,(0,0,1));
#1126=VECTOR($,#1125,1);
#1127=LINE($,#1124,#1126);
#1128=EDGE_CURVE($,#1115,#1123,#1127,.T.);
#1129=ORIENTED_EDGE($,$,$,#1128,.T.);
#1130=CARTESIAN_POINT($,(6.69999999999999,305.58726,113.2));
#1131=VERTEX_POINT($,#1130);
#1132=CARTESIAN_POINT($,(6.69999999999999,180.58726,113.2));
#1133=DIRECTION($,(0,1,0));
#1134=VECTOR($,#1133,1);
#1135=LINE($,#1132,#1134);
#1136=EDGE_CURVE($,#1123,#1131,#1135,.T.);
#1137=ORIENTED_EDGE($,$,$,#1136,.T.);
#1138=CARTESIAN_POINT($,(6.69999999999999,305.58726,101.2));
#1139=VERTEX_POINT($,#1138);
#1140=CARTESIAN_POINT($,(6.69999999999999,305.58726,113.2));
#1141=DIRECTION($,(-0,0,-1));
#1142=VECTOR($,#1141,1);
#1143=LINE($,#1140,#1142);
#1144=EDGE_CURVE($,#1131,#1139,#1143,.T.);
#1145=ORIENTED_EDGE($,$,$,#1144,.T.);
#1146=CARTESIAN_POINT($,(6.69999999999999,369.58726,101.2));
#1147=VERTEX_POINT($,#1146);
#1148=CARTESIAN_POINT($,(6.69999999999999,305.58726,101.2));
#1149=DIRECTION($,(0,1,0));
#1150=VECTOR($,#1149,1);
#1151=LINE($,#1148,#1150);
#1152=EDGE_CURVE($,#1139,#1147,#1151,.T.);
#1153=ORIENTED_EDGE($,$,$,#1152,.T.);
#1154=CARTESIAN_POINT($,(6.69999999999999,384.58726,116.2));
#1155=VERTEX_POINT($,#1154);
#1156=CARTESIAN_POINT($,(6.69999999999999,369.58726,101.2));
#1157=DIRECTION($,(0,0.707106781186548,0.707106781186548));
#1158=VECTOR($,#1157,1);
#1159=LINE($,#1156,#1158);
#1160=EDGE_CURVE($,#1147,#1155,#1159,.T.);
#1161=ORIENTED_EDGE($,$,$,#1160,.T.);
#1162=CARTESIAN_POINT($,(6.69999999999999,415.58726,116.2));
#1163=VERTEX_POINT($,#1162);
#1164=CARTESIAN_POINT($,(6.69999999999999,384.58726,116.2));
#1165=DIRECTION($,(0,1,0));
#1166=VECTOR($,#1165,1);
#1167=LINE($,#1164,#1166);
#1168=EDGE_CURVE($,#1155,#1163,#1167,.T.);
#1169=ORIENTED_EDGE($,$,$,#1168,.T.);
#1170=CARTESIAN_POINT($,(6.69999999999999,428.08726,103.7));
#1171=VERTEX_POINT($,#1170);
#1172=CARTESIAN_POINT($,(6.69999999999999,415.58726,103.7));
#1173=DIRECTION($,(-1,0,0));
#1174=DIRECTION($,(0,0,1));
#1175=AXIS2_PLACEMENT_3D($,#1172,#1173,#1174);
#1176=CIRCLE($,#1175,12.5);
#1177=TRIMMED_CURVE($,#1176,(PARAMETER_VALUE(0)),(PARAMETER_VALUE(1.5707963267949)),.T.,.PARAMETER.);
#1178=EDGE_CURVE($,#1163,#1171,#1177,.T.);
#1179=ORIENTED_EDGE($,$,$,#1178,.T.);
#1180=CARTESIAN_POINT($,(6.69999999999999,428.08726,84.2));
#1181=VERTEX_POINT($,#1180);
#1182=CARTESIAN_POINT($,(6.69999999999999,428.08726,103.7));
#1183=DIRECTION($,(-0,0,-1));
#1184=VECTOR($,#1183,1);
#1185=LINE($,#1182,#1184);
#1186=EDGE_CURVE($,#1171,#1181,#1185,.T.);
#1187=ORIENTED_EDGE($,$,$,#1186,.T.);
#1188=CARTESIAN_POINT($,(6.69999999999999,58.08726,84.2));
#1189=VERTEX_POINT($,#1188);
#1190=CARTESIAN_POINT($,(6.69999999999999,428.08726,84.2));
#1191=DIRECTION($,(0,-1,0));
#1192=VECTOR($,#1191,1);
#1193=LINE($,#1190,#1192);
#1194=EDGE_CURVE($,#1181,#1189,#1193,.T.);
#1195=ORIENTED_EDGE($,$,$,#1194,.T.);
#1196=CARTESIAN_POINT($,(6.69999999999999,58.08726,84.2));
#1197=DIRECTION($,(0,0,1));
#1198=VECTOR($,#1197,1);
#1199=LINE($,#1196,#1198);
#1200=EDGE_CURVE($,#1189,#1087,#1199,.T.);
#1201=ORIENTED_EDGE($,$,$,#1200,.T.);
#1202=EDGE_LOOP($,(#1097,#1105,#1113,#1121,#1129,#1137,#1145,#1153,#1161,#1169,#1179,#1187,#1195,#1201));
#1203=FACE_OUTER_BOUND('',#1202,.T.);
#1204=ADVANCED_FACE('',(#1203),#1085,.F.);
#1205=CARTESIAN_POINT($,(-1.30000000000001,58.08726,84.2));
#1206=DIRECTION($,(0,1,0));
#1207=DIRECTION($,(0,0,-1));
#1208=AXIS2_PLACEMENT_3D($,#1205,#1206,#1207);
#1209=CYLINDRICAL_SURFACE($,#1208,6);
#1210=ORIENTED_EDGE($,$,$,#22,.T.);
#1211=CARTESIAN_POINT($,(-1.30000000000001,428.08726,84.2));
#1212=DIRECTION($,(-0,-1,-0));
#1213=DIRECTION($,(0,0,-1));
#1214=AXIS2_PLACEMENT_3D($,#1211,#1212,#1213);
#1215=CIRCLE($,#1214,6);
#1216=TRIMMED_CURVE($,#1215,(PARAMETER_VALUE(0)),(PARAMETER_VALUE(1.5707963267949)),.T.,.PARAMETER.);
#1217=EDGE_CURVE($,#17,#965,#1216,.T.);
#1218=ORIENTED_EDGE($,$,$,#1217,.T.);
#1219=ORIENTED_EDGE($,$,$,#970,.F.);
#1220=CARTESIAN_POINT($,(-1.30000000000001,58.08726,84.2));
#1221=DIRECTION($,(0,1,0));
#1222=DIRECTION($,(1,0,0));
#1223=AXIS2_PLACEMENT_3D($,#1220,#1221,#1222);
#1224=CIRCLE($,#1223,6);
#1225=TRIMMED_CURVE($,#1224,(PARAMETER_VALUE(0)),(PARAMETER_VALUE(1.5707963267949)),.T.,.PARAMETER.);
#1226=EDGE_CURVE($,#963,#9,#1225,.T.);
#1227=ORIENTED_EDGE($,$,$,#1226,.T.);
#1228=EDGE_LOOP($,(#1210,#1218,#1219,#1227));
#1229=FACE_OUTER_BOUND('',#1228,.T.);
#1230=ADVANCED_FACE('',(#1229),#1209,.T.);
#1231=CARTESIAN_POINT($,(-1.30000000000001,58.08726,84.2));
#1232=DIRECTION($,(0,1,0));
#1233=DIRECTION($,(0,0,-1));
#1234=AXIS2_PLACEMENT_3D($,#1231,#1232,#1233);
#1235=CYLINDRICAL_SURFACE($,#1234,8);
#1236=ORIENTED_EDGE($,$,$,#1194,.F.);
#1237=CARTESIAN_POINT($,(-1.30000000000001,428.08726,84.2));
#1238=DIRECTION($,(0,1,0));
#1239=DIRECTION($,(1,0,0));
#1240=AXIS2_PLACEMENT_3D($,#1237,#1238,#1239);
#1241=CIRCLE($,#1240,8);
#1242=TRIMMED_CURVE($,#1241,(PARAMETER_VALUE(0)),(PARAMETER_VALUE(1.5707963267949)),.T.,.PARAMETER.);
#1243=EDGE_CURVE($,#1181,#191,#1242,.T.);
#1244=ORIENTED_EDGE($,$,$,#1243,.T.);
#1245=ORIENTED_EDGE($,$,$,#204,.T.);
#1246=CARTESIAN_POINT($,(-1.30000000000001,58.08726,84.2));
#1247=DIRECTION($,(-0,-1,-0));
#1248=DIRECTION($,(0,0,-1));
#1249=AXIS2_PLACEMENT_3D($,#1246,#1247,#1248);
#1250=CIRCLE($,#1249,8);
#1251=TRIMMED_CURVE($,#1250,(PARAMETER_VALUE(0)),(PARAMETER_VALUE(1.5707963267949)),.T.,.PARAMETER.);
#1252=EDGE_CURVE($,#199,#1189,#1251,.T.);
#1253=ORIENTED_EDGE($,$,$,#1252,.T.);
#1254=EDGE_LOOP($,(#1236,#1244,#1245,#1253));
#1255=FACE_OUTER_BOUND('',#1254,.T.);
#1256=ADVANCED_FACE('',(#1255),#1235,.F.);
#1257=CARTESIAN_POINT($,(-241.3,44.08726,2.2));
#1258=DIRECTION($,(0,0,1));
#1259=DIRECTION($,(1,0,0));
#1260=AXIS2_PLACEMENT_3D($,#1257,#1258,#1259);
#1261=PLANE($,#1260);
#1262=CARTESIAN_POINT($,(-241.3,44.08726,2.2));
#1263=VERTEX_POINT($,#1262);
#1264=CARTESIAN_POINT($,(-1.30000000000001,44.08726,2.2));
#1265=VERTEX_POINT($,#1264);
#1266=CARTESIAN_POINT($,(-241.3,44.08726,2.2));
#1267=DIRECTION($,(1,0,0));
#1268=VECTOR($,#1267,1);
#1269=LINE($,#1266,#1268);
#1270=EDGE_CURVE($,#1263,#1265,#1269,.T.);
#1271=ORIENTED_EDGE($,$,$,#1270,.T.);
#1272=CARTESIAN_POINT($,(-1.30000000000001,12.58726,2.2));
#1273=VERTEX_POINT($,#1272);
#1274=CARTESIAN_POINT($,(-1.30000000000001,44.08726,2.2));
#1275=DIRECTION($,(0,-1,0));
#1276=VECTOR($,#1275,1);
#1277=LINE($,#1274,#1276);
#1278=EDGE_CURVE($,#1265,#1273,#1277,.T.);
#1279=ORIENTED_EDGE($,$,$,#1278,.T.);
#1280=CARTESIAN_POINT($,(-13.8,0.087259999999994,2.2));
#1281=VERTEX_POINT($,#1280);
#1282=CARTESIAN_POINT($,(-1.30000000000001,12.58726,2.2));
#1283=DIRECTION($,(-0.707106781186548,-0.707106781186548,0));
#1284=VECTOR($,#1283,1);
#1285=LINE($,#1282,#1284);
#1286=EDGE_CURVE($,#1273,#1281,#1285,.T.);
#1287=ORIENTED_EDGE($,$,$,#1286,.T.);
#1288=CARTESIAN_POINT($,(-52.3,0.087259999999994,2.2));
#1289=VERTEX_POINT($,#1288);
#1290=CARTESIAN_POINT($,(-13.8,0.087259999999994,2.2));
#1291=DIRECTION($,(-1,0,0));
#1292=VECTOR($,#1291,1);
#1293=LINE($,#1290,#1292);
#1294=EDGE_CURVE($,#1281,#1289,#1293,.T.);
#1295=ORIENTED_EDGE($,$,$,#1294,.T.);
#1296=CARTESIAN_POINT($,(-58.3,6.08725999999999,2.2));
#1297=VERTEX_POINT($,#1296);
#1298=CARTESIAN_POINT($,(-52.3,6.08725999999999,2.2));
#1299=DIRECTION($,(-0,-0,-1));
#1300=DIRECTION($,(0,-1,0));
#1301=AXIS2_PLACEMENT_3D($,#1298,#1299,#1300);
#1302=CIRCLE($,#1301,6);
#1303=TRIMMED_CURVE($,#1302,(PARAMETER_VALUE(0)),(PARAMETER_VALUE(1.5707963267949)),.T.,.PARAMETER.);
#1304=EDGE_CURVE($,#1289,#1297,#1303,.T.);
#1305=ORIENTED_EDGE($,$,$,#1304,.T.);
#1306=CARTESIAN_POINT($,(-58.3,25.08726,2.2));
#1307=VERTEX_POINT($,#1306);
#1308=CARTESIAN_POINT($,(-58.3,6.08725999999999,2.2));
#1309=DIRECTION($,(0,1,0));
#1310=VECTOR($,#1309,1);
#1311=LINE($,#1308,#1310);
#1312=EDGE_CURVE($,#1297,#1307,#1311,.T.);
#1313=ORIENTED_EDGE($,$,$,#1312,.T.);
#1314=CARTESIAN_POINT($,(-64.3,32.08726,2.2));
#1315=VERTEX_POINT($,#1314);
#1316=CARTESIAN_POINT($,(-64.2159803113997,26.0878483045146,2.2));
#1317=DIRECTION($,(0,0,1));
#1318=DIRECTION($,(0.985996718566614,-0.166764717419094,0));
#1319=AXIS2_PLACEMENT_3D($,#1316,#1317,#1318);
#1320=CIRCLE($,#1319,6);
#1321=TRIMMED_CURVE($,#1320,(PARAMETER_VALUE(0)),(PARAMETER_VALUE(1.75234758759198)),.T.,.PARAMETER.);
#1322=EDGE_CURVE($,#1307,#1315,#1321,.T.);
#1323=ORIENTED_EDGE($,$,$,#1322,.T.);
#1324=CARTESIAN_POINT($,(-178.3,32.08726,2.2));
#1325=VERTEX_POINT($,#1324);
#1326=CARTESIAN_POINT($,(-64.3,32.08726,2.2));
#1327=DIRECTION($,(-1,0,0));
#1328=VECTOR($,#1327,1);
#1329=LINE($,#1326,#1328);
#1330=EDGE_CURVE($,#1315,#1325,#1329,.T.);
#1331=ORIENTED_EDGE($,$,$,#1330,.T.);
#1332=CARTESIAN_POINT($,(-184.3,25.08726,2.2));
#1333=VERTEX_POINT($,#1332);
#1334=CARTESIAN_POINT($,(-178.3840196886,26.0878483045146,2.2));
#1335=DIRECTION($,(0,0,1));
#1336=DIRECTION($,(0.014003281433385,0.999901949247574,0));
#1337=AXIS2_PLACEMENT_3D($,#1334,#1335,#1336);
#1338=CIRCLE($,#1337,6);
#1339=TRIMMED_CURVE($,#1338,(PARAMETER_VALUE(0)),(PARAMETER_VALUE(1.75234758759198)),.T.,.PARAMETER.);
#1340=EDGE_CURVE($,#1325,#1333,#1339,.T.);
#1341=ORIENTED_EDGE($,$,$,#1340,.T.);
#1342=CARTESIAN_POINT($,(-184.3,6.08725999999999,2.2));
#1343=VERTEX_POINT($,#1342);
#1344=CARTESIAN_POINT($,(-184.3,25.08726,2.2));
#1345=DIRECTION($,(0,-1,0));
#1346=VECTOR($,#1345,1);
#1347=LINE($,#1344,#1346);
#1348=EDGE_CURVE($,#1333,#1343,#1347,.T.);
#1349=ORIENTED_EDGE($,$,$,#1348,.T.);
#1350=CARTESIAN_POINT($,(-190.3,0.087259999999994,2.2));
#1351=VERTEX_POINT($,#1350);
#1352=CARTESIAN_POINT($,(-190.3,6.08725999999999,2.2));
#1353=DIRECTION($,(-0,-0,-1));
#1354=DIRECTION($,(1,0,0));
#1355=AXIS2_PLACEMENT_3D($,#1352,#1353,#1354);
#1356=CIRCLE($,#1355,6);
#1357=TRIMMED_CURVE($,#1356,(PARAMETER_VALUE(0)),(PARAMETER_VALUE(1.5707963267949)),.T.,.PARAMETER.);
#1358=EDGE_CURVE($,#1343,#1351,#1357,.T.);
#1359=ORIENTED_EDGE($,$,$,#1358,.T.);
#1360=CARTESIAN_POINT($,(-228.8,0.087259999999994,2.2));
#1361=VERTEX_POINT($,#1360);
#1362=CARTESIAN_POINT($,(-190.3,0.087259999999994,2.2));
#1363=DIRECTION($,(-1,0,0));
#1364=VECTOR($,#1363,1);
#1365=LINE($,#1362,#1364);
#1366=EDGE_CURVE($,#1351,#1361,#1365,.T.);
#1367=ORIENTED_EDGE($,$,$,#1366,.T.);
#1368=CARTESIAN_POINT($,(-241.3,12.58726,2.2));
#1369=VERTEX_POINT($,#1368);
#1370=CARTESIAN_POINT($,(-228.8,0.087259999999994,2.2));
#1371=DIRECTION($,(-0.707106781186548,0.707106781186548,0));
#1372=VECTOR($,#1371,1);
#1373=LINE($,#1370,#1372);
#1374=EDGE_CURVE($,#1361,#1369,#1373,.T.);
#1375=ORIENTED_EDGE($,$,$,#1374,.T.);
#1376=CARTESIAN_POINT($,(-241.3,12.58726,2.2));
#1377=DIRECTION($,(0,1,0));
#1378=VECTOR($,#1377,1);
#1379=LINE($,#1376,#1378);
#1380=EDGE_CURVE($,#1369,#1263,#1379,.T.);
#1381=ORIENTED_EDGE($,$,$,#1380,.T.);
#1382=EDGE_LOOP($,(#1271,#1279,#1287,#1295,#1305,#1313,#1323,#1331,#1341,#1349,#1359,#1367,#1375,#1381));
#1383=FACE_OUTER_BOUND('',#1382,.T.);
#1384=CARTESIAN_POINT($,(-215.8,19.08726,2.2));
#1385=VERTEX_POINT($,#1384);
#1386=CARTESIAN_POINT($,(-221.3,19.08726,2.2));
#1387=DIRECTION($,(0,0,1));
#1388=DIRECTION($,(1,0,0));
#1389=AXIS2_PLACEMENT_3D($,#1386,#1387,#1388);
#1390=CIRCLE($,#1389,5.5);
#1391=EDGE_CURVE($,#1385,#1385,#1390,.T.);
#1392=ORIENTED_EDGE($,$,$,#1391,.T.);
#1393=EDGE_LOOP($,(#1392));
#1394=FACE_BOUND('',#1393,.T.);
#1395=CARTESIAN_POINT($,(-15.8,19.08726,2.2));
#1396=VERTEX_POINT($,#1395);
#1397=CARTESIAN_POINT($,(-21.3,19.08726,2.2));
#1398=DIRECTION($,(0,0,1));
#1399=DIRECTION($,(1,0,0));
#1400=AXIS2_PLACEMENT_3D($,#1397,#1398,#1399);
#1401=CIRCLE($,#1400,5.5);
#1402=EDGE_CURVE($,#1396,#1396,#1401,.T.);
#1403=ORIENTED_EDGE($,$,$,#1402,.T.);
#1404=EDGE_LOOP($,(#1403));
#1405=FACE_BOUND('',#1404,.T.);
#1406=ADVANCED_FACE('',(#1383,#1394,#1405),#1261,.T.);
#1407=CARTESIAN_POINT($,(-241.3,44.08726,0.200000000000003));
#1408=DIRECTION($,(-0,-0,-1));
#1409=DIRECTION($,(1,0,0));
#1410=AXIS2_PLACEMENT_3D($,#1407,#1408,#1409);
#1411=PLANE($,#1410);
#1412=CARTESIAN_POINT($,(-241.3,12.58726,0.200000000000003));
#1413=VERTEX_POINT($,#1412);
#1414=CARTESIAN_POINT($,(-228.8,0.087259999999994,0.200000000000003));
#1415=VERTEX_POINT($,#1414);
#1416=CARTESIAN_POINT($,(-241.3,12.58726,0.200000000000003));
#1417=DIRECTION($,(0.707106781186548,-0.707106781186548,0));
#1418=VECTOR($,#1417,1);
#1419=LINE($,#1416,#1418);
#1420=EDGE_CURVE($,#1413,#1415,#1419,.T.);
#1421=ORIENTED_EDGE($,$,$,#1420,.T.);
#1422=CARTESIAN_POINT($,(-190.3,0.087259999999994,0.200000000000003));
#1423=VERTEX_POINT($,#1422);
#1424=CARTESIAN_POINT($,(-228.8,0.087259999999994,0.200000000000003));
#1425=DIRECTION($,(1,0,0));
#1426=VECTOR($,#1425,1);
#1427=LINE($,#1424,#1426);
#1428=EDGE_CURVE($,#1415,#1423,#1427,.T.);
#1429=ORIENTED_EDGE($,$,$,#1428,.T.);
#1430=CARTESIAN_POINT($,(-184.3,6.08725999999999,0.200000000000003));
#1431=VERTEX_POINT($,#1430);
#1432=CARTESIAN_POINT($,(-190.3,6.08725999999999,0.200000000000003));
#1433=DIRECTION($,(0,0,1));
#1434=DIRECTION($,(0,-1,0));
#1435=AXIS2_PLACEMENT_3D($,#1432,#1433,#1434);
#1436=CIRCLE($,#1435,6);
#1437=TRIMMED_CURVE($,#1436,(PARAMETER_VALUE(0)),(PARAMETER_VALUE(1.5707963267949)),.T.,.PARAMETER.);
#1438=EDGE_CURVE($,#1423,#1431,#1437,.T.);
#1439=ORIENTED_EDGE($,$,$,#1438,.T.);
#1440=CARTESIAN_POINT($,(-184.3,25.08726,0.200000000000003));
#1441=VERTEX_POINT($,#1440);
#1442=CARTESIAN_POINT($,(-184.3,6.08725999999999,0.200000000000003));
#1443=DIRECTION($,(0,1,0));
#1444=VECTOR($,#1443,1);
#1445=LINE($,#1442,#1444);
#1446=EDGE_CURVE($,#1431,#1441,#1445,.T.);
#1447=ORIENTED_EDGE($,$,$,#1446,.T.);
#1448=CARTESIAN_POINT($,(-178.3,32.08726,0.200000000000003));
#1449=VERTEX_POINT($,#1448);
#1450=CARTESIAN_POINT($,(-178.3840196886,26.0878483045146,0.200000000000003));
#1451=DIRECTION($,(-0,-0,-1));
#1452=DIRECTION($,(-0.985996718566614,-0.166764717419093,0));
#1453=AXIS2_PLACEMENT_3D($,#1450,#1451,#1452);
#1454=CIRCLE($,#1453,6);
#1455=TRIMMED_CURVE($,#1454,(PARAMETER_VALUE(0)),(PARAMETER_VALUE(1.75234758759198)),.T.,.PARAMETER.);
#1456=EDGE_CURVE($,#1441,#1449,#1455,.T.);
#1457=ORIENTED_EDGE($,$,$,#1456,.T.);
#1458=CARTESIAN_POINT($,(-64.3,32.08726,0.200000000000003));
#1459=VERTEX_POINT($,#1458);
#1460=CARTESIAN_POINT($,(-178.3,32.08726,0.200000000000003));
#1461=DIRECTION($,(1,0,0));
#1462=VECTOR($,#1461,1);
#1463=LINE($,#1460,#1462);
#1464=EDGE_CURVE($,#1449,#1459,#1463,.T.);
#1465=ORIENTED_EDGE($,$,$,#1464,.T.);
#1466=CARTESIAN_POINT($,(-58.3,25.08726,0.200000000000003));
#1467=VERTEX_POINT($,#1466);
#1468=CARTESIAN_POINT($,(-64.2159803113997,26.0878483045146,0.200000000000003));
#1469=DIRECTION($,(-0,-0,-1));
#1470=DIRECTION($,(-0.014003281433385,0.999901949247574,0));
#1471=AXIS2_PLACEMENT_3D($,#1468,#1469,#1470);
#1472=CIRCLE($,#1471,6);
#1473=TRIMMED_CURVE($,#1472,(PARAMETER_VALUE(0)),(PARAMETER_VALUE(1.75234758759198)),.T.,.PARAMETER.);
#1474=EDGE_CURVE($,#1459,#1467,#1473,.T.);
#1475=ORIENTED_EDGE($,$,$,#1474,.T.);
#1476=CARTESIAN_POINT($,(-58.3,6.08725999999999,0.200000000000003));
#1477=VERTEX_POINT($,#1476);
#1478=CARTESIAN_POINT($,(-58.3,25.08726,0.200000000000003));
#1479=DIRECTION($,(0,-1,0));
#1480=VECTOR($,#1479,1);
#1481=LINE($,#1478,#1480);
#1482=EDGE_CURVE($,#1467,#1477,#1481,.T.);
#1483=ORIENTED_EDGE($,$,$,#1482,.T.);
#1484=CARTESIAN_POINT($,(-52.3,0.087259999999994,0.200000000000003));
#1485=VERTEX_POINT($,#1484);
#1486=CARTESIAN_POINT($,(-52.3,6.08725999999999,0.200000000000003));
#1487=DIRECTION($,(0,0,1));
#1488=DIRECTION($,(-1,0,0));
#1489=AXIS2_PLACEMENT_3D($,#1486,#1487,#1488);
#1490=CIRCLE($,#1489,6);
#1491=TRIMMED_CURVE($,#1490,(PARAMETER_VALUE(0)),(PARAMETER_VALUE(1.5707963267949)),.T.,.PARAMETER.);
#1492=EDGE_CURVE($,#1477,#1485,#1491,.T.);
#1493=ORIENTED_EDGE($,$,$,#1492,.T.);
#1494=CARTESIAN_POINT($,(-13.8,0.087259999999994,0.200000000000003));
#1495=VERTEX_POINT($,#1494);
#1496=CARTESIAN_POINT($,(-52.3,0.087259999999994,0.200000000000003));
#1497=DIRECTION($,(1,0,0));
#1498=VECTOR($,#1497,1);
#1499=LINE($,#1496,#1498);
#1500=EDGE_CURVE($,#1485,#1495,#1499,.T.);
#1501=ORIENTED_EDGE($,$,$,#1500,.T.);
#1502=CARTESIAN_POINT($,(-1.30000000000001,12.58726,0.200000000000003));
#1503=VERTEX_POINT($,#1502);
#1504=CARTESIAN_POINT($,(-13.8,0.087259999999994,0.200000000000003));
#1505=DIRECTION($,(0.707106781186548,0.707106781186548,0));
#1506=VECTOR($,#1505,1);
#1507=LINE($,#1504,#1506);
#1508=EDGE_CURVE($,#1495,#1503,#1507,.T.);
#1509=ORIENTED_EDGE($,$,$,#1508,.T.);
#1510=CARTESIAN_POINT($,(-1.30000000000001,44.08726,0.200000000000003));
#1511=VERTEX_POINT($,#1510);
#1512=CARTESIAN_POINT($,(-1.30000000000001,12.58726,0.200000000000003));
#1513=DIRECTION($,(0,1,0));
#1514=VECTOR($,#1513,1);
#1515=LINE($,#1512,#1514);
#1516=EDGE_CURVE($,#1503,#1511,#1515,.T.);
#1517=ORIENTED_EDGE($,$,$,#1516,.T.);
#1518=CARTESIAN_POINT($,(-241.3,44.08726,0.200000000000003));
#1519=VERTEX_POINT($,#1518);
#1520=CARTESIAN_POINT($,(-1.30000000000001,44.08726,0.200000000000003));
#1521=DIRECTION($,(-1,0,0));
#1522=VECTOR($,#1521,1);
#1523=LINE($,#1520,#1522);
#1524=EDGE_CURVE($,#1511,#1519,#1523,.T.);
#1525=ORIENTED_EDGE($,$,$,#1524,.T.);
#1526=CARTESIAN_POINT($,(-241.3,44.08726,0.200000000000003));
#1527=DIRECTION($,(0,-1,0));
#1528=VECTOR($,#1527,1);
#1529=LINE($,#1526,#1528);
#1530=EDGE_CURVE($,#1519,#1413,#1529,.T.);
#1531=ORIENTED_EDGE($,$,$,#1530,.T.);
#1532=EDGE_LOOP($,(#1421,#1429,#1439,#1447,#1457,#1465,#1475,#1483,#1493,#1501,#1509,#1517,#1525,#1531));
#1533=FACE_OUTER_BOUND('',#1532,.T.);
#1534=CARTESIAN_POINT($,(-215.8,19.08726,0.200000000000003));
#1535=VERTEX_POINT($,#1534);
#1536=CARTESIAN_POINT($,(-221.3,19.08726,0.200000000000003));
#1537=DIRECTION($,(0,0,1));
#1538=DIRECTION($,(1,0,0));
#1539=AXIS2_PLACEMENT_3D($,#1536,#1537,#1538);
#1540=CIRCLE($,#1539,5.5);
#1541=EDGE_CURVE($,#1535,#1535,#1540,.T.);
#1542=ORIENTED_EDGE($,$,$,#1541,.T.);
#1543=EDGE_LOOP($,(#1542));
#1544=FACE_BOUND('',#1543,.T.);
#1545=CARTESIAN_POINT($,(-15.8,19.08726,0.200000000000003));
#1546=VERTEX_POINT($,#1545);
#1547=CARTESIAN_POINT($,(-21.3,19.08726,0.200000000000003));
#1548=DIRECTION($,(0,0,1));
#1549=DIRECTION($,(1,0,0));
#1550=AXIS2_PLACEMENT_3D($,#1547,#1548,#1549);
#1551=CIRCLE($,#1550,5.5);
#1552=EDGE_CURVE($,#1546,#1546,#1551,.T.);
#1553=ORIENTED_EDGE($,$,$,#1552,.T.);
#1554=EDGE_LOOP($,(#1553));
#1555=FACE_BOUND('',#1554,.T.);
#1556=ADVANCED_FACE('',(#1533,#1544,#1555),#1411,.F.);
#1557=CARTESIAN_POINT($,(-241.3,44.08726,8.2));
#1558=DIRECTION($,(1,0,0));
#1559=DIRECTION($,(0,1,0));
#1560=AXIS2_PLACEMENT_3D($,#1557,#1558,#1559);
#1561=CYLINDRICAL_SURFACE($,#1560,6);
#1562=ORIENTED_EDGE($,$,$,#410,.F.);
#1563=CARTESIAN_POINT($,(-1.30000000000001,44.08726,8.2));
#1564=DIRECTION($,(-1,-0,-0));
#1565=DIRECTION($,(0,1,0));
#1566=AXIS2_PLACEMENT_3D($,#1563,#1564,#1565);
#1567=CIRCLE($,#1566,6);
#1568=TRIMMED_CURVE($,#1567,(PARAMETER_VALUE(0)),(PARAMETER_VALUE(1.5707963267949)),.T.,.PARAMETER.);
#1569=EDGE_CURVE($,#397,#1265,#1568,.T.);
#1570=ORIENTED_EDGE($,$,$,#1569,.T.);
#1571=ORIENTED_EDGE($,$,$,#1270,.F.);
#1572=CARTESIAN_POINT($,(-241.3,44.08726,8.2));
#1573=DIRECTION($,(1,0,0));
#1574=DIRECTION($,(0,0,-1));
#1575=AXIS2_PLACEMENT_3D($,#1572,#1573,#1574);
#1576=CIRCLE($,#1575,6);
#1577=TRIMMED_CURVE($,#1576,(PARAMETER_VALUE(0)),(PARAMETER_VALUE(1.5707963267949)),.T.,.PARAMETER.);
#1578=EDGE_CURVE($,#1263,#405,#1577,.T.);
#1579=ORIENTED_EDGE($,$,$,#1578,.T.);
#1580=EDGE_LOOP($,(#1562,#1570,#1571,#1579));
#1581=FACE_OUTER_BOUND('',#1580,.T.);
#1582=ADVANCED_FACE('',(#1581),#1561,.T.);
#1583=CARTESIAN_POINT($,(-241.3,44.08726,8.2));
#1584=DIRECTION($,(1,0,0));
#1585=DIRECTION($,(0,1,0));
#1586=AXIS2_PLACEMENT_3D($,#1583,#1584,#1585);
#1587=CYLINDRICAL_SURFACE($,#1586,8);
#1588=ORIENTED_EDGE($,$,$,#1524,.F.);
#1589=CARTESIAN_POINT($,(-1.30000000000001,44.08726,8.2));
#1590=DIRECTION($,(1,0,0));
#1591=DIRECTION($,(0,0,-1));
#1592=AXIS2_PLACEMENT_3D($,#1589,#1590,#1591);
#1593=CIRCLE($,#1592,8);
#1594=TRIMMED_CURVE($,#1593,(PARAMETER_VALUE(0)),(PARAMETER_VALUE(1.5707963267949)),.T.,.PARAMETER.);
#1595=EDGE_CURVE($,#1511,#461,#1594,.T.);
#1596=ORIENTED_EDGE($,$,$,#1595,.T.);
#1597=ORIENTED_EDGE($,$,$,#466,.F.);
#1598=CARTESIAN_POINT($,(-241.3,44.08726,8.2));
#1599=DIRECTION($,(-1,-0,-0));
#1600=DIRECTION($,(0,1,0));
#1601=AXIS2_PLACEMENT_3D($,#1598,#1599,#1600);
#1602=CIRCLE($,#1601,8);
#1603=TRIMMED_CURVE($,#1602,(PARAMETER_VALUE(0)),(PARAMETER_VALUE(1.5707963267949)),.T.,.PARAMETER.);
#1604=EDGE_CURVE($,#453,#1519,#1603,.T.);
#1605=ORIENTED_EDGE($,$,$,#1604,.T.);
#1606=EDGE_LOOP($,(#1588,#1596,#1597,#1605));
#1607=FACE_OUTER_BOUND('',#1606,.T.);
#1608=ADVANCED_FACE('',(#1607),#1587,.F.);
#1609=CARTESIAN_POINT($,(-1.30000000000001,442.08726,2.2));
#1610=DIRECTION($,(0,0,1));
#1611=DIRECTION($,(-1,0,0));
#1612=AXIS2_PLACEMENT_3D($,#1609,#1610,#1611);
#1613=PLANE($,#1612);
#1614=CARTESIAN_POINT($,(-1.30000000000001,442.08726,2.2));
#1615=VERTEX_POINT($,#1614);
#1616=CARTESIAN_POINT($,(-241.3,442.08726,2.2));
#1617=VERTEX_POINT($,#1616);
#1618=CARTESIAN_POINT($,(-1.30000000000001,442.08726,2.2));
#1619=DIRECTION($,(-1,0,0));
#1620=VECTOR($,#1619,1);
#1621=LINE($,#1618,#1620);
#1622=EDGE_CURVE($,#1615,#1617,#1621,.T.);
#1623=ORIENTED_EDGE($,$,$,#1622,.T.);
#1624=CARTESIAN_POINT($,(-241.3,473.58726,2.2));
#1625=VERTEX_POINT($,#1624);
#1626=CARTESIAN_POINT($,(-241.3,442.08726,2.2));
#1627=DIRECTION($,(0,1,0));
#1628=VECTOR($,#1627,1);
#1629=LINE($,#1626,#1628);
#1630=EDGE_CURVE($,#1617,#1625,#1629,.T.);
#1631=ORIENTED_EDGE($,$,$,#1630,.T.);
#1632=CARTESIAN_POINT($,(-228.8,486.08726,2.2));
#1633=VERTEX_POINT($,#1632);
#1634=CARTESIAN_POINT($,(-241.3,473.58726,2.2));
#1635=DIRECTION($,(0.707106781186548,0.707106781186548,0));
#1636=VECTOR($,#1635,1);
#1637=LINE($,#1634,#1636);
#1638=EDGE_CURVE($,#1625,#1633,#1637,.T.);
#1639=ORIENTED_EDGE($,$,$,#1638,.T.);
#1640=CARTESIAN_POINT($,(-184.3,486.08726,2.2));
#1641=VERTEX_POINT($,#1640);
#1642=CARTESIAN_POINT($,(-228.8,486.08726,2.2));
#1643=DIRECTION($,(1,0,0));
#1644=VECTOR($,#1643,1);
#1645=LINE($,#1642,#1644);
#1646=EDGE_CURVE($,#1633,#1641,#1645,.T.);
#1647=ORIENTED_EDGE($,$,$,#1646,.T.);
#1648=CARTESIAN_POINT($,(-184.3,461.08726,2.2));
#1649=VERTEX_POINT($,#1648);
#1650=CARTESIAN_POINT($,(-184.3,486.08726,2.2));
#1651=DIRECTION($,(0,-1,0));
#1652=VECTOR($,#1651,1);
#1653=LINE($,#1650,#1652);
#1654=EDGE_CURVE($,#1641,#1649,#1653,.T.);
#1655=ORIENTED_EDGE($,$,$,#1654,.T.);
#1656=CARTESIAN_POINT($,(-178.3,454.08726,2.2));
#1657=VERTEX_POINT($,#1656);
#1658=CARTESIAN_POINT($,(-178.3840196886,460.086671695485,2.2));
#1659=DIRECTION($,(0,0,1));
#1660=DIRECTION($,(-0.985996718566613,0.166764717419095,0));
#1661=AXIS2_PLACEMENT_3D($,#1658,#1659,#1660);
#1662=CIRCLE($,#1661,6);
#1663=TRIMMED_CURVE($,#1662,(PARAMETER_VALUE(0)),(PARAMETER_VALUE(1.75234758759198)),.T.,.PARAMETER.);
#1664=EDGE_CURVE($,#1649,#1657,#1663,.T.);
#1665=ORIENTED_EDGE($,$,$,#1664,.T.);
#1666=CARTESIAN_POINT($,(-64.3,454.08726,2.2));
#1667=VERTEX_POINT($,#1666);
#1668=CARTESIAN_POINT($,(-178.3,454.08726,2.2));
#1669=DIRECTION($,(1,0,0));
#1670=VECTOR($,#1669,1);
#1671=LINE($,#1668,#1670);
#1672=EDGE_CURVE($,#1657,#1667,#1671,.T.);
#1673=ORIENTED_EDGE($,$,$,#1672,.T.);
#1674=CARTESIAN_POINT($,(-58.3,461.08726,2.2));
#1675=VERTEX_POINT($,#1674);
#1676=CARTESIAN_POINT($,(-64.2159803113997,460.086671695485,2.2));
#1677=DIRECTION($,(0,0,1));
#1678=DIRECTION($,(-0.014003281433385,-0.999901949247574,0));
#1679=AXIS2_PLACEMENT_3D($,#1676,#1677,#1678);
#1680=CIRCLE($,#1679,6);
#1681=TRIMMED_CURVE($,#1680,(PARAMETER_VALUE(0)),(PARAMETER_VALUE(1.75234758759198)),.T.,.PARAMETER.);
#1682=EDGE_CURVE($,#1667,#1675,#1681,.T.);
#1683=ORIENTED_EDGE($,$,$,#1682,.T.);
#1684=CARTESIAN_POINT($,(-58.3,486.08726,2.2));
#1685=VERTEX_POINT($,#1684);
#1686=CARTESIAN_POINT($,(-58.3,461.08726,2.2));
#1687=DIRECTION($,(0.000000000000001,1,0));
#1688=VECTOR($,#1687,1);
#1689=LINE($,#1686,#1688);
#1690=EDGE_CURVE($,#1675,#1685,#1689,.T.);
#1691=ORIENTED_EDGE($,$,$,#1690,.T.);
#1692=CARTESIAN_POINT($,(-13.8,486.08726,2.2));
#1693=VERTEX_POINT($,#1692);
#1694=CARTESIAN_POINT($,(-58.3,486.08726,2.2));
#1695=DIRECTION($,(1,0,0));
#1696=VECTOR($,#1695,1);
#1697=LINE($,#1694,#1696);
#1698=EDGE_CURVE($,#1685,#1693,#1697,.T.);
#1699=ORIENTED_EDGE($,$,$,#1698,.T.);
#1700=CARTESIAN_POINT($,(-1.30000000000001,473.58726,2.2));
#1701=VERTEX_POINT($,#1700);
#1702=CARTESIAN_POINT($,(-13.8,486.08726,2.2));
#1703=DIRECTION($,(0.707106781186548,-0.707106781186548,0));
#1704=VECTOR($,#1703,1);
#1705=LINE($,#1702,#1704);
#1706=EDGE_CURVE($,#1693,#1701,#1705,.T.);
#1707=ORIENTED_EDGE($,$,$,#1706,.T.);
#1708=CARTESIAN_POINT($,(-1.30000000000001,473.58726,2.2));
#1709=DIRECTION($,(0,-1,0));
#1710=VECTOR($,#1709,1);
#1711=LINE($,#1708,#1710);
#1712=EDGE_CURVE($,#1701,#1615,#1711,.T.);
#1713=ORIENTED_EDGE($,$,$,#1712,.T.);
#1714=EDGE_LOOP($,(#1623,#1631,#1639,#1647,#1655,#1665,#1673,#1683,#1691,#1699,#1707,#1713));
#1715=FACE_OUTER_BOUND('',#1714,.T.);
#1716=CARTESIAN_POINT($,(-26.8,467.08726,2.2));
#1717=VERTEX_POINT($,#1716);
#1718=CARTESIAN_POINT($,(-21.3,467.08726,2.2));
#1719=DIRECTION($,(0,0,1));
#1720=DIRECTION($,(-1,0,0));
#1721=AXIS2_PLACEMENT_3D($,#1718,#1719,#1720);
#1722=CIRCLE($,#1721,5.5);
#1723=EDGE_CURVE($,#1717,#1717,#1722,.T.);
#1724=ORIENTED_EDGE($,$,$,#1723,.T.);
#1725=EDGE_LOOP($,(#1724));
#1726=FACE_BOUND('',#1725,.T.);
#1727=CARTESIAN_POINT($,(-226.8,467.08726,2.2));
#1728=VERTEX_POINT($,#1727);
#1729=CARTESIAN_POINT($,(-221.3,467.08726,2.2));
#1730=DIRECTION($,(0,0,1));
#1731=DIRECTION($,(-1,0,0));
#1732=AXIS2_PLACEMENT_3D($,#1729,#1730,#1731);
#1733=CIRCLE($,#1732,5.5);
#1734=EDGE_CURVE($,#1728,#1728,#1733,.T.);
#1735=ORIENTED_EDGE($,$,$,#1734,.T.);
#1736=EDGE_LOOP($,(#1735));
#1737=FACE_BOUND('',#1736,.T.);
#1738=ADVANCED_FACE('',(#1715,#1726,#1737),#1613,.T.);
#1739=CARTESIAN_POINT($,(-1.30000000000001,442.08726,0.200000000000003));
#1740=DIRECTION($,(-0,-0,-1));
#1741=DIRECTION($,(-1,0,0));
#1742=AXIS2_PLACEMENT_3D($,#1739,#1740,#1741);
#1743=PLANE($,#1742);
#1744=CARTESIAN_POINT($,(-1.30000000000001,473.58726,0.200000000000003));
#1745=VERTEX_POINT($,#1744);
#1746=CARTESIAN_POINT($,(-13.8,486.08726,0.200000000000003));
#1747=VERTEX_POINT($,#1746);
#1748=CARTESIAN_POINT($,(-1.30000000000001,473.58726,0.200000000000003));
#1749=DIRECTION($,(-0.707106781186548,0.707106781186548,0));
#1750=VECTOR($,#1749,1);
#1751=LINE($,#1748,#1750);
#1752=EDGE_CURVE($,#1745,#1747,#1751,.T.);
#1753=ORIENTED_EDGE($,$,$,#1752,.T.);
#1754=CARTESIAN_POINT($,(-58.3,486.08726,0.200000000000003));
#1755=VERTEX_POINT($,#1754);
#1756=CARTESIAN_POINT($,(-13.8,486.08726,0.200000000000003));
#1757=DIRECTION($,(-1,0,0));
#1758=VECTOR($,#1757,1);
#1759=LINE($,#1756,#1758);
#1760=EDGE_CURVE($,#1747,#1755,#1759,.T.);
#1761=ORIENTED_EDGE($,$,$,#1760,.T.);
#1762=CARTESIAN_POINT($,(-58.3,461.08726,0.200000000000003));
#1763=VERTEX_POINT($,#1762);
#1764=CARTESIAN_POINT($,(-58.3,486.08726,0.200000000000003));
#1765=DIRECTION($,(-0.000000000000001,-1,0));
#1766=VECTOR($,#1765,1);
#1767=LINE($,#1764,#1766);
#1768=EDGE_CURVE($,#1755,#1763,#1767,.T.);
#1769=ORIENTED_EDGE($,$,$,#1768,.T.);
#1770=CARTESIAN_POINT($,(-64.3,454.08726,0.200000000000003));
#1771=VERTEX_POINT($,#1770);
#1772=CARTESIAN_POINT($,(-64.2159803113997,460.086671695485,0.200000000000003));
#1773=DIRECTION($,(-0,-0,-1));
#1774=DIRECTION($,(0.985996718566614,0.166764717419094,0));
#1775=AXIS2_PLACEMENT_3D($,#1772,#1773,#1774);
#1776=CIRCLE($,#1775,6);
#1777=TRIMMED_CURVE($,#1776,(PARAMETER_VALUE(0)),(PARAMETER_VALUE(1.75234758759198)),.T.,.PARAMETER.);
#1778=EDGE_CURVE($,#1763,#1771,#1777,.T.);
#1779=ORIENTED_EDGE($,$,$,#1778,.T.);
#1780=CARTESIAN_POINT($,(-178.3,454.08726,0.200000000000003));
#1781=VERTEX_POINT($,#1780);
#1782=CARTESIAN_POINT($,(-64.3,454.08726,0.200000000000003));
#1783=DIRECTION($,(-1,0,0));
#1784=VECTOR($,#1783,1);
#1785=LINE($,#1782,#1784);
#1786=EDGE_CURVE($,#1771,#1781,#1785,.T.);
#1787=ORIENTED_EDGE($,$,$,#1786,.T.);
#1788=CARTESIAN_POINT($,(-184.3,461.08726,0.200000000000003));
#1789=VERTEX_POINT($,#1788);
#1790=CARTESIAN_POINT($,(-178.3840196886,460.086671695485,0.200000000000003));
#1791=DIRECTION($,(-0,-0,-1));
#1792=DIRECTION($,(0.014003281433385,-0.999901949247574,0));
#1793=AXIS2_PLACEMENT_3D($,#1790,#1791,#1792);
#1794=CIRCLE($,#1793,6);
#1795=TRIMMED_CURVE($,#1794,(PARAMETER_VALUE(0)),(PARAMETER_VALUE(1.75234758759198)),.T.,.PARAMETER.);
#1796=EDGE_CURVE($,#1781,#1789,#1795,.T.);
#1797=ORIENTED_EDGE($,$,$,#1796,.T.);
#1798=CARTESIAN_POINT($,(-184.3,486.08726,0.200000000000003));
#1799=VERTEX_POINT($,#1798);
#1800=CARTESIAN_POINT($,(-184.3,461.08726,0.200000000000003));
#1801=DIRECTION($,(0,1,0));
#1802=VECTOR($,#1801,1);
#1803=LINE($,#1800,#1802);
#1804=EDGE_CURVE($,#1789,#1799,#1803,.T.);
#1805=ORIENTED_EDGE($,$,$,#1804,.T.);
#1806=CARTESIAN_POINT($,(-228.8,486.08726,0.200000000000003));
#1807=VERTEX_POINT($,#1806);
#1808=CARTESIAN_POINT($,(-184.3,486.08726,0.200000000000003));
#1809=DIRECTION($,(-1,0,0));
#1810=VECTOR($,#1809,1);
#1811=LINE($,#1808,#1810);
#1812=EDGE_CURVE($,#1799,#1807,#1811,.T.);
#1813=ORIENTED_EDGE($,$,$,#1812,.T.);
#1814=CARTESIAN_POINT($,(-241.3,473.58726,0.200000000000003));
#1815=VERTEX_POINT($,#1814);
#1816=CARTESIAN_POINT($,(-228.8,486.08726,0.200000000000003));
#1817=DIRECTION($,(-0.707106781186548,-0.707106781186548,0));
#1818=VECTOR($,#1817,1);
#1819=LINE($,#1816,#1818);
#1820=EDGE_CURVE($,#1807,#1815,#1819,.T.);
#1821=ORIENTED_EDGE($,$,$,#1820,.T.);
#1822=CARTESIAN_POINT($,(-241.3,442.08726,0.200000000000003));
#1823=VERTEX_POINT($,#1822);
#1824=CARTESIAN_POINT($,(-241.3,473.58726,0.200000000000003));
#1825=DIRECTION($,(0,-1,0));
#1826=VECTOR($,#1825,1);
#1827=LINE($,#1824,#1826);
#1828=EDGE_CURVE($,#1815,#1823,#1827,.T.);
#1829=ORIENTED_EDGE($,$,$,#1828,.T.);
#1830=CARTESIAN_POINT($,(-1.30000000000001,442.08726,0.200000000000003));
#1831=VERTEX_POINT($,#1830);
#1832=CARTESIAN_POINT($,(-241.3,442.08726,0.200000000000003));
#1833=DIRECTION($,(1,0,0));
#1834=VECTOR($,#1833,1);
#1835=LINE($,#1832,#1834);
#1836=EDGE_CURVE($,#1823,#1831,#1835,.T.);
#1837=ORIENTED_EDGE($,$,$,#1836,.T.);
#1838=CARTESIAN_POINT($,(-1.30000000000001,442.08726,0.200000000000003));
#1839=DIRECTION($,(0,1,0));
#1840=VECTOR($,#1839,1);
#1841=LINE($,#1838,#1840);
#1842=EDGE_CURVE($,#1831,#1745,#1841,.T.);
#1843=ORIENTED_EDGE($,$,$,#1842,.T.);
#1844=EDGE_LOOP($,(#1753,#1761,#1769,#1779,#1787,#1797,#1805,#1813,#1821,#1829,#1837,#1843));
#1845=FACE_OUTER_BOUND('',#1844,.T.);
#1846=CARTESIAN_POINT($,(-26.8,467.08726,0.200000000000003));
#1847=VERTEX_POINT($,#1846);
#1848=CARTESIAN_POINT($,(-21.3,467.08726,0.200000000000003));
#1849=DIRECTION($,(0,0,1));
#1850=DIRECTION($,(-1,0,0));
#1851=AXIS2_PLACEMENT_3D($,#1848,#1849,#1850);
#1852=CIRCLE($,#1851,5.5);
#1853=EDGE_CURVE($,#1847,#1847,#1852,.T.);
#1854=ORIENTED_EDGE($,$,$,#1853,.T.);
#1855=EDGE_LOOP($,(#1854));
#1856=FACE_BOUND('',#1855,.T.);
#1857=CARTESIAN_POINT($,(-226.8,467.08726,0.200000000000003));
#1858=VERTEX_POINT($,#1857);
#1859=CARTESIAN_POINT($,(-221.3,467.08726,0.200000000000003));
#1860=DIRECTION($,(0,0,1));
#1861=DIRECTION($,(-1,0,0));
#1862=AXIS2_PLACEMENT_3D($,#1859,#1860,#1861);
#1863=CIRCLE($,#1862,5.5);
#1864=EDGE_CURVE($,#1858,#1858,#1863,.T.);
#1865=ORIENTED_EDGE($,$,$,#1864,.T.);
#1866=EDGE_LOOP($,(#1865));
#1867=FACE_BOUND('',#1866,.T.);
#1868=ADVANCED_FACE('',(#1845,#1856,#1867),#1743,.F.);
#1869=CARTESIAN_POINT($,(-1.30000000000001,442.08726,8.2));
#1870=DIRECTION($,(-1,0,0));
#1871=DIRECTION($,(0,-1,0));
#1872=AXIS2_PLACEMENT_3D($,#1869,#1870,#1871);
#1873=CYLINDRICAL_SURFACE($,#1872,6);
#1874=ORIENTED_EDGE($,$,$,#624,.F.);
#1875=CARTESIAN_POINT($,(-241.3,442.08726,8.2));
#1876=DIRECTION($,(1,-0,-0));
#1877=DIRECTION($,(0,-1,0));
#1878=AXIS2_PLACEMENT_3D($,#1875,#1876,#1877);
#1879=CIRCLE($,#1878,6);
#1880=TRIMMED_CURVE($,#1879,(PARAMETER_VALUE(0)),(PARAMETER_VALUE(1.5707963267949)),.T.,.PARAMETER.);
#1881=EDGE_CURVE($,#611,#1617,#1880,.T.);
#1882=ORIENTED_EDGE($,$,$,#1881,.T.);
#1883=ORIENTED_EDGE($,$,$,#1622,.F.);
#1884=CARTESIAN_POINT($,(-1.30000000000001,442.08726,8.2));
#1885=DIRECTION($,(-1,0,0));
#1886=DIRECTION($,(0,0,-1));
#1887=AXIS2_PLACEMENT_3D($,#1884,#1885,#1886);
#1888=CIRCLE($,#1887,6);
#1889=TRIMMED_CURVE($,#1888,(PARAMETER_VALUE(0)),(PARAMETER_VALUE(1.5707963267949)),.T.,.PARAMETER.);
#1890=EDGE_CURVE($,#1615,#619,#1889,.T.);
#1891=ORIENTED_EDGE($,$,$,#1890,.T.);
#1892=EDGE_LOOP($,(#1874,#1882,#1883,#1891));
#1893=FACE_OUTER_BOUND('',#1892,.T.);
#1894=ADVANCED_FACE('',(#1893),#1873,.T.);
#1895=CARTESIAN_POINT($,(-1.30000000000001,442.08726,8.2));
#1896=DIRECTION($,(-1,0,0));
#1897=DIRECTION($,(0,-1,0));
#1898=AXIS2_PLACEMENT_3D($,#1895,#1896,#1897);
#1899=CYLINDRICAL_SURFACE($,#1898,8);
#1900=ORIENTED_EDGE($,$,$,#1836,.F.);
#1901=CARTESIAN_POINT($,(-241.3,442.08726,8.2));
#1902=DIRECTION($,(-1,0,0));
#1903=DIRECTION($,(0,0,-1));
#1904=AXIS2_PLACEMENT_3D($,#1901,#1902,#1903);
#1905=CIRCLE($,#1904,8);
#1906=TRIMMED_CURVE($,#1905,(PARAMETER_VALUE(0)),(PARAMETER_VALUE(1.5707963267949)),.T.,.PARAMETER.);
#1907=EDGE_CURVE($,#1823,#675,#1906,.T.);
#1908=ORIENTED_EDGE($,$,$,#1907,.T.);
#1909=ORIENTED_EDGE($,$,$,#680,.F.);
#1910=CARTESIAN_POINT($,(-1.30000000000001,442.08726,8.2));
#1911=DIRECTION($,(1,-0,-0));
#1912=DIRECTION($,(0,-1,0));
#1913=AXIS2_PLACEMENT_3D($,#1910,#1911,#1912);
#1914=CIRCLE($,#1913,8);
#1915=TRIMMED_CURVE($,#1914,(PARAMETER_VALUE(0)),(PARAMETER_VALUE(1.5707963267949)),.T.,.PARAMETER.);
#1916=EDGE_CURVE($,#667,#1831,#1915,.T.);
#1917=ORIENTED_EDGE($,$,$,#1916,.T.);
#1918=EDGE_LOOP($,(#1900,#1908,#1909,#1917));
#1919=FACE_OUTER_BOUND('',#1918,.T.);
#1920=ADVANCED_FACE('',(#1919),#1899,.F.);
#1921=CARTESIAN_POINT($,(7.04314575050761,180.58726,118.856854249492));
#1922=DIRECTION($,(-0.707106781186548,0,0.707106781186548));
#1923=DIRECTION($,(0,1,0));
#1924=AXIS2_PLACEMENT_3D($,#1921,#1922,#1923);
#1925=PLANE($,#1924);
#1926=CARTESIAN_POINT($,(7.04314575050761,180.58726,118.856854249492));
#1927=VERTEX_POINT($,#1926);
#1928=CARTESIAN_POINT($,(7.04314575050761,305.58726,118.856854249492));
#1929=VERTEX_POINT($,#1928);
#1930=CARTESIAN_POINT($,(7.04314575050761,180.58726,118.856854249492));
#1931=DIRECTION($,(0,1,0));
#1932=VECTOR($,#1931,1);
#1933=LINE($,#1930,#1932);
#1934=EDGE_CURVE($,#1927,#1929,#1933,.T.);
#1935=ORIENTED_EDGE($,$,$,#1934,.T.);
#1936=CARTESIAN_POINT($,(41.6913780286484,305.58726,153.505086527633));
#1937=VERTEX_POINT($,#1936);
#1938=CARTESIAN_POINT($,(7.04314575050761,305.58726,118.856854249492));
#1939=DIRECTION($,(0.707106781186548,0,0.707106781186547));
#1940=VECTOR($,#1939,1);
#1941=LINE($,#1938,#1940);
#1942=EDGE_CURVE($,#1929,#1937,#1941,.T.);
#1943=ORIENTED_EDGE($,$,$,#1942,.T.);
#1944=CARTESIAN_POINT($,(50.5302127934803,293.08726,162.343921292465));
#1945=VERTEX_POINT($,#1944);
#1946=CARTESIAN_POINT($,(41.6913780286484,293.08726,153.505086527633));
#1947=DIRECTION($,(0.707106781186548,-0,-0.707106781186548));
#1948=DIRECTION($,(0,1,0));
#1949=AXIS2_PLACEMENT_3D($,#1946,#1947,#1948);
#1950=CIRCLE($,#1949,12.5);
#1951=TRIMMED_CURVE($,#1950,(PARAMETER_VALUE(0)),(PARAMETER_VALUE(1.5707963267949)),.T.,.PARAMETER.);
#1952=EDGE_CURVE($,#1937,#1945,#1951,.T.);
#1953=ORIENTED_EDGE($,$,$,#1952,.T.);
#1954=CARTESIAN_POINT($,(50.5302127934803,193.08726,162.343921292465));
#1955=VERTEX_POINT($,#1954);
#1956=CARTESIAN_POINT($,(50.5302127934803,293.08726,162.343921292465));
#1957=DIRECTION($,(0,-1,0));
#1958=VECTOR($,#1957,1);
#1959=LINE($,#1956,#1958);
#1960=EDGE_CURVE($,#1945,#1955,#1959,.T.);
#1961=ORIENTED_EDGE($,$,$,#1960,.T.);
#1962=CARTESIAN_POINT($,(41.6913780286484,180.58726,153.505086527633));
#1963=VERTEX_POINT($,#1962);
#1964=CARTESIAN_POINT($,(41.6913780286484,193.08726,153.505086527633));
#1965=DIRECTION($,(0.707106781186548,-0,-0.707106781186548));
#1966=DIRECTION($,(0.707106781186547,0,0.707106781186548));
#1967=AXIS2_PLACEMENT_3D($,#1964,#1965,#1966);
#1968=CIRCLE($,#1967,12.5);
#1969=TRIMMED_CURVE($,#1968,(PARAMETER_VALUE(0)),(PARAMETER_VALUE(1.5707963267949)),.T.,.PARAMETER.);
#1970=EDGE_CURVE($,#1955,#1963,#1969,.T.);
#1971=ORIENTED_EDGE($,$,$,#1970,.T.);
#1972=CARTESIAN_POINT($,(41.6913780286484,180.58726,153.505086527633));
#1973=DIRECTION($,(-0.707106781186548,0,-0.707106781186547));
#1974=VECTOR($,#1973,1);
#1975=LINE($,#1972,#1974);
#1976=EDGE_CURVE($,#1963,#1927,#1975,.T.);
#1977=ORIENTED_EDGE($,$,$,#1976,.T.);
#1978=EDGE_LOOP($,(#1935,#1943,#1953,#1961,#1971,#1977));
#1979=FACE_OUTER_BOUND('',#1978,.T.);
#1980=CARTESIAN_POINT($,(28.9634559672906,256.58726,140.777164466275));
#1981=VERTEX_POINT($,#1980);
#1982=CARTESIAN_POINT($,(28.9634559672906,243.08726,140.777164466275));
#1983=DIRECTION($,(-0.707106781186548,0,0.707106781186548));
#1984=DIRECTION($,(0,1,0));
#1985=AXIS2_PLACEMENT_3D($,#1982,#1983,#1984);
#1986=CIRCLE($,#1985,13.5);
#1987=EDGE_CURVE($,#1981,#1981,#1986,.T.);
#1988=ORIENTED_EDGE($,$,$,#1987,.T.);
#1989=EDGE_LOOP($,(#1988));
#1990=FACE_BOUND('',#1989,.T.);
#1991=CARTESIAN_POINT($,(19.0639610306789,226.58726,130.877669529664));
#1992=VERTEX_POINT($,#1991);
#1993=CARTESIAN_POINT($,(19.0639610306789,224.08726,130.877669529664));
#1994=DIRECTION($,(-0.707106781186548,0,0.707106781186548));
#1995=DIRECTION($,(0,1,0));
#1996=AXIS2_PLACEMENT_3D($,#1993,#1994,#1995);
#1997=CIRCLE($,#1996,2.5);
#1998=EDGE_CURVE($,#1992,#1992,#1997,.T.);
#1999=ORIENTED_EDGE($,$,$,#1998,.T.);
#2000=EDGE_LOOP($,(#1999));
#2001=FACE_BOUND('',#2000,.T.);
#2002=CARTESIAN_POINT($,(19.0639610306789,264.58726,130.877669529664));
#2003=VERTEX_POINT($,#2002);
#2004=CARTESIAN_POINT($,(19.0639610306789,262.08726,130.877669529664));
#2005=DIRECTION($,(-0.707106781186548,0,0.707106781186548));
#2006=DIRECTION($,(0,1,0));
#2007=AXIS2_PLACEMENT_3D($,#2004,#2005,#2006);
#2008=CIRCLE($,#2007,2.5);
#2009=EDGE_CURVE($,#2003,#2003,#2008,.T.);
#2010=ORIENTED_EDGE($,$,$,#2009,.T.);
#2011=EDGE_LOOP($,(#2010));
#2012=FACE_BOUND('',#2011,.T.);
#2013=CARTESIAN_POINT($,(41.6913780286484,226.58726,153.505086527633));
#2014=VERTEX_POINT($,#2013);
#2015=CARTESIAN_POINT($,(41.6913780286484,224.08726,153.505086527633));
#2016=DIRECTION($,(-0.707106781186548,0,0.707106781186548));
#2017=DIRECTION($,(0,1,0));
#2018=AXIS2_PLACEMENT_3D($,#2015,#2016,#2017);
#2019=CIRCLE($,#2018,2.5);
#2020=EDGE_CURVE($,#2014,#2014,#2019,.T.);
#2021=ORIENTED_EDGE($,$,$,#2020,.T.);
#2022=EDGE_LOOP($,(#2021));
#2023=FACE_BOUND('',#2022,.T.);
#2024=CARTESIAN_POINT($,(41.6913780286484,264.58726,153.505086527633));
#2025=VERTEX_POINT($,#2024);
#2026=CARTESIAN_POINT($,(41.6913780286484,262.08726,153.505086527633));
#2027=DIRECTION($,(-0.707106781186548,0,0.707106781186548));
#2028=DIRECTION($,(0,1,0));
#2029=AXIS2_PLACEMENT_3D($,#2026,#2027,#2028);
#2030=CIRCLE($,#2029,2.5);
#2031=EDGE_CURVE($,#2025,#2025,#2030,.T.);
#2032=ORIENTED_EDGE($,$,$,#2031,.T.);
#2033=EDGE_LOOP($,(#2032));
#2034=FACE_BOUND('',#2033,.T.);
#2035=ADVANCED_FACE('',(#1979,#1990,#2001,#2012,#2023,#2034),#1925,.T.);
#2036=CARTESIAN_POINT($,(8.4573593128807,180.58726,117.442640687119));
#2037=DIRECTION($,(0.707106781186548,-0,-0.707106781186548));
#2038=DIRECTION($,(0,1,0));
#2039=AXIS2_PLACEMENT_3D($,#2036,#2037,#2038);
#2040=PLANE($,#2039);
#2041=CARTESIAN_POINT($,(43.1055915910215,180.58726,152.09087296526));
#2042=VERTEX_POINT($,#2041);
#2043=CARTESIAN_POINT($,(51.9444263558534,193.08726,160.929707730092));
#2044=VERTEX_POINT($,#2043);
#2045=CARTESIAN_POINT($,(43.1055915910215,193.08726,152.09087296526));
#2046=DIRECTION($,(-0.707106781186548,0,0.707106781186548));
#2047=DIRECTION($,(0,-1,0));
#2048=AXIS2_PLACEMENT_3D($,#2045,#2046,#2047);
#2049=CIRCLE($,#2048,12.5);
#2050=TRIMMED_CURVE($,#2049,(PARAMETER_VALUE(0)),(PARAMETER_VALUE(1.5707963267949)),.T.,.PARAMETER.);
#2051=EDGE_CURVE($,#2042,#2044,#2050,.T.);
#2052=ORIENTED_EDGE($,$,$,#2051,.T.);
#2053=CARTESIAN_POINT($,(51.9444263558534,293.08726,160.929707730092));
#2054=VERTEX_POINT($,#2053);
#2055=CARTESIAN_POINT($,(51.9444263558534,193.08726,160.929707730092));
#2056=DIRECTION($,(0,1,0));
#2057=VECTOR($,#2056,1);
#2058=LINE($,#2055,#2057);
#2059=EDGE_CURVE($,#2044,#2054,#2058,.T.);
#2060=ORIENTED_EDGE($,$,$,#2059,.T.);
#2061=CARTESIAN_POINT($,(43.1055915910215,305.58726,152.09087296526));
#2062=VERTEX_POINT($,#2061);
#2063=CARTESIAN_POINT($,(43.1055915910215,293.08726,152.09087296526));
#2064=DIRECTION($,(-0.707106781186548,0,0.707106781186548));
#2065=DIRECTION($,(0.707106781186547,0,0.707106781186548));
#2066=AXIS2_PLACEMENT_3D($,#2063,#2064,#2065);
#2067=CIRCLE($,#2066,12.5);
#2068=TRIMMED_CURVE($,#2067,(PARAMETER_VALUE(0)),(PARAMETER_VALUE(1.5707963267949)),.T.,.PARAMETER.);
#2069=EDGE_CURVE($,#2054,#2062,#2068,.T.);
#2070=ORIENTED_EDGE($,$,$,#2069,.T.);
#2071=CARTESIAN_POINT($,(8.4573593128807,305.58726,117.442640687119));
#2072=VERTEX_POINT($,#2071);
#2073=CARTESIAN_POINT($,(43.1055915910215,305.58726,152.09087296526));
#2074=DIRECTION($,(-0.707106781186548,0,-0.707106781186547));
#2075=VECTOR($,#2074,1);
#2076=LINE($,#2073,#2075);
#2077=EDGE_CURVE($,#2062,#2072,#2076,.T.);
#2078=ORIENTED_EDGE($,$,$,#2077,.T.);
#2079=CARTESIAN_POINT($,(8.4573593128807,180.58726,117.442640687119));
#2080=VERTEX_POINT($,#2079);
#2081=CARTESIAN_POINT($,(8.4573593128807,305.58726,117.442640687119));
#2082=DIRECTION($,(0,-1,0));
#2083=VECTOR($,#2082,1);
#2084=LINE($,#2081,#2083);
#2085=EDGE_CURVE($,#2072,#2080,#2084,.T.);
#2086=ORIENTED_EDGE($,$,$,#2085,.T.);
#2087=CARTESIAN_POINT($,(8.4573593128807,180.58726,117.442640687119));
#2088=DIRECTION($,(0.707106781186548,0,0.707106781186547));
#2089=VECTOR($,#2088,1);
#2090=LINE($,#2087,#2089);
#2091=EDGE_CURVE($,#2080,#2042,#2090,.T.);
#2092=ORIENTED_EDGE($,$,$,#2091,.T.);
#2093=EDGE_LOOP($,(#2052,#2060,#2070,#2078,#2086,#2092));
#2094=FACE_OUTER_BOUND('',#2093,.T.);
#2095=CARTESIAN_POINT($,(30.3776695296637,256.58726,139.362950903902));
#2096=VERTEX_POINT($,#2095);
#2097=CARTESIAN_POINT($,(30.3776695296637,243.08726,139.362950903902));
#2098=DIRECTION($,(-0.707106781186548,0,0.707106781186548));
#2099=DIRECTION($,(0,1,0));
#2100=AXIS2_PLACEMENT_3D($,#2097,#2098,#2099);
#2101=CIRCLE($,#2100,13.5);
#2102=EDGE_CURVE($,#2096,#2096,#2101,.T.);
#2103=ORIENTED_EDGE($,$,$,#2102,.T.);
#2104=EDGE_LOOP($,(#2103));
#2105=FACE_BOUND('',#2104,.T.);
#2106=CARTESIAN_POINT($,(20.478174593052,226.58726,129.463455967291));
#2107=VERTEX_POINT($,#2106);
#2108=CARTESIAN_POINT($,(20.478174593052,224.08726,129.463455967291));
#2109=DIRECTION($,(-0.707106781186548,0,0.707106781186548));
#2110=DIRECTION($,(0,1,0));
#2111=AXIS2_PLACEMENT_3D($,#2108,#2109,#2110);
#2112=CIRCLE($,#2111,2.5);
#2113=EDGE_CURVE($,#2107,#2107,#2112,.T.);
#2114=ORIENTED_EDGE($,$,$,#2113,.T.);
#2115=EDGE_LOOP($,(#2114));
#2116=FACE_BOUND('',#2115,.T.);
#2117=CARTESIAN_POINT($,(20.478174593052,264.58726,129.463455967291));
#2118=VERTEX_POINT($,#2117);
#2119=CARTESIAN_POINT($,(20.478174593052,262.08726,129.463455967291));
#2120=DIRECTION($,(-0.707106781186548,0,0.707106781186548));
#2121=DIRECTION($,(0,1,0));
#2122=AXIS2_PLACEMENT_3D($,#2119,#2120,#2121);
#2123=CIRCLE($,#2122,2.5);
#2124=EDGE_CURVE($,#2118,#2118,#2123,.T.);
#2125=ORIENTED_EDGE($,$,$,#2124,.T.);
#2126=EDGE_LOOP($,(#2125));
#2127=FACE_BOUND('',#2126,.T.);
#2128=CARTESIAN_POINT($,(43.1055915910215,226.58726,152.09087296526));
#2129=VERTEX_POINT($,#2128);
#2130=CARTESIAN_POINT($,(43.1055915910215,224.08726,152.09087296526));
#2131=DIRECTION($,(-0.707106781186548,0,0.707106781186548));
#2132=DIRECTION($,(0,1,0));
#2133=AXIS2_PLACEMENT_3D($,#2130,#2131,#2132);
#2134=CIRCLE($,#2133,2.5);
#2135=EDGE_CURVE($,#2129,#2129,#2134,.T.);
#2136=ORIENTED_EDGE($,$,$,#2135,.T.);
#2137=EDGE_LOOP($,(#2136));
#2138=FACE_BOUND('',#2137,.T.);
#2139=CARTESIAN_POINT($,(43.1055915910215,264.58726,152.09087296526));
#2140=VERTEX_POINT($,#2139);
#2141=CARTESIAN_POINT($,(43.1055915910215,262.08726,152.09087296526));
#2142=DIRECTION($,(-0.707106781186548,0,0.707106781186548));
#2143=DIRECTION($,(0,1,0));
#2144=AXIS2_PLACEMENT_3D($,#2141,#2142,#2143);
#2145=CIRCLE($,#2144,2.5);
#2146=EDGE_CURVE($,#2140,#2140,#2145,.T.);
#2147=ORIENTED_EDGE($,$,$,#2146,.T.);
#2148=EDGE_LOOP($,(#2147));
#2149=FACE_BOUND('',#2148,.T.);
#2150=ADVANCED_FACE('',(#2094,#2105,#2116,#2127,#2138,#2149),#2040,.F.);
#2151=CARTESIAN_POINT($,(12.7,180.58726,113.2));
#2152=DIRECTION($,(0,1,0));
#2153=DIRECTION($,(-1,0,0));
#2154=AXIS2_PLACEMENT_3D($,#2151,#2152,#2153);
#2155=CYLINDRICAL_SURFACE($,#2154,8);
#2156=ORIENTED_EDGE($,$,$,#1028,.F.);
#2157=CARTESIAN_POINT($,(12.7,305.58726,113.2));
#2158=DIRECTION($,(0,1,0));
#2159=DIRECTION($,(-1,0,0));
#2160=AXIS2_PLACEMENT_3D($,#2157,#2158,#2159);
#2161=CIRCLE($,#2160,8);
#2162=TRIMMED_CURVE($,#2161,(PARAMETER_VALUE(0)),(PARAMETER_VALUE(0.785398163397449)),.T.,.PARAMETER.);
#2163=EDGE_CURVE($,#1015,#1929,#2162,.T.);
#2164=ORIENTED_EDGE($,$,$,#2163,.T.);
#2165=ORIENTED_EDGE($,$,$,#1934,.F.);
#2166=CARTESIAN_POINT($,(12.7,180.58726,113.2));
#2167=DIRECTION($,(-0,-1,-0));
#2168=DIRECTION($,(-0.707106781186547,0,0.707106781186548));
#2169=AXIS2_PLACEMENT_3D($,#2166,#2167,#2168);
#2170=CIRCLE($,#2169,8);
#2171=TRIMMED_CURVE($,#2170,(PARAMETER_VALUE(0)),(PARAMETER_VALUE(0.785398163397449)),.T.,.PARAMETER.);
#2172=EDGE_CURVE($,#1927,#1023,#2171,.T.);
#2173=ORIENTED_EDGE($,$,$,#2172,.T.);
#2174=EDGE_LOOP($,(#2156,#2164,#2165,#2173));
#2175=FACE_OUTER_BOUND('',#2174,.T.);
#2176=ADVANCED_FACE('',(#2175),#2155,.T.);
#2177=CARTESIAN_POINT($,(12.7,180.58726,113.2));
#2178=DIRECTION($,(0,1,0));
#2179=DIRECTION($,(-1,0,0));
#2180=AXIS2_PLACEMENT_3D($,#2177,#2178,#2179);
#2181=CYLINDRICAL_SURFACE($,#2180,6);
#2182=ORIENTED_EDGE($,$,$,#2085,.F.);
#2183=CARTESIAN_POINT($,(12.7,305.58726,113.2));
#2184=DIRECTION($,(-0,-1,-0));
#2185=DIRECTION($,(-0.707106781186548,0,0.707106781186547));
#2186=AXIS2_PLACEMENT_3D($,#2183,#2184,#2185);
#2187=CIRCLE($,#2186,5.99999999999999);
#2188=TRIMMED_CURVE($,#2187,(PARAMETER_VALUE(0)),(PARAMETER_VALUE(0.785398163397447)),.T.,.PARAMETER.);
#2189=EDGE_CURVE($,#2072,#1131,#2188,.T.);
#2190=ORIENTED_EDGE($,$,$,#2189,.T.);
#2191=ORIENTED_EDGE($,$,$,#1136,.F.);
#2192=CARTESIAN_POINT($,(12.7,180.58726,113.2));
#2193=DIRECTION($,(0,1,0));
#2194=DIRECTION($,(-1,0,0));
#2195=AXIS2_PLACEMENT_3D($,#2192,#2193,#2194);
#2196=CIRCLE($,#2195,6);
#2197=TRIMMED_CURVE($,#2196,(PARAMETER_VALUE(0)),(PARAMETER_VALUE(0.785398163397447)),.T.,.PARAMETER.);
#2198=EDGE_CURVE($,#1123,#2080,#2197,.T.);
#2199=ORIENTED_EDGE($,$,$,#2198,.T.);
#2200=EDGE_LOOP($,(#2182,#2190,#2191,#2199));
#2201=FACE_OUTER_BOUND('',#2200,.T.);
#2202=ADVANCED_FACE('',(#2201),#2181,.F.);
#2203=CARTESIAN_POINT($,(-241.3,58.08726,78.2));
#2204=DIRECTION($,(-0,1,0));
#2205=DIRECTION($,(1,0,0));
#2206=AXIS2_PLACEMENT_3D($,#2203,#2204,#2205);
#2207=PLANE($,#2206);
#2208=ORIENTED_EDGE($,$,$,#14,.T.);
#2209=CARTESIAN_POINT($,(-1.30000000000001,58.08726,78.2));
#2210=DIRECTION($,(0,0,-1));
#2211=VECTOR($,#2210,1);
#2212=LINE($,#2209,#2211);
#2213=EDGE_CURVE($,#9,#199,#2212,.T.);
#2214=ORIENTED_EDGE($,$,$,#2213,.T.);
#2215=ORIENTED_EDGE($,$,$,#212,.T.);
#2216=CARTESIAN_POINT($,(-241.3,58.08726,76.2));
#2217=DIRECTION($,(0,0,1));
#2218=VECTOR($,#2217,1);
#2219=LINE($,#2216,#2218);
#2220=EDGE_CURVE($,#207,#7,#2219,.T.);
#2221=ORIENTED_EDGE($,$,$,#2220,.T.);
#2222=EDGE_LOOP($,(#2208,#2214,#2215,#2221));
#2223=FACE_OUTER_BOUND('',#2222,.T.);
#2224=ADVANCED_FACE('',(#2223),#2207,.T.);
#2225=CARTESIAN_POINT($,(-1.30000000000001,428.08726,78.2));
#2226=DIRECTION($,(-0,-1,-0));
#2227=DIRECTION($,(-1,0,0));
#2228=AXIS2_PLACEMENT_3D($,#2225,#2226,#2227);
#2229=PLANE($,#2228);
#2230=ORIENTED_EDGE($,$,$,#30,.T.);
#2231=CARTESIAN_POINT($,(-241.3,428.08726,78.2));
#2232=DIRECTION($,(0,0,-1));
#2233=VECTOR($,#2232,1);
#2234=LINE($,#2231,#2233);
#2235=EDGE_CURVE($,#25,#189,#2234,.T.);
#2236=ORIENTED_EDGE($,$,$,#2235,.T.);
#2237=ORIENTED_EDGE($,$,$,#196,.T.);
#2238=CARTESIAN_POINT($,(-1.30000000000001,428.08726,76.2));
#2239=DIRECTION($,(0,0,1));
#2240=VECTOR($,#2239,1);
#2241=LINE($,#2238,#2240);
#2242=EDGE_CURVE($,#191,#17,#2241,.T.);
#2243=ORIENTED_EDGE($,$,$,#2242,.T.);
#2244=EDGE_LOOP($,(#2230,#2236,#2237,#2243));
#2245=FACE_OUTER_BOUND('',#2244,.T.);
#2246=ADVANCED_FACE('',(#2245),#2229,.T.);
#2247=CARTESIAN_POINT($,(-10.3,50.08726,70.2));
#2248=DIRECTION($,(1,-0,0));
#2249=DIRECTION($,(0,0,-1));
#2250=AXIS2_PLACEMENT_3D($,#2247,#2248,#2249);
#2251=PLANE($,#2250);
#2252=ORIENTED_EDGE($,$,$,#386,.T.);
#2253=CARTESIAN_POINT($,(-10.3,50.08726,57.7));
#2254=DIRECTION($,(0,1,0));
#2255=VECTOR($,#2254,1);
#2256=LINE($,#2253,#2255);
#2257=EDGE_CURVE($,#381,#477,#2256,.T.);
#2258=ORIENTED_EDGE($,$,$,#2257,.T.);
#2259=ORIENTED_EDGE($,$,$,#490,.T.);
#2260=CARTESIAN_POINT($,(-10.3,52.08726,70.2));
#2261=DIRECTION($,(0,-1,0));
#2262=VECTOR($,#2261,1);
#2263=LINE($,#2260,#2262);
#2264=EDGE_CURVE($,#485,#373,#2263,.T.);
#2265=ORIENTED_EDGE($,$,$,#2264,.T.);
#2266=EDGE_LOOP($,(#2252,#2258,#2259,#2265));
#2267=FACE_OUTER_BOUND('',#2266,.T.);
#2268=ADVANCED_FACE('',(#2267),#2251,.T.);
#2269=CARTESIAN_POINT($,(-10.3,50.08726,57.7));
#2270=DIRECTION($,(0,0,1));
#2271=DIRECTION($,(1,0,0));
#2272=AXIS2_PLACEMENT_3D($,#2269,#2270,#2271);
#2273=PLANE($,#2272);
#2274=ORIENTED_EDGE($,$,$,#394,.T.);
#2275=CARTESIAN_POINT($,(-1.30000000000001,50.08726,57.7));
#2276=DIRECTION($,(0,1,0));
#2277=VECTOR($,#2276,1);
#2278=LINE($,#2275,#2277);
#2279=EDGE_CURVE($,#389,#469,#2278,.T.);
#2280=ORIENTED_EDGE($,$,$,#2279,.T.);
#2281=ORIENTED_EDGE($,$,$,#482,.T.);
#2282=ORIENTED_EDGE($,$,$,#2257,.F.);
#2283=EDGE_LOOP($,(#2274,#2280,#2281,#2282));
#2284=FACE_OUTER_BOUND('',#2283,.T.);
#2285=ADVANCED_FACE('',(#2284),#2273,.T.);
#2286=CARTESIAN_POINT($,(-1.30000000000001,50.08726,57.7));
#2287=DIRECTION($,(1,-0,0));
#2288=DIRECTION($,(0,-0,-1));
#2289=AXIS2_PLACEMENT_3D($,#2286,#2287,#2288);
#2290=PLANE($,#2289);
#2291=ORIENTED_EDGE($,$,$,#402,.T.);
#2292=CARTESIAN_POINT($,(-1.30000000000001,50.08726,8.2));
#2293=DIRECTION($,(0,1,0));
#2294=VECTOR($,#2293,1);
#2295=LINE($,#2292,#2294);
#2296=EDGE_CURVE($,#397,#461,#2295,.T.);
#2297=ORIENTED_EDGE($,$,$,#2296,.T.);
#2298=ORIENTED_EDGE($,$,$,#474,.T.);
#2299=ORIENTED_EDGE($,$,$,#2279,.F.);
#2300=EDGE_LOOP($,(#2291,#2297,#2298,#2299));
#2301=FACE_OUTER_BOUND('',#2300,.T.);
#2302=ADVANCED_FACE('',(#2301),#2290,.T.);
#2303=CARTESIAN_POINT($,(-241.3,50.08726,8.2));
#2304=DIRECTION($,(-1,0,0));
#2305=DIRECTION($,(0,0,1));
#2306=AXIS2_PLACEMENT_3D($,#2303,#2304,#2305);
#2307=PLANE($,#2306);
#2308=ORIENTED_EDGE($,$,$,#418,.T.);
#2309=CARTESIAN_POINT($,(-241.3,50.08726,57.7));
#2310=DIRECTION($,(0,1,0));
#2311=VECTOR($,#2310,1);
#2312=LINE($,#2309,#2311);
#2313=EDGE_CURVE($,#413,#445,#2312,.T.);
#2314=ORIENTED_EDGE($,$,$,#2313,.T.);
#2315=ORIENTED_EDGE($,$,$,#458,.T.);
#2316=CARTESIAN_POINT($,(-241.3,52.08726,8.2));
#2317=DIRECTION($,(0,-1,0));
#2318=VECTOR($,#2317,1);
#2319=LINE($,#2316,#2318);
#2320=EDGE_CURVE($,#453,#405,#2319,.T.);
#2321=ORIENTED_EDGE($,$,$,#2320,.T.);
#2322=EDGE_LOOP($,(#2308,#2314,#2315,#2321));
#2323=FACE_OUTER_BOUND('',#2322,.T.);
#2324=ADVANCED_FACE('',(#2323),#2307,.T.);
#2325=CARTESIAN_POINT($,(-241.3,50.08726,57.7));
#2326=DIRECTION($,(0,0,1));
#2327=DIRECTION($,(1,0,0));
#2328=AXIS2_PLACEMENT_3D($,#2325,#2326,#2327);
#2329=PLANE($,#2328);
#2330=ORIENTED_EDGE($,$,$,#426,.T.);
#2331=CARTESIAN_POINT($,(-232.3,50.08726,57.7));
#2332=DIRECTION($,(0,1,0));
#2333=VECTOR($,#2332,1);
#2334=LINE($,#2331,#2333);
#2335=EDGE_CURVE($,#421,#443,#2334,.T.);
#2336=ORIENTED_EDGE($,$,$,#2335,.T.);
#2337=ORIENTED_EDGE($,$,$,#450,.T.);
#2338=ORIENTED_EDGE($,$,$,#2313,.F.);
#2339=EDGE_LOOP($,(#2330,#2336,#2337,#2338));
#2340=FACE_OUTER_BOUND('',#2339,.T.);
#2341=ADVANCED_FACE('',(#2340),#2329,.T.);
#2342=CARTESIAN_POINT($,(-232.3,50.08726,57.7));
#2343=DIRECTION($,(-1,0,0));
#2344=DIRECTION($,(0,0,1));
#2345=AXIS2_PLACEMENT_3D($,#2342,#2343,#2344);
#2346=PLANE($,#2345);
#2347=ORIENTED_EDGE($,$,$,#432,.T.);
#2348=CARTESIAN_POINT($,(-232.3,50.08726,70.2));
#2349=DIRECTION($,(0,1,0));
#2350=VECTOR($,#2349,1);
#2351=LINE($,#2348,#2350);
#2352=EDGE_CURVE($,#371,#493,#2351,.T.);
#2353=ORIENTED_EDGE($,$,$,#2352,.T.);
#2354=ORIENTED_EDGE($,$,$,#504,.T.);
#2355=ORIENTED_EDGE($,$,$,#2335,.F.);
#2356=EDGE_LOOP($,(#2347,#2353,#2354,#2355));
#2357=FACE_OUTER_BOUND('',#2356,.T.);
#2358=ADVANCED_FACE('',(#2357),#2346,.T.);
#2359=CARTESIAN_POINT($,(-232.3,58.08726,78.2));
#2360=DIRECTION($,(-0,1,0));
#2361=DIRECTION($,(1,0,0));
#2362=AXIS2_PLACEMENT_3D($,#2359,#2360,#2361);
#2363=PLANE($,#2362);
#2364=ORIENTED_EDGE($,$,$,#522,.T.);
#2365=CARTESIAN_POINT($,(-10.3,58.08726,78.2));
#2366=DIRECTION($,(0,0,-1));
#2367=VECTOR($,#2366,1);
#2368=LINE($,#2365,#2367);
#2369=EDGE_CURVE($,#517,#551,#2368,.T.);
#2370=ORIENTED_EDGE($,$,$,#2369,.T.);
#2371=ORIENTED_EDGE($,$,$,#566,.T.);
#2372=CARTESIAN_POINT($,(-232.3,58.08726,76.2));
#2373=DIRECTION($,(0,0,1));
#2374=VECTOR($,#2373,1);
#2375=LINE($,#2372,#2374);
#2376=EDGE_CURVE($,#561,#515,#2375,.T.);
#2377=ORIENTED_EDGE($,$,$,#2376,.T.);
#2378=EDGE_LOOP($,(#2364,#2370,#2371,#2377));
#2379=FACE_OUTER_BOUND('',#2378,.T.);
#2380=ADVANCED_FACE('',(#2379),#2363,.T.);
#2381=CARTESIAN_POINT($,(-10.3,58.08726,78.2));
#2382=DIRECTION($,(1,0,0));
#2383=DIRECTION($,(0,-0.707106781186548,-0.707106781186548));
#2384=AXIS2_PLACEMENT_3D($,#2381,#2382,#2383);
#2385=PLANE($,#2384);
#2386=ORIENTED_EDGE($,$,$,#530,.T.);
#2387=ORIENTED_EDGE($,$,$,#2264,.F.);
#2388=ORIENTED_EDGE($,$,$,#558,.T.);
#2389=ORIENTED_EDGE($,$,$,#2369,.F.);
#2390=EDGE_LOOP($,(#2386,#2387,#2388,#2389));
#2391=FACE_OUTER_BOUND('',#2390,.T.);
#2392=ADVANCED_FACE('',(#2391),#2385,.T.);
#2393=CARTESIAN_POINT($,(-232.3,50.08726,70.2));
#2394=DIRECTION($,(-1,0,0));
#2395=DIRECTION($,(0,0.707106781186548,0.707106781186548));
#2396=AXIS2_PLACEMENT_3D($,#2393,#2394,#2395);
#2397=PLANE($,#2396);
#2398=ORIENTED_EDGE($,$,$,#539,.T.);
#2399=ORIENTED_EDGE($,$,$,#2376,.F.);
#2400=ORIENTED_EDGE($,$,$,#574,.T.);
#2401=ORIENTED_EDGE($,$,$,#2352,.F.);
#2402=EDGE_LOOP($,(#2398,#2399,#2400,#2401));
#2403=FACE_OUTER_BOUND('',#2402,.T.);
#2404=ADVANCED_FACE('',(#2403),#2397,.T.);
#2405=CARTESIAN_POINT($,(-232.3,436.08726,70.2));
#2406=DIRECTION($,(-1,-0,-0));
#2407=DIRECTION($,(0,0,-1));
#2408=AXIS2_PLACEMENT_3D($,#2405,#2406,#2407);
#2409=PLANE($,#2408);
#2410=ORIENTED_EDGE($,$,$,#600,.T.);
#2411=CARTESIAN_POINT($,(-232.3,436.08726,57.7));
#2412=DIRECTION($,(0,-1,0));
#2413=VECTOR($,#2412,1);
#2414=LINE($,#2411,#2413);
#2415=EDGE_CURVE($,#595,#691,#2414,.T.);
#2416=ORIENTED_EDGE($,$,$,#2415,.T.);
#2417=ORIENTED_EDGE($,$,$,#704,.T.);
#2418=CARTESIAN_POINT($,(-232.3,434.08726,70.2));
#2419=DIRECTION($,(0,1,0));
#2420=VECTOR($,#2419,1);
#2421=LINE($,#2418,#2420);
#2422=EDGE_CURVE($,#699,#587,#2421,.T.);
#2423=ORIENTED_EDGE($,$,$,#2422,.T.);
#2424=EDGE_LOOP($,(#2410,#2416,#2417,#2423));
#2425=FACE_OUTER_BOUND('',#2424,.T.);
#2426=ADVANCED_FACE('',(#2425),#2409,.T.);
#2427=CARTESIAN_POINT($,(-232.3,436.08726,57.7));
#2428=DIRECTION($,(0,0,1));
#2429=DIRECTION($,(-1,0,0));
#2430=AXIS2_PLACEMENT_3D($,#2427,#2428,#2429);
#2431=PLANE($,#2430);
#2432=ORIENTED_EDGE($,$,$,#608,.T.);
#2433=CARTESIAN_POINT($,(-241.3,436.08726,57.7));
#2434=DIRECTION($,(0,-1,0));
#2435=VECTOR($,#2434,1);
#2436=LINE($,#2433,#2435);
#2437=EDGE_CURVE($,#603,#683,#2436,.T.);
#2438=ORIENTED_EDGE($,$,$,#2437,.T.);
#2439=ORIENTED_EDGE($,$,$,#696,.T.);
#2440=ORIENTED_EDGE($,$,$,#2415,.F.);
#2441=EDGE_LOOP($,(#2432,#2438,#2439,#2440));
#2442=FACE_OUTER_BOUND('',#2441,.T.);
#2443=ADVANCED_FACE('',(#2442),#2431,.T.);
#2444=CARTESIAN_POINT($,(-241.3,436.08726,57.7));
#2445=DIRECTION($,(-1,-0,-0));
#2446=DIRECTION($,(0,0,-1));
#2447=AXIS2_PLACEMENT_3D($,#2444,#2445,#2446);
#2448=PLANE($,#2447);
#2449=ORIENTED_EDGE($,$,$,#616,.T.);
#2450=CARTESIAN_POINT($,(-241.3,436.08726,8.2));
#2451=DIRECTION($,(0,-1,0));
#2452=VECTOR($,#2451,1);
#2453=LINE($,#2450,#2452);
#2454=EDGE_CURVE($,#611,#675,#2453,.T.);
#2455=ORIENTED_EDGE($,$,$,#2454,.T.);
#2456=ORIENTED_EDGE($,$,$,#688,.T.);
#2457=ORIENTED_EDGE($,$,$,#2437,.F.);
#2458=EDGE_LOOP($,(#2449,#2455,#2456,#2457));
#2459=FACE_OUTER_BOUND('',#2458,.T.);
#2460=ADVANCED_FACE('',(#2459),#2448,.T.);
#2461=CARTESIAN_POINT($,(-1.30000000000001,436.08726,8.2));
#2462=DIRECTION($,(1,0,-0));
#2463=DIRECTION($,(0,0,1));
#2464=AXIS2_PLACEMENT_3D($,#2461,#2462,#2463);
#2465=PLANE($,#2464);
#2466=ORIENTED_EDGE($,$,$,#632,.T.);
#2467=CARTESIAN_POINT($,(-1.30000000000001,436.08726,57.7));
#2468=DIRECTION($,(0,-1,0));
#2469=VECTOR($,#2468,1);
#2470=LINE($,#2467,#2469);
#2471=EDGE_CURVE($,#627,#659,#2470,.T.);
#2472=ORIENTED_EDGE($,$,$,#2471,.T.);
#2473=ORIENTED_EDGE($,$,$,#672,.T.);
#2474=CARTESIAN_POINT($,(-1.30000000000001,434.08726,8.2));
#2475=DIRECTION($,(0,1,0));
#2476=VECTOR($,#2475,1);
#2477=LINE($,#2474,#2476);
#2478=EDGE_CURVE($,#667,#619,#2477,.T.);
#2479=ORIENTED_EDGE($,$,$,#2478,.T.);
#2480=EDGE_LOOP($,(#2466,#2472,#2473,#2479));
#2481=FACE_OUTER_BOUND('',#2480,.T.);
#2482=ADVANCED_FACE('',(#2481),#2465,.T.);
#2483=CARTESIAN_POINT($,(-1.30000000000001,436.08726,57.7));
#2484=DIRECTION($,(0,0,1));
#2485=DIRECTION($,(-1,0,0));
#2486=AXIS2_PLACEMENT_3D($,#2483,#2484,#2485);
#2487=PLANE($,#2486);
#2488=ORIENTED_EDGE($,$,$,#640,.T.);
#2489=CARTESIAN_POINT($,(-10.3,436.08726,57.7));
#2490=DIRECTION($,(0,-1,0));
#2491=VECTOR($,#2490,1);
#2492=LINE($,#2489,#2491);
#2493=EDGE_CURVE($,#635,#657,#2492,.T.);
#2494=ORIENTED_EDGE($,$,$,#2493,.T.);
#2495=ORIENTED_EDGE($,$,$,#664,.T.);
#2496=ORIENTED_EDGE($,$,$,#2471,.F.);
#2497=EDGE_LOOP($,(#2488,#2494,#2495,#2496));
#2498=FACE_OUTER_BOUND('',#2497,.T.);
#2499=ADVANCED_FACE('',(#2498),#2487,.T.);
#2500=CARTESIAN_POINT($,(-10.3,436.08726,57.7));
#2501=DIRECTION($,(1,0,-0));
#2502=DIRECTION($,(0,0,1));
#2503=AXIS2_PLACEMENT_3D($,#2500,#2501,#2502);
#2504=PLANE($,#2503);
#2505=ORIENTED_EDGE($,$,$,#646,.T.);
#2506=CARTESIAN_POINT($,(-10.3,436.08726,70.2));
#2507=DIRECTION($,(0,-1,0));
#2508=VECTOR($,#2507,1);
#2509=LINE($,#2506,#2508);
#2510=EDGE_CURVE($,#585,#707,#2509,.T.);
#2511=ORIENTED_EDGE($,$,$,#2510,.T.);
#2512=ORIENTED_EDGE($,$,$,#718,.T.);
#2513=ORIENTED_EDGE($,$,$,#2493,.F.);
#2514=EDGE_LOOP($,(#2505,#2511,#2512,#2513));
#2515=FACE_OUTER_BOUND('',#2514,.T.);
#2516=ADVANCED_FACE('',(#2515),#2504,.T.);
#2517=CARTESIAN_POINT($,(-10.3,428.08726,78.2));
#2518=DIRECTION($,(-0,-1,-0));
#2519=DIRECTION($,(-1,0,0));
#2520=AXIS2_PLACEMENT_3D($,#2517,#2518,#2519);
#2521=PLANE($,#2520);
#2522=ORIENTED_EDGE($,$,$,#736,.T.);
#2523=CARTESIAN_POINT($,(-232.3,428.08726,78.2));
#2524=DIRECTION($,(0,0,-1));
#2525=VECTOR($,#2524,1);
#2526=LINE($,#2523,#2525);
#2527=EDGE_CURVE($,#731,#765,#2526,.T.);
#2528=ORIENTED_EDGE($,$,$,#2527,.T.);
#2529=ORIENTED_EDGE($,$,$,#780,.T.);
#2530=CARTESIAN_POINT($,(-10.3,428.08726,76.2));
#2531=DIRECTION($,(0,0,1));
#2532=VECTOR($,#2531,1);
#2533=LINE($,#2530,#2532);
#2534=EDGE_CURVE($,#775,#729,#2533,.T.);
#2535=ORIENTED_EDGE($,$,$,#2534,.T.);
#2536=EDGE_LOOP($,(#2522,#2528,#2529,#2535));
#2537=FACE_OUTER_BOUND('',#2536,.T.);
#2538=ADVANCED_FACE('',(#2537),#2521,.T.);
#2539=CARTESIAN_POINT($,(-232.3,428.08726,78.2));
#2540=DIRECTION($,(-1,0,0));
#2541=DIRECTION($,(0,0.707106781186548,-0.707106781186548));
#2542=AXIS2_PLACEMENT_3D($,#2539,#2540,#2541);
#2543=PLANE($,#2542);
#2544=ORIENTED_EDGE($,$,$,#744,.T.);
#2545=ORIENTED_EDGE($,$,$,#2422,.F.);
#2546=ORIENTED_EDGE($,$,$,#772,.T.);
#2547=ORIENTED_EDGE($,$,$,#2527,.F.);
#2548=EDGE_LOOP($,(#2544,#2545,#2546,#2547));
#2549=FACE_OUTER_BOUND('',#2548,.T.);
#2550=ADVANCED_FACE('',(#2549),#2543,.T.);
#2551=CARTESIAN_POINT($,(-10.3,436.08726,70.2));
#2552=DIRECTION($,(1,0,0));
#2553=DIRECTION($,(0,-0.707106781186548,0.707106781186548));
#2554=AXIS2_PLACEMENT_3D($,#2551,#2552,#2553);
#2555=PLANE($,#2554);
#2556=ORIENTED_EDGE($,$,$,#753,.T.);
#2557=ORIENTED_EDGE($,$,$,#2534,.F.);
#2558=ORIENTED_EDGE($,$,$,#788,.T.);
#2559=ORIENTED_EDGE($,$,$,#2510,.F.);
#2560=EDGE_LOOP($,(#2556,#2557,#2558,#2559));
#2561=FACE_OUTER_BOUND('',#2560,.T.);
#2562=ADVANCED_FACE('',(#2561),#2555,.T.);
#2563=CARTESIAN_POINT($,(-247.3,58.08726,84.2));
#2564=DIRECTION($,(0,-1,0));
#2565=DIRECTION($,(0,0,1));
#2566=AXIS2_PLACEMENT_3D($,#2563,#2564,#2565);
#2567=PLANE($,#2566);
#2568=ORIENTED_EDGE($,$,$,#814,.T.);
#2569=CARTESIAN_POINT($,(-247.3,58.08726,104.2));
#2570=DIRECTION($,(-1,0,0));
#2571=VECTOR($,#2570,1);
#2572=LINE($,#2569,#2571);
#2573=EDGE_CURVE($,#809,#873,#2572,.T.);
#2574=ORIENTED_EDGE($,$,$,#2573,.T.);
#2575=ORIENTED_EDGE($,$,$,#886,.T.);
#2576=CARTESIAN_POINT($,(-249.3,58.08726,84.2));
#2577=DIRECTION($,(1,0,0));
#2578=VECTOR($,#2577,1);
#2579=LINE($,#2576,#2578);
#2580=EDGE_CURVE($,#881,#801,#2579,.T.);
#2581=ORIENTED_EDGE($,$,$,#2580,.T.);
#2582=EDGE_LOOP($,(#2568,#2574,#2575,#2581));
#2583=FACE_OUTER_BOUND('',#2582,.T.);
#2584=ADVANCED_FACE('',(#2583),#2567,.T.);
#2585=CARTESIAN_POINT($,(-247.3,58.08726,104.2));
#2586=DIRECTION($,(0,-0.707106781186547,0.707106781186548));
#2587=DIRECTION($,(0,0.707106781186548,0.707106781186547));
#2588=AXIS2_PLACEMENT_3D($,#2585,#2586,#2587);
#2589=PLANE($,#2588);
#2590=ORIENTED_EDGE($,$,$,#822,.T.);
#2591=CARTESIAN_POINT($,(-247.3,83.08726,129.2));
#2592=DIRECTION($,(-1,0,0));
#2593=VECTOR($,#2592,1);
#2594=LINE($,#2591,#2593);
#2595=EDGE_CURVE($,#817,#865,#2594,.T.);
#2596=ORIENTED_EDGE($,$,$,#2595,.T.);
#2597=ORIENTED_EDGE($,$,$,#878,.T.);
#2598=ORIENTED_EDGE($,$,$,#2573,.F.);
#2599=EDGE_LOOP($,(#2590,#2596,#2597,#2598));
#2600=FACE_OUTER_BOUND('',#2599,.T.);
#2601=ADVANCED_FACE('',(#2600),#2589,.T.);
#2602=CARTESIAN_POINT($,(-247.3,83.08726,129.2));
#2603=DIRECTION($,(0,-0,1));
#2604=DIRECTION($,(0,1,0));
#2605=AXIS2_PLACEMENT_3D($,#2602,#2603,#2604);
#2606=PLANE($,#2605);
#2607=ORIENTED_EDGE($,$,$,#830,.T.);
#2608=CARTESIAN_POINT($,(-247.3,403.08726,129.2));
#2609=DIRECTION($,(-1,0,0));
#2610=VECTOR($,#2609,1);
#2611=LINE($,#2608,#2610);
#2612=EDGE_CURVE($,#825,#857,#2611,.T.);
#2613=ORIENTED_EDGE($,$,$,#2612,.T.);
#2614=ORIENTED_EDGE($,$,$,#870,.T.);
#2615=ORIENTED_EDGE($,$,$,#2595,.F.);
#2616=EDGE_LOOP($,(#2607,#2613,#2614,#2615));
#2617=FACE_OUTER_BOUND('',#2616,.T.);
#2618=ADVANCED_FACE('',(#2617),#2606,.T.);
#2619=CARTESIAN_POINT($,(-247.3,403.08726,129.2));
#2620=DIRECTION($,(0,0.707106781186547,0.707106781186548));
#2621=DIRECTION($,(0,0.707106781186548,-0.707106781186547));
#2622=AXIS2_PLACEMENT_3D($,#2619,#2620,#2621);
#2623=PLANE($,#2622);
#2624=ORIENTED_EDGE($,$,$,#838,.T.);
#2625=CARTESIAN_POINT($,(-247.3,428.08726,104.2));
#2626=DIRECTION($,(-1,0,0));
#2627=VECTOR($,#2626,1);
#2628=LINE($,#2625,#2627);
#2629=EDGE_CURVE($,#833,#855,#2628,.T.);
#2630=ORIENTED_EDGE($,$,$,#2629,.T.);
#2631=ORIENTED_EDGE($,$,$,#862,.T.);
#2632=ORIENTED_EDGE($,$,$,#2612,.F.);
#2633=EDGE_LOOP($,(#2624,#2630,#2631,#2632));
#2634=FACE_OUTER_BOUND('',#2633,.T.);
#2635=ADVANCED_FACE('',(#2634),#2623,.T.);
#2636=CARTESIAN_POINT($,(-247.3,428.08726,104.2));
#2637=DIRECTION($,(0,1,0));
#2638=DIRECTION($,(0,0,-1));
#2639=AXIS2_PLACEMENT_3D($,#2636,#2637,#2638);
#2640=PLANE($,#2639);
#2641=ORIENTED_EDGE($,$,$,#844,.T.);
#2642=CARTESIAN_POINT($,(-247.3,428.08726,84.2));
#2643=DIRECTION($,(-1,0,0));
#2644=VECTOR($,#2643,1);
#2645=LINE($,#2642,#2644);
#2646=EDGE_CURVE($,#799,#889,#2645,.T.);
#2647=ORIENTED_EDGE($,$,$,#2646,.T.);
#2648=ORIENTED_EDGE($,$,$,#900,.T.);
#2649=ORIENTED_EDGE($,$,$,#2629,.F.);
#2650=EDGE_LOOP($,(#2641,#2647,#2648,#2649));
#2651=FACE_OUTER_BOUND('',#2650,.T.);
#2652=ADVANCED_FACE('',(#2651),#2640,.T.);
#2653=CARTESIAN_POINT($,(-241.3,58.08726,78.2));
#2654=DIRECTION($,(-0,-1,-0));
#2655=DIRECTION($,(-0.707106781186548,0,0.707106781186548));
#2656=AXIS2_PLACEMENT_3D($,#2653,#2654,#2655);
#2657=PLANE($,#2656);
#2658=ORIENTED_EDGE($,$,$,#917,.T.);
#2659=ORIENTED_EDGE($,$,$,#2580,.F.);
#2660=ORIENTED_EDGE($,$,$,#943,.T.);
#2661=ORIENTED_EDGE($,$,$,#2220,.T.);
#2662=EDGE_LOOP($,(#2658,#2659,#2660,#2661));
#2663=FACE_OUTER_BOUND('',#2662,.T.);
#2664=ADVANCED_FACE('',(#2663),#2657,.T.);
#2665=CARTESIAN_POINT($,(-247.3,428.08726,84.2));
#2666=DIRECTION($,(0,1,0));
#2667=DIRECTION($,(0.707106781186548,0,-0.707106781186548));
#2668=AXIS2_PLACEMENT_3D($,#2665,#2666,#2667);
#2669=PLANE($,#2668);
#2670=ORIENTED_EDGE($,$,$,#926,.T.);
#2671=ORIENTED_EDGE($,$,$,#2235,.T.);
#2672=ORIENTED_EDGE($,$,$,#952,.T.);
#2673=ORIENTED_EDGE($,$,$,#2646,.F.);
#2674=EDGE_LOOP($,(#2670,#2671,#2672,#2673));
#2675=FACE_OUTER_BOUND('',#2674,.T.);
#2676=ADVANCED_FACE('',(#2675),#2669,.T.);
#2677=CARTESIAN_POINT($,(4.69999999999999,428.08726,84.2));
#2678=DIRECTION($,(0,1,0));
#2679=DIRECTION($,(0,0,1));
#2680=AXIS2_PLACEMENT_3D($,#2677,#2678,#2679);
#2681=PLANE($,#2680);
#2682=ORIENTED_EDGE($,$,$,#978,.T.);
#2683=CARTESIAN_POINT($,(4.69999999999999,428.08726,103.7));
#2684=DIRECTION($,(1,0,0));
#2685=VECTOR($,#2684,1);
#2686=LINE($,#2683,#2685);
#2687=EDGE_CURVE($,#973,#1171,#2686,.T.);
#2688=ORIENTED_EDGE($,$,$,#2687,.T.);
#2689=ORIENTED_EDGE($,$,$,#1186,.T.);
#2690=CARTESIAN_POINT($,(6.69999999999999,428.08726,84.2));
#2691=DIRECTION($,(-1,0,0));
#2692=VECTOR($,#2691,1);
#2693=LINE($,#2690,#2692);
#2694=EDGE_CURVE($,#1181,#965,#2693,.T.);
#2695=ORIENTED_EDGE($,$,$,#2694,.T.);
#2696=EDGE_LOOP($,(#2682,#2688,#2689,#2695));
#2697=FACE_OUTER_BOUND('',#2696,.T.);
#2698=ADVANCED_FACE('',(#2697),#2681,.T.);
#2699=CARTESIAN_POINT($,(4.69999999999999,415.58726,103.7));
#2700=DIRECTION($,(-1,0,0));
#2701=DIRECTION($,(0,1,0));
#2702=AXIS2_PLACEMENT_3D($,#2699,#2700,#2701);
#2703=CYLINDRICAL_SURFACE($,#2702,12.5);
#2704=ORIENTED_EDGE($,$,$,#988,.T.);
#2705=CARTESIAN_POINT($,(4.69999999999999,415.58726,116.2));
#2706=DIRECTION($,(1,0,0));
#2707=VECTOR($,#2706,1);
#2708=LINE($,#2705,#2707);
#2709=EDGE_CURVE($,#981,#1163,#2708,.T.);
#2710=ORIENTED_EDGE($,$,$,#2709,.T.);
#2711=ORIENTED_EDGE($,$,$,#1178,.T.);
#2712=ORIENTED_EDGE($,$,$,#2687,.F.);
#2713=EDGE_LOOP($,(#2704,#2710,#2711,#2712));
#2714=FACE_OUTER_BOUND('',#2713,.T.);
#2715=ADVANCED_FACE('',(#2714),#2703,.T.);
#2716=CARTESIAN_POINT($,(4.69999999999999,415.58726,116.2));
#2717=DIRECTION($,(-0,0,1));
#2718=DIRECTION($,(0,-1,0));
#2719=AXIS2_PLACEMENT_3D($,#2716,#2717,#2718);
#2720=PLANE($,#2719);
#2721=ORIENTED_EDGE($,$,$,#996,.T.);
#2722=CARTESIAN_POINT($,(4.69999999999999,384.58726,116.2));
#2723=DIRECTION($,(1,0,0));
#2724=VECTOR($,#2723,1);
#2725=LINE($,#2722,#2724);
#2726=EDGE_CURVE($,#991,#1155,#2725,.T.);
#2727=ORIENTED_EDGE($,$,$,#2726,.T.);
#2728=ORIENTED_EDGE($,$,$,#1168,.T.);
#2729=ORIENTED_EDGE($,$,$,#2709,.F.);
#2730=EDGE_LOOP($,(#2721,#2727,#2728,#2729));
#2731=FACE_OUTER_BOUND('',#2730,.T.);
#2732=ADVANCED_FACE('',(#2731),#2720,.T.);
#2733=CARTESIAN_POINT($,(4.69999999999999,384.58726,116.2));
#2734=DIRECTION($,(0,-0.707106781186548,0.707106781186548));
#2735=DIRECTION($,(-0,-0.707106781186548,-0.707106781186548));
#2736=AXIS2_PLACEMENT_3D($,#2733,#2734,#2735);
#2737=PLANE($,#2736);
#2738=ORIENTED_EDGE($,$,$,#1004,.T.);
#2739=CARTESIAN_POINT($,(4.69999999999999,369.58726,101.2));
#2740=DIRECTION($,(1,0,0));
#2741=VECTOR($,#2740,1);
#2742=LINE($,#2739,#2741);
#2743=EDGE_CURVE($,#999,#1147,#2742,.T.);
#2744=ORIENTED_EDGE($,$,$,#2743,.T.);
#2745=ORIENTED_EDGE($,$,$,#1160,.T.);
#2746=ORIENTED_EDGE($,$,$,#2726,.F.);
#2747=EDGE_LOOP($,(#2738,#2744,#2745,#2746));
#2748=FACE_OUTER_BOUND('',#2747,.T.);
#2749=ADVANCED_FACE('',(#2748),#2737,.T.);
#2750=CARTESIAN_POINT($,(4.69999999999999,369.58726,101.2));
#2751=DIRECTION($,(-0,0,1));
#2752=DIRECTION($,(0,-1,0));
#2753=AXIS2_PLACEMENT_3D($,#2750,#2751,#2752);
#2754=PLANE($,#2753);
#2755=ORIENTED_EDGE($,$,$,#1012,.T.);
#2756=CARTESIAN_POINT($,(4.69999999999999,305.58726,101.2));
#2757=DIRECTION($,(1,0,0));
#2758=VECTOR($,#2757,1);
#2759=LINE($,#2756,#2758);
#2760=EDGE_CURVE($,#1007,#1139,#2759,.T.);
#2761=ORIENTED_EDGE($,$,$,#2760,.T.);
#2762=ORIENTED_EDGE($,$,$,#1152,.T.);
#2763=ORIENTED_EDGE($,$,$,#2743,.F.);
#2764=EDGE_LOOP($,(#2755,#2761,#2762,#2763));
#2765=FACE_OUTER_BOUND('',#2764,.T.);
#2766=ADVANCED_FACE('',(#2765),#2754,.T.);
#2767=CARTESIAN_POINT($,(4.69999999999999,305.58726,101.2));
#2768=DIRECTION($,(0,1,0));
#2769=DIRECTION($,(0,0,1));
#2770=AXIS2_PLACEMENT_3D($,#2767,#2768,#2769);
#2771=PLANE($,#2770);
#2772=ORIENTED_EDGE($,$,$,#1020,.T.);
#2773=CARTESIAN_POINT($,(4.69999999999999,305.58726,113.2));
#2774=DIRECTION($,(1,0,0));
#2775=VECTOR($,#2774,1);
#2776=LINE($,#2773,#2775);
#2777=EDGE_CURVE($,#1015,#1131,#2776,.T.);
#2778=ORIENTED_EDGE($,$,$,#2777,.T.);
#2779=ORIENTED_EDGE($,$,$,#1144,.T.);
#2780=ORIENTED_EDGE($,$,$,#2760,.F.);
#2781=EDGE_LOOP($,(#2772,#2778,#2779,#2780));
#2782=FACE_OUTER_BOUND('',#2781,.T.);
#2783=ADVANCED_FACE('',(#2782),#2771,.T.);
#2784=CARTESIAN_POINT($,(4.69999999999999,180.58726,113.2));
#2785=DIRECTION($,(0,-1,-0));
#2786=DIRECTION($,(-0,0,-1));
#2787=AXIS2_PLACEMENT_3D($,#2784,#2785,#2786);
#2788=PLANE($,#2787);
#2789=ORIENTED_EDGE($,$,$,#1036,.T.);
#2790=CARTESIAN_POINT($,(4.69999999999999,180.58726,101.2));
#2791=DIRECTION($,(1,0,0));
#2792=VECTOR($,#2791,1);
#2793=LINE($,#2790,#2792);
#2794=EDGE_CURVE($,#1031,#1115,#2793,.T.);
#2795=ORIENTED_EDGE($,$,$,#2794,.T.);
#2796=ORIENTED_EDGE($,$,$,#1128,.T.);
#2797=CARTESIAN_POINT($,(6.69999999999999,180.58726,113.2));
#2798=DIRECTION($,(-1,0,0));
#2799=VECTOR($,#2798,1);
#2800=LINE($,#2797,#2799);
#2801=EDGE_CURVE($,#1123,#1023,#2800,.T.);
#2802=ORIENTED_EDGE($,$,$,#2801,.T.);
#2803=EDGE_LOOP($,(#2789,#2795,#2796,#2802));
#2804=FACE_OUTER_BOUND('',#2803,.T.);
#2805=ADVANCED_FACE('',(#2804),#2788,.T.);
#2806=CARTESIAN_POINT($,(4.69999999999999,180.58726,101.2));
#2807=DIRECTION($,(-0,0,1));
#2808=DIRECTION($,(0,-1,0));
#2809=AXIS2_PLACEMENT_3D($,#2806,#2807,#2808);
#2810=PLANE($,#2809);
#2811=ORIENTED_EDGE($,$,$,#1044,.T.);
#2812=CARTESIAN_POINT($,(4.69999999999999,116.58726,101.2));
#2813=DIRECTION($,(1,0,0));
#2814=VECTOR($,#2813,1);
#2815=LINE($,#2812,#2814);
#2816=EDGE_CURVE($,#1039,#1107,#2815,.T.);
#2817=ORIENTED_EDGE($,$,$,#2816,.T.);
#2818=ORIENTED_EDGE($,$,$,#1120,.T.);
#2819=ORIENTED_EDGE($,$,$,#2794,.F.);
#2820=EDGE_LOOP($,(#2811,#2817,#2818,#2819));
#2821=FACE_OUTER_BOUND('',#2820,.T.);
#2822=ADVANCED_FACE('',(#2821),#2810,.T.);
#2823=CARTESIAN_POINT($,(4.69999999999999,116.58726,101.2));
#2824=DIRECTION($,(-0,0.707106781186548,0.707106781186548));
#2825=DIRECTION($,(0,-0.707106781186548,0.707106781186548));
#2826=AXIS2_PLACEMENT_3D($,#2823,#2824,#2825);
#2827=PLANE($,#2826);
#2828=ORIENTED_EDGE($,$,$,#1052,.T.);
#2829=CARTESIAN_POINT($,(4.69999999999999,101.58726,116.2));
#2830=DIRECTION($,(1,0,0));
#2831=VECTOR($,#2830,1);
#2832=LINE($,#2829,#2831);
#2833=EDGE_CURVE($,#1047,#1099,#2832,.T.);
#2834=ORIENTED_EDGE($,$,$,#2833,.T.);
#2835=ORIENTED_EDGE($,$,$,#1112,.T.);
#2836=ORIENTED_EDGE($,$,$,#2816,.F.);
#2837=EDGE_LOOP($,(#2828,#2834,#2835,#2836));
#2838=FACE_OUTER_BOUND('',#2837,.T.);
#2839=ADVANCED_FACE('',(#2838),#2827,.T.);
#2840=CARTESIAN_POINT($,(4.69999999999999,101.58726,116.2));
#2841=DIRECTION($,(-0,0,1));
#2842=DIRECTION($,(0,-1,0));
#2843=AXIS2_PLACEMENT_3D($,#2840,#2841,#2842);
#2844=PLANE($,#2843);
#2845=ORIENTED_EDGE($,$,$,#1060,.T.);
#2846=CARTESIAN_POINT($,(4.69999999999999,70.58726,116.2));
#2847=DIRECTION($,(1,0,0));
#2848=VECTOR($,#2847,1);
#2849=LINE($,#2846,#2848);
#2850=EDGE_CURVE($,#1055,#1089,#2849,.T.);
#2851=ORIENTED_EDGE($,$,$,#2850,.T.);
#2852=ORIENTED_EDGE($,$,$,#1104,.T.);
#2853=ORIENTED_EDGE($,$,$,#2833,.F.);
#2854=EDGE_LOOP($,(#2845,#2851,#2852,#2853));
#2855=FACE_OUTER_BOUND('',#2854,.T.);
#2856=ADVANCED_FACE('',(#2855),#2844,.T.);
#2857=CARTESIAN_POINT($,(4.69999999999999,70.58726,103.7));
#2858=DIRECTION($,(-1,0,0));
#2859=DIRECTION($,(0,0,1));
#2860=AXIS2_PLACEMENT_3D($,#2857,#2858,#2859);
#2861=CYLINDRICAL_SURFACE($,#2860,12.5);
#2862=ORIENTED_EDGE($,$,$,#1070,.T.);
#2863=CARTESIAN_POINT($,(4.69999999999999,58.08726,103.7));
#2864=DIRECTION($,(1,0,0));
#2865=VECTOR($,#2864,1);
#2866=LINE($,#2863,#2865);
#2867=EDGE_CURVE($,#1063,#1087,#2866,.T.);
#2868=ORIENTED_EDGE($,$,$,#2867,.T.);
#2869=ORIENTED_EDGE($,$,$,#1096,.T.);
#2870=ORIENTED_EDGE($,$,$,#2850,.F.);
#2871=EDGE_LOOP($,(#2862,#2868,#2869,#2870));
#2872=FACE_OUTER_BOUND('',#2871,.T.);
#2873=ADVANCED_FACE('',(#2872),#2861,.T.);
#2874=CARTESIAN_POINT($,(4.69999999999999,58.08726,103.7));
#2875=DIRECTION($,(0,-1,-0));
#2876=DIRECTION($,(-0,0,-1));
#2877=AXIS2_PLACEMENT_3D($,#2874,#2875,#2876);
#2878=PLANE($,#2877);
#2879=ORIENTED_EDGE($,$,$,#1076,.T.);
#2880=CARTESIAN_POINT($,(4.69999999999999,58.08726,84.2));
#2881=DIRECTION($,(1,0,0));
#2882=VECTOR($,#2881,1);
#2883=LINE($,#2880,#2882);
#2884=EDGE_CURVE($,#963,#1189,#2883,.T.);
#2885=ORIENTED_EDGE($,$,$,#2884,.T.);
#2886=ORIENTED_EDGE($,$,$,#1200,.T.);
#2887=ORIENTED_EDGE($,$,$,#2867,.F.);
#2888=EDGE_LOOP($,(#2879,#2885,#2886,#2887));
#2889=FACE_OUTER_BOUND('',#2888,.T.);
#2890=ADVANCED_FACE('',(#2889),#2878,.T.);
#2891=CARTESIAN_POINT($,(-1.30000000000001,428.08726,78.2));
#2892=DIRECTION($,(-0,1,0));
#2893=DIRECTION($,(0.707106781186548,0,0.707106781186548));
#2894=AXIS2_PLACEMENT_3D($,#2891,#2892,#2893);
#2895=PLANE($,#2894);
#2896=ORIENTED_EDGE($,$,$,#1217,.T.);
#2897=ORIENTED_EDGE($,$,$,#2694,.F.);
#2898=ORIENTED_EDGE($,$,$,#1243,.T.);
#2899=ORIENTED_EDGE($,$,$,#2242,.T.);
#2900=EDGE_LOOP($,(#2896,#2897,#2898,#2899));
#2901=FACE_OUTER_BOUND('',#2900,.T.);
#2902=ADVANCED_FACE('',(#2901),#2895,.T.);
#2903=CARTESIAN_POINT($,(4.69999999999999,58.08726,84.2));
#2904=DIRECTION($,(0,-1,-0));
#2905=DIRECTION($,(-0.707106781186548,0,-0.707106781186548));
#2906=AXIS2_PLACEMENT_3D($,#2903,#2904,#2905);
#2907=PLANE($,#2906);
#2908=ORIENTED_EDGE($,$,$,#1226,.T.);
#2909=ORIENTED_EDGE($,$,$,#2213,.T.);
#2910=ORIENTED_EDGE($,$,$,#1252,.T.);
#2911=ORIENTED_EDGE($,$,$,#2884,.F.);
#2912=EDGE_LOOP($,(#2908,#2909,#2910,#2911));
#2913=FACE_OUTER_BOUND('',#2912,.T.);
#2914=ADVANCED_FACE('',(#2913),#2907,.T.);
#2915=CARTESIAN_POINT($,(-1.30000000000001,44.08726,2.2));
#2916=DIRECTION($,(1,0,0));
#2917=DIRECTION($,(0,-1,0));
#2918=AXIS2_PLACEMENT_3D($,#2915,#2916,#2917);
#2919=PLANE($,#2918);
#2920=ORIENTED_EDGE($,$,$,#1278,.T.);
#2921=CARTESIAN_POINT($,(-1.30000000000001,12.58726,2.2));
#2922=DIRECTION($,(0,0,-1));
#2923=VECTOR($,#2922,1);
#2924=LINE($,#2921,#2923);
#2925=EDGE_CURVE($,#1273,#1503,#2924,.T.);
#2926=ORIENTED_EDGE($,$,$,#2925,.T.);
#2927=ORIENTED_EDGE($,$,$,#1516,.T.);
#2928=CARTESIAN_POINT($,(-1.30000000000001,44.08726,0.200000000000003));
#2929=DIRECTION($,(0,0,1));
#2930=VECTOR($,#2929,1);
#2931=LINE($,#2928,#2930);
#2932=EDGE_CURVE($,#1511,#1265,#2931,.T.);
#2933=ORIENTED_EDGE($,$,$,#2932,.T.);
#2934=EDGE_LOOP($,(#2920,#2926,#2927,#2933));
#2935=FACE_OUTER_BOUND('',#2934,.T.);
#2936=ADVANCED_FACE('',(#2935),#2919,.T.);
#2937=CARTESIAN_POINT($,(-1.30000000000001,12.58726,2.2));
#2938=DIRECTION($,(0.707106781186548,-0.707106781186548,0));
#2939=DIRECTION($,(-0.707106781186548,-0.707106781186548,0));
#2940=AXIS2_PLACEMENT_3D($,#2937,#2938,#2939);
#2941=PLANE($,#2940);
#2942=ORIENTED_EDGE($,$,$,#1286,.T.);
#2943=CARTESIAN_POINT($,(-13.8,0.087259999999994,2.2));
#2944=DIRECTION($,(0,0,-1));
#2945=VECTOR($,#2944,1);
#2946=LINE($,#2943,#2945);
#2947=EDGE_CURVE($,#1281,#1495,#2946,.T.);
#2948=ORIENTED_EDGE($,$,$,#2947,.T.);
#2949=ORIENTED_EDGE($,$,$,#1508,.T.);
#2950=ORIENTED_EDGE($,$,$,#2925,.F.);
#2951=EDGE_LOOP($,(#2942,#2948,#2949,#2950));
#2952=FACE_OUTER_BOUND('',#2951,.T.);
#2953=ADVANCED_FACE('',(#2952),#2941,.T.);
#2954=CARTESIAN_POINT($,(-13.8,0.087259999999994,2.2));
#2955=DIRECTION($,(-0,-1,-0));
#2956=DIRECTION($,(-1,0,0));
#2957=AXIS2_PLACEMENT_3D($,#2954,#2955,#2956);
#2958=PLANE($,#2957);
#2959=ORIENTED_EDGE($,$,$,#1294,.T.);
#2960=CARTESIAN_POINT($,(-52.3,0.087259999999994,2.2));
#2961=DIRECTION($,(0,0,-1));
#2962=VECTOR($,#2961,1);
#2963=LINE($,#2960,#2962);
#2964=EDGE_CURVE($,#1289,#1485,#2963,.T.);
#2965=ORIENTED_EDGE($,$,$,#2964,.T.);
#2966=ORIENTED_EDGE($,$,$,#1500,.T.);
#2967=ORIENTED_EDGE($,$,$,#2947,.F.);
#2968=EDGE_LOOP($,(#2959,#2965,#2966,#2967));
#2969=FACE_OUTER_BOUND('',#2968,.T.);
#2970=ADVANCED_FACE('',(#2969),#2958,.T.);
#2971=CARTESIAN_POINT($,(-52.3,6.08725999999999,2.2));
#2972=DIRECTION($,(0,0,1));
#2973=DIRECTION($,(0,-1,0));
#2974=AXIS2_PLACEMENT_3D($,#2971,#2972,#2973);
#2975=CYLINDRICAL_SURFACE($,#2974,6);
#2976=ORIENTED_EDGE($,$,$,#1304,.T.);
#2977=CARTESIAN_POINT($,(-58.3,6.08725999999999,2.2));
#2978=DIRECTION($,(0,0,-1));
#2979=VECTOR($,#2978,1);
#2980=LINE($,#2977,#2979);
#2981=EDGE_CURVE($,#1297,#1477,#2980,.T.);
#2982=ORIENTED_EDGE($,$,$,#2981,.T.);
#2983=ORIENTED_EDGE($,$,$,#1492,.T.);
#2984=ORIENTED_EDGE($,$,$,#2964,.F.);
#2985=EDGE_LOOP($,(#2976,#2982,#2983,#2984));
#2986=FACE_OUTER_BOUND('',#2985,.T.);
#2987=ADVANCED_FACE('',(#2986),#2975,.T.);
#2988=CARTESIAN_POINT($,(-58.3,6.08725999999999,2.2));
#2989=DIRECTION($,(-1,0,0));
#2990=DIRECTION($,(0,1,0));
#2991=AXIS2_PLACEMENT_3D($,#2988,#2989,#2990);
#2992=PLANE($,#2991);
#2993=ORIENTED_EDGE($,$,$,#1312,.T.);
#2994=CARTESIAN_POINT($,(-58.3,25.08726,2.2));
#2995=DIRECTION($,(0,0,-1));
#2996=VECTOR($,#2995,1);
#2997=LINE($,#2994,#2996);
#2998=EDGE_CURVE($,#1307,#1467,#2997,.T.);
#2999=ORIENTED_EDGE($,$,$,#2998,.T.);
#3000=ORIENTED_EDGE($,$,$,#1482,.T.);
#3001=ORIENTED_EDGE($,$,$,#2981,.F.);
#3002=EDGE_LOOP($,(#2993,#2999,#3000,#3001));
#3003=FACE_OUTER_BOUND('',#3002,.T.);
#3004=ADVANCED_FACE('',(#3003),#2992,.T.);
#3005=CARTESIAN_POINT($,(-64.2159803113997,26.0878483045146,2.2));
#3006=DIRECTION($,(0,0,1));
#3007=DIRECTION($,(0.985996718566614,-0.166764717419094,0));
#3008=AXIS2_PLACEMENT_3D($,#3005,#3006,#3007);
#3009=CYLINDRICAL_SURFACE($,#3008,6);
#3010=ORIENTED_EDGE($,$,$,#1322,.T.);
#3011=CARTESIAN_POINT($,(-64.3,32.08726,2.2));
#3012=DIRECTION($,(0,0,-1));
#3013=VECTOR($,#3012,1);
#3014=LINE($,#3011,#3013);
#3015=EDGE_CURVE($,#1315,#1459,#3014,.T.);
#3016=ORIENTED_EDGE($,$,$,#3015,.T.);
#3017=ORIENTED_EDGE($,$,$,#1474,.T.);
#3018=ORIENTED_EDGE($,$,$,#2998,.F.);
#3019=EDGE_LOOP($,(#3010,#3016,#3017,#3018));
#3020=FACE_OUTER_BOUND('',#3019,.T.);
#3021=ADVANCED_FACE('',(#3020),#3009,.T.);
#3022=CARTESIAN_POINT($,(-64.3,32.08726,2.2));
#3023=DIRECTION($,(-0,-1,-0));
#3024=DIRECTION($,(-1,0,0));
#3025=AXIS2_PLACEMENT_3D($,#3022,#3023,#3024);
#3026=PLANE($,#3025);
#3027=ORIENTED_EDGE($,$,$,#1330,.T.);
#3028=CARTESIAN_POINT($,(-178.3,32.08726,2.2));
#3029=DIRECTION($,(0,0,-1));
#3030=VECTOR($,#3029,1);
#3031=LINE($,#3028,#3030);
#3032=EDGE_CURVE($,#1325,#1449,#3031,.T.);
#3033=ORIENTED_EDGE($,$,$,#3032,.T.);
#3034=ORIENTED_EDGE($,$,$,#1464,.T.);
#3035=ORIENTED_EDGE($,$,$,#3015,.F.);
#3036=EDGE_LOOP($,(#3027,#3033,#3034,#3035));
#3037=FACE_OUTER_BOUND('',#3036,.T.);
#3038=ADVANCED_FACE('',(#3037),#3026,.T.);
#3039=CARTESIAN_POINT($,(-178.3840196886,26.0878483045146,2.2));
#3040=DIRECTION($,(0,0,1));
#3041=DIRECTION($,(0.014003281433385,0.999901949247574,0));
#3042=AXIS2_PLACEMENT_3D($,#3039,#3040,#3041);
#3043=CYLINDRICAL_SURFACE($,#3042,6);
#3044=ORIENTED_EDGE($,$,$,#1340,.T.);
#3045=CARTESIAN_POINT($,(-184.3,25.08726,2.2));
#3046=DIRECTION($,(0,0,-1));
#3047=VECTOR($,#3046,1);
#3048=LINE($,#3045,#3047);
#3049=EDGE_CURVE($,#1333,#1441,#3048,.T.);
#3050=ORIENTED_EDGE($,$,$,#3049,.T.);
#3051=ORIENTED_EDGE($,$,$,#1456,.T.);
#3052=ORIENTED_EDGE($,$,$,#3032,.F.);
#3053=EDGE_LOOP($,(#3044,#3050,#3051,#3052));
#3054=FACE_OUTER_BOUND('',#3053,.T.);
#3055=ADVANCED_FACE('',(#3054),#3043,.T.);
#3056=CARTESIAN_POINT($,(-184.3,25.08726,2.2));
#3057=DIRECTION($,(1,0,0));
#3058=DIRECTION($,(0,-1,0));
#3059=AXIS2_PLACEMENT_3D($,#3056,#3057,#3058);
#3060=PLANE($,#3059);
#3061=ORIENTED_EDGE($,$,$,#1348,.T.);
#3062=CARTESIAN_POINT($,(-184.3,6.08725999999999,2.2));
#3063=DIRECTION($,(0,0,-1));
#3064=VECTOR($,#3063,1);
#3065=LINE($,#3062,#3064);
#3066=EDGE_CURVE($,#1343,#1431,#3065,.T.);
#3067=ORIENTED_EDGE($,$,$,#3066,.T.);
#3068=ORIENTED_EDGE($,$,$,#1446,.T.);
#3069=ORIENTED_EDGE($,$,$,#3049,.F.);
#3070=EDGE_LOOP($,(#3061,#3067,#3068,#3069));
#3071=FACE_OUTER_BOUND('',#3070,.T.);
#3072=ADVANCED_FACE('',(#3071),#3060,.T.);
#3073=CARTESIAN_POINT($,(-190.3,6.08725999999999,2.2));
#3074=DIRECTION($,(0,0,1));
#3075=DIRECTION($,(1,0,0));
#3076=AXIS2_PLACEMENT_3D($,#3073,#3074,#3075);
#3077=CYLINDRICAL_SURFACE($,#3076,6);
#3078=ORIENTED_EDGE($,$,$,#1358,.T.);
#3079=CARTESIAN_POINT($,(-190.3,0.087259999999994,2.2));
#3080=DIRECTION($,(0,0,-1));
#3081=VECTOR($,#3080,1);
#3082=LINE($,#3079,#3081);
#3083=EDGE_CURVE($,#1351,#1423,#3082,.T.);
#3084=ORIENTED_EDGE($,$,$,#3083,.T.);
#3085=ORIENTED_EDGE($,$,$,#1438,.T.);
#3086=ORIENTED_EDGE($,$,$,#3066,.F.);
#3087=EDGE_LOOP($,(#3078,#3084,#3085,#3086));
#3088=FACE_OUTER_BOUND('',#3087,.T.);
#3089=ADVANCED_FACE('',(#3088),#3077,.T.);
#3090=CARTESIAN_POINT($,(-190.3,0.087259999999994,2.2));
#3091=DIRECTION($,(-0,-1,-0));
#3092=DIRECTION($,(-1,0,0));
#3093=AXIS2_PLACEMENT_3D($,#3090,#3091,#3092);
#3094=PLANE($,#3093);
#3095=ORIENTED_EDGE($,$,$,#1366,.T.);
#3096=CARTESIAN_POINT($,(-228.8,0.087259999999994,2.2));
#3097=DIRECTION($,(0,0,-1));
#3098=VECTOR($,#3097,1);
#3099=LINE($,#3096,#3098);
#3100=EDGE_CURVE($,#1361,#1415,#3099,.T.);
#3101=ORIENTED_EDGE($,$,$,#3100,.T.);
#3102=ORIENTED_EDGE($,$,$,#1428,.T.);
#3103=ORIENTED_EDGE($,$,$,#3083,.F.);
#3104=EDGE_LOOP($,(#3095,#3101,#3102,#3103));
#3105=FACE_OUTER_BOUND('',#3104,.T.);
#3106=ADVANCED_FACE('',(#3105),#3094,.T.);
#3107=CARTESIAN_POINT($,(-228.8,0.087259999999994,2.2));
#3108=DIRECTION($,(-0.707106781186548,-0.707106781186548,-0));
#3109=DIRECTION($,(-0.707106781186548,0.707106781186548,0));
#3110=AXIS2_PLACEMENT_3D($,#3107,#3108,#3109);
#3111=PLANE($,#3110);
#3112=ORIENTED_EDGE($,$,$,#1374,.T.);
#3113=CARTESIAN_POINT($,(-241.3,12.58726,2.2));
#3114=DIRECTION($,(0,0,-1));
#3115=VECTOR($,#3114,1);
#3116=LINE($,#3113,#3115);
#3117=EDGE_CURVE($,#1369,#1413,#3116,.T.);
#3118=ORIENTED_EDGE($,$,$,#3117,.T.);
#3119=ORIENTED_EDGE($,$,$,#1420,.T.);
#3120=ORIENTED_EDGE($,$,$,#3100,.F.);
#3121=EDGE_LOOP($,(#3112,#3118,#3119,#3120));
#3122=FACE_OUTER_BOUND('',#3121,.T.);
#3123=ADVANCED_FACE('',(#3122),#3111,.T.);
#3124=CARTESIAN_POINT($,(-241.3,12.58726,2.2));
#3125=DIRECTION($,(-1,0,0));
#3126=DIRECTION($,(0,1,0));
#3127=AXIS2_PLACEMENT_3D($,#3124,#3125,#3126);
#3128=PLANE($,#3127);
#3129=ORIENTED_EDGE($,$,$,#1380,.T.);
#3130=CARTESIAN_POINT($,(-241.3,44.08726,2.2));
#3131=DIRECTION($,(0,0,-1));
#3132=VECTOR($,#3131,1);
#3133=LINE($,#3130,#3132);
#3134=EDGE_CURVE($,#1263,#1519,#3133,.T.);
#3135=ORIENTED_EDGE($,$,$,#3134,.T.);
#3136=ORIENTED_EDGE($,$,$,#1530,.T.);
#3137=ORIENTED_EDGE($,$,$,#3117,.F.);
#3138=EDGE_LOOP($,(#3129,#3135,#3136,#3137));
#3139=FACE_OUTER_BOUND('',#3138,.T.);
#3140=ADVANCED_FACE('',(#3139),#3128,.T.);
#3141=CARTESIAN_POINT($,(-1.30000000000001,50.08726,8.2));
#3142=DIRECTION($,(1,-0,0));
#3143=DIRECTION($,(0,-0.707106781186548,-0.707106781186548));
#3144=AXIS2_PLACEMENT_3D($,#3141,#3142,#3143);
#3145=PLANE($,#3144);
#3146=ORIENTED_EDGE($,$,$,#1569,.T.);
#3147=ORIENTED_EDGE($,$,$,#2932,.F.);
#3148=ORIENTED_EDGE($,$,$,#1595,.T.);
#3149=ORIENTED_EDGE($,$,$,#2296,.F.);
#3150=EDGE_LOOP($,(#3146,#3147,#3148,#3149));
#3151=FACE_OUTER_BOUND('',#3150,.T.);
#3152=ADVANCED_FACE('',(#3151),#3145,.T.);
#3153=CARTESIAN_POINT($,(-241.3,44.08726,2.2));
#3154=DIRECTION($,(-1,0,0));
#3155=DIRECTION($,(0,0.707106781186548,0.707106781186548));
#3156=AXIS2_PLACEMENT_3D($,#3153,#3154,#3155);
#3157=PLANE($,#3156);
#3158=ORIENTED_EDGE($,$,$,#1578,.T.);
#3159=ORIENTED_EDGE($,$,$,#2320,.F.);
#3160=ORIENTED_EDGE($,$,$,#1604,.T.);
#3161=ORIENTED_EDGE($,$,$,#3134,.F.);
#3162=EDGE_LOOP($,(#3158,#3159,#3160,#3161));
#3163=FACE_OUTER_BOUND('',#3162,.T.);
#3164=ADVANCED_FACE('',(#3163),#3157,.T.);
#3165=CARTESIAN_POINT($,(-241.3,442.08726,2.2));
#3166=DIRECTION($,(-1,0,0));
#3167=DIRECTION($,(0,1,0));
#3168=AXIS2_PLACEMENT_3D($,#3165,#3166,#3167);
#3169=PLANE($,#3168);
#3170=ORIENTED_EDGE($,$,$,#1630,.T.);
#3171=CARTESIAN_POINT($,(-241.3,473.58726,2.2));
#3172=DIRECTION($,(0,0,-1));
#3173=VECTOR($,#3172,1);
#3174=LINE($,#3171,#3173);
#3175=EDGE_CURVE($,#1625,#1815,#3174,.T.);
#3176=ORIENTED_EDGE($,$,$,#3175,.T.);
#3177=ORIENTED_EDGE($,$,$,#1828,.T.);
#3178=CARTESIAN_POINT($,(-241.3,442.08726,0.200000000000003));
#3179=DIRECTION($,(0,0,1));
#3180=VECTOR($,#3179,1);
#3181=LINE($,#3178,#3180);
#3182=EDGE_CURVE($,#1823,#1617,#3181,.T.);
#3183=ORIENTED_EDGE($,$,$,#3182,.T.);
#3184=EDGE_LOOP($,(#3170,#3176,#3177,#3183));
#3185=FACE_OUTER_BOUND('',#3184,.T.);
#3186=ADVANCED_FACE('',(#3185),#3169,.T.);
#3187=CARTESIAN_POINT($,(-241.3,473.58726,2.2));
#3188=DIRECTION($,(-0.707106781186548,0.707106781186548,0));
#3189=DIRECTION($,(0.707106781186548,0.707106781186548,0));
#3190=AXIS2_PLACEMENT_3D($,#3187,#3188,#3189);
#3191=PLANE($,#3190);
#3192=ORIENTED_EDGE($,$,$,#1638,.T.);
#3193=CARTESIAN_POINT($,(-228.8,486.08726,2.2));
#3194=DIRECTION($,(0,0,-1));
#3195=VECTOR($,#3194,1);
#3196=LINE($,#3193,#3195);
#3197=EDGE_CURVE($,#1633,#1807,#3196,.T.);
#3198=ORIENTED_EDGE($,$,$,#3197,.T.);
#3199=ORIENTED_EDGE($,$,$,#1820,.T.);
#3200=ORIENTED_EDGE($,$,$,#3175,.F.);
#3201=EDGE_LOOP($,(#3192,#3198,#3199,#3200));
#3202=FACE_OUTER_BOUND('',#3201,.T.);
#3203=ADVANCED_FACE('',(#3202),#3191,.T.);
#3204=CARTESIAN_POINT($,(-228.8,486.08726,2.2));
#3205=DIRECTION($,(-0,1,0));
#3206=DIRECTION($,(1,0,0));
#3207=AXIS2_PLACEMENT_3D($,#3204,#3205,#3206);
#3208=PLANE($,#3207);
#3209=ORIENTED_EDGE($,$,$,#1646,.T.);
#3210=CARTESIAN_POINT($,(-184.3,486.08726,2.2));
#3211=DIRECTION($,(0,0,-1));
#3212=VECTOR($,#3211,1);
#3213=LINE($,#3210,#3212);
#3214=EDGE_CURVE($,#1641,#1799,#3213,.T.);
#3215=ORIENTED_EDGE($,$,$,#3214,.T.);
#3216=ORIENTED_EDGE($,$,$,#1812,.T.);
#3217=ORIENTED_EDGE($,$,$,#3197,.F.);
#3218=EDGE_LOOP($,(#3209,#3215,#3216,#3217));
#3219=FACE_OUTER_BOUND('',#3218,.T.);
#3220=ADVANCED_FACE('',(#3219),#3208,.T.);
#3221=CARTESIAN_POINT($,(-184.3,486.08726,2.2));
#3222=DIRECTION($,(1,0,0));
#3223=DIRECTION($,(0,-1,0));
#3224=AXIS2_PLACEMENT_3D($,#3221,#3222,#3223);
#3225=PLANE($,#3224);
#3226=ORIENTED_EDGE($,$,$,#1654,.T.);
#3227=CARTESIAN_POINT($,(-184.3,461.08726,2.2));
#3228=DIRECTION($,(0,0,-1));
#3229=VECTOR($,#3228,1);
#3230=LINE($,#3227,#3229);
#3231=EDGE_CURVE($,#1649,#1789,#3230,.T.);
#3232=ORIENTED_EDGE($,$,$,#3231,.T.);
#3233=ORIENTED_EDGE($,$,$,#1804,.T.);
#3234=ORIENTED_EDGE($,$,$,#3214,.F.);
#3235=EDGE_LOOP($,(#3226,#3232,#3233,#3234));
#3236=FACE_OUTER_BOUND('',#3235,.T.);
#3237=ADVANCED_FACE('',(#3236),#3225,.T.);
#3238=CARTESIAN_POINT($,(-178.3840196886,460.086671695485,2.2));
#3239=DIRECTION($,(0,0,1));
#3240=DIRECTION($,(-0.985996718566613,0.166764717419095,0));
#3241=AXIS2_PLACEMENT_3D($,#3238,#3239,#3240);
#3242=CYLINDRICAL_SURFACE($,#3241,6);
#3243=ORIENTED_EDGE($,$,$,#1664,.T.);
#3244=CARTESIAN_POINT($,(-178.3,454.08726,2.2));
#3245=DIRECTION($,(0,0,-1));
#3246=VECTOR($,#3245,1);
#3247=LINE($,#3244,#3246);
#3248=EDGE_CURVE($,#1657,#1781,#3247,.T.);
#3249=ORIENTED_EDGE($,$,$,#3248,.T.);
#3250=ORIENTED_EDGE($,$,$,#1796,.T.);
#3251=ORIENTED_EDGE($,$,$,#3231,.F.);
#3252=EDGE_LOOP($,(#3243,#3249,#3250,#3251));
#3253=FACE_OUTER_BOUND('',#3252,.T.);
#3254=ADVANCED_FACE('',(#3253),#3242,.T.);
#3255=CARTESIAN_POINT($,(-178.3,454.08726,2.2));
#3256=DIRECTION($,(-0,1,0));
#3257=DIRECTION($,(1,0,0));
#3258=AXIS2_PLACEMENT_3D($,#3255,#3256,#3257);
#3259=PLANE($,#3258);
#3260=ORIENTED_EDGE($,$,$,#1672,.T.);
#3261=CARTESIAN_POINT($,(-64.3,454.08726,2.2));
#3262=DIRECTION($,(0,0,-1));
#3263=VECTOR($,#3262,1);
#3264=LINE($,#3261,#3263);
#3265=EDGE_CURVE($,#1667,#1771,#3264,.T.);
#3266=ORIENTED_EDGE($,$,$,#3265,.T.);
#3267=ORIENTED_EDGE($,$,$,#1786,.T.);
#3268=ORIENTED_EDGE($,$,$,#3248,.F.);
#3269=EDGE_LOOP($,(#3260,#3266,#3267,#3268));
#3270=FACE_OUTER_BOUND('',#3269,.T.);
#3271=ADVANCED_FACE('',(#3270),#3259,.T.);
#3272=CARTESIAN_POINT($,(-64.2159803113997,460.086671695485,2.2));
#3273=DIRECTION($,(0,0,1));
#3274=DIRECTION($,(-0.014003281433385,-0.999901949247574,0));
#3275=AXIS2_PLACEMENT_3D($,#3272,#3273,#3274);
#3276=CYLINDRICAL_SURFACE($,#3275,6);
#3277=ORIENTED_EDGE($,$,$,#1682,.T.);
#3278=CARTESIAN_POINT($,(-58.3,461.08726,2.2));
#3279=DIRECTION($,(0,0,-1));
#3280=VECTOR($,#3279,1);
#3281=LINE($,#3278,#3280);
#3282=EDGE_CURVE($,#1675,#1763,#3281,.T.);
#3283=ORIENTED_EDGE($,$,$,#3282,.T.);
#3284=ORIENTED_EDGE($,$,$,#1778,.T.);
#3285=ORIENTED_EDGE($,$,$,#3265,.F.);
#3286=EDGE_LOOP($,(#3277,#3283,#3284,#3285));
#3287=FACE_OUTER_BOUND('',#3286,.T.);
#3288=ADVANCED_FACE('',(#3287),#3276,.T.);
#3289=CARTESIAN_POINT($,(-58.3,461.08726,2.2));
#3290=DIRECTION($,(-1,0.000000000000001,0));
#3291=DIRECTION($,(0.000000000000001,1,0));
#3292=AXIS2_PLACEMENT_3D($,#3289,#3290,#3291);
#3293=PLANE($,#3292);
#3294=ORIENTED_EDGE($,$,$,#1690,.T.);
#3295=CARTESIAN_POINT($,(-58.3,486.08726,2.2));
#3296=DIRECTION($,(0,0,-1));
#3297=VECTOR($,#3296,1);
#3298=LINE($,#3295,#3297);
#3299=EDGE_CURVE($,#1685,#1755,#3298,.T.);
#3300=ORIENTED_EDGE($,$,$,#3299,.T.);
#3301=ORIENTED_EDGE($,$,$,#1768,.T.);
#3302=ORIENTED_EDGE($,$,$,#3282,.F.);
#3303=EDGE_LOOP($,(#3294,#3300,#3301,#3302));
#3304=FACE_OUTER_BOUND('',#3303,.T.);
#3305=ADVANCED_FACE('',(#3304),#3293,.T.);
#3306=CARTESIAN_POINT($,(-58.3,486.08726,2.2));
#3307=DIRECTION($,(-0,1,0));
#3308=DIRECTION($,(1,0,0));
#3309=AXIS2_PLACEMENT_3D($,#3306,#3307,#3308);
#3310=PLANE($,#3309);
#3311=ORIENTED_EDGE($,$,$,#1698,.T.);
#3312=CARTESIAN_POINT($,(-13.8,486.08726,2.2));
#3313=DIRECTION($,(0,0,-1));
#3314=VECTOR($,#3313,1);
#3315=LINE($,#3312,#3314);
#3316=EDGE_CURVE($,#1693,#1747,#3315,.T.);
#3317=ORIENTED_EDGE($,$,$,#3316,.T.);
#3318=ORIENTED_EDGE($,$,$,#1760,.T.);
#3319=ORIENTED_EDGE($,$,$,#3299,.F.);
#3320=EDGE_LOOP($,(#3311,#3317,#3318,#3319));
#3321=FACE_OUTER_BOUND('',#3320,.T.);
#3322=ADVANCED_FACE('',(#3321),#3310,.T.);
#3323=CARTESIAN_POINT($,(-13.8,486.08726,2.2));
#3324=DIRECTION($,(0.707106781186548,0.707106781186548,0));
#3325=DIRECTION($,(0.707106781186548,-0.707106781186548,0));
#3326=AXIS2_PLACEMENT_3D($,#3323,#3324,#3325);
#3327=PLANE($,#3326);
#3328=ORIENTED_EDGE($,$,$,#1706,.T.);
#3329=CARTESIAN_POINT($,(-1.30000000000001,473.58726,2.2));
#3330=DIRECTION($,(0,0,-1));
#3331=VECTOR($,#3330,1);
#3332=LINE($,#3329,#3331);
#3333=EDGE_CURVE($,#1701,#1745,#3332,.T.);
#3334=ORIENTED_EDGE($,$,$,#3333,.T.);
#3335=ORIENTED_EDGE($,$,$,#1752,.T.);
#3336=ORIENTED_EDGE($,$,$,#3316,.F.);
#3337=EDGE_LOOP($,(#3328,#3334,#3335,#3336));
#3338=FACE_OUTER_BOUND('',#3337,.T.);
#3339=ADVANCED_FACE('',(#3338),#3327,.T.);
#3340=CARTESIAN_POINT($,(-1.30000000000001,473.58726,2.2));
#3341=DIRECTION($,(1,0,0));
#3342=DIRECTION($,(0,-1,0));
#3343=AXIS2_PLACEMENT_3D($,#3340,#3341,#3342);
#3344=PLANE($,#3343);
#3345=ORIENTED_EDGE($,$,$,#1712,.T.);
#3346=CARTESIAN_POINT($,(-1.30000000000001,442.08726,2.2));
#3347=DIRECTION($,(0,0,-1));
#3348=VECTOR($,#3347,1);
#3349=LINE($,#3346,#3348);
#3350=EDGE_CURVE($,#1615,#1831,#3349,.T.);
#3351=ORIENTED_EDGE($,$,$,#3350,.T.);
#3352=ORIENTED_EDGE($,$,$,#1842,.T.);
#3353=ORIENTED_EDGE($,$,$,#3333,.F.);
#3354=EDGE_LOOP($,(#3345,#3351,#3352,#3353));
#3355=FACE_OUTER_BOUND('',#3354,.T.);
#3356=ADVANCED_FACE('',(#3355),#3344,.T.);
#3357=CARTESIAN_POINT($,(-241.3,436.08726,8.2));
#3358=DIRECTION($,(-1,-0,-0));
#3359=DIRECTION($,(0,0.707106781186548,-0.707106781186548));
#3360=AXIS2_PLACEMENT_3D($,#3357,#3358,#3359);
#3361=PLANE($,#3360);
#3362=ORIENTED_EDGE($,$,$,#1881,.T.);
#3363=ORIENTED_EDGE($,$,$,#3182,.F.);
#3364=ORIENTED_EDGE($,$,$,#1907,.T.);
#3365=ORIENTED_EDGE($,$,$,#2454,.F.);
#3366=EDGE_LOOP($,(#3362,#3363,#3364,#3365));
#3367=FACE_OUTER_BOUND('',#3366,.T.);
#3368=ADVANCED_FACE('',(#3367),#3361,.T.);
#3369=CARTESIAN_POINT($,(-1.30000000000001,442.08726,2.2));
#3370=DIRECTION($,(1,0,0));
#3371=DIRECTION($,(0,-0.707106781186548,0.707106781186548));
#3372=AXIS2_PLACEMENT_3D($,#3369,#3370,#3371);
#3373=PLANE($,#3372);
#3374=ORIENTED_EDGE($,$,$,#1890,.T.);
#3375=ORIENTED_EDGE($,$,$,#2478,.F.);
#3376=ORIENTED_EDGE($,$,$,#1916,.T.);
#3377=ORIENTED_EDGE($,$,$,#3350,.F.);
#3378=EDGE_LOOP($,(#3374,#3375,#3376,#3377));
#3379=FACE_OUTER_BOUND('',#3378,.T.);
#3380=ADVANCED_FACE('',(#3379),#3373,.T.);
#3381=CARTESIAN_POINT($,(7.04314575050761,305.58726,118.856854249492));
#3382=DIRECTION($,(-0,1,0));
#3383=DIRECTION($,(0.707106781186548,0,0.707106781186547));
#3384=AXIS2_PLACEMENT_3D($,#3381,#3382,#3383);
#3385=PLANE($,#3384);
#3386=ORIENTED_EDGE($,$,$,#1942,.T.);
#3387=CARTESIAN_POINT($,(41.6913780286484,305.58726,153.505086527633));
#3388=DIRECTION($,(0.707106781186544,0,-0.707106781186551));
#3389=VECTOR($,#3388,1);
#3390=LINE($,#3387,#3389);
#3391=EDGE_CURVE($,#1937,#2062,#3390,.T.);
#3392=ORIENTED_EDGE($,$,$,#3391,.T.);
#3393=ORIENTED_EDGE($,$,$,#2077,.T.);
#3394=CARTESIAN_POINT($,(8.4573593128807,305.58726,117.442640687119));
#3395=DIRECTION($,(-0.707106781186545,0,0.70710678118655));
#3396=VECTOR($,#3395,1);
#3397=LINE($,#3394,#3396);
#3398=EDGE_CURVE($,#2072,#1929,#3397,.T.);
#3399=ORIENTED_EDGE($,$,$,#3398,.T.);
#3400=EDGE_LOOP($,(#3386,#3392,#3393,#3399));
#3401=FACE_OUTER_BOUND('',#3400,.T.);
#3402=ADVANCED_FACE('',(#3401),#3385,.T.);
#3403=CARTESIAN_POINT($,(41.6913780286484,293.08726,153.505086527633));
#3404=DIRECTION($,(-0.707106781186544,0,0.707106781186551));
#3405=DIRECTION($,(0,1,0));
#3406=AXIS2_PLACEMENT_3D($,#3403,#3404,#3405);
#3407=CYLINDRICAL_SURFACE($,#3406,12.5);
#3408=ORIENTED_EDGE($,$,$,#1952,.T.);
#3409=CARTESIAN_POINT($,(50.5302127934803,293.08726,162.343921292465));
#3410=DIRECTION($,(0.707106781186544,0,-0.707106781186551));
#3411=VECTOR($,#3410,1);
#3412=LINE($,#3409,#3411);
#3413=EDGE_CURVE($,#1945,#2054,#3412,.T.);
#3414=ORIENTED_EDGE($,$,$,#3413,.T.);
#3415=ORIENTED_EDGE($,$,$,#2069,.T.);
#3416=ORIENTED_EDGE($,$,$,#3391,.F.);
#3417=EDGE_LOOP($,(#3408,#3414,#3415,#3416));
#3418=FACE_OUTER_BOUND('',#3417,.T.);
#3419=ADVANCED_FACE('',(#3418),#3407,.T.);
#3420=CARTESIAN_POINT($,(50.5302127934803,293.08726,162.343921292465));
#3421=DIRECTION($,(0.707106781186551,0,0.707106781186544));
#3422=DIRECTION($,(0,-1,0));
#3423=AXIS2_PLACEMENT_3D($,#3420,#3421,#3422);
#3424=PLANE($,#3423);
#3425=ORIENTED_EDGE($,$,$,#1960,.T.);
#3426=CARTESIAN_POINT($,(50.5302127934803,193.08726,162.343921292465));
#3427=DIRECTION($,(0.707106781186544,0,-0.707106781186551));
#3428=VECTOR($,#3427,1);
#3429=LINE($,#3426,#3428);
#3430=EDGE_CURVE($,#1955,#2044,#3429,.T.);
#3431=ORIENTED_EDGE($,$,$,#3430,.T.);
#3432=ORIENTED_EDGE($,$,$,#2059,.T.);
#3433=ORIENTED_EDGE($,$,$,#3413,.F.);
#3434=EDGE_LOOP($,(#3425,#3431,#3432,#3433));
#3435=FACE_OUTER_BOUND('',#3434,.T.);
#3436=ADVANCED_FACE('',(#3435),#3424,.T.);
#3437=CARTESIAN_POINT($,(41.6913780286484,193.08726,153.505086527633));
#3438=DIRECTION($,(-0.707106781186544,0,0.707106781186551));
#3439=DIRECTION($,(0.707106781186551,0,0.707106781186544));
#3440=AXIS2_PLACEMENT_3D($,#3437,#3438,#3439);
#3441=CYLINDRICAL_SURFACE($,#3440,12.5);
#3442=ORIENTED_EDGE($,$,$,#1970,.T.);
#3443=CARTESIAN_POINT($,(41.6913780286484,180.58726,153.505086527633));
#3444=DIRECTION($,(0.707106781186544,0,-0.707106781186551));
#3445=VECTOR($,#3444,1);
#3446=LINE($,#3443,#3445);
#3447=EDGE_CURVE($,#1963,#2042,#3446,.T.);
#3448=ORIENTED_EDGE($,$,$,#3447,.T.);
#3449=ORIENTED_EDGE($,$,$,#2051,.T.);
#3450=ORIENTED_EDGE($,$,$,#3430,.F.);
#3451=EDGE_LOOP($,(#3442,#3448,#3449,#3450));
#3452=FACE_OUTER_BOUND('',#3451,.T.);
#3453=ADVANCED_FACE('',(#3452),#3441,.T.);
#3454=CARTESIAN_POINT($,(41.6913780286484,180.58726,153.505086527633));
#3455=DIRECTION($,(0,-1,-0));
#3456=DIRECTION($,(-0.707106781186548,0,-0.707106781186547));
#3457=AXIS2_PLACEMENT_3D($,#3454,#3455,#3456);
#3458=PLANE($,#3457);
#3459=ORIENTED_EDGE($,$,$,#1976,.T.);
#3460=CARTESIAN_POINT($,(7.04314575050761,180.58726,118.856854249492));
#3461=DIRECTION($,(0.707106781186545,0,-0.70710678118655));
#3462=VECTOR($,#3461,1);
#3463=LINE($,#3460,#3462);
#3464=EDGE_CURVE($,#1927,#2080,#3463,.T.);
#3465=ORIENTED_EDGE($,$,$,#3464,.T.);
#3466=ORIENTED_EDGE($,$,$,#2091,.T.);
#3467=ORIENTED_EDGE($,$,$,#3447,.F.);
#3468=EDGE_LOOP($,(#3459,#3465,#3466,#3467));
#3469=FACE_OUTER_BOUND('',#3468,.T.);
#3470=ADVANCED_FACE('',(#3469),#3458,.T.);
#3471=CARTESIAN_POINT($,(4.69999999999999,305.58726,113.2));
#3472=DIRECTION($,(0,1,0));
#3473=DIRECTION($,(0.382683432365089,0,0.923879532511287));
#3474=AXIS2_PLACEMENT_3D($,#3471,#3472,#3473);
#3475=PLANE($,#3474);
#3476=ORIENTED_EDGE($,$,$,#2163,.T.);
#3477=ORIENTED_EDGE($,$,$,#3398,.F.);
#3478=ORIENTED_EDGE($,$,$,#2189,.T.);
#3479=ORIENTED_EDGE($,$,$,#2777,.F.);
#3480=EDGE_LOOP($,(#3476,#3477,#3478,#3479));
#3481=FACE_OUTER_BOUND('',#3480,.T.);
#3482=ADVANCED_FACE('',(#3481),#3475,.T.);
#3483=CARTESIAN_POINT($,(7.04314575050761,180.58726,118.856854249492));
#3484=DIRECTION($,(0,-1,-0));
#3485=DIRECTION($,(-0.382683432365089,0,-0.923879532511287));
#3486=AXIS2_PLACEMENT_3D($,#3483,#3484,#3485);
#3487=PLANE($,#3486);
#3488=ORIENTED_EDGE($,$,$,#2172,.T.);
#3489=ORIENTED_EDGE($,$,$,#2801,.F.);
#3490=ORIENTED_EDGE($,$,$,#2198,.T.);
#3491=ORIENTED_EDGE($,$,$,#3464,.F.);
#3492=EDGE_LOOP($,(#3488,#3489,#3490,#3491));
#3493=FACE_OUTER_BOUND('',#3492,.T.);
#3494=ADVANCED_FACE('',(#3493),#3487,.T.);
#3495=CARTESIAN_POINT($,(-39.3,95.58726,76.2));
#3496=DIRECTION($,(0,0,1));
#3497=DIRECTION($,(1,0,0));
#3498=AXIS2_PLACEMENT_3D($,#3495,#3496,#3497);
#3499=CYLINDRICAL_SURFACE($,#3498,8);
#3500=ORIENTED_EDGE($,$,$,#47,.T.);
#3501=EDGE_LOOP($,(#3500));
#3502=FACE_OUTER_BOUND('',#3501,.T.);
#3503=ORIENTED_EDGE($,$,$,#229,.T.);
#3504=EDGE_LOOP($,(#3503));
#3505=FACE_BOUND('',#3504,.T.);
#3506=ADVANCED_FACE('',(#3502,#3505),#3499,.F.);
#3507=CARTESIAN_POINT($,(-39.3,140.58726,76.2));
#3508=DIRECTION($,(0,0,1));
#3509=DIRECTION($,(1,0,0));
#3510=AXIS2_PLACEMENT_3D($,#3507,#3508,#3509);
#3511=CYLINDRICAL_SURFACE($,#3510,8);
#3512=ORIENTED_EDGE($,$,$,#58,.T.);
#3513=EDGE_LOOP($,(#3512));
#3514=FACE_OUTER_BOUND('',#3513,.T.);
#3515=ORIENTED_EDGE($,$,$,#240,.T.);
#3516=EDGE_LOOP($,(#3515));
#3517=FACE_BOUND('',#3516,.T.);
#3518=ADVANCED_FACE('',(#3514,#3517),#3511,.F.);
#3519=CARTESIAN_POINT($,(-39.3,185.58726,76.2));
#3520=DIRECTION($,(0,0,1));
#3521=DIRECTION($,(1,0,0));
#3522=AXIS2_PLACEMENT_3D($,#3519,#3520,#3521);
#3523=CYLINDRICAL_SURFACE($,#3522,8);
#3524=ORIENTED_EDGE($,$,$,#69,.T.);
#3525=EDGE_LOOP($,(#3524));
#3526=FACE_OUTER_BOUND('',#3525,.T.);
#3527=ORIENTED_EDGE($,$,$,#251,.T.);
#3528=EDGE_LOOP($,(#3527));
#3529=FACE_BOUND('',#3528,.T.);
#3530=ADVANCED_FACE('',(#3526,#3529),#3523,.F.);
#3531=CARTESIAN_POINT($,(-39.3,230.58726,76.2));
#3532=DIRECTION($,(0,0,1));
#3533=DIRECTION($,(1,0,0));
#3534=AXIS2_PLACEMENT_3D($,#3531,#3532,#3533);
#3535=CYLINDRICAL_SURFACE($,#3534,8);
#3536=ORIENTED_EDGE($,$,$,#80,.T.);
#3537=EDGE_LOOP($,(#3536));
#3538=FACE_OUTER_BOUND('',#3537,.T.);
#3539=ORIENTED_EDGE($,$,$,#262,.T.);
#3540=EDGE_LOOP($,(#3539));
#3541=FACE_BOUND('',#3540,.T.);
#3542=ADVANCED_FACE('',(#3538,#3541),#3535,.F.);
#3543=CARTESIAN_POINT($,(-151.3,358.08726,76.2));
#3544=DIRECTION($,(0,0,1));
#3545=DIRECTION($,(1,0,0));
#3546=AXIS2_PLACEMENT_3D($,#3543,#3544,#3545);
#3547=CYLINDRICAL_SURFACE($,#3546,25.5);
#3548=ORIENTED_EDGE($,$,$,#91,.T.);
#3549=EDGE_LOOP($,(#3548));
#3550=FACE_OUTER_BOUND('',#3549,.T.);
#3551=ORIENTED_EDGE($,$,$,#273,.T.);
#3552=EDGE_LOOP($,(#3551));
#3553=FACE_BOUND('',#3552,.T.);
#3554=ADVANCED_FACE('',(#3550,#3553),#3547,.F.);
#3555=CARTESIAN_POINT($,(-61.3,333.08726,76.2));
#3556=DIRECTION($,(0,0,1));
#3557=DIRECTION($,(1,0,0));
#3558=AXIS2_PLACEMENT_3D($,#3555,#3556,#3557);
#3559=CYLINDRICAL_SURFACE($,#3558,19);
#3560=ORIENTED_EDGE($,$,$,#102,.T.);
#3561=EDGE_LOOP($,(#3560));
#3562=FACE_OUTER_BOUND('',#3561,.T.);
#3563=ORIENTED_EDGE($,$,$,#284,.T.);
#3564=EDGE_LOOP($,(#3563));
#3565=FACE_BOUND('',#3564,.T.);
#3566=ADVANCED_FACE('',(#3562,#3565),#3559,.F.);
#3567=CARTESIAN_POINT($,(-188.8,123.08726,77.2));
#3568=DIRECTION($,(0,0,1));
#3569=DIRECTION($,(-1,0,0));
#3570=AXIS2_PLACEMENT_3D($,#3567,#3568,#3569);
#3571=CYLINDRICAL_SURFACE($,#3570,10);
#3572=ORIENTED_EDGE($,$,$,#134,.T.);
#3573=CARTESIAN_POINT($,(-178.8,123.08726,78.2));
#3574=DIRECTION($,(0,0,-1));
#3575=VECTOR($,#3574,1);
#3576=LINE($,#3573,#3575);
#3577=EDGE_CURVE($,#119,#291,#3576,.T.);
#3578=ORIENTED_EDGE($,$,$,#3577,.T.);
#3579=ORIENTED_EDGE($,$,$,#298,.F.);
#3580=CARTESIAN_POINT($,(-198.8,123.08726,76.2));
#3581=DIRECTION($,(0,0,1));
#3582=VECTOR($,#3581,1);
#3583=LINE($,#3580,#3582);
#3584=EDGE_CURVE($,#289,#127,#3583,.T.);
#3585=ORIENTED_EDGE($,$,$,#3584,.T.);
#3586=EDGE_LOOP($,(#3572,#3578,#3579,#3585));
#3587=FACE_OUTER_BOUND('',#3586,.T.);
#3588=ADVANCED_FACE('',(#3587),#3571,.T.);
#3589=CARTESIAN_POINT($,(-178.8,123.08726,78.2));
#3590=DIRECTION($,(-1,0,0));
#3591=DIRECTION($,(0,1,0));
#3592=AXIS2_PLACEMENT_3D($,#3589,#3590,#3591);
#3593=PLANE($,#3592);
#3594=ORIENTED_EDGE($,$,$,#124,.T.);
#3595=CARTESIAN_POINT($,(-178.8,213.08726,78.2));
#3596=DIRECTION($,(0,0,-1));
#3597=VECTOR($,#3596,1);
#3598=LINE($,#3595,#3597);
#3599=EDGE_CURVE($,#107,#301,#3598,.T.);
#3600=ORIENTED_EDGE($,$,$,#3599,.T.);
#3601=ORIENTED_EDGE($,$,$,#306,.F.);
#3602=ORIENTED_EDGE($,$,$,#3577,.F.);
#3603=EDGE_LOOP($,(#3594,#3600,#3601,#3602));
#3604=FACE_OUTER_BOUND('',#3603,.T.);
#3605=ADVANCED_FACE('',(#3604),#3593,.T.);
#3606=CARTESIAN_POINT($,(-188.8,213.08726,77.2));
#3607=DIRECTION($,(0,0,1));
#3608=DIRECTION($,(1,0,0));
#3609=AXIS2_PLACEMENT_3D($,#3606,#3607,#3608);
#3610=CYLINDRICAL_SURFACE($,#3609,10);
#3611=ORIENTED_EDGE($,$,$,#116,.T.);
#3612=CARTESIAN_POINT($,(-198.8,213.08726,78.2));
#3613=DIRECTION($,(0,0,-1));
#3614=VECTOR($,#3613,1);
#3615=LINE($,#3612,#3614);
#3616=EDGE_CURVE($,#109,#309,#3615,.T.);
#3617=ORIENTED_EDGE($,$,$,#3616,.T.);
#3618=ORIENTED_EDGE($,$,$,#316,.F.);
#3619=ORIENTED_EDGE($,$,$,#3599,.F.);
#3620=EDGE_LOOP($,(#3611,#3617,#3618,#3619));
#3621=FACE_OUTER_BOUND('',#3620,.T.);
#3622=ADVANCED_FACE('',(#3621),#3610,.T.);
#3623=CARTESIAN_POINT($,(-198.8,213.08726,78.2));
#3624=DIRECTION($,(1,0,0));
#3625=DIRECTION($,(0,-1,0));
#3626=AXIS2_PLACEMENT_3D($,#3623,#3624,#3625);
#3627=PLANE($,#3626);
#3628=ORIENTED_EDGE($,$,$,#140,.T.);
#3629=ORIENTED_EDGE($,$,$,#3584,.F.);
#3630=ORIENTED_EDGE($,$,$,#322,.F.);
#3631=ORIENTED_EDGE($,$,$,#3616,.F.);
#3632=EDGE_LOOP($,(#3628,#3629,#3630,#3631));
#3633=FACE_OUTER_BOUND('',#3632,.T.);
#3634=ADVANCED_FACE('',(#3633),#3627,.T.);
#3635=CARTESIAN_POINT($,(-123.8,123.08726,77.2));
#3636=DIRECTION($,(0,0,1));
#3637=DIRECTION($,(-1,0,0));
#3638=AXIS2_PLACEMENT_3D($,#3635,#3636,#3637);
#3639=CYLINDRICAL_SURFACE($,#3638,10);
#3640=ORIENTED_EDGE($,$,$,#172,.T.);
#3641=CARTESIAN_POINT($,(-113.8,123.08726,78.2));
#3642=DIRECTION($,(0,0,-1));
#3643=VECTOR($,#3642,1);
#3644=LINE($,#3641,#3643);
#3645=EDGE_CURVE($,#157,#329,#3644,.T.);
#3646=ORIENTED_EDGE($,$,$,#3645,.T.);
#3647=ORIENTED_EDGE($,$,$,#336,.F.);
#3648=CARTESIAN_POINT($,(-133.8,123.08726,76.2));
#3649=DIRECTION($,(0,0,1));
#3650=VECTOR($,#3649,1);
#3651=LINE($,#3648,#3650);
#3652=EDGE_CURVE($,#327,#165,#3651,.T.);
#3653=ORIENTED_EDGE($,$,$,#3652,.T.);
#3654=EDGE_LOOP($,(#3640,#3646,#3647,#3653));
#3655=FACE_OUTER_BOUND('',#3654,.T.);
#3656=ADVANCED_FACE('',(#3655),#3639,.T.);
#3657=CARTESIAN_POINT($,(-113.8,123.08726,78.2));
#3658=DIRECTION($,(-1,0,0));
#3659=DIRECTION($,(0,1,0));
#3660=AXIS2_PLACEMENT_3D($,#3657,#3658,#3659);
#3661=PLANE($,#3660);
#3662=ORIENTED_EDGE($,$,$,#162,.T.);
#3663=CARTESIAN_POINT($,(-113.8,213.08726,78.2));
#3664=DIRECTION($,(0,0,-1));
#3665=VECTOR($,#3664,1);
#3666=LINE($,#3663,#3665);
#3667=EDGE_CURVE($,#145,#339,#3666,.T.);
#3668=ORIENTED_EDGE($,$,$,#3667,.T.);
#3669=ORIENTED_EDGE($,$,$,#344,.F.);
#3670=ORIENTED_EDGE($,$,$,#3645,.F.);
#3671=EDGE_LOOP($,(#3662,#3668,#3669,#3670));
#3672=FACE_OUTER_BOUND('',#3671,.T.);
#3673=ADVANCED_FACE('',(#3672),#3661,.T.);
#3674=CARTESIAN_POINT($,(-123.8,213.08726,77.2));
#3675=DIRECTION($,(0,0,1));
#3676=DIRECTION($,(1,0,0));
#3677=AXIS2_PLACEMENT_3D($,#3674,#3675,#3676);
#3678=CYLINDRICAL_SURFACE($,#3677,10);
#3679=ORIENTED_EDGE($,$,$,#154,.T.);
#3680=CARTESIAN_POINT($,(-133.8,213.08726,78.2));
#3681=DIRECTION($,(0,0,-1));
#3682=VECTOR($,#3681,1);
#3683=LINE($,#3680,#3682);
#3684=EDGE_CURVE($,#147,#347,#3683,.T.);
#3685=ORIENTED_EDGE($,$,$,#3684,.T.);
#3686=ORIENTED_EDGE($,$,$,#354,.F.);
#3687=ORIENTED_EDGE($,$,$,#3667,.F.);
#3688=EDGE_LOOP($,(#3679,#3685,#3686,#3687));
#3689=FACE_OUTER_BOUND('',#3688,.T.);
#3690=ADVANCED_FACE('',(#3689),#3678,.T.);
#3691=CARTESIAN_POINT($,(-133.8,213.08726,78.2));
#3692=DIRECTION($,(1,0,0));
#3693=DIRECTION($,(0,-1,0));
#3694=AXIS2_PLACEMENT_3D($,#3691,#3692,#3693);
#3695=PLANE($,#3694);
#3696=ORIENTED_EDGE($,$,$,#178,.T.);
#3697=ORIENTED_EDGE($,$,$,#3652,.F.);
#3698=ORIENTED_EDGE($,$,$,#360,.F.);
#3699=ORIENTED_EDGE($,$,$,#3684,.F.);
#3700=EDGE_LOOP($,(#3696,#3697,#3698,#3699));
#3701=FACE_OUTER_BOUND('',#3700,.T.);
#3702=ADVANCED_FACE('',(#3701),#3695,.T.);
#3703=CARTESIAN_POINT($,(-21.3,467.08726,0.200000000000003));
#3704=DIRECTION($,(0,0,1));
#3705=DIRECTION($,(-1,0,0));
#3706=AXIS2_PLACEMENT_3D($,#3703,#3704,#3705);
#3707=CYLINDRICAL_SURFACE($,#3706,5.5);
#3708=ORIENTED_EDGE($,$,$,#1723,.T.);
#3709=EDGE_LOOP($,(#3708));
#3710=FACE_OUTER_BOUND('',#3709,.T.);
#3711=ORIENTED_EDGE($,$,$,#1853,.T.);
#3712=EDGE_LOOP($,(#3711));
#3713=FACE_BOUND('',#3712,.T.);
#3714=ADVANCED_FACE('',(#3710,#3713),#3707,.F.);
#3715=CARTESIAN_POINT($,(-221.3,467.08726,0.200000000000003));
#3716=DIRECTION($,(0,0,1));
#3717=DIRECTION($,(-1,0,0));
#3718=AXIS2_PLACEMENT_3D($,#3715,#3716,#3717);
#3719=CYLINDRICAL_SURFACE($,#3718,5.5);
#3720=ORIENTED_EDGE($,$,$,#1734,.T.);
#3721=EDGE_LOOP($,(#3720));
#3722=FACE_OUTER_BOUND('',#3721,.T.);
#3723=ORIENTED_EDGE($,$,$,#1864,.T.);
#3724=EDGE_LOOP($,(#3723));
#3725=FACE_BOUND('',#3724,.T.);
#3726=ADVANCED_FACE('',(#3722,#3725),#3719,.F.);
#3727=CARTESIAN_POINT($,(-221.3,19.08726,0.200000000000003));
#3728=DIRECTION($,(0,0,1));
#3729=DIRECTION($,(1,0,0));
#3730=AXIS2_PLACEMENT_3D($,#3727,#3728,#3729);
#3731=CYLINDRICAL_SURFACE($,#3730,5.5);
#3732=ORIENTED_EDGE($,$,$,#1391,.T.);
#3733=EDGE_LOOP($,(#3732));
#3734=FACE_OUTER_BOUND('',#3733,.T.);
#3735=ORIENTED_EDGE($,$,$,#1541,.T.);
#3736=EDGE_LOOP($,(#3735));
#3737=FACE_BOUND('',#3736,.T.);
#3738=ADVANCED_FACE('',(#3734,#3737),#3731,.F.);
#3739=CARTESIAN_POINT($,(-21.3,19.08726,0.200000000000003));
#3740=DIRECTION($,(0,0,1));
#3741=DIRECTION($,(1,0,0));
#3742=AXIS2_PLACEMENT_3D($,#3739,#3740,#3741);
#3743=CYLINDRICAL_SURFACE($,#3742,5.5);
#3744=ORIENTED_EDGE($,$,$,#1402,.T.);
#3745=EDGE_LOOP($,(#3744));
#3746=FACE_OUTER_BOUND('',#3745,.T.);
#3747=ORIENTED_EDGE($,$,$,#1552,.T.);
#3748=EDGE_LOOP($,(#3747));
#3749=FACE_BOUND('',#3748,.T.);
#3750=ADVANCED_FACE('',(#3746,#3749),#3743,.F.);
#3751=CARTESIAN_POINT($,(30.3776695296637,243.08726,139.362950903902));
#3752=DIRECTION($,(-0.707106781186548,0,0.707106781186548));
#3753=DIRECTION($,(0,1,0));
#3754=AXIS2_PLACEMENT_3D($,#3751,#3752,#3753);
#3755=CYLINDRICAL_SURFACE($,#3754,13.5);
#3756=ORIENTED_EDGE($,$,$,#1987,.T.);
#3757=EDGE_LOOP($,(#3756));
#3758=FACE_OUTER_BOUND('',#3757,.T.);
#3759=ORIENTED_EDGE($,$,$,#2102,.T.);
#3760=EDGE_LOOP($,(#3759));
#3761=FACE_BOUND('',#3760,.T.);
#3762=ADVANCED_FACE('',(#3758,#3761),#3755,.F.);
#3763=CARTESIAN_POINT($,(20.478174593052,224.08726,129.463455967291));
#3764=DIRECTION($,(-0.707106781186548,0,0.707106781186548));
#3765=DIRECTION($,(0,1,0));
#3766=AXIS2_PLACEMENT_3D($,#3763,#3764,#3765);
#3767=CYLINDRICAL_SURFACE($,#3766,2.5);
#3768=ORIENTED_EDGE($,$,$,#1998,.T.);
#3769=EDGE_LOOP($,(#3768));
#3770=FACE_OUTER_BOUND('',#3769,.T.);
#3771=ORIENTED_EDGE($,$,$,#2113,.T.);
#3772=EDGE_LOOP($,(#3771));
#3773=FACE_BOUND('',#3772,.T.);
#3774=ADVANCED_FACE('',(#3770,#3773),#3767,.F.);
#3775=CARTESIAN_POINT($,(20.478174593052,262.08726,129.463455967291));
#3776=DIRECTION($,(-0.707106781186548,0,0.707106781186548));
#3777=DIRECTION($,(0,1,0));
#3778=AXIS2_PLACEMENT_3D($,#3775,#3776,#3777);
#3779=CYLINDRICAL_SURFACE($,#3778,2.5);
#3780=ORIENTED_EDGE($,$,$,#2009,.T.);
#3781=EDGE_LOOP($,(#3780));
#3782=FACE_OUTER_BOUND('',#3781,.T.);
#3783=ORIENTED_EDGE($,$,$,#2124,.T.);
#3784=EDGE_LOOP($,(#3783));
#3785=FACE_BOUND('',#3784,.T.);
#3786=ADVANCED_FACE('',(#3782,#3785),#3779,.F.);
#3787=CARTESIAN_POINT($,(43.1055915910215,224.08726,152.09087296526));
#3788=DIRECTION($,(-0.707106781186548,0,0.707106781186548));
#3789=DIRECTION($,(0,1,0));
#3790=AXIS2_PLACEMENT_3D($,#3787,#3788,#3789);
#3791=CYLINDRICAL_SURFACE($,#3790,2.5);
#3792=ORIENTED_EDGE($,$,$,#2020,.T.);
#3793=EDGE_LOOP($,(#3792));
#3794=FACE_OUTER_BOUND('',#3793,.T.);
#3795=ORIENTED_EDGE($,$,$,#2135,.T.);
#3796=EDGE_LOOP($,(#3795));
#3797=FACE_BOUND('',#3796,.T.);
#3798=ADVANCED_FACE('',(#3794,#3797),#3791,.F.);
#3799=CARTESIAN_POINT($,(43.1055915910215,262.08726,152.09087296526));
#3800=DIRECTION($,(-0.707106781186548,0,0.707106781186548));
#3801=DIRECTION($,(0,1,0));
#3802=AXIS2_PLACEMENT_3D($,#3799,#3800,#3801);
#3803=CYLINDRICAL_SURFACE($,#3802,2.5);
#3804=ORIENTED_EDGE($,$,$,#2031,.T.);
#3805=EDGE_LOOP($,(#3804));
#3806=FACE_OUTER_BOUND('',#3805,.T.);
#3807=ORIENTED_EDGE($,$,$,#2146,.T.);
#3808=EDGE_LOOP($,(#3807));
#3809=FACE_BOUND('',#3808,.T.);
#3810=ADVANCED_FACE('',(#3806,#3809),#3803,.F.);
#3811=CLOSED_SHELL($,(#182,#364,#436,#508,#543,#578,#650,#722,#757,#792,#848,#904,#930,#956,#1080,#1204,#1230,#1256,#1406,#1556,#1582,#1608,#1738,#1868,#1894,#1920,#2035,#2150,#2176,#2202,#2224,#2246,#2268,#2285,#2302,#2324,#2341,#2358,#2380,#2392,#2404,#2426,#2443,#2460,#2482,#2499,#2516,#2538,#2550,#2562,#2584,#2601,#2618,#2635,#2652,#2664,#2676,#2698,#2715,#2732,#2749,#2766,#2783,#2805,#2822,#2839,#2856,#2873,#2890,#2902,#2914,#2936,#2953,#2970,#2987,#3004,#3021,#3038,#3055,#3072,#3089,#3106,#3123,#3140,#3152,#3164,#3186,#3203,#3220,#3237,#3254,#3271,#3288,#3305,#3322,#3339,#3356,#3368,#3380,#3402,#3419,#3436,#3453,#3470,#3482,#3494,#3506,#3518,#3530,#3542,#3554,#3566,#3588,#3605,#3622,#3634,#3656,#3673,#3690,#3702,#3714,#3726,#3738,#3750,#3762,#3774,#3786,#3798,#3810));
#3812=MANIFOLD_SOLID_BREP('Ctc03',#3811);
#3813=APPLICATION_CONTEXT('mechanical design');
#3814=PRODUCT_CONTEXT('',#3813,'mechanical');
#3815=PRODUCT('AETHERIS','Ctc03','',(#3814));
#3816=PRODUCT_DEFINITION_FORMATION('','',#3815);
#3817=PRODUCT_DEFINITION_CONTEXT('design',#3813,'design');
#3818=PRODUCT_DEFINITION('','',#3816,#3817);
#3819=PRODUCT_DEFINITION_SHAPE('','',#3818);
#3820=(LENGTH_UNIT()NAMED_UNIT(*)SI_UNIT(.MILLI.,.METRE.));
#3821=(NAMED_UNIT(*)PLANE_ANGLE_UNIT()SI_UNIT($,.RADIAN.));
#3822=(NAMED_UNIT(*)SI_UNIT($,.STERADIAN.)SOLID_ANGLE_UNIT());
#3823=(GEOMETRIC_REPRESENTATION_CONTEXT(3)GLOBAL_UNIT_ASSIGNED_CONTEXT((#3820,#3821,#3822))REPRESENTATION_CONTEXT('3','3D'));
#3824=SHAPE_REPRESENTATION('Ctc03',(#3812),#3823);
#3825=SHAPE_DEFINITION_REPRESENTATION(#3819,#3824);
#3826=SHAPE_ASPECT('firmament-datum:A','semantic datum plane target=MainDeck',#3819,.T.);
#3827=DATUM_FEATURE('firmament-datum:A','semantic datum plane target=MainDeck',#3819,.T.);
#3828=DATUM('firmament-datum-reference:A',$,#3819,.F.,'A');
#3829=SHAPE_ASPECT_RELATIONSHIP('firmament formal datum feature','target=MainDeck',#3826,#3827);
#3830=SHAPE_ASPECT_RELATIONSHIP('firmament datum feature association','target=MainDeck',#3827,#3828);
#3831=PROPERTY_DEFINITION('datum:A:MainDeck','semantic datum plane',#3826);
#3832=SHAPE_ASPECT('firmament-datum:B','semantic datum plane target=FrontWall',#3819,.T.);
#3833=DATUM_FEATURE('firmament-datum:B','semantic datum plane target=FrontWall',#3819,.T.);
#3834=DATUM('firmament-datum-reference:B',$,#3819,.F.,'B');
#3835=SHAPE_ASPECT_RELATIONSHIP('firmament formal datum feature','target=FrontWall',#3832,#3833);
#3836=SHAPE_ASPECT_RELATIONSHIP('firmament datum feature association','target=FrontWall',#3833,#3834);
#3837=PROPERTY_DEFINITION('datum:B:FrontWall','semantic datum plane',#3832);
#3838=SHAPE_ASPECT('firmament-datum:C','semantic datum plane target=LeftWall',#3819,.T.);
#3839=DATUM_FEATURE('firmament-datum:C','semantic datum plane target=LeftWall',#3819,.T.);
#3840=DATUM('firmament-datum-reference:C',$,#3819,.F.,'C');
#3841=SHAPE_ASPECT_RELATIONSHIP('firmament formal datum feature','target=LeftWall',#3838,#3839);
#3842=SHAPE_ASPECT_RELATIONSHIP('firmament datum feature association','target=LeftWall',#3839,#3840);
#3843=PROPERTY_DEFINITION('datum:C:LeftWall','semantic datum plane',#3838);
#3844=SHAPE_ASPECT('firmament-geometric-target:MainDeck','semantic geometry binding target=MainDeck',#3819,.T.);
#3845=GEOMETRIC_ITEM_SPECIFIC_USAGE('firmament semantic target','target=MainDeck',#3844,#3824,#182);
#3846=SHAPE_ASPECT('firmament-geometric-target:FrontWall','semantic geometry binding target=FrontWall',#3819,.T.);
#3847=GEOMETRIC_ITEM_SPECIFIC_USAGE('firmament semantic target','target=FrontWall',#3846,#3824,#436);
#3848=SHAPE_ASPECT('firmament-geometric-target:LeftWall','semantic geometry binding target=LeftWall',#3819,.T.);
#3849=GEOMETRIC_ITEM_SPECIFIC_USAGE('firmament semantic target','target=LeftWall',#3848,#3824,#848);
#3850=SHAPE_ASPECT('firmament-feature:Ctc03','semantic Thickness dimension target=Ctc03',#3819,.T.);
#3851=PROPERTY_DEFINITION('dimension:SheetThickness:Ctc03','semantic PMI Thickness dimension',#3850);
#3852=MEASURE_REPRESENTATION_ITEM('thickness',2,#3820);
#3853=SHAPE_DIMENSION_REPRESENTATION('dimension:SheetThickness',(#3852),#3823);
#3854=PROPERTY_DEFINITION_REPRESENTATION(#3851,#3853);
#3855=MEASURE_REPRESENTATION_ITEM('tolerance_plus',0.12,#3820);
#3856=MEASURE_REPRESENTATION_ITEM('tolerance_minus',0.12,#3820);
#3857=SHAPE_DIMENSION_REPRESENTATION('dimension_tolerance:SheetThickness',(#3855,#3856),#3823);
#3858=PROPERTY_DEFINITION('dimension_tolerance:SheetThickness','semantic PMI bilateral tolerance',#3850);
#3859=PROPERTY_DEFINITION_REPRESENTATION(#3858,#3857);
#3860=SHAPE_ASPECT('firmament-feature:MainDeck','semantic Linear dimension target=MainDeck',#3819,.T.);
#3861=PROPERTY_DEFINITION('dimension:DeckWidth:MainDeck','semantic PMI Linear dimension',#3860);
#3862=MEASURE_REPRESENTATION_ITEM('linear',240,#3820);
#3863=SHAPE_DIMENSION_REPRESENTATION('dimension:DeckWidth',(#3862),#3823);
#3864=PROPERTY_DEFINITION_REPRESENTATION(#3861,#3863);
#3865=MEASURE_REPRESENTATION_ITEM('tolerance_plus',0.5,#3820);
#3866=MEASURE_REPRESENTATION_ITEM('tolerance_minus',0.5,#3820);
#3867=SHAPE_DIMENSION_REPRESENTATION('dimension_tolerance:DeckWidth',(#3865,#3866),#3823);
#3868=PROPERTY_DEFINITION('dimension_tolerance:DeckWidth','semantic PMI bilateral tolerance',#3860);
#3869=PROPERTY_DEFINITION_REPRESENTATION(#3868,#3867);
#3870=SHAPE_ASPECT('firmament-geometric-target:MainDeck','semantic geometry binding target=MainDeck',#3819,.T.);
#3871=GEOMETRIC_ITEM_SPECIFIC_USAGE('firmament semantic target','target=MainDeck',#3870,#3824,#182);
#3872=SHAPE_ASPECT('firmament-feature:MainDeck','semantic Linear dimension target=MainDeck',#3819,.T.);
#3873=PROPERTY_DEFINITION('dimension:DeckLength:MainDeck','semantic PMI Linear dimension',#3872);
#3874=MEASURE_REPRESENTATION_ITEM('linear',370,#3820);
#3875=SHAPE_DIMENSION_REPRESENTATION('dimension:DeckLength',(#3874),#3823);
#3876=PROPERTY_DEFINITION_REPRESENTATION(#3873,#3875);
#3877=MEASURE_REPRESENTATION_ITEM('tolerance_plus',0.5,#3820);
#3878=MEASURE_REPRESENTATION_ITEM('tolerance_minus',0.5,#3820);
#3879=SHAPE_DIMENSION_REPRESENTATION('dimension_tolerance:DeckLength',(#3877,#3878),#3823);
#3880=PROPERTY_DEFINITION('dimension_tolerance:DeckLength','semantic PMI bilateral tolerance',#3872);
#3881=PROPERTY_DEFINITION_REPRESENTATION(#3880,#3879);
#3882=SHAPE_ASPECT('firmament-geometric-target:MainDeck','semantic geometry binding target=MainDeck',#3819,.T.);
#3883=GEOMETRIC_ITEM_SPECIFIC_USAGE('firmament semantic target','target=MainDeck',#3882,#3824,#182);
#3884=SHAPE_ASPECT('firmament-feature:Ctc03Layout.BaseFastenerPattern','semantic cylindrical sheet feature',#3819,.T.);
#3885=PROPERTY_DEFINITION('diameter:Ctc03Layout.BaseFastenerPattern','semantic PMI diameter',#3884);
#3886=MEASURE_REPRESENTATION_ITEM('diameter',16,#3820);
#3887=SHAPE_DIMENSION_REPRESENTATION('diameter:Ctc03Layout.BaseFastenerPattern',(#3886),#3823);
#3888=PROPERTY_DEFINITION_REPRESENTATION(#3885,#3887);
#3889=MEASURE_REPRESENTATION_ITEM('tolerance_plus',0.15,#3820);
#3890=MEASURE_REPRESENTATION_ITEM('tolerance_minus',0.15,#3820);
#3891=SHAPE_DIMENSION_REPRESENTATION('diameter_tolerance:Ctc03Layout.BaseFastenerPattern',(#3889,#3890),#3823);
#3892=PROPERTY_DEFINITION('diameter_tolerance:Ctc03Layout.BaseFastenerPattern','semantic PMI bilateral tolerance',#3884);
#3893=PROPERTY_DEFINITION_REPRESENTATION(#3892,#3891);
#3894=PROPERTY_DEFINITION('quantity:Ctc03Layout.BaseFastenerPattern','4',#3884);
#3895=SHAPE_ASPECT('firmament-geometric-target:Ctc03Layout.BaseFastenerPattern','semantic geometry binding target=Ctc03Layout.BaseFastenerPattern',#3819,.T.);
#3896=GEOMETRIC_ITEM_SPECIFIC_USAGE('firmament semantic target','target=Ctc03Layout.BaseFastenerPattern',#3895,#3824,#3506);
#3897=GEOMETRIC_ITEM_SPECIFIC_USAGE('firmament semantic target','target=Ctc03Layout.BaseFastenerPattern',#3895,#3824,#3518);
#3898=GEOMETRIC_ITEM_SPECIFIC_USAGE('firmament semantic target','target=Ctc03Layout.BaseFastenerPattern',#3895,#3824,#3530);
#3899=GEOMETRIC_ITEM_SPECIFIC_USAGE('firmament semantic target','target=Ctc03Layout.BaseFastenerPattern',#3895,#3824,#3542);
#3900=SHAPE_ASPECT('firmament-feature:Ctc03Layout.LargeAccess51','semantic cylindrical sheet feature',#3819,.T.);
#3901=PROPERTY_DEFINITION('diameter:Ctc03Layout.LargeAccess51','semantic PMI diameter',#3900);
#3902=MEASURE_REPRESENTATION_ITEM('diameter',51,#3820);
#3903=SHAPE_DIMENSION_REPRESENTATION('diameter:Ctc03Layout.LargeAccess51',(#3902),#3823);
#3904=PROPERTY_DEFINITION_REPRESENTATION(#3901,#3903);
#3905=MEASURE_REPRESENTATION_ITEM('tolerance_plus',0.2,#3820);
#3906=MEASURE_REPRESENTATION_ITEM('tolerance_minus',0.2,#3820);
#3907=SHAPE_DIMENSION_REPRESENTATION('diameter_tolerance:Ctc03Layout.LargeAccess51',(#3905,#3906),#3823);
#3908=PROPERTY_DEFINITION('diameter_tolerance:Ctc03Layout.LargeAccess51','semantic PMI bilateral tolerance',#3900);
#3909=PROPERTY_DEFINITION_REPRESENTATION(#3908,#3907);
#3910=SHAPE_ASPECT('firmament-geometric-target:Ctc03Layout.LargeAccess51','semantic geometry binding target=Ctc03Layout.LargeAccess51',#3819,.T.);
#3911=GEOMETRIC_ITEM_SPECIFIC_USAGE('firmament semantic target','target=Ctc03Layout.LargeAccess51',#3910,#3824,#3554);
#3912=SHAPE_ASPECT('firmament-feature:Ctc03Layout.LargeAccess38','semantic cylindrical sheet feature',#3819,.T.);
#3913=PROPERTY_DEFINITION('diameter:Ctc03Layout.LargeAccess38','semantic PMI diameter',#3912);
#3914=MEASURE_REPRESENTATION_ITEM('diameter',38,#3820);
#3915=SHAPE_DIMENSION_REPRESENTATION('diameter:Ctc03Layout.LargeAccess38',(#3914),#3823);
#3916=PROPERTY_DEFINITION_REPRESENTATION(#3913,#3915);
#3917=MEASURE_REPRESENTATION_ITEM('tolerance_plus',0.2,#3820);
#3918=MEASURE_REPRESENTATION_ITEM('tolerance_minus',0.2,#3820);
#3919=SHAPE_DIMENSION_REPRESENTATION('diameter_tolerance:Ctc03Layout.LargeAccess38',(#3917,#3918),#3823);
#3920=PROPERTY_DEFINITION('diameter_tolerance:Ctc03Layout.LargeAccess38','semantic PMI bilateral tolerance',#3912);
#3921=PROPERTY_DEFINITION_REPRESENTATION(#3920,#3919);
#3922=SHAPE_ASPECT('firmament-geometric-target:Ctc03Layout.LargeAccess38','semantic geometry binding target=Ctc03Layout.LargeAccess38',#3819,.T.);
#3923=GEOMETRIC_ITEM_SPECIFIC_USAGE('firmament semantic target','target=Ctc03Layout.LargeAccess38',#3922,#3824,#3566);
#3924=SHAPE_ASPECT('firmament-feature:Ctc03Layout.VentSlots','semantic Linear dimension target=Ctc03Layout.VentSlots',#3819,.T.);
#3925=PROPERTY_DEFINITION('dimension:VentSlotWidth:Ctc03Layout.VentSlots','semantic PMI Linear dimension',#3924);
#3926=MEASURE_REPRESENTATION_ITEM('linear',20,#3820);
#3927=SHAPE_DIMENSION_REPRESENTATION('dimension:VentSlotWidth',(#3926),#3823);
#3928=PROPERTY_DEFINITION_REPRESENTATION(#3925,#3927);
#3929=MEASURE_REPRESENTATION_ITEM('tolerance_plus',0.2,#3820);
#3930=MEASURE_REPRESENTATION_ITEM('tolerance_minus',0.2,#3820);
#3931=SHAPE_DIMENSION_REPRESENTATION('dimension_tolerance:VentSlotWidth',(#3929,#3930),#3823);
#3932=PROPERTY_DEFINITION('dimension_tolerance:VentSlotWidth','semantic PMI bilateral tolerance',#3924);
#3933=PROPERTY_DEFINITION_REPRESENTATION(#3932,#3931);
#3934=PROPERTY_DEFINITION('quantity:Ctc03Layout.VentSlots','2',#3924);
#3935=SHAPE_ASPECT('firmament-geometric-target:Ctc03Layout.VentSlots','semantic geometry binding target=Ctc03Layout.VentSlots',#3819,.T.);
#3936=GEOMETRIC_ITEM_SPECIFIC_USAGE('firmament semantic target','target=Ctc03Layout.VentSlots',#3935,#3824,#3588);
#3937=GEOMETRIC_ITEM_SPECIFIC_USAGE('firmament semantic target','target=Ctc03Layout.VentSlots',#3935,#3824,#3622);
#3938=GEOMETRIC_ITEM_SPECIFIC_USAGE('firmament semantic target','target=Ctc03Layout.VentSlots',#3935,#3824,#3656);
#3939=GEOMETRIC_ITEM_SPECIFIC_USAGE('firmament semantic target','target=Ctc03Layout.VentSlots',#3935,#3824,#3690);
#3940=SHAPE_ASPECT('firmament-feature:Ctc03Layout.VentSlots','semantic Linear dimension target=Ctc03Layout.VentSlots',#3819,.T.);
#3941=PROPERTY_DEFINITION('dimension:VentSlotLength:Ctc03Layout.VentSlots','semantic PMI Linear dimension',#3940);
#3942=MEASURE_REPRESENTATION_ITEM('linear',90,#3820);
#3943=SHAPE_DIMENSION_REPRESENTATION('dimension:VentSlotLength',(#3942),#3823);
#3944=PROPERTY_DEFINITION_REPRESENTATION(#3941,#3943);
#3945=MEASURE_REPRESENTATION_ITEM('tolerance_plus',0.2,#3820);
#3946=MEASURE_REPRESENTATION_ITEM('tolerance_minus',0.2,#3820);
#3947=SHAPE_DIMENSION_REPRESENTATION('dimension_tolerance:VentSlotLength',(#3945,#3946),#3823);
#3948=PROPERTY_DEFINITION('dimension_tolerance:VentSlotLength','semantic PMI bilateral tolerance',#3940);
#3949=PROPERTY_DEFINITION_REPRESENTATION(#3948,#3947);
#3950=PROPERTY_DEFINITION('quantity:Ctc03Layout.VentSlots','2',#3940);
#3951=SHAPE_ASPECT('firmament-geometric-target:Ctc03Layout.VentSlots','semantic geometry binding target=Ctc03Layout.VentSlots',#3819,.T.);
#3952=GEOMETRIC_ITEM_SPECIFIC_USAGE('firmament semantic target','target=Ctc03Layout.VentSlots',#3951,#3824,#3588);
#3953=GEOMETRIC_ITEM_SPECIFIC_USAGE('firmament semantic target','target=Ctc03Layout.VentSlots',#3951,#3824,#3622);
#3954=GEOMETRIC_ITEM_SPECIFIC_USAGE('firmament semantic target','target=Ctc03Layout.VentSlots',#3951,#3824,#3656);
#3955=GEOMETRIC_ITEM_SPECIFIC_USAGE('firmament semantic target','target=Ctc03Layout.VentSlots',#3951,#3824,#3690);
#3956=SHAPE_ASPECT('firmament-feature:Ctc03Layout.FrontMountHoles','semantic cylindrical sheet feature',#3819,.T.);
#3957=PROPERTY_DEFINITION('diameter:Ctc03Layout.FrontMountHoles','semantic PMI diameter',#3956);
#3958=MEASURE_REPRESENTATION_ITEM('diameter',11,#3820);
#3959=SHAPE_DIMENSION_REPRESENTATION('diameter:Ctc03Layout.FrontMountHoles',(#3958),#3823);
#3960=PROPERTY_DEFINITION_REPRESENTATION(#3957,#3959);
#3961=MEASURE_REPRESENTATION_ITEM('tolerance_plus',0.15,#3820);
#3962=MEASURE_REPRESENTATION_ITEM('tolerance_minus',0.15,#3820);
#3963=SHAPE_DIMENSION_REPRESENTATION('diameter_tolerance:Ctc03Layout.FrontMountHoles',(#3961,#3962),#3823);
#3964=PROPERTY_DEFINITION('diameter_tolerance:Ctc03Layout.FrontMountHoles','semantic PMI bilateral tolerance',#3956);
#3965=PROPERTY_DEFINITION_REPRESENTATION(#3964,#3963);
#3966=PROPERTY_DEFINITION('quantity:Ctc03Layout.FrontMountHoles','2',#3956);
#3967=SHAPE_ASPECT('firmament-geometric-target:Ctc03Layout.FrontMountHoles','semantic geometry binding target=Ctc03Layout.FrontMountHoles',#3819,.T.);
#3968=GEOMETRIC_ITEM_SPECIFIC_USAGE('firmament semantic target','target=Ctc03Layout.FrontMountHoles',#3967,#3824,#3738);
#3969=GEOMETRIC_ITEM_SPECIFIC_USAGE('firmament semantic target','target=Ctc03Layout.FrontMountHoles',#3967,#3824,#3750);
#3970=SHAPE_ASPECT('firmament-feature:Ctc03Layout.RearMountHoles','semantic cylindrical sheet feature',#3819,.T.);
#3971=PROPERTY_DEFINITION('diameter:Ctc03Layout.RearMountHoles','semantic PMI diameter',#3970);
#3972=MEASURE_REPRESENTATION_ITEM('diameter',11,#3820);
#3973=SHAPE_DIMENSION_REPRESENTATION('diameter:Ctc03Layout.RearMountHoles',(#3972),#3823);
#3974=PROPERTY_DEFINITION_REPRESENTATION(#3971,#3973);
#3975=MEASURE_REPRESENTATION_ITEM('tolerance_plus',0.15,#3820);
#3976=MEASURE_REPRESENTATION_ITEM('tolerance_minus',0.15,#3820);
#3977=SHAPE_DIMENSION_REPRESENTATION('diameter_tolerance:Ctc03Layout.RearMountHoles',(#3975,#3976),#3823);
#3978=PROPERTY_DEFINITION('diameter_tolerance:Ctc03Layout.RearMountHoles','semantic PMI bilateral tolerance',#3970);
#3979=PROPERTY_DEFINITION_REPRESENTATION(#3978,#3977);
#3980=PROPERTY_DEFINITION('quantity:Ctc03Layout.RearMountHoles','2',#3970);
#3981=SHAPE_ASPECT('firmament-geometric-target:Ctc03Layout.RearMountHoles','semantic geometry binding target=Ctc03Layout.RearMountHoles',#3819,.T.);
#3982=GEOMETRIC_ITEM_SPECIFIC_USAGE('firmament semantic target','target=Ctc03Layout.RearMountHoles',#3981,#3824,#3714);
#3983=GEOMETRIC_ITEM_SPECIFIC_USAGE('firmament semantic target','target=Ctc03Layout.RearMountHoles',#3981,#3824,#3726);
#3984=SHAPE_ASPECT('firmament-feature:Ctc03Layout.ServiceHole','semantic cylindrical sheet feature',#3819,.T.);
#3985=PROPERTY_DEFINITION('diameter:Ctc03Layout.ServiceHole','semantic PMI diameter',#3984);
#3986=MEASURE_REPRESENTATION_ITEM('diameter',27,#3820);
#3987=SHAPE_DIMENSION_REPRESENTATION('diameter:Ctc03Layout.ServiceHole',(#3986),#3823);
#3988=PROPERTY_DEFINITION_REPRESENTATION(#3985,#3987);
#3989=MEASURE_REPRESENTATION_ITEM('tolerance_plus',0.15,#3820);
#3990=MEASURE_REPRESENTATION_ITEM('tolerance_minus',0.15,#3820);
#3991=SHAPE_DIMENSION_REPRESENTATION('diameter_tolerance:Ctc03Layout.ServiceHole',(#3989,#3990),#3823);
#3992=PROPERTY_DEFINITION('diameter_tolerance:Ctc03Layout.ServiceHole','semantic PMI bilateral tolerance',#3984);
#3993=PROPERTY_DEFINITION_REPRESENTATION(#3992,#3991);
#3994=SHAPE_ASPECT('firmament-geometric-target:Ctc03Layout.ServiceHole','semantic geometry binding target=Ctc03Layout.ServiceHole',#3819,.T.);
#3995=GEOMETRIC_ITEM_SPECIFIC_USAGE('firmament semantic target','target=Ctc03Layout.ServiceHole',#3994,#3824,#3762);
#3996=SHAPE_ASPECT('firmament-feature:Ctc03Layout.ServiceInnerHoles','semantic cylindrical sheet feature',#3819,.T.);
#3997=PROPERTY_DEFINITION('diameter:Ctc03Layout.ServiceInnerHoles','semantic PMI diameter',#3996);
#3998=MEASURE_REPRESENTATION_ITEM('diameter',5,#3820);
#3999=SHAPE_DIMENSION_REPRESENTATION('diameter:Ctc03Layout.ServiceInnerHoles',(#3998),#3823);
#4000=PROPERTY_DEFINITION_REPRESENTATION(#3997,#3999);
#4001=MEASURE_REPRESENTATION_ITEM('tolerance_plus',0.15,#3820);
#4002=MEASURE_REPRESENTATION_ITEM('tolerance_minus',0.15,#3820);
#4003=SHAPE_DIMENSION_REPRESENTATION('diameter_tolerance:Ctc03Layout.ServiceInnerHoles',(#4001,#4002),#3823);
#4004=PROPERTY_DEFINITION('diameter_tolerance:Ctc03Layout.ServiceInnerHoles','semantic PMI bilateral tolerance',#3996);
#4005=PROPERTY_DEFINITION_REPRESENTATION(#4004,#4003);
#4006=PROPERTY_DEFINITION('quantity:Ctc03Layout.ServiceInnerHoles','2',#3996);
#4007=SHAPE_ASPECT('firmament-geometric-target:Ctc03Layout.ServiceInnerHoles','semantic geometry binding target=Ctc03Layout.ServiceInnerHoles',#3819,.T.);
#4008=GEOMETRIC_ITEM_SPECIFIC_USAGE('firmament semantic target','target=Ctc03Layout.ServiceInnerHoles',#4007,#3824,#3774);
#4009=GEOMETRIC_ITEM_SPECIFIC_USAGE('firmament semantic target','target=Ctc03Layout.ServiceInnerHoles',#4007,#3824,#3786);
#4010=SHAPE_ASPECT('firmament-feature:Ctc03Layout.ServiceOuterHoles','semantic cylindrical sheet feature',#3819,.T.);
#4011=PROPERTY_DEFINITION('diameter:Ctc03Layout.ServiceOuterHoles','semantic PMI diameter',#4010);
#4012=MEASURE_REPRESENTATION_ITEM('diameter',5,#3820);
#4013=SHAPE_DIMENSION_REPRESENTATION('diameter:Ctc03Layout.ServiceOuterHoles',(#4012),#3823);
#4014=PROPERTY_DEFINITION_REPRESENTATION(#4011,#4013);
#4015=MEASURE_REPRESENTATION_ITEM('tolerance_plus',0.15,#3820);
#4016=MEASURE_REPRESENTATION_ITEM('tolerance_minus',0.15,#3820);
#4017=SHAPE_DIMENSION_REPRESENTATION('diameter_tolerance:Ctc03Layout.ServiceOuterHoles',(#4015,#4016),#3823);
#4018=PROPERTY_DEFINITION('diameter_tolerance:Ctc03Layout.ServiceOuterHoles','semantic PMI bilateral tolerance',#4010);
#4019=PROPERTY_DEFINITION_REPRESENTATION(#4018,#4017);
#4020=PROPERTY_DEFINITION('quantity:Ctc03Layout.ServiceOuterHoles','2',#4010);
#4021=SHAPE_ASPECT('firmament-geometric-target:Ctc03Layout.ServiceOuterHoles','semantic geometry binding target=Ctc03Layout.ServiceOuterHoles',#3819,.T.);
#4022=GEOMETRIC_ITEM_SPECIFIC_USAGE('firmament semantic target','target=Ctc03Layout.ServiceOuterHoles',#4021,#3824,#3798);
#4023=GEOMETRIC_ITEM_SPECIFIC_USAGE('firmament semantic target','target=Ctc03Layout.ServiceOuterHoles',#4021,#3824,#3810);
#4024=COMPOSITE_SHAPE_ASPECT('firmament-target:Ctc03Layout.FrontMountHoles','semantic target quantity=2',#3819,.T.);
#4025=(LENGTH_MEASURE_WITH_UNIT()MEASURE_REPRESENTATION_ITEM()MEASURE_WITH_UNIT(LENGTH_MEASURE(0.8),#3820)REPRESENTATION_ITEM('position tolerance'));
#4026=DATUM_REFERENCE_COMPARTMENT('',$,#3819,.F.,#3828,$);
#4027=DATUM_REFERENCE_COMPARTMENT('',$,#3819,.F.,#3834,$);
#4028=DATUM_REFERENCE_COMPARTMENT('',$,#3819,.F.,#3840,$);
#4029=DATUM_SYSTEM('firmament-datum-system:FrontMountPosition',$,#3819,.F.,(#4026,#4027,#4028));
#4030=(GEOMETRIC_TOLERANCE('FrontMountPosition','semantic position target=Ctc03Layout.FrontMountHoles',#4025,#4024)GEOMETRIC_TOLERANCE_WITH_DATUM_REFERENCE((#4029))POSITION_TOLERANCE());
#4031=PROPERTY_DEFINITION('quantity:Ctc03Layout.FrontMountHoles','2',#4024);
#4032=SHAPE_ASPECT('firmament-geometric-target:Ctc03Layout.FrontMountHoles','semantic geometry binding target=Ctc03Layout.FrontMountHoles',#3819,.T.);
#4033=GEOMETRIC_ITEM_SPECIFIC_USAGE('firmament semantic target','target=Ctc03Layout.FrontMountHoles',#4032,#3824,#3738);
#4034=GEOMETRIC_ITEM_SPECIFIC_USAGE('firmament semantic target','target=Ctc03Layout.FrontMountHoles',#4032,#3824,#3750);
#4035=COMPOSITE_SHAPE_ASPECT('firmament-target:Ctc03Layout.RearMountHoles','semantic target quantity=2',#3819,.T.);
#4036=(LENGTH_MEASURE_WITH_UNIT()MEASURE_REPRESENTATION_ITEM()MEASURE_WITH_UNIT(LENGTH_MEASURE(0.8),#3820)REPRESENTATION_ITEM('position tolerance'));
#4037=DATUM_REFERENCE_COMPARTMENT('',$,#3819,.F.,#3828,$);
#4038=DATUM_REFERENCE_COMPARTMENT('',$,#3819,.F.,#3834,$);
#4039=DATUM_REFERENCE_COMPARTMENT('',$,#3819,.F.,#3840,$);
#4040=DATUM_SYSTEM('firmament-datum-system:RearMountPosition',$,#3819,.F.,(#4037,#4038,#4039));
#4041=(GEOMETRIC_TOLERANCE('RearMountPosition','semantic position target=Ctc03Layout.RearMountHoles',#4036,#4035)GEOMETRIC_TOLERANCE_WITH_DATUM_REFERENCE((#4040))POSITION_TOLERANCE());
#4042=PROPERTY_DEFINITION('quantity:Ctc03Layout.RearMountHoles','2',#4035);
#4043=SHAPE_ASPECT('firmament-geometric-target:Ctc03Layout.RearMountHoles','semantic geometry binding target=Ctc03Layout.RearMountHoles',#3819,.T.);
#4044=GEOMETRIC_ITEM_SPECIFIC_USAGE('firmament semantic target','target=Ctc03Layout.RearMountHoles',#4043,#3824,#3714);
#4045=GEOMETRIC_ITEM_SPECIFIC_USAGE('firmament semantic target','target=Ctc03Layout.RearMountHoles',#4043,#3824,#3726);
#4046=COMPOSITE_SHAPE_ASPECT('firmament-target:Ctc03Layout.ServiceHole','semantic target quantity=unspecified',#3819,.T.);
#4047=(LENGTH_MEASURE_WITH_UNIT()MEASURE_REPRESENTATION_ITEM()MEASURE_WITH_UNIT(LENGTH_MEASURE(0.6),#3820)REPRESENTATION_ITEM('position tolerance'));
#4048=DATUM_REFERENCE_COMPARTMENT('',$,#3819,.F.,#3828,$);
#4049=DATUM_REFERENCE_COMPARTMENT('',$,#3819,.F.,#3834,$);
#4050=DATUM_REFERENCE_COMPARTMENT('',$,#3819,.F.,#3840,$);
#4051=DATUM_SYSTEM('firmament-datum-system:ServiceHolePosition',$,#3819,.F.,(#4048,#4049,#4050));
#4052=(GEOMETRIC_TOLERANCE('ServiceHolePosition','semantic position target=Ctc03Layout.ServiceHole',#4047,#4046)GEOMETRIC_TOLERANCE_WITH_DATUM_REFERENCE((#4051))POSITION_TOLERANCE());
#4053=SHAPE_ASPECT('firmament-geometric-target:Ctc03Layout.ServiceHole','semantic geometry binding target=Ctc03Layout.ServiceHole',#3819,.T.);
#4054=GEOMETRIC_ITEM_SPECIFIC_USAGE('firmament semantic target','target=Ctc03Layout.ServiceHole',#4053,#3824,#3762);
#4055=COMPOSITE_SHAPE_ASPECT('firmament-target:Ctc03Layout.ServiceInnerHoles','semantic target quantity=2',#3819,.T.);
#4056=(LENGTH_MEASURE_WITH_UNIT()MEASURE_REPRESENTATION_ITEM()MEASURE_WITH_UNIT(LENGTH_MEASURE(0.6),#3820)REPRESENTATION_ITEM('position tolerance'));
#4057=DATUM_REFERENCE_COMPARTMENT('',$,#3819,.F.,#3828,$);
#4058=DATUM_REFERENCE_COMPARTMENT('',$,#3819,.F.,#3834,$);
#4059=DATUM_REFERENCE_COMPARTMENT('',$,#3819,.F.,#3840,$);
#4060=DATUM_SYSTEM('firmament-datum-system:ServiceInnerPosition',$,#3819,.F.,(#4057,#4058,#4059));
#4061=(GEOMETRIC_TOLERANCE('ServiceInnerPosition','semantic position target=Ctc03Layout.ServiceInnerHoles',#4056,#4055)GEOMETRIC_TOLERANCE_WITH_DATUM_REFERENCE((#4060))POSITION_TOLERANCE());
#4062=PROPERTY_DEFINITION('quantity:Ctc03Layout.ServiceInnerHoles','2',#4055);
#4063=SHAPE_ASPECT('firmament-geometric-target:Ctc03Layout.ServiceInnerHoles','semantic geometry binding target=Ctc03Layout.ServiceInnerHoles',#3819,.T.);
#4064=GEOMETRIC_ITEM_SPECIFIC_USAGE('firmament semantic target','target=Ctc03Layout.ServiceInnerHoles',#4063,#3824,#3774);
#4065=GEOMETRIC_ITEM_SPECIFIC_USAGE('firmament semantic target','target=Ctc03Layout.ServiceInnerHoles',#4063,#3824,#3786);
#4066=COMPOSITE_SHAPE_ASPECT('firmament-target:Ctc03Layout.ServiceOuterHoles','semantic target quantity=2',#3819,.T.);
#4067=(LENGTH_MEASURE_WITH_UNIT()MEASURE_REPRESENTATION_ITEM()MEASURE_WITH_UNIT(LENGTH_MEASURE(0.6),#3820)REPRESENTATION_ITEM('position tolerance'));
#4068=DATUM_REFERENCE_COMPARTMENT('',$,#3819,.F.,#3828,$);
#4069=DATUM_REFERENCE_COMPARTMENT('',$,#3819,.F.,#3834,$);
#4070=DATUM_REFERENCE_COMPARTMENT('',$,#3819,.F.,#3840,$);
#4071=DATUM_SYSTEM('firmament-datum-system:ServiceOuterPosition',$,#3819,.F.,(#4068,#4069,#4070));
#4072=(GEOMETRIC_TOLERANCE('ServiceOuterPosition','semantic position target=Ctc03Layout.ServiceOuterHoles',#4067,#4066)GEOMETRIC_TOLERANCE_WITH_DATUM_REFERENCE((#4071))POSITION_TOLERANCE());
#4073=PROPERTY_DEFINITION('quantity:Ctc03Layout.ServiceOuterHoles','2',#4066);
#4074=SHAPE_ASPECT('firmament-geometric-target:Ctc03Layout.ServiceOuterHoles','semantic geometry binding target=Ctc03Layout.ServiceOuterHoles',#3819,.T.);
#4075=GEOMETRIC_ITEM_SPECIFIC_USAGE('firmament semantic target','target=Ctc03Layout.ServiceOuterHoles',#4074,#3824,#3798);
#4076=GEOMETRIC_ITEM_SPECIFIC_USAGE('firmament semantic target','target=Ctc03Layout.ServiceOuterHoles',#4074,#3824,#3810);
#4077=SHAPE_ASPECT('firmament-note:MaterialAndThickness','semantic note target=Ctc03',#3819,.F.);
#4078=PROPERTY_DEFINITION('note:MaterialAndThickness','ASTM B209 5052-H32 aluminium sheet, mill finish; thickness 2.0 +/-0.12 mm.',#4077);
#4079=SHAPE_ASPECT('firmament-note:GeneralTolerance','semantic note target=Ctc03',#3819,.F.);
#4080=PROPERTY_DEFINITION('note:GeneralTolerance','Unless specifically toleranced: cut profile +/-0.5 mm, formed linear +/-0.8 mm, bend angle +/-1 degree.',#4079);
#4081=SHAPE_ASPECT('firmament-note:CutAndDeburr','semantic note target=Ctc03',#3819,.F.);
#4082=PROPERTY_DEFINITION('note:CutAndDeburr','Cut all profiles before forming. Remove burrs and sharp edges; break edges 0.2-0.5 mm.',#4081);
#4083=SHAPE_ASPECT('firmament-note:Forming','semantic note target=Ctc03',#3819,.F.);
#4084=PROPERTY_DEFINITION('note:Forming','CNC press brake form; inside bend radius 6 mm unless noted; reject visible bend cracking.',#4083);
#4085=SHAPE_ASPECT('firmament-note:GrainDirection','semantic note target=Ctc03',#3819,.F.);
#4086=PROPERTY_DEFINITION('note:GrainDirection','Orient major 90-degree bend axes across rolling direction where practical.',#4085);
#4087=SHAPE_ASPECT('firmament-note:ProtectDatumA','semantic note target=MainDeck',#3819,.F.);
#4088=PROPERTY_DEFINITION('note:ProtectDatumA','Protect datum A support surface from gouges, raised burrs, and forming-tool damage.',#4087);
#4089=SHAPE_ASPECT('firmament-geometric-target:MainDeck','semantic geometry binding target=MainDeck',#3819,.T.);
#4090=GEOMETRIC_ITEM_SPECIFIC_USAGE('firmament semantic target','target=MainDeck',#4089,#3824,#182);
#4091=SHAPE_ASPECT('firmament-note:MountHoleRework','semantic note target=Ctc03Layout.FrontMountHoles',#3819,.F.);
#4092=PROPERTY_DEFINITION('note:MountHoleRework','Do not enlarge or rework formed mounting holes without engineering approval.',#4091);
#4093=SHAPE_ASPECT('firmament-geometric-target:Ctc03Layout.FrontMountHoles','semantic geometry binding target=Ctc03Layout.FrontMountHoles',#3819,.T.);
#4094=GEOMETRIC_ITEM_SPECIFIC_USAGE('firmament semantic target','target=Ctc03Layout.FrontMountHoles',#4093,#3824,#3738);
#4095=GEOMETRIC_ITEM_SPECIFIC_USAGE('firmament semantic target','target=Ctc03Layout.FrontMountHoles',#4093,#3824,#3750);
#4096=SHAPE_ASPECT('firmament-note:ServiceCutBeforeForm','semantic note target=AngledServiceFlangeBend',#3819,.F.);
#4097=PROPERTY_DEFINITION('note:ServiceCutBeforeForm','Cut the complete five-hole service interface before forming; keep the interface free of bend distortion.',#4096);
#4098=SHAPE_ASPECT('firmament-geometric-target:AngledServiceFlangeBend','semantic geometry binding target=AngledServiceFlangeBend',#3819,.T.);
#4099=GEOMETRIC_ITEM_SPECIFIC_USAGE('firmament semantic target','target=AngledServiceFlangeBend',#4098,#3824,#2176);
#4100=GEOMETRIC_ITEM_SPECIFIC_USAGE('firmament semantic target','target=AngledServiceFlangeBend',#4098,#3824,#2202);
ENDSEC;
END-ISO-10303-21;
