ISO-10303-21;
HEADER;
FILE_DESCRIPTION(('Aetheris AP242 subset export'),'2;1');
FILE_NAME('aetheris_export.step','1970-01-01T00:00:00',('Aetheris'),('Aetheris'),'Aetheris.Kernel','Aetheris.Kernel','');
FILE_SCHEMA(('AP242_MANAGED_MODEL_BASED_3D_ENGINEERING_MIM_LF'));
ENDSEC;
DATA;
#1=CARTESIAN_POINT($,(-13,0,0));
#2=CARTESIAN_POINT($,(-14.45703125,2.5,3.4140625));
#3=CARTESIAN_POINT($,(-15.59375,5,6.1875));
#4=CARTESIAN_POINT($,(-16.43359375,7.5,8.3671875));
#5=CARTESIAN_POINT($,(-17,10,10));
#6=CARTESIAN_POINT($,(-17.31640625,12.5,11.1328125));
#7=CARTESIAN_POINT($,(-17.40625,15,11.8125));
#8=CARTESIAN_POINT($,(-17.29296875,17.5,12.0859375));
#9=CARTESIAN_POINT($,(-17,20,12));
#10=CARTESIAN_POINT($,(-16.55078125,22.5,11.6015625));
#11=CARTESIAN_POINT($,(-15.96875,25,10.9375));
#12=CARTESIAN_POINT($,(-15.27734375,27.5,10.0546875));
#13=CARTESIAN_POINT($,(-14.5,30,9));
#14=CARTESIAN_POINT($,(-13.66015625,32.5,7.8203125));
#15=CARTESIAN_POINT($,(-12.78125,35,6.5625));
#16=CARTESIAN_POINT($,(-11.88671875,37.5,5.2734375));
#17=CARTESIAN_POINT($,(-11,40,4));
#18=CARTESIAN_POINT($,(-10.14453125,42.5,2.7890625));
#19=CARTESIAN_POINT($,(-9.34375,45,1.6875));
#20=CARTESIAN_POINT($,(-8.62109375,47.5,0.7421875));
#21=CARTESIAN_POINT($,(-8,50,-0.000000000000002));
#22=CARTESIAN_POINT($,(-7.50390625,52.5,-0.4921875));
#23=CARTESIAN_POINT($,(-7.15625,55,-0.687500000000001));
#24=CARTESIAN_POINT($,(-6.98046875,57.5,-0.5390625));
#25=CARTESIAN_POINT($,(-7,60,0));
#26=CARTESIAN_POINT($,(-12.4583333333333,0,0.244791666666667));
#27=CARTESIAN_POINT($,(-13.8546549479167,2.5,3.65885416666667));
#28=CARTESIAN_POINT($,(-14.9440104166667,5,6.43229166666666));
#29=CARTESIAN_POINT($,(-15.7488606770833,7.5,8.61197916666667));
#30=CARTESIAN_POINT($,(-16.2916666666667,10,10.2447916666667));
#31=CARTESIAN_POINT($,(-16.5948893229167,12.5,11.3776041666667));
#32=CARTESIAN_POINT($,(-16.6809895833333,15,12.0572916666667));
#33=CARTESIAN_POINT($,(-16.5724283854167,17.5,12.3307291666667));
#34=CARTESIAN_POINT($,(-16.2916666666667,20,12.2447916666667));
#35=CARTESIAN_POINT($,(-15.8611653645833,22.5,11.8463541666667));
#36=CARTESIAN_POINT($,(-15.3033854166667,25,11.1822916666667));
#37=CARTESIAN_POINT($,(-14.6407877604167,27.5,10.2994791666667));
#38=CARTESIAN_POINT($,(-13.8958333333333,30,9.24479166666666));
#39=CARTESIAN_POINT($,(-13.0909830729167,32.5,8.06510416666667));
#40=CARTESIAN_POINT($,(-12.2486979166667,35,6.80729166666666));
#41=CARTESIAN_POINT($,(-11.3914388020833,37.5,5.51822916666666));
#42=CARTESIAN_POINT($,(-10.5416666666667,40,4.24479166666667));
#43=CARTESIAN_POINT($,(-9.72184244791666,42.5,3.03385416666666));
#44=CARTESIAN_POINT($,(-8.95442708333333,45,1.93229166666667));
#45=CARTESIAN_POINT($,(-8.26188151041666,47.5,0.986979166666666));
#46=CARTESIAN_POINT($,(-7.66666666666666,50,0.244791666666665));
#47=CARTESIAN_POINT($,(-7.19124348958333,52.5,-0.247395833333334));
#48=CARTESIAN_POINT($,(-6.85807291666666,55,-0.442708333333334));
#49=CARTESIAN_POINT($,(-6.68961588541666,57.5,-0.294270833333333));
#50=CARTESIAN_POINT($,(-6.70833333333333,60,0.244791666666667));
#51=CARTESIAN_POINT($,(-11.9166666666667,0,0.479166666666667));
#52=CARTESIAN_POINT($,(-13.2522786458333,2.5,3.89322916666667));
#53=CARTESIAN_POINT($,(-14.2942708333333,5,6.66666666666666));
#54=CARTESIAN_POINT($,(-15.0641276041667,7.5,8.84635416666667));
#55=CARTESIAN_POINT($,(-15.5833333333333,10,10.4791666666667));
#56=CARTESIAN_POINT($,(-15.8733723958333,12.5,11.6119791666667));
#57=CARTESIAN_POINT($,(-15.9557291666667,15,12.2916666666667));
#58=CARTESIAN_POINT($,(-15.8518880208333,17.5,12.5651041666667));
#59=CARTESIAN_POINT($,(-15.5833333333333,20,12.4791666666667));
#60=CARTESIAN_POINT($,(-15.1715494791667,22.5,12.0807291666667));
#61=CARTESIAN_POINT($,(-14.6380208333333,25,11.4166666666667));
#62=CARTESIAN_POINT($,(-14.0042317708333,27.5,10.5338541666667));
#63=CARTESIAN_POINT($,(-13.2916666666667,30,9.47916666666666));
#64=CARTESIAN_POINT($,(-12.5218098958333,32.5,8.29947916666667));
#65=CARTESIAN_POINT($,(-11.7161458333333,35,7.04166666666667));
#66=CARTESIAN_POINT($,(-10.8961588541667,37.5,5.75260416666667));
#67=CARTESIAN_POINT($,(-10.0833333333333,40,4.47916666666667));
#68=CARTESIAN_POINT($,(-9.29915364583333,42.5,3.26822916666667));
#69=CARTESIAN_POINT($,(-8.56510416666667,45,2.16666666666667));
#70=CARTESIAN_POINT($,(-7.90266927083333,47.5,1.22135416666667));
#71=CARTESIAN_POINT($,(-7.33333333333333,50,0.479166666666665));
#72=CARTESIAN_POINT($,(-6.87858072916667,52.5,-0.013020833333333));
#73=CARTESIAN_POINT($,(-6.55989583333333,55,-0.208333333333333));
#74=CARTESIAN_POINT($,(-6.39876302083333,57.5,-0.059895833333333));
#75=CARTESIAN_POINT($,(-6.41666666666667,60,0.479166666666667));
#76=CARTESIAN_POINT($,(-11.375,0,0.703125));
#77=CARTESIAN_POINT($,(-12.64990234375,2.5,4.1171875));
#78=CARTESIAN_POINT($,(-13.64453125,5,6.890625));
#79=CARTESIAN_POINT($,(-14.37939453125,7.5,9.0703125));
#80=CARTESIAN_POINT($,(-14.875,10,10.703125));
#81=CARTESIAN_POINT($,(-15.15185546875,12.5,11.8359375));
#82=CARTESIAN_POINT($,(-15.23046875,15,12.515625));
#83=CARTESIAN_POINT($,(-15.13134765625,17.5,12.7890625));
#84=CARTESIAN_POINT($,(-14.875,20,12.703125));
#85=CARTESIAN_POINT($,(-14.48193359375,22.5,12.3046875));
#86=CARTESIAN_POINT($,(-13.97265625,25,11.640625));
#87=CARTESIAN_POINT($,(-13.36767578125,27.5,10.7578125));
#88=CARTESIAN_POINT($,(-12.6875,30,9.703125));
#89=CARTESIAN_POINT($,(-11.95263671875,32.5,8.5234375));
#90=CARTESIAN_POINT($,(-11.18359375,35,7.265625));
#91=CARTESIAN_POINT($,(-10.40087890625,37.5,5.9765625));
#92=CARTESIAN_POINT($,(-9.625,40,4.703125));
#93=CARTESIAN_POINT($,(-8.87646484375,42.5,3.4921875));
#94=CARTESIAN_POINT($,(-8.17578125,45,2.390625));
#95=CARTESIAN_POINT($,(-7.54345703125,47.5,1.4453125));
#96=CARTESIAN_POINT($,(-6.99999999999999,50,0.703124999999998));
#97=CARTESIAN_POINT($,(-6.56591796875,52.5,0.2109375));
#98=CARTESIAN_POINT($,(-6.26171875,55,0.015624999999999));
#99=CARTESIAN_POINT($,(-6.10791015625,57.5,0.1640625));
#100=CARTESIAN_POINT($,(-6.125,60,0.703125));
#101=CARTESIAN_POINT($,(-10.8333333333333,0,0.916666666666667));
#102=CARTESIAN_POINT($,(-12.0475260416667,2.5,4.33072916666667));
#103=CARTESIAN_POINT($,(-12.9947916666667,5,7.10416666666666));
#104=CARTESIAN_POINT($,(-13.6946614583333,7.5,9.28385416666667));
#105=CARTESIAN_POINT($,(-14.1666666666667,10,10.9166666666667));
#106=CARTESIAN_POINT($,(-14.4303385416667,12.5,12.0494791666667));
#107=CARTESIAN_POINT($,(-14.5052083333333,15,12.7291666666667));
#108=CARTESIAN_POINT($,(-14.4108072916667,17.5,13.0026041666667));
#109=CARTESIAN_POINT($,(-14.1666666666667,20,12.9166666666667));
#110=CARTESIAN_POINT($,(-13.7923177083333,22.5,12.5182291666667));
#111=CARTESIAN_POINT($,(-13.3072916666667,25,11.8541666666667));
#112=CARTESIAN_POINT($,(-12.7311197916667,27.5,10.9713541666667));
#113=CARTESIAN_POINT($,(-12.0833333333333,30,9.91666666666667));
#114=CARTESIAN_POINT($,(-11.3834635416667,32.5,8.73697916666667));
#115=CARTESIAN_POINT($,(-10.6510416666667,35,7.47916666666667));
#116=CARTESIAN_POINT($,(-9.90559895833333,37.5,6.19010416666666));
#117=CARTESIAN_POINT($,(-9.16666666666667,40,4.91666666666667));
#118=CARTESIAN_POINT($,(-8.45377604166667,42.5,3.70572916666666));
#119=CARTESIAN_POINT($,(-7.78645833333333,45,2.60416666666666));
#120=CARTESIAN_POINT($,(-7.18424479166667,47.5,1.65885416666667));
#121=CARTESIAN_POINT($,(-6.66666666666666,50,0.916666666666664));
#122=CARTESIAN_POINT($,(-6.25325520833333,52.5,0.424479166666666));
#123=CARTESIAN_POINT($,(-5.96354166666666,55,0.229166666666666));
#124=CARTESIAN_POINT($,(-5.81705729166666,57.5,0.377604166666666));
#125=CARTESIAN_POINT($,(-5.83333333333333,60,0.916666666666667));
#126=CARTESIAN_POINT($,(-10.2916666666667,0,1.11979166666667));
#127=CARTESIAN_POINT($,(-11.4451497395833,2.5,4.53385416666667));
#128=CARTESIAN_POINT($,(-12.3450520833333,5,7.30729166666666));
#129=CARTESIAN_POINT($,(-13.0099283854167,7.5,9.48697916666667));
#130=CARTESIAN_POINT($,(-13.4583333333333,10,11.1197916666667));
#131=CARTESIAN_POINT($,(-13.7088216145833,12.5,12.2526041666667));
#132=CARTESIAN_POINT($,(-13.7799479166667,15,12.9322916666667));
#133=CARTESIAN_POINT($,(-13.6902669270833,17.5,13.2057291666667));
#134=CARTESIAN_POINT($,(-13.4583333333333,20,13.1197916666667));
#135=CARTESIAN_POINT($,(-13.1027018229167,22.5,12.7213541666667));
#136=CARTESIAN_POINT($,(-12.6419270833333,25,12.0572916666667));
#137=CARTESIAN_POINT($,(-12.0945638020833,27.5,11.1744791666667));
#138=CARTESIAN_POINT($,(-11.4791666666667,30,10.1197916666667));
#139=CARTESIAN_POINT($,(-10.8142903645833,32.5,8.94010416666667));
#140=CARTESIAN_POINT($,(-10.1184895833333,35,7.68229166666667));
#141=CARTESIAN_POINT($,(-9.41031901041666,37.5,6.39322916666667));
#142=CARTESIAN_POINT($,(-8.70833333333333,40,5.11979166666667));
#143=CARTESIAN_POINT($,(-8.03108723958333,42.5,3.90885416666667));
#144=CARTESIAN_POINT($,(-7.39713541666666,45,2.80729166666667));
#145=CARTESIAN_POINT($,(-6.82503255208333,47.5,1.86197916666667));
#146=CARTESIAN_POINT($,(-6.33333333333333,50,1.11979166666667));
#147=CARTESIAN_POINT($,(-5.94059244791667,52.5,0.627604166666667));
#148=CARTESIAN_POINT($,(-5.66536458333333,55,0.432291666666666));
#149=CARTESIAN_POINT($,(-5.52620442708333,57.5,0.580729166666667));
#150=CARTESIAN_POINT($,(-5.54166666666667,60,1.11979166666667));
#151=CARTESIAN_POINT($,(-9.75,0,1.3125));
#152=CARTESIAN_POINT($,(-10.8427734375,2.5,4.7265625));
#153=CARTESIAN_POINT($,(-11.6953125,5,7.5));
#154=CARTESIAN_POINT($,(-12.3251953125,7.5,9.6796875));
#155=CARTESIAN_POINT($,(-12.75,10,11.3125));
#156=CARTESIAN_POINT($,(-12.9873046875,12.5,12.4453125));
#157=CARTESIAN_POINT($,(-13.0546875,15,13.125));
#158=CARTESIAN_POINT($,(-12.9697265625,17.5,13.3984375));
#159=CARTESIAN_POINT($,(-12.75,20,13.3125));
#160=CARTESIAN_POINT($,(-12.4130859375,22.5,12.9140625));
#161=CARTESIAN_POINT($,(-11.9765625,25,12.25));
#162=CARTESIAN_POINT($,(-11.4580078125,27.5,11.3671875));
#163=CARTESIAN_POINT($,(-10.875,30,10.3125));
#164=CARTESIAN_POINT($,(-10.2451171875,32.5,9.1328125));
#165=CARTESIAN_POINT($,(-9.5859375,35,7.875));
#166=CARTESIAN_POINT($,(-8.9150390625,37.5,6.5859375));
#167=CARTESIAN_POINT($,(-8.25,40,5.3125));
#168=CARTESIAN_POINT($,(-7.6083984375,42.5,4.1015625));
#169=CARTESIAN_POINT($,(-7.0078125,45,3));
#170=CARTESIAN_POINT($,(-6.4658203125,47.5,2.0546875));
#171=CARTESIAN_POINT($,(-6,50,1.3125));
#172=CARTESIAN_POINT($,(-5.6279296875,52.5,0.8203125));
#173=CARTESIAN_POINT($,(-5.3671875,55,0.624999999999999));
#174=CARTESIAN_POINT($,(-5.2353515625,57.5,0.7734375));
#175=CARTESIAN_POINT($,(-5.25,60,1.3125));
#176=CARTESIAN_POINT($,(-9.20833333333333,0,1.49479166666667));
#177=CARTESIAN_POINT($,(-10.2403971354167,2.5,4.90885416666667));
#178=CARTESIAN_POINT($,(-11.0455729166667,5,7.68229166666666));
#179=CARTESIAN_POINT($,(-11.6404622395833,7.5,9.86197916666667));
#180=CARTESIAN_POINT($,(-12.0416666666667,10,11.4947916666667));
#181=CARTESIAN_POINT($,(-12.2657877604167,12.5,12.6276041666667));
#182=CARTESIAN_POINT($,(-12.3294270833333,15,13.3072916666667));
#183=CARTESIAN_POINT($,(-12.2491861979167,17.5,13.5807291666667));
#184=CARTESIAN_POINT($,(-12.0416666666667,20,13.4947916666667));
#185=CARTESIAN_POINT($,(-11.7234700520833,22.5,13.0963541666667));
#186=CARTESIAN_POINT($,(-11.3111979166667,25,12.4322916666667));
#187=CARTESIAN_POINT($,(-10.8214518229167,27.5,11.5494791666667));
#188=CARTESIAN_POINT($,(-10.2708333333333,30,10.4947916666667));
#189=CARTESIAN_POINT($,(-9.67594401041667,32.5,9.31510416666667));
#190=CARTESIAN_POINT($,(-9.05338541666666,35,8.05729166666666));
#191=CARTESIAN_POINT($,(-8.41975911458333,37.5,6.76822916666667));
#192=CARTESIAN_POINT($,(-7.79166666666667,40,5.49479166666667));
#193=CARTESIAN_POINT($,(-7.18570963541667,42.5,4.28385416666667));
#194=CARTESIAN_POINT($,(-6.61848958333333,45,3.18229166666667));
#195=CARTESIAN_POINT($,(-6.10660807291667,47.5,2.23697916666667));
#196=CARTESIAN_POINT($,(-5.66666666666667,50,1.49479166666667));
#197=CARTESIAN_POINT($,(-5.31526692708333,52.5,1.00260416666667));
#198=CARTESIAN_POINT($,(-5.06901041666667,55,0.807291666666666));
#199=CARTESIAN_POINT($,(-4.94449869791667,57.5,0.955729166666667));
#200=CARTESIAN_POINT($,(-4.95833333333333,60,1.49479166666667));
#201=CARTESIAN_POINT($,(-8.66666666666667,0,1.66666666666667));
#202=CARTESIAN_POINT($,(-9.63802083333333,2.5,5.08072916666667));
#203=CARTESIAN_POINT($,(-10.3958333333333,5,7.85416666666666));
#204=CARTESIAN_POINT($,(-10.9557291666667,7.5,10.0338541666667));
#205=CARTESIAN_POINT($,(-11.3333333333333,10,11.6666666666667));
#206=CARTESIAN_POINT($,(-11.5442708333333,12.5,12.7994791666667));
#207=CARTESIAN_POINT($,(-11.6041666666667,15,13.4791666666667));
#208=CARTESIAN_POINT($,(-11.5286458333333,17.5,13.7526041666667));
#209=CARTESIAN_POINT($,(-11.3333333333333,20,13.6666666666667));
#210=CARTESIAN_POINT($,(-11.0338541666667,22.5,13.2682291666667));
#211=CARTESIAN_POINT($,(-10.6458333333333,25,12.6041666666667));
#212=CARTESIAN_POINT($,(-10.1848958333333,27.5,11.7213541666667));
#213=CARTESIAN_POINT($,(-9.66666666666667,30,10.6666666666667));
#214=CARTESIAN_POINT($,(-9.10677083333333,32.5,9.48697916666667));
#215=CARTESIAN_POINT($,(-8.52083333333333,35,8.22916666666666));
#216=CARTESIAN_POINT($,(-7.92447916666667,37.5,6.94010416666667));
#217=CARTESIAN_POINT($,(-7.33333333333333,40,5.66666666666667));
#218=CARTESIAN_POINT($,(-6.76302083333333,42.5,4.45572916666667));
#219=CARTESIAN_POINT($,(-6.22916666666667,45,3.35416666666667));
#220=CARTESIAN_POINT($,(-5.74739583333333,47.5,2.40885416666667));
#221=CARTESIAN_POINT($,(-5.33333333333333,50,1.66666666666667));
#222=CARTESIAN_POINT($,(-5.00260416666667,52.5,1.17447916666667));
#223=CARTESIAN_POINT($,(-4.77083333333333,55,0.979166666666666));
#224=CARTESIAN_POINT($,(-4.65364583333333,57.5,1.12760416666667));
#225=CARTESIAN_POINT($,(-4.66666666666667,60,1.66666666666667));
#226=CARTESIAN_POINT($,(-8.125,0,1.828125));
#227=CARTESIAN_POINT($,(-9.03564453125,2.5,5.2421875));
#228=CARTESIAN_POINT($,(-9.74609375,5,8.015625));
#229=CARTESIAN_POINT($,(-10.27099609375,7.5,10.1953125));
#230=CARTESIAN_POINT($,(-10.625,10,11.828125));
#231=CARTESIAN_POINT($,(-10.82275390625,12.5,12.9609375));
#232=CARTESIAN_POINT($,(-10.87890625,15,13.640625));
#233=CARTESIAN_POINT($,(-10.80810546875,17.5,13.9140625));
#234=CARTESIAN_POINT($,(-10.625,20,13.828125));
#235=CARTESIAN_POINT($,(-10.34423828125,22.5,13.4296875));
#236=CARTESIAN_POINT($,(-9.98046875,25,12.765625));
#237=CARTESIAN_POINT($,(-9.54833984375,27.5,11.8828125));
#238=CARTESIAN_POINT($,(-9.0625,30,10.828125));
#239=CARTESIAN_POINT($,(-8.53759765625,32.5,9.6484375));
#240=CARTESIAN_POINT($,(-7.98828125,35,8.390625));
#241=CARTESIAN_POINT($,(-7.42919921875,37.5,7.1015625));
#242=CARTESIAN_POINT($,(-6.875,40,5.828125));
#243=CARTESIAN_POINT($,(-6.34033203125,42.5,4.6171875));
#244=CARTESIAN_POINT($,(-5.83984375,45,3.515625));
#245=CARTESIAN_POINT($,(-5.38818359375,47.5,2.5703125));
#246=CARTESIAN_POINT($,(-5,50,1.828125));
#247=CARTESIAN_POINT($,(-4.68994140625,52.5,1.3359375));
#248=CARTESIAN_POINT($,(-4.47265625,55,1.140625));
#249=CARTESIAN_POINT($,(-4.36279296875,57.5,1.2890625));
#250=CARTESIAN_POINT($,(-4.375,60,1.828125));
#251=CARTESIAN_POINT($,(-7.58333333333333,0,1.97916666666667));
#252=CARTESIAN_POINT($,(-8.43326822916667,2.5,5.39322916666667));
#253=CARTESIAN_POINT($,(-9.09635416666666,5,8.16666666666666));
#254=CARTESIAN_POINT($,(-9.58626302083333,7.5,10.3463541666667));
#255=CARTESIAN_POINT($,(-9.91666666666667,10,11.9791666666667));
#256=CARTESIAN_POINT($,(-10.1012369791667,12.5,13.1119791666667));
#257=CARTESIAN_POINT($,(-10.1536458333333,15,13.7916666666667));
#258=CARTESIAN_POINT($,(-10.0875651041667,17.5,14.0651041666667));
#259=CARTESIAN_POINT($,(-9.91666666666667,20,13.9791666666667));
#260=CARTESIAN_POINT($,(-9.65462239583333,22.5,13.5807291666667));
#261=CARTESIAN_POINT($,(-9.31510416666666,25,12.9166666666667));
#262=CARTESIAN_POINT($,(-8.91178385416667,27.5,12.0338541666667));
#263=CARTESIAN_POINT($,(-8.45833333333333,30,10.9791666666667));
#264=CARTESIAN_POINT($,(-7.96842447916667,32.5,9.79947916666667));
#265=CARTESIAN_POINT($,(-7.45572916666667,35,8.54166666666666));
#266=CARTESIAN_POINT($,(-6.93391927083333,37.5,7.25260416666667));
#267=CARTESIAN_POINT($,(-6.41666666666667,40,5.97916666666667));
#268=CARTESIAN_POINT($,(-5.91764322916667,42.5,4.76822916666667));
#269=CARTESIAN_POINT($,(-5.45052083333333,45,3.66666666666667));
#270=CARTESIAN_POINT($,(-5.02897135416667,47.5,2.72135416666667));
#271=CARTESIAN_POINT($,(-4.66666666666666,50,1.97916666666667));
#272=CARTESIAN_POINT($,(-4.37727864583333,52.5,1.48697916666667));
#273=CARTESIAN_POINT($,(-4.17447916666666,55,1.29166666666667));
#274=CARTESIAN_POINT($,(-4.07194010416667,57.5,1.44010416666667));
#275=CARTESIAN_POINT($,(-4.08333333333333,60,1.97916666666667));
#276=CARTESIAN_POINT($,(-7.04166666666667,0,2.11979166666667));
#277=CARTESIAN_POINT($,(-7.83089192708333,2.5,5.53385416666667));
#278=CARTESIAN_POINT($,(-8.44661458333333,5,8.30729166666666));
#279=CARTESIAN_POINT($,(-8.90152994791667,7.5,10.4869791666667));
#280=CARTESIAN_POINT($,(-9.20833333333333,10,12.1197916666667));
#281=CARTESIAN_POINT($,(-9.37972005208333,12.5,13.2526041666667));
#282=CARTESIAN_POINT($,(-9.42838541666666,15,13.9322916666667));
#283=CARTESIAN_POINT($,(-9.36702473958333,17.5,14.2057291666667));
#284=CARTESIAN_POINT($,(-9.20833333333333,20,14.1197916666667));
#285=CARTESIAN_POINT($,(-8.96500651041666,22.5,13.7213541666667));
#286=CARTESIAN_POINT($,(-8.64973958333333,25,13.0572916666667));
#287=CARTESIAN_POINT($,(-8.27522786458334,27.5,12.1744791666667));
#288=CARTESIAN_POINT($,(-7.85416666666667,30,11.1197916666667));
#289=CARTESIAN_POINT($,(-7.39925130208333,32.5,9.94010416666667));
#290=CARTESIAN_POINT($,(-6.92317708333333,35,8.68229166666666));
#291=CARTESIAN_POINT($,(-6.43863932291667,37.5,7.39322916666667));
#292=CARTESIAN_POINT($,(-5.95833333333333,40,6.11979166666667));
#293=CARTESIAN_POINT($,(-5.49495442708333,42.5,4.90885416666667));
#294=CARTESIAN_POINT($,(-5.06119791666667,45,3.80729166666667));
#295=CARTESIAN_POINT($,(-4.66975911458333,47.5,2.86197916666667));
#296=CARTESIAN_POINT($,(-4.33333333333333,50,2.11979166666667));
#297=CARTESIAN_POINT($,(-4.06461588541667,52.5,1.62760416666667));
#298=CARTESIAN_POINT($,(-3.87630208333333,55,1.43229166666667));
#299=CARTESIAN_POINT($,(-3.78108723958333,57.5,1.58072916666667));
#300=CARTESIAN_POINT($,(-3.79166666666667,60,2.11979166666667));
#301=CARTESIAN_POINT($,(-6.5,0,2.25));
#302=CARTESIAN_POINT($,(-7.228515625,2.5,5.6640625));
#303=CARTESIAN_POINT($,(-7.796875,5,8.4375));
#304=CARTESIAN_POINT($,(-8.216796875,7.5,10.6171875));
#305=CARTESIAN_POINT($,(-8.5,10,12.25));
#306=CARTESIAN_POINT($,(-8.658203125,12.5,13.3828125));
#307=CARTESIAN_POINT($,(-8.703125,15,14.0625));
#308=CARTESIAN_POINT($,(-8.646484375,17.5,14.3359375));
#309=CARTESIAN_POINT($,(-8.5,20,14.25));
#310=CARTESIAN_POINT($,(-8.275390625,22.5,13.8515625));
#311=CARTESIAN_POINT($,(-7.984375,25,13.1875));
#312=CARTESIAN_POINT($,(-7.638671875,27.5,12.3046875));
#313=CARTESIAN_POINT($,(-7.25,30,11.25));
#314=CARTESIAN_POINT($,(-6.830078125,32.5,10.0703125));
#315=CARTESIAN_POINT($,(-6.390625,35,8.8125));
#316=CARTESIAN_POINT($,(-5.943359375,37.5,7.5234375));
#317=CARTESIAN_POINT($,(-5.5,40,6.25));
#318=CARTESIAN_POINT($,(-5.072265625,42.5,5.0390625));
#319=CARTESIAN_POINT($,(-4.671875,45,3.9375));
#320=CARTESIAN_POINT($,(-4.310546875,47.5,2.9921875));
#321=CARTESIAN_POINT($,(-4,50,2.25));
#322=CARTESIAN_POINT($,(-3.751953125,52.5,1.7578125));
#323=CARTESIAN_POINT($,(-3.578125,55,1.5625));
#324=CARTESIAN_POINT($,(-3.490234375,57.5,1.7109375));
#325=CARTESIAN_POINT($,(-3.5,60,2.25));
#326=CARTESIAN_POINT($,(-5.95833333333333,0,2.36979166666667));
#327=CARTESIAN_POINT($,(-6.62613932291667,2.5,5.78385416666667));
#328=CARTESIAN_POINT($,(-7.14713541666667,5,8.55729166666666));
#329=CARTESIAN_POINT($,(-7.53206380208333,7.5,10.7369791666667));
#330=CARTESIAN_POINT($,(-7.79166666666667,10,12.3697916666667));
#331=CARTESIAN_POINT($,(-7.93668619791667,12.5,13.5026041666667));
#332=CARTESIAN_POINT($,(-7.97786458333333,15,14.1822916666667));
#333=CARTESIAN_POINT($,(-7.92594401041667,17.5,14.4557291666667));
#334=CARTESIAN_POINT($,(-7.79166666666667,20,14.3697916666667));
#335=CARTESIAN_POINT($,(-7.58577473958333,22.5,13.9713541666667));
#336=CARTESIAN_POINT($,(-7.31901041666667,25,13.3072916666667));
#337=CARTESIAN_POINT($,(-7.00211588541667,27.5,12.4244791666667));
#338=CARTESIAN_POINT($,(-6.64583333333333,30,11.3697916666667));
#339=CARTESIAN_POINT($,(-6.26090494791667,32.5,10.1901041666667));
#340=CARTESIAN_POINT($,(-5.85807291666667,35,8.93229166666666));
#341=CARTESIAN_POINT($,(-5.44807942708333,37.5,7.64322916666666));
#342=CARTESIAN_POINT($,(-5.04166666666667,40,6.36979166666667));
#343=CARTESIAN_POINT($,(-4.64957682291667,42.5,5.15885416666666));
#344=CARTESIAN_POINT($,(-4.28255208333333,45,4.05729166666667));
#345=CARTESIAN_POINT($,(-3.95133463541667,47.5,3.11197916666667));
#346=CARTESIAN_POINT($,(-3.66666666666667,50,2.36979166666666));
#347=CARTESIAN_POINT($,(-3.43929036458333,52.5,1.87760416666667));
#348=CARTESIAN_POINT($,(-3.27994791666667,55,1.68229166666667));
#349=CARTESIAN_POINT($,(-3.19938151041667,57.5,1.83072916666667));
#350=CARTESIAN_POINT($,(-3.20833333333333,60,2.36979166666667));
#351=CARTESIAN_POINT($,(-5.41666666666667,0,2.47916666666667));
#352=CARTESIAN_POINT($,(-6.02376302083333,2.5,5.89322916666667));
#353=CARTESIAN_POINT($,(-6.49739583333333,5,8.66666666666666));
#354=CARTESIAN_POINT($,(-6.84733072916667,7.5,10.8463541666667));
#355=CARTESIAN_POINT($,(-7.08333333333333,10,12.4791666666667));
#356=CARTESIAN_POINT($,(-7.21516927083333,12.5,13.6119791666667));
#357=CARTESIAN_POINT($,(-7.25260416666667,15,14.2916666666667));
#358=CARTESIAN_POINT($,(-7.20540364583333,17.5,14.5651041666667));
#359=CARTESIAN_POINT($,(-7.08333333333333,20,14.4791666666667));
#360=CARTESIAN_POINT($,(-6.89615885416667,22.5,14.0807291666667));
#361=CARTESIAN_POINT($,(-6.65364583333333,25,13.4166666666667));
#362=CARTESIAN_POINT($,(-6.36555989583333,27.5,12.5338541666667));
#363=CARTESIAN_POINT($,(-6.04166666666667,30,11.4791666666667));
#364=CARTESIAN_POINT($,(-5.69173177083333,32.5,10.2994791666667));
#365=CARTESIAN_POINT($,(-5.32552083333333,35,9.04166666666666));
#366=CARTESIAN_POINT($,(-4.95279947916666,37.5,7.75260416666666));
#367=CARTESIAN_POINT($,(-4.58333333333333,40,6.47916666666667));
#368=CARTESIAN_POINT($,(-4.22688802083333,42.5,5.26822916666667));
#369=CARTESIAN_POINT($,(-3.89322916666667,45,4.16666666666667));
#370=CARTESIAN_POINT($,(-3.59212239583333,47.5,3.22135416666667));
#371=CARTESIAN_POINT($,(-3.33333333333333,50,2.47916666666667));
#372=CARTESIAN_POINT($,(-3.12662760416667,52.5,1.98697916666667));
#373=CARTESIAN_POINT($,(-2.98177083333333,55,1.79166666666667));
#374=CARTESIAN_POINT($,(-2.90852864583333,57.5,1.94010416666667));
#375=CARTESIAN_POINT($,(-2.91666666666667,60,2.47916666666667));
#376=CARTESIAN_POINT($,(-4.875,0,2.578125));
#377=CARTESIAN_POINT($,(-5.42138671875,2.5,5.9921875));
#378=CARTESIAN_POINT($,(-5.84765625,5,8.765625));
#379=CARTESIAN_POINT($,(-6.16259765625,7.5,10.9453125));
#380=CARTESIAN_POINT($,(-6.375,10,12.578125));
#381=CARTESIAN_POINT($,(-6.49365234375,12.5,13.7109375));
#382=CARTESIAN_POINT($,(-6.52734375,15,14.390625));
#383=CARTESIAN_POINT($,(-6.48486328125,17.5,14.6640625));
#384=CARTESIAN_POINT($,(-6.375,20,14.578125));
#385=CARTESIAN_POINT($,(-6.20654296875,22.5,14.1796875));
#386=CARTESIAN_POINT($,(-5.98828125,25,13.515625));
#387=CARTESIAN_POINT($,(-5.72900390625,27.5,12.6328125));
#388=CARTESIAN_POINT($,(-5.4375,30,11.578125));
#389=CARTESIAN_POINT($,(-5.12255859375,32.5,10.3984375));
#390=CARTESIAN_POINT($,(-4.79296875,35,9.140625));
#391=CARTESIAN_POINT($,(-4.45751953125,37.5,7.8515625));
#392=CARTESIAN_POINT($,(-4.125,40,6.578125));
#393=CARTESIAN_POINT($,(-3.80419921875,42.5,5.3671875));
#394=CARTESIAN_POINT($,(-3.50390625,45,4.265625));
#395=CARTESIAN_POINT($,(-3.23291015625,47.5,3.3203125));
#396=CARTESIAN_POINT($,(-3,50,2.578125));
#397=CARTESIAN_POINT($,(-2.81396484375,52.5,2.0859375));
#398=CARTESIAN_POINT($,(-2.68359375,55,1.890625));
#399=CARTESIAN_POINT($,(-2.61767578125,57.5,2.0390625));
#400=CARTESIAN_POINT($,(-2.625,60,2.578125));
#401=CARTESIAN_POINT($,(-4.33333333333333,0,2.66666666666667));
#402=CARTESIAN_POINT($,(-4.81901041666667,2.5,6.08072916666667));
#403=CARTESIAN_POINT($,(-5.19791666666667,5,8.85416666666666));
#404=CARTESIAN_POINT($,(-5.47786458333333,7.5,11.0338541666667));
#405=CARTESIAN_POINT($,(-5.66666666666667,10,12.6666666666667));
#406=CARTESIAN_POINT($,(-5.77213541666667,12.5,13.7994791666667));
#407=CARTESIAN_POINT($,(-5.80208333333333,15,14.4791666666667));
#408=CARTESIAN_POINT($,(-5.76432291666667,17.5,14.7526041666667));
#409=CARTESIAN_POINT($,(-5.66666666666667,20,14.6666666666667));
#410=CARTESIAN_POINT($,(-5.51692708333333,22.5,14.2682291666667));
#411=CARTESIAN_POINT($,(-5.32291666666667,25,13.6041666666667));
#412=CARTESIAN_POINT($,(-5.09244791666667,27.5,12.7213541666667));
#413=CARTESIAN_POINT($,(-4.83333333333333,30,11.6666666666667));
#414=CARTESIAN_POINT($,(-4.55338541666667,32.5,10.4869791666667));
#415=CARTESIAN_POINT($,(-4.26041666666667,35,9.22916666666666));
#416=CARTESIAN_POINT($,(-3.96223958333333,37.5,7.94010416666666));
#417=CARTESIAN_POINT($,(-3.66666666666667,40,6.66666666666667));
#418=CARTESIAN_POINT($,(-3.38151041666667,42.5,5.45572916666667));
#419=CARTESIAN_POINT($,(-3.11458333333333,45,4.35416666666667));
#420=CARTESIAN_POINT($,(-2.87369791666667,47.5,3.40885416666667));
#421=CARTESIAN_POINT($,(-2.66666666666667,50,2.66666666666666));
#422=CARTESIAN_POINT($,(-2.50130208333333,52.5,2.17447916666667));
#423=CARTESIAN_POINT($,(-2.38541666666667,55,1.97916666666667));
#424=CARTESIAN_POINT($,(-2.32682291666667,57.5,2.12760416666667));
#425=CARTESIAN_POINT($,(-2.33333333333333,60,2.66666666666667));
#426=CARTESIAN_POINT($,(-3.79166666666667,0,2.74479166666667));
#427=CARTESIAN_POINT($,(-4.21663411458333,2.5,6.15885416666667));
#428=CARTESIAN_POINT($,(-4.54817708333333,5,8.93229166666666));
#429=CARTESIAN_POINT($,(-4.79313151041667,7.5,11.1119791666667));
#430=CARTESIAN_POINT($,(-4.95833333333333,10,12.7447916666667));
#431=CARTESIAN_POINT($,(-5.05061848958333,12.5,13.8776041666667));
#432=CARTESIAN_POINT($,(-5.07682291666667,15,14.5572916666667));
#433=CARTESIAN_POINT($,(-5.04378255208333,17.5,14.8307291666667));
#434=CARTESIAN_POINT($,(-4.95833333333333,20,14.7447916666667));
#435=CARTESIAN_POINT($,(-4.82731119791667,22.5,14.3463541666667));
#436=CARTESIAN_POINT($,(-4.65755208333333,25,13.6822916666667));
#437=CARTESIAN_POINT($,(-4.45589192708333,27.5,12.7994791666667));
#438=CARTESIAN_POINT($,(-4.22916666666667,30,11.7447916666667));
#439=CARTESIAN_POINT($,(-3.98421223958333,32.5,10.5651041666667));
#440=CARTESIAN_POINT($,(-3.72786458333333,35,9.30729166666666));
#441=CARTESIAN_POINT($,(-3.46695963541666,37.5,8.01822916666666));
#442=CARTESIAN_POINT($,(-3.20833333333333,40,6.74479166666667));
#443=CARTESIAN_POINT($,(-2.95882161458333,42.5,5.53385416666667));
#444=CARTESIAN_POINT($,(-2.72526041666667,45,4.43229166666667));
#445=CARTESIAN_POINT($,(-2.51448567708333,47.5,3.48697916666667));
#446=CARTESIAN_POINT($,(-2.33333333333333,50,2.74479166666666));
#447=CARTESIAN_POINT($,(-2.18863932291667,52.5,2.25260416666667));
#448=CARTESIAN_POINT($,(-2.08723958333333,55,2.05729166666667));
#449=CARTESIAN_POINT($,(-2.03597005208333,57.5,2.20572916666667));
#450=CARTESIAN_POINT($,(-2.04166666666667,60,2.74479166666667));
#451=CARTESIAN_POINT($,(-3.25,0,2.8125));
#452=CARTESIAN_POINT($,(-3.6142578125,2.5,6.2265625));
#453=CARTESIAN_POINT($,(-3.8984375,5,9));
#454=CARTESIAN_POINT($,(-4.1083984375,7.5,11.1796875));
#455=CARTESIAN_POINT($,(-4.25,10,12.8125));
#456=CARTESIAN_POINT($,(-4.3291015625,12.5,13.9453125));
#457=CARTESIAN_POINT($,(-4.3515625,15,14.625));
#458=CARTESIAN_POINT($,(-4.3232421875,17.5,14.8984375));
#459=CARTESIAN_POINT($,(-4.25,20,14.8125));
#460=CARTESIAN_POINT($,(-4.1376953125,22.5,14.4140625));
#461=CARTESIAN_POINT($,(-3.9921875,25,13.75));
#462=CARTESIAN_POINT($,(-3.8193359375,27.5,12.8671875));
#463=CARTESIAN_POINT($,(-3.625,30,11.8125));
#464=CARTESIAN_POINT($,(-3.4150390625,32.5,10.6328125));
#465=CARTESIAN_POINT($,(-3.1953125,35,9.375));
#466=CARTESIAN_POINT($,(-2.9716796875,37.5,8.0859375));
#467=CARTESIAN_POINT($,(-2.75,40,6.8125));
#468=CARTESIAN_POINT($,(-2.5361328125,42.5,5.6015625));
#469=CARTESIAN_POINT($,(-2.3359375,45,4.5));
#470=CARTESIAN_POINT($,(-2.1552734375,47.5,3.5546875));
#471=CARTESIAN_POINT($,(-2,50,2.8125));
#472=CARTESIAN_POINT($,(-1.8759765625,52.5,2.3203125));
#473=CARTESIAN_POINT($,(-1.7890625,55,2.125));
#474=CARTESIAN_POINT($,(-1.7451171875,57.5,2.2734375));
#475=CARTESIAN_POINT($,(-1.75,60,2.8125));
#476=CARTESIAN_POINT($,(-2.70833333333333,0,2.86979166666667));
#477=CARTESIAN_POINT($,(-3.01188151041667,2.5,6.28385416666667));
#478=CARTESIAN_POINT($,(-3.24869791666667,5,9.05729166666666));
#479=CARTESIAN_POINT($,(-3.42366536458333,7.5,11.2369791666667));
#480=CARTESIAN_POINT($,(-3.54166666666667,10,12.8697916666667));
#481=CARTESIAN_POINT($,(-3.60758463541667,12.5,14.0026041666667));
#482=CARTESIAN_POINT($,(-3.62630208333333,15,14.6822916666667));
#483=CARTESIAN_POINT($,(-3.60270182291667,17.5,14.9557291666667));
#484=CARTESIAN_POINT($,(-3.54166666666667,20,14.8697916666667));
#485=CARTESIAN_POINT($,(-3.44807942708333,22.5,14.4713541666667));
#486=CARTESIAN_POINT($,(-3.32682291666667,25,13.8072916666667));
#487=CARTESIAN_POINT($,(-3.18277994791667,27.5,12.9244791666667));
#488=CARTESIAN_POINT($,(-3.02083333333333,30,11.8697916666667));
#489=CARTESIAN_POINT($,(-2.84586588541667,32.5,10.6901041666667));
#490=CARTESIAN_POINT($,(-2.66276041666667,35,9.43229166666666));
#491=CARTESIAN_POINT($,(-2.47639973958333,37.5,8.14322916666666));
#492=CARTESIAN_POINT($,(-2.29166666666667,40,6.86979166666667));
#493=CARTESIAN_POINT($,(-2.11344401041667,42.5,5.65885416666667));
#494=CARTESIAN_POINT($,(-1.94661458333333,45,4.55729166666667));
#495=CARTESIAN_POINT($,(-1.79606119791667,47.5,3.61197916666667));
#496=CARTESIAN_POINT($,(-1.66666666666667,50,2.86979166666666));
#497=CARTESIAN_POINT($,(-1.56331380208333,52.5,2.37760416666667));
#498=CARTESIAN_POINT($,(-1.49088541666667,55,2.18229166666667));
#499=CARTESIAN_POINT($,(-1.45426432291667,57.5,2.33072916666667));
#500=CARTESIAN_POINT($,(-1.45833333333333,60,2.86979166666667));
#501=CARTESIAN_POINT($,(-2.16666666666667,0,2.91666666666667));
#502=CARTESIAN_POINT($,(-2.40950520833333,2.5,6.33072916666667));
#503=CARTESIAN_POINT($,(-2.59895833333333,5,9.10416666666666));
#504=CARTESIAN_POINT($,(-2.73893229166667,7.5,11.2838541666667));
#505=CARTESIAN_POINT($,(-2.83333333333333,10,12.9166666666667));
#506=CARTESIAN_POINT($,(-2.88606770833333,12.5,14.0494791666667));
#507=CARTESIAN_POINT($,(-2.90104166666667,15,14.7291666666667));
#508=CARTESIAN_POINT($,(-2.88216145833333,17.5,15.0026041666667));
#509=CARTESIAN_POINT($,(-2.83333333333333,20,14.9166666666667));
#510=CARTESIAN_POINT($,(-2.75846354166667,22.5,14.5182291666667));
#511=CARTESIAN_POINT($,(-2.66145833333333,25,13.8541666666667));
#512=CARTESIAN_POINT($,(-2.54622395833333,27.5,12.9713541666667));
#513=CARTESIAN_POINT($,(-2.41666666666667,30,11.9166666666667));
#514=CARTESIAN_POINT($,(-2.27669270833333,32.5,10.7369791666667));
#515=CARTESIAN_POINT($,(-2.13020833333333,35,9.47916666666666));
#516=CARTESIAN_POINT($,(-1.98111979166667,37.5,8.19010416666666));
#517=CARTESIAN_POINT($,(-1.83333333333333,40,6.91666666666667));
#518=CARTESIAN_POINT($,(-1.69075520833333,42.5,5.70572916666667));
#519=CARTESIAN_POINT($,(-1.55729166666667,45,4.60416666666667));
#520=CARTESIAN_POINT($,(-1.43684895833333,47.5,3.65885416666667));
#521=CARTESIAN_POINT($,(-1.33333333333333,50,2.91666666666666));
#522=CARTESIAN_POINT($,(-1.25065104166667,52.5,2.42447916666667));
#523=CARTESIAN_POINT($,(-1.19270833333333,55,2.22916666666667));
#524=CARTESIAN_POINT($,(-1.16341145833333,57.5,2.37760416666667));
#525=CARTESIAN_POINT($,(-1.16666666666667,60,2.91666666666667));
#526=CARTESIAN_POINT($,(-1.625,0,2.953125));
#527=CARTESIAN_POINT($,(-1.80712890625,2.5,6.3671875));
#528=CARTESIAN_POINT($,(-1.94921875,5,9.140625));
#529=CARTESIAN_POINT($,(-2.05419921875,7.5,11.3203125));
#530=CARTESIAN_POINT($,(-2.125,10,12.953125));
#531=CARTESIAN_POINT($,(-2.16455078125,12.5,14.0859375));
#532=CARTESIAN_POINT($,(-2.17578125,15,14.765625));
#533=CARTESIAN_POINT($,(-2.16162109375,17.5,15.0390625));
#534=CARTESIAN_POINT($,(-2.125,20,14.953125));
#535=CARTESIAN_POINT($,(-2.06884765625,22.5,14.5546875));
#536=CARTESIAN_POINT($,(-1.99609375,25,13.890625));
#537=CARTESIAN_POINT($,(-1.90966796875,27.5,13.0078125));
#538=CARTESIAN_POINT($,(-1.8125,30,11.953125));
#539=CARTESIAN_POINT($,(-1.70751953125,32.5,10.7734375));
#540=CARTESIAN_POINT($,(-1.59765625,35,9.515625));
#541=CARTESIAN_POINT($,(-1.48583984375,37.5,8.2265625));
#542=CARTESIAN_POINT($,(-1.375,40,6.953125));
#543=CARTESIAN_POINT($,(-1.26806640625,42.5,5.7421875));
#544=CARTESIAN_POINT($,(-1.16796875,45,4.640625));
#545=CARTESIAN_POINT($,(-1.07763671875,47.5,3.6953125));
#546=CARTESIAN_POINT($,(-1,50,2.953125));
#547=CARTESIAN_POINT($,(-0.93798828125,52.5,2.4609375));
#548=CARTESIAN_POINT($,(-0.89453125,55,2.265625));
#549=CARTESIAN_POINT($,(-0.87255859375,57.5,2.4140625));
#550=CARTESIAN_POINT($,(-0.875,60,2.953125));
#551=CARTESIAN_POINT($,(-1.08333333333333,0,2.97916666666667));
#552=CARTESIAN_POINT($,(-1.20475260416667,2.5,6.39322916666667));
#553=CARTESIAN_POINT($,(-1.29947916666667,5,9.16666666666666));
#554=CARTESIAN_POINT($,(-1.36946614583333,7.5,11.3463541666667));
#555=CARTESIAN_POINT($,(-1.41666666666667,10,12.9791666666667));
#556=CARTESIAN_POINT($,(-1.44303385416667,12.5,14.1119791666667));
#557=CARTESIAN_POINT($,(-1.45052083333333,15,14.7916666666667));
#558=CARTESIAN_POINT($,(-1.44108072916667,17.5,15.0651041666667));
#559=CARTESIAN_POINT($,(-1.41666666666667,20,14.9791666666667));
#560=CARTESIAN_POINT($,(-1.37923177083333,22.5,14.5807291666667));
#561=CARTESIAN_POINT($,(-1.33072916666667,25,13.9166666666667));
#562=CARTESIAN_POINT($,(-1.27311197916667,27.5,13.0338541666667));
#563=CARTESIAN_POINT($,(-1.20833333333333,30,11.9791666666667));
#564=CARTESIAN_POINT($,(-1.13834635416667,32.5,10.7994791666667));
#565=CARTESIAN_POINT($,(-1.06510416666667,35,9.54166666666666));
#566=CARTESIAN_POINT($,(-0.990559895833334,37.5,8.25260416666666));
#567=CARTESIAN_POINT($,(-0.916666666666667,40,6.97916666666667));
#568=CARTESIAN_POINT($,(-0.845377604166667,42.5,5.76822916666666));
#569=CARTESIAN_POINT($,(-0.778645833333334,45,4.66666666666667));
#570=CARTESIAN_POINT($,(-0.718424479166667,47.5,3.72135416666667));
#571=CARTESIAN_POINT($,(-0.666666666666667,50,2.97916666666666));
#572=CARTESIAN_POINT($,(-0.625325520833334,52.5,2.48697916666667));
#573=CARTESIAN_POINT($,(-0.596354166666667,55,2.29166666666666));
#574=CARTESIAN_POINT($,(-0.581705729166667,57.5,2.44010416666667));
#575=CARTESIAN_POINT($,(-0.583333333333334,60,2.97916666666667));
#576=CARTESIAN_POINT($,(-0.541666666666666,0,2.99479166666667));
#577=CARTESIAN_POINT($,(-0.602376302083333,2.5,6.40885416666667));
#578=CARTESIAN_POINT($,(-0.649739583333333,5,9.18229166666666));
#579=CARTESIAN_POINT($,(-0.684733072916666,7.5,11.3619791666667));
#580=CARTESIAN_POINT($,(-0.708333333333333,10,12.9947916666667));
#581=CARTESIAN_POINT($,(-0.721516927083333,12.5,14.1276041666667));
#582=CARTESIAN_POINT($,(-0.725260416666666,15,14.8072916666667));
#583=CARTESIAN_POINT($,(-0.720540364583333,17.5,15.0807291666667));
#584=CARTESIAN_POINT($,(-0.708333333333333,20,14.9947916666667));
#585=CARTESIAN_POINT($,(-0.689615885416666,22.5,14.5963541666667));
#586=CARTESIAN_POINT($,(-0.665364583333333,25,13.9322916666667));
#587=CARTESIAN_POINT($,(-0.636555989583333,27.5,13.0494791666667));
#588=CARTESIAN_POINT($,(-0.604166666666666,30,11.9947916666667));
#589=CARTESIAN_POINT($,(-0.569173177083333,32.5,10.8151041666667));
#590=CARTESIAN_POINT($,(-0.532552083333333,35,9.55729166666666));
#591=CARTESIAN_POINT($,(-0.495279947916666,37.5,8.26822916666666));
#592=CARTESIAN_POINT($,(-0.458333333333333,40,6.99479166666667));
#593=CARTESIAN_POINT($,(-0.422688802083333,42.5,5.78385416666667));
#594=CARTESIAN_POINT($,(-0.389322916666666,45,4.68229166666667));
#595=CARTESIAN_POINT($,(-0.359212239583333,47.5,3.73697916666667));
#596=CARTESIAN_POINT($,(-0.333333333333333,50,2.99479166666666));
#597=CARTESIAN_POINT($,(-0.312662760416667,52.5,2.50260416666667));
#598=CARTESIAN_POINT($,(-0.298177083333333,55,2.30729166666667));
#599=CARTESIAN_POINT($,(-0.290852864583333,57.5,2.45572916666667));
#600=CARTESIAN_POINT($,(-0.291666666666667,60,2.99479166666667));
#601=CARTESIAN_POINT($,(0.000000000000001,0,3));
#602=CARTESIAN_POINT($,(0,2.5,6.4140625));
#603=CARTESIAN_POINT($,(-0,5,9.1875));
#604=CARTESIAN_POINT($,(-0,7.5,11.3671875));
#605=CARTESIAN_POINT($,(-0.000000000000001,10,13));
#606=CARTESIAN_POINT($,(-0.000000000000001,12.5,14.1328125));
#607=CARTESIAN_POINT($,(-0.000000000000001,15,14.8125));
#608=CARTESIAN_POINT($,(-0.000000000000001,17.5,15.0859375));
#609=CARTESIAN_POINT($,(-0.000000000000001,20,15));
#610=CARTESIAN_POINT($,(-0.000000000000001,22.5,14.6015625));
#611=CARTESIAN_POINT($,(-0.000000000000001,25,13.9375));
#612=CARTESIAN_POINT($,(-0,27.5,13.0546875));
#613=CARTESIAN_POINT($,(-0,30,12));
#614=CARTESIAN_POINT($,(-0,32.5,10.8203125));
#615=CARTESIAN_POINT($,(0,35,9.5625));
#616=CARTESIAN_POINT($,(0,37.5,8.2734375));
#617=CARTESIAN_POINT($,(0,40,7));
#618=CARTESIAN_POINT($,(0.000000000000001,42.5,5.7890625));
#619=CARTESIAN_POINT($,(0.000000000000001,45,4.6875));
#620=CARTESIAN_POINT($,(0.000000000000001,47.5,3.7421875));
#621=CARTESIAN_POINT($,(0.000000000000001,50,3));
#622=CARTESIAN_POINT($,(0,52.5,2.5078125));
#623=CARTESIAN_POINT($,(0,55,2.3125));
#624=CARTESIAN_POINT($,(-0,57.5,2.4609375));
#625=CARTESIAN_POINT($,(-0,60,3));
#626=CARTESIAN_POINT($,(0.54166666666667,0,2.99479166666667));
#627=CARTESIAN_POINT($,(0.602376302083336,2.5,6.40885416666667));
#628=CARTESIAN_POINT($,(0.649739583333335,5,9.18229166666666));
#629=CARTESIAN_POINT($,(0.684733072916668,7.5,11.3619791666667));
#630=CARTESIAN_POINT($,(0.708333333333334,10,12.9947916666667));
#631=CARTESIAN_POINT($,(0.721516927083334,12.5,14.1276041666667));
#632=CARTESIAN_POINT($,(0.725260416666667,15,14.8072916666667));
#633=CARTESIAN_POINT($,(0.720540364583334,17.5,15.0807291666667));
#634=CARTESIAN_POINT($,(0.708333333333334,20,14.9947916666667));
#635=CARTESIAN_POINT($,(0.689615885416667,22.5,14.5963541666667));
#636=CARTESIAN_POINT($,(0.665364583333334,25,13.9322916666667));
#637=CARTESIAN_POINT($,(0.636555989583334,27.5,13.0494791666667));
#638=CARTESIAN_POINT($,(0.604166666666668,30,11.9947916666667));
#639=CARTESIAN_POINT($,(0.569173177083334,32.5,10.8151041666667));
#640=CARTESIAN_POINT($,(0.532552083333334,35,9.55729166666666));
#641=CARTESIAN_POINT($,(0.495279947916668,37.5,8.26822916666666));
#642=CARTESIAN_POINT($,(0.458333333333335,40,6.99479166666667));
#643=CARTESIAN_POINT($,(0.422688802083335,42.5,5.78385416666667));
#644=CARTESIAN_POINT($,(0.389322916666668,45,4.68229166666667));
#645=CARTESIAN_POINT($,(0.359212239583335,47.5,3.73697916666667));
#646=CARTESIAN_POINT($,(0.333333333333335,50,2.99479166666666));
#647=CARTESIAN_POINT($,(0.312662760416668,52.5,2.50260416666667));
#648=CARTESIAN_POINT($,(0.298177083333334,55,2.30729166666667));
#649=CARTESIAN_POINT($,(0.290852864583334,57.5,2.45572916666667));
#650=CARTESIAN_POINT($,(0.291666666666667,60,2.99479166666667));
#651=CARTESIAN_POINT($,(1.08333333333333,0,2.97916666666667));
#652=CARTESIAN_POINT($,(1.20475260416666,2.5,6.39322916666667));
#653=CARTESIAN_POINT($,(1.29947916666666,5,9.16666666666666));
#654=CARTESIAN_POINT($,(1.36946614583333,7.5,11.3463541666667));
#655=CARTESIAN_POINT($,(1.41666666666666,10,12.9791666666667));
#656=CARTESIAN_POINT($,(1.44303385416666,12.5,14.1119791666667));
#657=CARTESIAN_POINT($,(1.45052083333333,15,14.7916666666667));
#658=CARTESIAN_POINT($,(1.44108072916666,17.5,15.0651041666667));
#659=CARTESIAN_POINT($,(1.41666666666666,20,14.9791666666667));
#660=CARTESIAN_POINT($,(1.37923177083333,22.5,14.5807291666667));
#661=CARTESIAN_POINT($,(1.33072916666666,25,13.9166666666667));
#662=CARTESIAN_POINT($,(1.27311197916666,27.5,13.0338541666667));
#663=CARTESIAN_POINT($,(1.20833333333333,30,11.9791666666667));
#664=CARTESIAN_POINT($,(1.13834635416667,32.5,10.7994791666667));
#665=CARTESIAN_POINT($,(1.06510416666667,35,9.54166666666666));
#666=CARTESIAN_POINT($,(0.990559895833332,37.5,8.25260416666666));
#667=CARTESIAN_POINT($,(0.916666666666667,40,6.97916666666667));
#668=CARTESIAN_POINT($,(0.845377604166667,42.5,5.76822916666666));
#669=CARTESIAN_POINT($,(0.778645833333334,45,4.66666666666667));
#670=CARTESIAN_POINT($,(0.718424479166667,47.5,3.72135416666667));
#671=CARTESIAN_POINT($,(0.666666666666667,50,2.97916666666666));
#672=CARTESIAN_POINT($,(0.625325520833334,52.5,2.48697916666667));
#673=CARTESIAN_POINT($,(0.596354166666667,55,2.29166666666666));
#674=CARTESIAN_POINT($,(0.581705729166666,57.5,2.44010416666667));
#675=CARTESIAN_POINT($,(0.583333333333332,60,2.97916666666667));
#676=CARTESIAN_POINT($,(1.625,0,2.953125));
#677=CARTESIAN_POINT($,(1.80712890625,2.5,6.3671875));
#678=CARTESIAN_POINT($,(1.94921875,5,9.140625));
#679=CARTESIAN_POINT($,(2.05419921875,7.5,11.3203125));
#680=CARTESIAN_POINT($,(2.125,10,12.953125));
#681=CARTESIAN_POINT($,(2.16455078125,12.5,14.0859375));
#682=CARTESIAN_POINT($,(2.17578125,15,14.765625));
#683=CARTESIAN_POINT($,(2.16162109375,17.5,15.0390625));
#684=CARTESIAN_POINT($,(2.125,20,14.953125));
#685=CARTESIAN_POINT($,(2.06884765625,22.5,14.5546875));
#686=CARTESIAN_POINT($,(1.99609375,25,13.890625));
#687=CARTESIAN_POINT($,(1.90966796875,27.5,13.0078125));
#688=CARTESIAN_POINT($,(1.8125,30,11.953125));
#689=CARTESIAN_POINT($,(1.70751953125,32.5,10.7734375));
#690=CARTESIAN_POINT($,(1.59765625,35,9.515625));
#691=CARTESIAN_POINT($,(1.48583984375,37.5,8.2265625));
#692=CARTESIAN_POINT($,(1.375,40,6.953125));
#693=CARTESIAN_POINT($,(1.26806640625,42.5,5.7421875));
#694=CARTESIAN_POINT($,(1.16796875,45,4.640625));
#695=CARTESIAN_POINT($,(1.07763671875,47.5,3.6953125));
#696=CARTESIAN_POINT($,(0.999999999999999,50,2.953125));
#697=CARTESIAN_POINT($,(0.93798828125,52.5,2.4609375));
#698=CARTESIAN_POINT($,(0.894531249999999,55,2.265625));
#699=CARTESIAN_POINT($,(0.872558593749999,57.5,2.4140625));
#700=CARTESIAN_POINT($,(0.874999999999999,60,2.953125));
#701=CARTESIAN_POINT($,(2.16666666666667,0,2.91666666666667));
#702=CARTESIAN_POINT($,(2.40950520833333,2.5,6.33072916666667));
#703=CARTESIAN_POINT($,(2.59895833333333,5,9.10416666666666));
#704=CARTESIAN_POINT($,(2.73893229166667,7.5,11.2838541666667));
#705=CARTESIAN_POINT($,(2.83333333333333,10,12.9166666666667));
#706=CARTESIAN_POINT($,(2.88606770833333,12.5,14.0494791666667));
#707=CARTESIAN_POINT($,(2.90104166666667,15,14.7291666666667));
#708=CARTESIAN_POINT($,(2.88216145833333,17.5,15.0026041666667));
#709=CARTESIAN_POINT($,(2.83333333333333,20,14.9166666666667));
#710=CARTESIAN_POINT($,(2.75846354166667,22.5,14.5182291666667));
#711=CARTESIAN_POINT($,(2.66145833333333,25,13.8541666666667));
#712=CARTESIAN_POINT($,(2.54622395833333,27.5,12.9713541666667));
#713=CARTESIAN_POINT($,(2.41666666666667,30,11.9166666666667));
#714=CARTESIAN_POINT($,(2.27669270833333,32.5,10.7369791666667));
#715=CARTESIAN_POINT($,(2.13020833333333,35,9.47916666666666));
#716=CARTESIAN_POINT($,(1.98111979166667,37.5,8.19010416666666));
#717=CARTESIAN_POINT($,(1.83333333333333,40,6.91666666666667));
#718=CARTESIAN_POINT($,(1.69075520833333,42.5,5.70572916666667));
#719=CARTESIAN_POINT($,(1.55729166666667,45,4.60416666666667));
#720=CARTESIAN_POINT($,(1.43684895833333,47.5,3.65885416666667));
#721=CARTESIAN_POINT($,(1.33333333333333,50,2.91666666666666));
#722=CARTESIAN_POINT($,(1.25065104166667,52.5,2.42447916666667));
#723=CARTESIAN_POINT($,(1.19270833333333,55,2.22916666666667));
#724=CARTESIAN_POINT($,(1.16341145833333,57.5,2.37760416666667));
#725=CARTESIAN_POINT($,(1.16666666666667,60,2.91666666666667));
#726=CARTESIAN_POINT($,(2.70833333333333,0,2.86979166666667));
#727=CARTESIAN_POINT($,(3.01188151041667,2.5,6.28385416666667));
#728=CARTESIAN_POINT($,(3.24869791666667,5,9.05729166666666));
#729=CARTESIAN_POINT($,(3.42366536458333,7.5,11.2369791666667));
#730=CARTESIAN_POINT($,(3.54166666666667,10,12.8697916666667));
#731=CARTESIAN_POINT($,(3.60758463541667,12.5,14.0026041666667));
#732=CARTESIAN_POINT($,(3.62630208333333,15,14.6822916666667));
#733=CARTESIAN_POINT($,(3.60270182291667,17.5,14.9557291666667));
#734=CARTESIAN_POINT($,(3.54166666666667,20,14.8697916666667));
#735=CARTESIAN_POINT($,(3.44807942708333,22.5,14.4713541666667));
#736=CARTESIAN_POINT($,(3.32682291666667,25,13.8072916666667));
#737=CARTESIAN_POINT($,(3.18277994791667,27.5,12.9244791666667));
#738=CARTESIAN_POINT($,(3.02083333333333,30,11.8697916666667));
#739=CARTESIAN_POINT($,(2.84586588541667,32.5,10.6901041666667));
#740=CARTESIAN_POINT($,(2.66276041666667,35,9.43229166666666));
#741=CARTESIAN_POINT($,(2.47639973958333,37.5,8.14322916666666));
#742=CARTESIAN_POINT($,(2.29166666666667,40,6.86979166666667));
#743=CARTESIAN_POINT($,(2.11344401041667,42.5,5.65885416666667));
#744=CARTESIAN_POINT($,(1.94661458333333,45,4.55729166666667));
#745=CARTESIAN_POINT($,(1.79606119791666,47.5,3.61197916666667));
#746=CARTESIAN_POINT($,(1.66666666666666,50,2.86979166666666));
#747=CARTESIAN_POINT($,(1.56331380208333,52.5,2.37760416666667));
#748=CARTESIAN_POINT($,(1.49088541666666,55,2.18229166666667));
#749=CARTESIAN_POINT($,(1.45426432291667,57.5,2.33072916666667));
#750=CARTESIAN_POINT($,(1.45833333333333,60,2.86979166666667));
#751=CARTESIAN_POINT($,(3.25,0,2.8125));
#752=CARTESIAN_POINT($,(3.6142578125,2.5,6.2265625));
#753=CARTESIAN_POINT($,(3.8984375,5,9));
#754=CARTESIAN_POINT($,(4.1083984375,7.5,11.1796875));
#755=CARTESIAN_POINT($,(4.25,10,12.8125));
#756=CARTESIAN_POINT($,(4.3291015625,12.5,13.9453125));
#757=CARTESIAN_POINT($,(4.3515625,15,14.625));
#758=CARTESIAN_POINT($,(4.3232421875,17.5,14.8984375));
#759=CARTESIAN_POINT($,(4.25,20,14.8125));
#760=CARTESIAN_POINT($,(4.1376953125,22.5,14.4140625));
#761=CARTESIAN_POINT($,(3.9921875,25,13.75));
#762=CARTESIAN_POINT($,(3.8193359375,27.5,12.8671875));
#763=CARTESIAN_POINT($,(3.625,30,11.8125));
#764=CARTESIAN_POINT($,(3.4150390625,32.5,10.6328125));
#765=CARTESIAN_POINT($,(3.1953125,35,9.375));
#766=CARTESIAN_POINT($,(2.9716796875,37.5,8.0859375));
#767=CARTESIAN_POINT($,(2.75,40,6.8125));
#768=CARTESIAN_POINT($,(2.5361328125,42.5,5.6015625));
#769=CARTESIAN_POINT($,(2.3359375,45,4.5));
#770=CARTESIAN_POINT($,(2.1552734375,47.5,3.5546875));
#771=CARTESIAN_POINT($,(2,50,2.8125));
#772=CARTESIAN_POINT($,(1.8759765625,52.5,2.3203125));
#773=CARTESIAN_POINT($,(1.7890625,55,2.125));
#774=CARTESIAN_POINT($,(1.7451171875,57.5,2.2734375));
#775=CARTESIAN_POINT($,(1.75,60,2.8125));
#776=CARTESIAN_POINT($,(3.79166666666667,0,2.74479166666667));
#777=CARTESIAN_POINT($,(4.21663411458333,2.5,6.15885416666667));
#778=CARTESIAN_POINT($,(4.54817708333333,5,8.93229166666666));
#779=CARTESIAN_POINT($,(4.79313151041667,7.5,11.1119791666667));
#780=CARTESIAN_POINT($,(4.95833333333333,10,12.7447916666667));
#781=CARTESIAN_POINT($,(5.05061848958333,12.5,13.8776041666667));
#782=CARTESIAN_POINT($,(5.07682291666667,15,14.5572916666667));
#783=CARTESIAN_POINT($,(5.04378255208333,17.5,14.8307291666667));
#784=CARTESIAN_POINT($,(4.95833333333333,20,14.7447916666667));
#785=CARTESIAN_POINT($,(4.82731119791667,22.5,14.3463541666667));
#786=CARTESIAN_POINT($,(4.65755208333333,25,13.6822916666667));
#787=CARTESIAN_POINT($,(4.45589192708333,27.5,12.7994791666667));
#788=CARTESIAN_POINT($,(4.22916666666667,30,11.7447916666667));
#789=CARTESIAN_POINT($,(3.98421223958333,32.5,10.5651041666667));
#790=CARTESIAN_POINT($,(3.72786458333333,35,9.30729166666666));
#791=CARTESIAN_POINT($,(3.46695963541667,37.5,8.01822916666666));
#792=CARTESIAN_POINT($,(3.20833333333333,40,6.74479166666667));
#793=CARTESIAN_POINT($,(2.95882161458333,42.5,5.53385416666666));
#794=CARTESIAN_POINT($,(2.72526041666667,45,4.43229166666667));
#795=CARTESIAN_POINT($,(2.51448567708333,47.5,3.48697916666667));
#796=CARTESIAN_POINT($,(2.33333333333333,50,2.74479166666666));
#797=CARTESIAN_POINT($,(2.18863932291667,52.5,2.25260416666667));
#798=CARTESIAN_POINT($,(2.08723958333333,55,2.05729166666667));
#799=CARTESIAN_POINT($,(2.03597005208333,57.5,2.20572916666667));
#800=CARTESIAN_POINT($,(2.04166666666667,60,2.74479166666667));
#801=CARTESIAN_POINT($,(4.33333333333333,0,2.66666666666667));
#802=CARTESIAN_POINT($,(4.81901041666667,2.5,6.08072916666667));
#803=CARTESIAN_POINT($,(5.19791666666666,5,8.85416666666666));
#804=CARTESIAN_POINT($,(5.47786458333333,7.5,11.0338541666667));
#805=CARTESIAN_POINT($,(5.66666666666666,10,12.6666666666667));
#806=CARTESIAN_POINT($,(5.77213541666666,12.5,13.7994791666667));
#807=CARTESIAN_POINT($,(5.80208333333333,15,14.4791666666667));
#808=CARTESIAN_POINT($,(5.76432291666667,17.5,14.7526041666667));
#809=CARTESIAN_POINT($,(5.66666666666667,20,14.6666666666667));
#810=CARTESIAN_POINT($,(5.51692708333333,22.5,14.2682291666667));
#811=CARTESIAN_POINT($,(5.32291666666666,25,13.6041666666667));
#812=CARTESIAN_POINT($,(5.09244791666667,27.5,12.7213541666667));
#813=CARTESIAN_POINT($,(4.83333333333333,30,11.6666666666667));
#814=CARTESIAN_POINT($,(4.55338541666667,32.5,10.4869791666667));
#815=CARTESIAN_POINT($,(4.26041666666667,35,9.22916666666666));
#816=CARTESIAN_POINT($,(3.96223958333333,37.5,7.94010416666666));
#817=CARTESIAN_POINT($,(3.66666666666667,40,6.66666666666667));
#818=CARTESIAN_POINT($,(3.38151041666667,42.5,5.45572916666667));
#819=CARTESIAN_POINT($,(3.11458333333333,45,4.35416666666667));
#820=CARTESIAN_POINT($,(2.87369791666667,47.5,3.40885416666667));
#821=CARTESIAN_POINT($,(2.66666666666667,50,2.66666666666666));
#822=CARTESIAN_POINT($,(2.50130208333333,52.5,2.17447916666667));
#823=CARTESIAN_POINT($,(2.38541666666667,55,1.97916666666667));
#824=CARTESIAN_POINT($,(2.32682291666667,57.5,2.12760416666667));
#825=CARTESIAN_POINT($,(2.33333333333333,60,2.66666666666667));
#826=CARTESIAN_POINT($,(4.875,0,2.578125));
#827=CARTESIAN_POINT($,(5.42138671875,2.5,5.9921875));
#828=CARTESIAN_POINT($,(5.84765625,5,8.765625));
#829=CARTESIAN_POINT($,(6.16259765625,7.5,10.9453125));
#830=CARTESIAN_POINT($,(6.375,10,12.578125));
#831=CARTESIAN_POINT($,(6.49365234375,12.5,13.7109375));
#832=CARTESIAN_POINT($,(6.52734375,15,14.390625));
#833=CARTESIAN_POINT($,(6.48486328125,17.5,14.6640625));
#834=CARTESIAN_POINT($,(6.375,20,14.578125));
#835=CARTESIAN_POINT($,(6.20654296875,22.5,14.1796875));
#836=CARTESIAN_POINT($,(5.98828125,25,13.515625));
#837=CARTESIAN_POINT($,(5.72900390625,27.5,12.6328125));
#838=CARTESIAN_POINT($,(5.4375,30,11.578125));
#839=CARTESIAN_POINT($,(5.12255859375,32.5,10.3984375));
#840=CARTESIAN_POINT($,(4.79296875,35,9.140625));
#841=CARTESIAN_POINT($,(4.45751953125,37.5,7.8515625));
#842=CARTESIAN_POINT($,(4.125,40,6.578125));
#843=CARTESIAN_POINT($,(3.80419921875,42.5,5.3671875));
#844=CARTESIAN_POINT($,(3.50390625,45,4.265625));
#845=CARTESIAN_POINT($,(3.23291015625,47.5,3.3203125));
#846=CARTESIAN_POINT($,(3,50,2.578125));
#847=CARTESIAN_POINT($,(2.81396484375,52.5,2.0859375));
#848=CARTESIAN_POINT($,(2.68359375,55,1.890625));
#849=CARTESIAN_POINT($,(2.61767578125,57.5,2.0390625));
#850=CARTESIAN_POINT($,(2.625,60,2.578125));
#851=CARTESIAN_POINT($,(5.41666666666667,0,2.47916666666667));
#852=CARTESIAN_POINT($,(6.02376302083333,2.5,5.89322916666667));
#853=CARTESIAN_POINT($,(6.49739583333333,5,8.66666666666666));
#854=CARTESIAN_POINT($,(6.84733072916667,7.5,10.8463541666667));
#855=CARTESIAN_POINT($,(7.08333333333333,10,12.4791666666667));
#856=CARTESIAN_POINT($,(7.21516927083333,12.5,13.6119791666667));
#857=CARTESIAN_POINT($,(7.25260416666667,15,14.2916666666667));
#858=CARTESIAN_POINT($,(7.20540364583333,17.5,14.5651041666667));
#859=CARTESIAN_POINT($,(7.08333333333333,20,14.4791666666667));
#860=CARTESIAN_POINT($,(6.89615885416667,22.5,14.0807291666667));
#861=CARTESIAN_POINT($,(6.65364583333333,25,13.4166666666667));
#862=CARTESIAN_POINT($,(6.36555989583333,27.5,12.5338541666667));
#863=CARTESIAN_POINT($,(6.04166666666667,30,11.4791666666667));
#864=CARTESIAN_POINT($,(5.69173177083333,32.5,10.2994791666667));
#865=CARTESIAN_POINT($,(5.32552083333333,35,9.04166666666666));
#866=CARTESIAN_POINT($,(4.95279947916667,37.5,7.75260416666666));
#867=CARTESIAN_POINT($,(4.58333333333333,40,6.47916666666667));
#868=CARTESIAN_POINT($,(4.22688802083333,42.5,5.26822916666666));
#869=CARTESIAN_POINT($,(3.89322916666667,45,4.16666666666667));
#870=CARTESIAN_POINT($,(3.59212239583333,47.5,3.22135416666667));
#871=CARTESIAN_POINT($,(3.33333333333333,50,2.47916666666666));
#872=CARTESIAN_POINT($,(3.12662760416667,52.5,1.98697916666667));
#873=CARTESIAN_POINT($,(2.98177083333333,55,1.79166666666667));
#874=CARTESIAN_POINT($,(2.90852864583333,57.5,1.94010416666667));
#875=CARTESIAN_POINT($,(2.91666666666667,60,2.47916666666667));
#876=CARTESIAN_POINT($,(5.95833333333333,0,2.36979166666667));
#877=CARTESIAN_POINT($,(6.62613932291667,2.5,5.78385416666667));
#878=CARTESIAN_POINT($,(7.14713541666666,5,8.55729166666666));
#879=CARTESIAN_POINT($,(7.53206380208333,7.5,10.7369791666667));
#880=CARTESIAN_POINT($,(7.79166666666667,10,12.3697916666667));
#881=CARTESIAN_POINT($,(7.93668619791666,12.5,13.5026041666667));
#882=CARTESIAN_POINT($,(7.97786458333333,15,14.1822916666667));
#883=CARTESIAN_POINT($,(7.92594401041667,17.5,14.4557291666667));
#884=CARTESIAN_POINT($,(7.79166666666667,20,14.3697916666667));
#885=CARTESIAN_POINT($,(7.58577473958333,22.5,13.9713541666667));
#886=CARTESIAN_POINT($,(7.31901041666667,25,13.3072916666667));
#887=CARTESIAN_POINT($,(7.00211588541667,27.5,12.4244791666667));
#888=CARTESIAN_POINT($,(6.64583333333333,30,11.3697916666667));
#889=CARTESIAN_POINT($,(6.26090494791667,32.5,10.1901041666667));
#890=CARTESIAN_POINT($,(5.85807291666667,35,8.93229166666666));
#891=CARTESIAN_POINT($,(5.44807942708333,37.5,7.64322916666667));
#892=CARTESIAN_POINT($,(5.04166666666667,40,6.36979166666667));
#893=CARTESIAN_POINT($,(4.64957682291667,42.5,5.15885416666667));
#894=CARTESIAN_POINT($,(4.28255208333333,45,4.05729166666667));
#895=CARTESIAN_POINT($,(3.95133463541667,47.5,3.11197916666667));
#896=CARTESIAN_POINT($,(3.66666666666666,50,2.36979166666667));
#897=CARTESIAN_POINT($,(3.43929036458333,52.5,1.87760416666667));
#898=CARTESIAN_POINT($,(3.27994791666666,55,1.68229166666667));
#899=CARTESIAN_POINT($,(3.19938151041666,57.5,1.83072916666667));
#900=CARTESIAN_POINT($,(3.20833333333333,60,2.36979166666667));
#901=CARTESIAN_POINT($,(6.5,0,2.25));
#902=CARTESIAN_POINT($,(7.228515625,2.5,5.6640625));
#903=CARTESIAN_POINT($,(7.796875,5,8.4375));
#904=CARTESIAN_POINT($,(8.216796875,7.5,10.6171875));
#905=CARTESIAN_POINT($,(8.5,10,12.25));
#906=CARTESIAN_POINT($,(8.658203125,12.5,13.3828125));
#907=CARTESIAN_POINT($,(8.703125,15,14.0625));
#908=CARTESIAN_POINT($,(8.646484375,17.5,14.3359375));
#909=CARTESIAN_POINT($,(8.5,20,14.25));
#910=CARTESIAN_POINT($,(8.275390625,22.5,13.8515625));
#911=CARTESIAN_POINT($,(7.984375,25,13.1875));
#912=CARTESIAN_POINT($,(7.638671875,27.5,12.3046875));
#913=CARTESIAN_POINT($,(7.25,30,11.25));
#914=CARTESIAN_POINT($,(6.830078125,32.5,10.0703125));
#915=CARTESIAN_POINT($,(6.390625,35,8.8125));
#916=CARTESIAN_POINT($,(5.943359375,37.5,7.5234375));
#917=CARTESIAN_POINT($,(5.5,40,6.25));
#918=CARTESIAN_POINT($,(5.072265625,42.5,5.0390625));
#919=CARTESIAN_POINT($,(4.671875,45,3.9375));
#920=CARTESIAN_POINT($,(4.310546875,47.5,2.9921875));
#921=CARTESIAN_POINT($,(4,50,2.25));
#922=CARTESIAN_POINT($,(3.751953125,52.5,1.7578125));
#923=CARTESIAN_POINT($,(3.578125,55,1.5625));
#924=CARTESIAN_POINT($,(3.490234375,57.5,1.7109375));
#925=CARTESIAN_POINT($,(3.5,60,2.25));
#926=CARTESIAN_POINT($,(7.04166666666667,0,2.11979166666667));
#927=CARTESIAN_POINT($,(7.83089192708333,2.5,5.53385416666667));
#928=CARTESIAN_POINT($,(8.44661458333333,5,8.30729166666666));
#929=CARTESIAN_POINT($,(8.90152994791667,7.5,10.4869791666667));
#930=CARTESIAN_POINT($,(9.20833333333333,10,12.1197916666667));
#931=CARTESIAN_POINT($,(9.37972005208333,12.5,13.2526041666667));
#932=CARTESIAN_POINT($,(9.42838541666667,15,13.9322916666667));
#933=CARTESIAN_POINT($,(9.36702473958334,17.5,14.2057291666667));
#934=CARTESIAN_POINT($,(9.20833333333334,20,14.1197916666667));
#935=CARTESIAN_POINT($,(8.96500651041667,22.5,13.7213541666667));
#936=CARTESIAN_POINT($,(8.64973958333333,25,13.0572916666667));
#937=CARTESIAN_POINT($,(8.27522786458334,27.5,12.1744791666667));
#938=CARTESIAN_POINT($,(7.85416666666667,30,11.1197916666667));
#939=CARTESIAN_POINT($,(7.39925130208333,32.5,9.94010416666667));
#940=CARTESIAN_POINT($,(6.92317708333333,35,8.68229166666666));
#941=CARTESIAN_POINT($,(6.43863932291667,37.5,7.39322916666666));
#942=CARTESIAN_POINT($,(5.95833333333333,40,6.11979166666667));
#943=CARTESIAN_POINT($,(5.49495442708333,42.5,4.90885416666666));
#944=CARTESIAN_POINT($,(5.06119791666667,45,3.80729166666667));
#945=CARTESIAN_POINT($,(4.66975911458333,47.5,2.86197916666667));
#946=CARTESIAN_POINT($,(4.33333333333333,50,2.11979166666666));
#947=CARTESIAN_POINT($,(4.06461588541667,52.5,1.62760416666667));
#948=CARTESIAN_POINT($,(3.87630208333333,55,1.43229166666667));
#949=CARTESIAN_POINT($,(3.78108723958333,57.5,1.58072916666667));
#950=CARTESIAN_POINT($,(3.79166666666667,60,2.11979166666667));
#951=CARTESIAN_POINT($,(7.58333333333333,0,1.97916666666667));
#952=CARTESIAN_POINT($,(8.43326822916667,2.5,5.39322916666667));
#953=CARTESIAN_POINT($,(9.09635416666666,5,8.16666666666666));
#954=CARTESIAN_POINT($,(9.58626302083333,7.5,10.3463541666667));
#955=CARTESIAN_POINT($,(9.91666666666667,10,11.9791666666667));
#956=CARTESIAN_POINT($,(10.1012369791667,12.5,13.1119791666667));
#957=CARTESIAN_POINT($,(10.1536458333333,15,13.7916666666667));
#958=CARTESIAN_POINT($,(10.0875651041667,17.5,14.0651041666667));
#959=CARTESIAN_POINT($,(9.91666666666667,20,13.9791666666667));
#960=CARTESIAN_POINT($,(9.65462239583333,22.5,13.5807291666667));
#961=CARTESIAN_POINT($,(9.31510416666666,25,12.9166666666667));
#962=CARTESIAN_POINT($,(8.91178385416666,27.5,12.0338541666667));
#963=CARTESIAN_POINT($,(8.45833333333333,30,10.9791666666667));
#964=CARTESIAN_POINT($,(7.96842447916667,32.5,9.79947916666667));
#965=CARTESIAN_POINT($,(7.45572916666666,35,8.54166666666666));
#966=CARTESIAN_POINT($,(6.93391927083333,37.5,7.25260416666667));
#967=CARTESIAN_POINT($,(6.41666666666667,40,5.97916666666667));
#968=CARTESIAN_POINT($,(5.91764322916667,42.5,4.76822916666667));
#969=CARTESIAN_POINT($,(5.45052083333333,45,3.66666666666667));
#970=CARTESIAN_POINT($,(5.02897135416666,47.5,2.72135416666667));
#971=CARTESIAN_POINT($,(4.66666666666666,50,1.97916666666667));
#972=CARTESIAN_POINT($,(4.37727864583333,52.5,1.48697916666667));
#973=CARTESIAN_POINT($,(4.17447916666666,55,1.29166666666667));
#974=CARTESIAN_POINT($,(4.07194010416666,57.5,1.44010416666667));
#975=CARTESIAN_POINT($,(4.08333333333333,60,1.97916666666667));
#976=CARTESIAN_POINT($,(8.125,0,1.828125));
#977=CARTESIAN_POINT($,(9.03564453125,2.5,5.2421875));
#978=CARTESIAN_POINT($,(9.74609375,5,8.015625));
#979=CARTESIAN_POINT($,(10.27099609375,7.5,10.1953125));
#980=CARTESIAN_POINT($,(10.625,10,11.828125));
#981=CARTESIAN_POINT($,(10.82275390625,12.5,12.9609375));
#982=CARTESIAN_POINT($,(10.87890625,15,13.640625));
#983=CARTESIAN_POINT($,(10.80810546875,17.5,13.9140625));
#984=CARTESIAN_POINT($,(10.625,20,13.828125));
#985=CARTESIAN_POINT($,(10.34423828125,22.5,13.4296875));
#986=CARTESIAN_POINT($,(9.98046875,25,12.765625));
#987=CARTESIAN_POINT($,(9.54833984375,27.5,11.8828125));
#988=CARTESIAN_POINT($,(9.0625,30,10.828125));
#989=CARTESIAN_POINT($,(8.53759765625,32.5,9.6484375));
#990=CARTESIAN_POINT($,(7.98828125,35,8.390625));
#991=CARTESIAN_POINT($,(7.42919921875,37.5,7.1015625));
#992=CARTESIAN_POINT($,(6.875,40,5.828125));
#993=CARTESIAN_POINT($,(6.34033203125,42.5,4.6171875));
#994=CARTESIAN_POINT($,(5.83984375,45,3.515625));
#995=CARTESIAN_POINT($,(5.38818359375,47.5,2.5703125));
#996=CARTESIAN_POINT($,(5,50,1.828125));
#997=CARTESIAN_POINT($,(4.68994140625,52.5,1.3359375));
#998=CARTESIAN_POINT($,(4.47265625,55,1.140625));
#999=CARTESIAN_POINT($,(4.36279296875,57.5,1.2890625));
#1000=CARTESIAN_POINT($,(4.375,60,1.828125));
#1001=CARTESIAN_POINT($,(8.66666666666667,0,1.66666666666667));
#1002=CARTESIAN_POINT($,(9.63802083333334,2.5,5.08072916666667));
#1003=CARTESIAN_POINT($,(10.3958333333333,5,7.85416666666666));
#1004=CARTESIAN_POINT($,(10.9557291666667,7.5,10.0338541666667));
#1005=CARTESIAN_POINT($,(11.3333333333333,10,11.6666666666667));
#1006=CARTESIAN_POINT($,(11.5442708333333,12.5,12.7994791666667));
#1007=CARTESIAN_POINT($,(11.6041666666667,15,13.4791666666667));
#1008=CARTESIAN_POINT($,(11.5286458333333,17.5,13.7526041666667));
#1009=CARTESIAN_POINT($,(11.3333333333333,20,13.6666666666667));
#1010=CARTESIAN_POINT($,(11.0338541666667,22.5,13.2682291666667));
#1011=CARTESIAN_POINT($,(10.6458333333333,25,12.6041666666667));
#1012=CARTESIAN_POINT($,(10.1848958333333,27.5,11.7213541666667));
#1013=CARTESIAN_POINT($,(9.66666666666667,30,10.6666666666667));
#1014=CARTESIAN_POINT($,(9.10677083333333,32.5,9.48697916666667));
#1015=CARTESIAN_POINT($,(8.52083333333333,35,8.22916666666666));
#1016=CARTESIAN_POINT($,(7.92447916666667,37.5,6.94010416666666));
#1017=CARTESIAN_POINT($,(7.33333333333333,40,5.66666666666667));
#1018=CARTESIAN_POINT($,(6.76302083333333,42.5,4.45572916666666));
#1019=CARTESIAN_POINT($,(6.22916666666667,45,3.35416666666667));
#1020=CARTESIAN_POINT($,(5.74739583333333,47.5,2.40885416666667));
#1021=CARTESIAN_POINT($,(5.33333333333333,50,1.66666666666666));
#1022=CARTESIAN_POINT($,(5.00260416666667,52.5,1.17447916666667));
#1023=CARTESIAN_POINT($,(4.77083333333333,55,0.979166666666665));
#1024=CARTESIAN_POINT($,(4.65364583333333,57.5,1.12760416666667));
#1025=CARTESIAN_POINT($,(4.66666666666667,60,1.66666666666667));
#1026=CARTESIAN_POINT($,(9.20833333333333,0,1.49479166666667));
#1027=CARTESIAN_POINT($,(10.2403971354167,2.5,4.90885416666667));
#1028=CARTESIAN_POINT($,(11.0455729166667,5,7.68229166666666));
#1029=CARTESIAN_POINT($,(11.6404622395833,7.5,9.86197916666667));
#1030=CARTESIAN_POINT($,(12.0416666666667,10,11.4947916666667));
#1031=CARTESIAN_POINT($,(12.2657877604167,12.5,12.6276041666667));
#1032=CARTESIAN_POINT($,(12.3294270833333,15,13.3072916666667));
#1033=CARTESIAN_POINT($,(12.2491861979167,17.5,13.5807291666667));
#1034=CARTESIAN_POINT($,(12.0416666666667,20,13.4947916666667));
#1035=CARTESIAN_POINT($,(11.7234700520833,22.5,13.0963541666667));
#1036=CARTESIAN_POINT($,(11.3111979166667,25,12.4322916666667));
#1037=CARTESIAN_POINT($,(10.8214518229167,27.5,11.5494791666667));
#1038=CARTESIAN_POINT($,(10.2708333333333,30,10.4947916666667));
#1039=CARTESIAN_POINT($,(9.67594401041667,32.5,9.31510416666667));
#1040=CARTESIAN_POINT($,(9.05338541666666,35,8.05729166666666));
#1041=CARTESIAN_POINT($,(8.41975911458333,37.5,6.76822916666667));
#1042=CARTESIAN_POINT($,(7.79166666666667,40,5.49479166666667));
#1043=CARTESIAN_POINT($,(7.18570963541667,42.5,4.28385416666667));
#1044=CARTESIAN_POINT($,(6.61848958333333,45,3.18229166666667));
#1045=CARTESIAN_POINT($,(6.10660807291667,47.5,2.23697916666667));
#1046=CARTESIAN_POINT($,(5.66666666666666,50,1.49479166666667));
#1047=CARTESIAN_POINT($,(5.31526692708333,52.5,1.00260416666667));
#1048=CARTESIAN_POINT($,(5.06901041666666,55,0.807291666666667));
#1049=CARTESIAN_POINT($,(4.94449869791667,57.5,0.955729166666667));
#1050=CARTESIAN_POINT($,(4.95833333333333,60,1.49479166666667));
#1051=CARTESIAN_POINT($,(9.75,0,1.3125));
#1052=CARTESIAN_POINT($,(10.8427734375,2.5,4.7265625));
#1053=CARTESIAN_POINT($,(11.6953125,5,7.5));
#1054=CARTESIAN_POINT($,(12.3251953125,7.5,9.6796875));
#1055=CARTESIAN_POINT($,(12.75,10,11.3125));
#1056=CARTESIAN_POINT($,(12.9873046875,12.5,12.4453125));
#1057=CARTESIAN_POINT($,(13.0546875,15,13.125));
#1058=CARTESIAN_POINT($,(12.9697265625,17.5,13.3984375));
#1059=CARTESIAN_POINT($,(12.75,20,13.3125));
#1060=CARTESIAN_POINT($,(12.4130859375,22.5,12.9140625));
#1061=CARTESIAN_POINT($,(11.9765625,25,12.25));
#1062=CARTESIAN_POINT($,(11.4580078125,27.5,11.3671875));
#1063=CARTESIAN_POINT($,(10.875,30,10.3125));
#1064=CARTESIAN_POINT($,(10.2451171875,32.5,9.1328125));
#1065=CARTESIAN_POINT($,(9.5859375,35,7.875));
#1066=CARTESIAN_POINT($,(8.9150390625,37.5,6.5859375));
#1067=CARTESIAN_POINT($,(8.25,40,5.3125));
#1068=CARTESIAN_POINT($,(7.6083984375,42.5,4.1015625));
#1069=CARTESIAN_POINT($,(7.0078125,45,3));
#1070=CARTESIAN_POINT($,(6.4658203125,47.5,2.0546875));
#1071=CARTESIAN_POINT($,(6,50,1.3125));
#1072=CARTESIAN_POINT($,(5.6279296875,52.5,0.8203125));
#1073=CARTESIAN_POINT($,(5.3671875,55,0.624999999999999));
#1074=CARTESIAN_POINT($,(5.2353515625,57.5,0.7734375));
#1075=CARTESIAN_POINT($,(5.25,60,1.3125));
#1076=CARTESIAN_POINT($,(10.2916666666667,0,1.11979166666667));
#1077=CARTESIAN_POINT($,(11.4451497395833,2.5,4.53385416666667));
#1078=CARTESIAN_POINT($,(12.3450520833333,5,7.30729166666666));
#1079=CARTESIAN_POINT($,(13.0099283854167,7.5,9.48697916666667));
#1080=CARTESIAN_POINT($,(13.4583333333333,10,11.1197916666667));
#1081=CARTESIAN_POINT($,(13.7088216145833,12.5,12.2526041666667));
#1082=CARTESIAN_POINT($,(13.7799479166667,15,12.9322916666667));
#1083=CARTESIAN_POINT($,(13.6902669270833,17.5,13.2057291666667));
#1084=CARTESIAN_POINT($,(13.4583333333333,20,13.1197916666667));
#1085=CARTESIAN_POINT($,(13.1027018229167,22.5,12.7213541666667));
#1086=CARTESIAN_POINT($,(12.6419270833333,25,12.0572916666667));
#1087=CARTESIAN_POINT($,(12.0945638020833,27.5,11.1744791666667));
#1088=CARTESIAN_POINT($,(11.4791666666667,30,10.1197916666667));
#1089=CARTESIAN_POINT($,(10.8142903645833,32.5,8.94010416666667));
#1090=CARTESIAN_POINT($,(10.1184895833333,35,7.68229166666666));
#1091=CARTESIAN_POINT($,(9.41031901041667,37.5,6.39322916666666));
#1092=CARTESIAN_POINT($,(8.70833333333334,40,5.11979166666667));
#1093=CARTESIAN_POINT($,(8.03108723958333,42.5,3.90885416666667));
#1094=CARTESIAN_POINT($,(7.39713541666667,45,2.80729166666667));
#1095=CARTESIAN_POINT($,(6.82503255208334,47.5,1.86197916666667));
#1096=CARTESIAN_POINT($,(6.33333333333333,50,1.11979166666666));
#1097=CARTESIAN_POINT($,(5.94059244791667,52.5,0.627604166666666));
#1098=CARTESIAN_POINT($,(5.66536458333333,55,0.432291666666666));
#1099=CARTESIAN_POINT($,(5.52620442708333,57.5,0.580729166666667));
#1100=CARTESIAN_POINT($,(5.54166666666667,60,1.11979166666667));
#1101=CARTESIAN_POINT($,(10.8333333333333,0,0.916666666666667));
#1102=CARTESIAN_POINT($,(12.0475260416667,2.5,4.33072916666667));
#1103=CARTESIAN_POINT($,(12.9947916666667,5,7.10416666666666));
#1104=CARTESIAN_POINT($,(13.6946614583333,7.5,9.28385416666667));
#1105=CARTESIAN_POINT($,(14.1666666666667,10,10.9166666666667));
#1106=CARTESIAN_POINT($,(14.4303385416667,12.5,12.0494791666667));
#1107=CARTESIAN_POINT($,(14.5052083333333,15,12.7291666666667));
#1108=CARTESIAN_POINT($,(14.4108072916667,17.5,13.0026041666667));
#1109=CARTESIAN_POINT($,(14.1666666666667,20,12.9166666666667));
#1110=CARTESIAN_POINT($,(13.7923177083333,22.5,12.5182291666667));
#1111=CARTESIAN_POINT($,(13.3072916666667,25,11.8541666666667));
#1112=CARTESIAN_POINT($,(12.7311197916667,27.5,10.9713541666667));
#1113=CARTESIAN_POINT($,(12.0833333333333,30,9.91666666666667));
#1114=CARTESIAN_POINT($,(11.3834635416667,32.5,8.73697916666667));
#1115=CARTESIAN_POINT($,(10.6510416666667,35,7.47916666666667));
#1116=CARTESIAN_POINT($,(9.90559895833333,37.5,6.19010416666667));
#1117=CARTESIAN_POINT($,(9.16666666666666,40,4.91666666666667));
#1118=CARTESIAN_POINT($,(8.45377604166666,42.5,3.70572916666667));
#1119=CARTESIAN_POINT($,(7.78645833333333,45,2.60416666666667));
#1120=CARTESIAN_POINT($,(7.18424479166666,47.5,1.65885416666667));
#1121=CARTESIAN_POINT($,(6.66666666666666,50,0.916666666666665));
#1122=CARTESIAN_POINT($,(6.25325520833333,52.5,0.424479166666667));
#1123=CARTESIAN_POINT($,(5.96354166666666,55,0.229166666666666));
#1124=CARTESIAN_POINT($,(5.81705729166666,57.5,0.377604166666667));
#1125=CARTESIAN_POINT($,(5.83333333333333,60,0.916666666666667));
#1126=CARTESIAN_POINT($,(11.375,0,0.703125));
#1127=CARTESIAN_POINT($,(12.64990234375,2.5,4.1171875));
#1128=CARTESIAN_POINT($,(13.64453125,5,6.890625));
#1129=CARTESIAN_POINT($,(14.37939453125,7.5,9.0703125));
#1130=CARTESIAN_POINT($,(14.875,10,10.703125));
#1131=CARTESIAN_POINT($,(15.15185546875,12.5,11.8359375));
#1132=CARTESIAN_POINT($,(15.23046875,15,12.515625));
#1133=CARTESIAN_POINT($,(15.13134765625,17.5,12.7890625));
#1134=CARTESIAN_POINT($,(14.875,20,12.703125));
#1135=CARTESIAN_POINT($,(14.48193359375,22.5,12.3046875));
#1136=CARTESIAN_POINT($,(13.97265625,25,11.640625));
#1137=CARTESIAN_POINT($,(13.36767578125,27.5,10.7578125));
#1138=CARTESIAN_POINT($,(12.6875,30,9.703125));
#1139=CARTESIAN_POINT($,(11.95263671875,32.5,8.5234375));
#1140=CARTESIAN_POINT($,(11.18359375,35,7.265625));
#1141=CARTESIAN_POINT($,(10.40087890625,37.5,5.9765625));
#1142=CARTESIAN_POINT($,(9.625,40,4.703125));
#1143=CARTESIAN_POINT($,(8.87646484375,42.5,3.4921875));
#1144=CARTESIAN_POINT($,(8.17578125,45,2.390625));
#1145=CARTESIAN_POINT($,(7.54345703125,47.5,1.4453125));
#1146=CARTESIAN_POINT($,(7,50,0.703124999999998));
#1147=CARTESIAN_POINT($,(6.56591796875,52.5,0.2109375));
#1148=CARTESIAN_POINT($,(6.26171875,55,0.015624999999999));
#1149=CARTESIAN_POINT($,(6.10791015625,57.5,0.1640625));
#1150=CARTESIAN_POINT($,(6.125,60,0.703125));
#1151=CARTESIAN_POINT($,(11.9166666666667,0,0.479166666666666));
#1152=CARTESIAN_POINT($,(13.2522786458333,2.5,3.89322916666667));
#1153=CARTESIAN_POINT($,(14.2942708333333,5,6.66666666666666));
#1154=CARTESIAN_POINT($,(15.0641276041667,7.5,8.84635416666667));
#1155=CARTESIAN_POINT($,(15.5833333333333,10,10.4791666666667));
#1156=CARTESIAN_POINT($,(15.8733723958333,12.5,11.6119791666667));
#1157=CARTESIAN_POINT($,(15.9557291666667,15,12.2916666666667));
#1158=CARTESIAN_POINT($,(15.8518880208333,17.5,12.5651041666667));
#1159=CARTESIAN_POINT($,(15.5833333333333,20,12.4791666666667));
#1160=CARTESIAN_POINT($,(15.1715494791667,22.5,12.0807291666667));
#1161=CARTESIAN_POINT($,(14.6380208333333,25,11.4166666666667));
#1162=CARTESIAN_POINT($,(14.0042317708333,27.5,10.5338541666667));
#1163=CARTESIAN_POINT($,(13.2916666666667,30,9.47916666666667));
#1164=CARTESIAN_POINT($,(12.5218098958333,32.5,8.29947916666667));
#1165=CARTESIAN_POINT($,(11.7161458333333,35,7.04166666666666));
#1166=CARTESIAN_POINT($,(10.8961588541667,37.5,5.75260416666666));
#1167=CARTESIAN_POINT($,(10.0833333333333,40,4.47916666666667));
#1168=CARTESIAN_POINT($,(9.29915364583333,42.5,3.26822916666666));
#1169=CARTESIAN_POINT($,(8.56510416666667,45,2.16666666666666));
#1170=CARTESIAN_POINT($,(7.90266927083333,47.5,1.22135416666667));
#1171=CARTESIAN_POINT($,(7.33333333333333,50,0.479166666666664));
#1172=CARTESIAN_POINT($,(6.87858072916667,52.5,-0.013020833333334));
#1173=CARTESIAN_POINT($,(6.55989583333333,55,-0.208333333333335));
#1174=CARTESIAN_POINT($,(6.39876302083333,57.5,-0.059895833333334));
#1175=CARTESIAN_POINT($,(6.41666666666667,60,0.479166666666666));
#1176=CARTESIAN_POINT($,(12.4583333333333,0,0.244791666666667));
#1177=CARTESIAN_POINT($,(13.8546549479167,2.5,3.65885416666667));
#1178=CARTESIAN_POINT($,(14.9440104166667,5,6.43229166666666));
#1179=CARTESIAN_POINT($,(15.7488606770833,7.5,8.61197916666667));
#1180=CARTESIAN_POINT($,(16.2916666666667,10,10.2447916666667));
#1181=CARTESIAN_POINT($,(16.5948893229167,12.5,11.3776041666667));
#1182=CARTESIAN_POINT($,(16.6809895833333,15,12.0572916666667));
#1183=CARTESIAN_POINT($,(16.5724283854167,17.5,12.3307291666667));
#1184=CARTESIAN_POINT($,(16.2916666666667,20,12.2447916666667));
#1185=CARTESIAN_POINT($,(15.8611653645833,22.5,11.8463541666667));
#1186=CARTESIAN_POINT($,(15.3033854166667,25,11.1822916666667));
#1187=CARTESIAN_POINT($,(14.6407877604167,27.5,10.2994791666667));
#1188=CARTESIAN_POINT($,(13.8958333333333,30,9.24479166666667));
#1189=CARTESIAN_POINT($,(13.0909830729167,32.5,8.06510416666667));
#1190=CARTESIAN_POINT($,(12.2486979166667,35,6.80729166666667));
#1191=CARTESIAN_POINT($,(11.3914388020833,37.5,5.51822916666667));
#1192=CARTESIAN_POINT($,(10.5416666666667,40,4.24479166666667));
#1193=CARTESIAN_POINT($,(9.72184244791667,42.5,3.03385416666667));
#1194=CARTESIAN_POINT($,(8.95442708333333,45,1.93229166666667));
#1195=CARTESIAN_POINT($,(8.26188151041667,47.5,0.986979166666667));
#1196=CARTESIAN_POINT($,(7.66666666666666,50,0.244791666666665));
#1197=CARTESIAN_POINT($,(7.19124348958334,52.5,-0.247395833333333));
#1198=CARTESIAN_POINT($,(6.85807291666666,55,-0.442708333333333));
#1199=CARTESIAN_POINT($,(6.68961588541667,57.5,-0.294270833333333));
#1200=CARTESIAN_POINT($,(6.70833333333333,60,0.244791666666667));
#1201=CARTESIAN_POINT($,(13,0,0));
#1202=CARTESIAN_POINT($,(14.45703125,2.5,3.4140625));
#1203=CARTESIAN_POINT($,(15.59375,5,6.1875));
#1204=CARTESIAN_POINT($,(16.43359375,7.5,8.3671875));
#1205=CARTESIAN_POINT($,(17,10,10));
#1206=CARTESIAN_POINT($,(17.31640625,12.5,11.1328125));
#1207=CARTESIAN_POINT($,(17.40625,15,11.8125));
#1208=CARTESIAN_POINT($,(17.29296875,17.5,12.0859375));
#1209=CARTESIAN_POINT($,(17,20,12));
#1210=CARTESIAN_POINT($,(16.55078125,22.5,11.6015625));
#1211=CARTESIAN_POINT($,(15.96875,25,10.9375));
#1212=CARTESIAN_POINT($,(15.27734375,27.5,10.0546875));
#1213=CARTESIAN_POINT($,(14.5,30,9));
#1214=CARTESIAN_POINT($,(13.66015625,32.5,7.8203125));
#1215=CARTESIAN_POINT($,(12.78125,35,6.5625));
#1216=CARTESIAN_POINT($,(11.88671875,37.5,5.2734375));
#1217=CARTESIAN_POINT($,(11,40,4));
#1218=CARTESIAN_POINT($,(10.14453125,42.5,2.7890625));
#1219=CARTESIAN_POINT($,(9.34375,45,1.6875));
#1220=CARTESIAN_POINT($,(8.62109375,47.5,0.7421875));
#1221=CARTESIAN_POINT($,(8,50,-0.000000000000002));
#1222=CARTESIAN_POINT($,(7.50390625,52.5,-0.4921875));
#1223=CARTESIAN_POINT($,(7.15625,55,-0.687500000000001));
#1224=CARTESIAN_POINT($,(6.98046875,57.5,-0.5390625));
#1225=CARTESIAN_POINT($,(7,60,0));
#1226=B_SPLINE_SURFACE_WITH_KNOTS($,1,1,((#1,#2,#3,#4,#5,#6,#7,#8,#9,#10,#11,#12,#13,#14,#15,#16,#17,#18,#19,#20,#21,#22,#23,#24,#25),(#26,#27,#28,#29,#30,#31,#32,#33,#34,#35,#36,#37,#38,#39,#40,#41,#42,#43,#44,#45,#46,#47,#48,#49,#50),(#51,#52,#53,#54,#55,#56,#57,#58,#59,#60,#61,#62,#63,#64,#65,#66,#67,#68,#69,#70,#71,#72,#73,#74,#75),(#76,#77,#78,#79,#80,#81,#82,#83,#84,#85,#86,#87,#88,#89,#90,#91,#92,#93,#94,#95,#96,#97,#98,#99,#100),(#101,#102,#103,#104,#105,#106,#107,#108,#109,#110,#111,#112,#113,#114,#115,#116,#117,#118,#119,#120,#121,#122,#123,#124,#125),(#126,#127,#128,#129,#130,#131,#132,#133,#134,#135,#136,#137,#138,#139,#140,#141,#142,#143,#144,#145,#146,#147,#148,#149,#150),(#151,#152,#153,#154,#155,#156,#157,#158,#159,#160,#161,#162,#163,#164,#165,#166,#167,#168,#169,#170,#171,#172,#173,#174,#175),(#176,#177,#178,#179,#180,#181,#182,#183,#184,#185,#186,#187,#188,#189,#190,#191,#192,#193,#194,#195,#196,#197,#198,#199,#200),(#201,#202,#203,#204,#205,#206,#207,#208,#209,#210,#211,#212,#213,#214,#215,#216,#217,#218,#219,#220,#221,#222,#223,#224,#225),(#226,#227,#228,#229,#230,#231,#232,#233,#234,#235,#236,#237,#238,#239,#240,#241,#242,#243,#244,#245,#246,#247,#248,#249,#250),(#251,#252,#253,#254,#255,#256,#257,#258,#259,#260,#261,#262,#263,#264,#265,#266,#267,#268,#269,#270,#271,#272,#273,#274,#275),(#276,#277,#278,#279,#280,#281,#282,#283,#284,#285,#286,#287,#288,#289,#290,#291,#292,#293,#294,#295,#296,#297,#298,#299,#300),(#301,#302,#303,#304,#305,#306,#307,#308,#309,#310,#311,#312,#313,#314,#315,#316,#317,#318,#319,#320,#321,#322,#323,#324,#325),(#326,#327,#328,#329,#330,#331,#332,#333,#334,#335,#336,#337,#338,#339,#340,#341,#342,#343,#344,#345,#346,#347,#348,#349,#350),(#351,#352,#353,#354,#355,#356,#357,#358,#359,#360,#361,#362,#363,#364,#365,#366,#367,#368,#369,#370,#371,#372,#373,#374,#375),(#376,#377,#378,#379,#380,#381,#382,#383,#384,#385,#386,#387,#388,#389,#390,#391,#392,#393,#394,#395,#396,#397,#398,#399,#400),(#401,#402,#403,#404,#405,#406,#407,#408,#409,#410,#411,#412,#413,#414,#415,#416,#417,#418,#419,#420,#421,#422,#423,#424,#425),(#426,#427,#428,#429,#430,#431,#432,#433,#434,#435,#436,#437,#438,#439,#440,#441,#442,#443,#444,#445,#446,#447,#448,#449,#450),(#451,#452,#453,#454,#455,#456,#457,#458,#459,#460,#461,#462,#463,#464,#465,#466,#467,#468,#469,#470,#471,#472,#473,#474,#475),(#476,#477,#478,#479,#480,#481,#482,#483,#484,#485,#486,#487,#488,#489,#490,#491,#492,#493,#494,#495,#496,#497,#498,#499,#500),(#501,#502,#503,#504,#505,#506,#507,#508,#509,#510,#511,#512,#513,#514,#515,#516,#517,#518,#519,#520,#521,#522,#523,#524,#525),(#526,#527,#528,#529,#530,#531,#532,#533,#534,#535,#536,#537,#538,#539,#540,#541,#542,#543,#544,#545,#546,#547,#548,#549,#550),(#551,#552,#553,#554,#555,#556,#557,#558,#559,#560,#561,#562,#563,#564,#565,#566,#567,#568,#569,#570,#571,#572,#573,#574,#575),(#576,#577,#578,#579,#580,#581,#582,#583,#584,#585,#586,#587,#588,#589,#590,#591,#592,#593,#594,#595,#596,#597,#598,#599,#600),(#601,#602,#603,#604,#605,#606,#607,#608,#609,#610,#611,#612,#613,#614,#615,#616,#617,#618,#619,#620,#621,#622,#623,#624,#625),(#626,#627,#628,#629,#630,#631,#632,#633,#634,#635,#636,#637,#638,#639,#640,#641,#642,#643,#644,#645,#646,#647,#648,#649,#650),(#651,#652,#653,#654,#655,#656,#657,#658,#659,#660,#661,#662,#663,#664,#665,#666,#667,#668,#669,#670,#671,#672,#673,#674,#675),(#676,#677,#678,#679,#680,#681,#682,#683,#684,#685,#686,#687,#688,#689,#690,#691,#692,#693,#694,#695,#696,#697,#698,#699,#700),(#701,#702,#703,#704,#705,#706,#707,#708,#709,#710,#711,#712,#713,#714,#715,#716,#717,#718,#719,#720,#721,#722,#723,#724,#725),(#726,#727,#728,#729,#730,#731,#732,#733,#734,#735,#736,#737,#738,#739,#740,#741,#742,#743,#744,#745,#746,#747,#748,#749,#750),(#751,#752,#753,#754,#755,#756,#757,#758,#759,#760,#761,#762,#763,#764,#765,#766,#767,#768,#769,#770,#771,#772,#773,#774,#775),(#776,#777,#778,#779,#780,#781,#782,#783,#784,#785,#786,#787,#788,#789,#790,#791,#792,#793,#794,#795,#796,#797,#798,#799,#800),(#801,#802,#803,#804,#805,#806,#807,#808,#809,#810,#811,#812,#813,#814,#815,#816,#817,#818,#819,#820,#821,#822,#823,#824,#825),(#826,#827,#828,#829,#830,#831,#832,#833,#834,#835,#836,#837,#838,#839,#840,#841,#842,#843,#844,#845,#846,#847,#848,#849,#850),(#851,#852,#853,#854,#855,#856,#857,#858,#859,#860,#861,#862,#863,#864,#865,#866,#867,#868,#869,#870,#871,#872,#873,#874,#875),(#876,#877,#878,#879,#880,#881,#882,#883,#884,#885,#886,#887,#888,#889,#890,#891,#892,#893,#894,#895,#896,#897,#898,#899,#900),(#901,#902,#903,#904,#905,#906,#907,#908,#909,#910,#911,#912,#913,#914,#915,#916,#917,#918,#919,#920,#921,#922,#923,#924,#925),(#926,#927,#928,#929,#930,#931,#932,#933,#934,#935,#936,#937,#938,#939,#940,#941,#942,#943,#944,#945,#946,#947,#948,#949,#950),(#951,#952,#953,#954,#955,#956,#957,#958,#959,#960,#961,#962,#963,#964,#965,#966,#967,#968,#969,#970,#971,#972,#973,#974,#975),(#976,#977,#978,#979,#980,#981,#982,#983,#984,#985,#986,#987,#988,#989,#990,#991,#992,#993,#994,#995,#996,#997,#998,#999,#1000),(#1001,#1002,#1003,#1004,#1005,#1006,#1007,#1008,#1009,#1010,#1011,#1012,#1013,#1014,#1015,#1016,#1017,#1018,#1019,#1020,#1021,#1022,#1023,#1024,#1025),(#1026,#1027,#1028,#1029,#1030,#1031,#1032,#1033,#1034,#1035,#1036,#1037,#1038,#1039,#1040,#1041,#1042,#1043,#1044,#1045,#1046,#1047,#1048,#1049,#1050),(#1051,#1052,#1053,#1054,#1055,#1056,#1057,#1058,#1059,#1060,#1061,#1062,#1063,#1064,#1065,#1066,#1067,#1068,#1069,#1070,#1071,#1072,#1073,#1074,#1075),(#1076,#1077,#1078,#1079,#1080,#1081,#1082,#1083,#1084,#1085,#1086,#1087,#1088,#1089,#1090,#1091,#1092,#1093,#1094,#1095,#1096,#1097,#1098,#1099,#1100),(#1101,#1102,#1103,#1104,#1105,#1106,#1107,#1108,#1109,#1110,#1111,#1112,#1113,#1114,#1115,#1116,#1117,#1118,#1119,#1120,#1121,#1122,#1123,#1124,#1125),(#1126,#1127,#1128,#1129,#1130,#1131,#1132,#1133,#1134,#1135,#1136,#1137,#1138,#1139,#1140,#1141,#1142,#1143,#1144,#1145,#1146,#1147,#1148,#1149,#1150),(#1151,#1152,#1153,#1154,#1155,#1156,#1157,#1158,#1159,#1160,#1161,#1162,#1163,#1164,#1165,#1166,#1167,#1168,#1169,#1170,#1171,#1172,#1173,#1174,#1175),(#1176,#1177,#1178,#1179,#1180,#1181,#1182,#1183,#1184,#1185,#1186,#1187,#1188,#1189,#1190,#1191,#1192,#1193,#1194,#1195,#1196,#1197,#1198,#1199,#1200),(#1201,#1202,#1203,#1204,#1205,#1206,#1207,#1208,#1209,#1210,#1211,#1212,#1213,#1214,#1215,#1216,#1217,#1218,#1219,#1220,#1221,#1222,#1223,#1224,#1225)),.UNSPECIFIED.,.F.,.F.,.F.,(2,1,1,1,1,1,1,1,1,1,1,1,1,1,1,1,1,1,1,1,1,1,1,1,1,1,1,1,1,1,1,1,1,1,1,1,1,1,1,1,1,1,1,1,1,1,1,1,2),(2,1,1,1,1,1,1,1,1,1,1,1,1,1,1,1,1,1,1,1,1,1,1,1,2),(0,0.020833333333333,0.041666666666667,0.0625,0.083333333333333,0.104166666666667,0.125,0.145833333333333,0.166666666666667,0.1875,0.208333333333333,0.229166666666667,0.25,0.270833333333333,0.291666666666667,0.3125,0.333333333333333,0.354166666666667,0.375,0.395833333333333,0.416666666666667,0.4375,0.458333333333333,0.479166666666667,0.5,0.520833333333333,0.541666666666667,0.5625,0.583333333333333,0.604166666666667,0.625,0.645833333333333,0.666666666666667,0.6875,0.708333333333333,0.729166666666667,0.75,0.770833333333333,0.791666666666667,0.8125,0.833333333333333,0.854166666666667,0.875,0.895833333333333,0.916666666666667,0.9375,0.958333333333333,0.979166666666667,1),(0,0.041666666666667,0.083333333333333,0.125,0.166666666666667,0.208333333333333,0.25,0.291666666666667,0.333333333333333,0.375,0.416666666666667,0.458333333333333,0.5,0.541666666666667,0.583333333333333,0.625,0.666666666666667,0.708333333333333,0.75,0.791666666666667,0.833333333333333,0.875,0.916666666666667,0.958333333333333,1),.UNSPECIFIED.);
#1227=CARTESIAN_POINT($,(-13,0,0));
#1228=VERTEX_POINT($,#1227);
#1229=CARTESIAN_POINT($,(13,0,0));
#1230=VERTEX_POINT($,#1229);
#1231=CARTESIAN_POINT($,(-13,0,0));
#1232=CARTESIAN_POINT($,(-12.4583333333333,0,0.244791666666667));
#1233=CARTESIAN_POINT($,(-11.9166666666667,0,0.479166666666667));
#1234=CARTESIAN_POINT($,(-11.375,0,0.703125));
#1235=CARTESIAN_POINT($,(-10.8333333333333,0,0.916666666666667));
#1236=CARTESIAN_POINT($,(-10.2916666666667,0,1.11979166666667));
#1237=CARTESIAN_POINT($,(-9.75,0,1.3125));
#1238=CARTESIAN_POINT($,(-9.20833333333333,0,1.49479166666667));
#1239=CARTESIAN_POINT($,(-8.66666666666667,0,1.66666666666667));
#1240=CARTESIAN_POINT($,(-8.125,0,1.828125));
#1241=CARTESIAN_POINT($,(-7.58333333333333,0,1.97916666666667));
#1242=CARTESIAN_POINT($,(-7.04166666666667,0,2.11979166666667));
#1243=CARTESIAN_POINT($,(-6.5,0,2.25));
#1244=CARTESIAN_POINT($,(-5.95833333333333,0,2.36979166666667));
#1245=CARTESIAN_POINT($,(-5.41666666666667,0,2.47916666666667));
#1246=CARTESIAN_POINT($,(-4.875,0,2.578125));
#1247=CARTESIAN_POINT($,(-4.33333333333333,0,2.66666666666667));
#1248=CARTESIAN_POINT($,(-3.79166666666667,0,2.74479166666667));
#1249=CARTESIAN_POINT($,(-3.25,0,2.8125));
#1250=CARTESIAN_POINT($,(-2.70833333333333,0,2.86979166666667));
#1251=CARTESIAN_POINT($,(-2.16666666666667,0,2.91666666666667));
#1252=CARTESIAN_POINT($,(-1.625,0,2.953125));
#1253=CARTESIAN_POINT($,(-1.08333333333333,0,2.97916666666667));
#1254=CARTESIAN_POINT($,(-0.541666666666666,0,2.99479166666667));
#1255=CARTESIAN_POINT($,(0.000000000000001,0,3));
#1256=CARTESIAN_POINT($,(0.54166666666667,0,2.99479166666667));
#1257=CARTESIAN_POINT($,(1.08333333333333,0,2.97916666666667));
#1258=CARTESIAN_POINT($,(1.625,0,2.953125));
#1259=CARTESIAN_POINT($,(2.16666666666667,0,2.91666666666667));
#1260=CARTESIAN_POINT($,(2.70833333333333,0,2.86979166666667));
#1261=CARTESIAN_POINT($,(3.25,0,2.8125));
#1262=CARTESIAN_POINT($,(3.79166666666667,0,2.74479166666667));
#1263=CARTESIAN_POINT($,(4.33333333333333,0,2.66666666666667));
#1264=CARTESIAN_POINT($,(4.875,0,2.578125));
#1265=CARTESIAN_POINT($,(5.41666666666667,0,2.47916666666667));
#1266=CARTESIAN_POINT($,(5.95833333333333,0,2.36979166666667));
#1267=CARTESIAN_POINT($,(6.5,0,2.25));
#1268=CARTESIAN_POINT($,(7.04166666666667,0,2.11979166666667));
#1269=CARTESIAN_POINT($,(7.58333333333333,0,1.97916666666667));
#1270=CARTESIAN_POINT($,(8.125,0,1.828125));
#1271=CARTESIAN_POINT($,(8.66666666666667,0,1.66666666666667));
#1272=CARTESIAN_POINT($,(9.20833333333333,0,1.49479166666667));
#1273=CARTESIAN_POINT($,(9.75,0,1.3125));
#1274=CARTESIAN_POINT($,(10.2916666666667,0,1.11979166666667));
#1275=CARTESIAN_POINT($,(10.8333333333333,0,0.916666666666667));
#1276=CARTESIAN_POINT($,(11.375,0,0.703125));
#1277=CARTESIAN_POINT($,(11.9166666666667,0,0.479166666666666));
#1278=CARTESIAN_POINT($,(12.4583333333333,0,0.244791666666667));
#1279=CARTESIAN_POINT($,(13,0,0));
#1280=B_SPLINE_CURVE_WITH_KNOTS($,1,(#1231,#1232,#1233,#1234,#1235,#1236,#1237,#1238,#1239,#1240,#1241,#1242,#1243,#1244,#1245,#1246,#1247,#1248,#1249,#1250,#1251,#1252,#1253,#1254,#1255,#1256,#1257,#1258,#1259,#1260,#1261,#1262,#1263,#1264,#1265,#1266,#1267,#1268,#1269,#1270,#1271,#1272,#1273,#1274,#1275,#1276,#1277,#1278,#1279),.UNSPECIFIED.,.F.,.F.,(2,1,1,1,1,1,1,1,1,1,1,1,1,1,1,1,1,1,1,1,1,1,1,1,1,1,1,1,1,1,1,1,1,1,1,1,1,1,1,1,1,1,1,1,1,1,1,1,2),(0,0.020833333333333,0.041666666666667,0.0625,0.083333333333333,0.104166666666667,0.125,0.145833333333333,0.166666666666667,0.1875,0.208333333333333,0.229166666666667,0.25,0.270833333333333,0.291666666666667,0.3125,0.333333333333333,0.354166666666667,0.375,0.395833333333333,0.416666666666667,0.4375,0.458333333333333,0.479166666666667,0.5,0.520833333333333,0.541666666666667,0.5625,0.583333333333333,0.604166666666667,0.625,0.645833333333333,0.666666666666667,0.6875,0.708333333333333,0.729166666666667,0.75,0.770833333333333,0.791666666666667,0.8125,0.833333333333333,0.854166666666667,0.875,0.895833333333333,0.916666666666667,0.9375,0.958333333333333,0.979166666666667,1),.UNSPECIFIED.);
#1281=EDGE_CURVE($,#1228,#1230,#1280,.T.);
#1282=ORIENTED_EDGE($,$,$,#1281,.T.);
#1283=CARTESIAN_POINT($,(7,60,0));
#1284=VERTEX_POINT($,#1283);
#1285=CARTESIAN_POINT($,(13,0,0));
#1286=CARTESIAN_POINT($,(14.45703125,2.5,3.4140625));
#1287=CARTESIAN_POINT($,(15.59375,5,6.1875));
#1288=CARTESIAN_POINT($,(16.43359375,7.5,8.3671875));
#1289=CARTESIAN_POINT($,(17,10,10));
#1290=CARTESIAN_POINT($,(17.31640625,12.5,11.1328125));
#1291=CARTESIAN_POINT($,(17.40625,15,11.8125));
#1292=CARTESIAN_POINT($,(17.29296875,17.5,12.0859375));
#1293=CARTESIAN_POINT($,(17,20,12));
#1294=CARTESIAN_POINT($,(16.55078125,22.5,11.6015625));
#1295=CARTESIAN_POINT($,(15.96875,25,10.9375));
#1296=CARTESIAN_POINT($,(15.27734375,27.5,10.0546875));
#1297=CARTESIAN_POINT($,(14.5,30,9));
#1298=CARTESIAN_POINT($,(13.66015625,32.5,7.8203125));
#1299=CARTESIAN_POINT($,(12.78125,35,6.5625));
#1300=CARTESIAN_POINT($,(11.88671875,37.5,5.2734375));
#1301=CARTESIAN_POINT($,(11,40,4));
#1302=CARTESIAN_POINT($,(10.14453125,42.5,2.7890625));
#1303=CARTESIAN_POINT($,(9.34375,45,1.6875));
#1304=CARTESIAN_POINT($,(8.62109375,47.5,0.7421875));
#1305=CARTESIAN_POINT($,(8,50,-0.000000000000002));
#1306=CARTESIAN_POINT($,(7.50390625,52.5,-0.4921875));
#1307=CARTESIAN_POINT($,(7.15625,55,-0.687500000000001));
#1308=CARTESIAN_POINT($,(6.98046875,57.5,-0.5390625));
#1309=CARTESIAN_POINT($,(7,60,0));
#1310=B_SPLINE_CURVE_WITH_KNOTS($,1,(#1285,#1286,#1287,#1288,#1289,#1290,#1291,#1292,#1293,#1294,#1295,#1296,#1297,#1298,#1299,#1300,#1301,#1302,#1303,#1304,#1305,#1306,#1307,#1308,#1309),.UNSPECIFIED.,.F.,.F.,(2,1,1,1,1,1,1,1,1,1,1,1,1,1,1,1,1,1,1,1,1,1,1,1,2),(0,0.041666666666667,0.083333333333333,0.125,0.166666666666667,0.208333333333333,0.25,0.291666666666667,0.333333333333333,0.375,0.416666666666667,0.458333333333333,0.5,0.541666666666667,0.583333333333333,0.625,0.666666666666667,0.708333333333333,0.75,0.791666666666667,0.833333333333333,0.875,0.916666666666667,0.958333333333333,1),.UNSPECIFIED.);
#1311=EDGE_CURVE($,#1230,#1284,#1310,.T.);
#1312=ORIENTED_EDGE($,$,$,#1311,.T.);
#1313=CARTESIAN_POINT($,(-7,60,0));
#1314=VERTEX_POINT($,#1313);
#1315=CARTESIAN_POINT($,(7,60,0));
#1316=CARTESIAN_POINT($,(6.70833333333333,60,0.244791666666667));
#1317=CARTESIAN_POINT($,(6.41666666666667,60,0.479166666666666));
#1318=CARTESIAN_POINT($,(6.125,60,0.703125));
#1319=CARTESIAN_POINT($,(5.83333333333333,60,0.916666666666667));
#1320=CARTESIAN_POINT($,(5.54166666666667,60,1.11979166666667));
#1321=CARTESIAN_POINT($,(5.25,60,1.3125));
#1322=CARTESIAN_POINT($,(4.95833333333333,60,1.49479166666667));
#1323=CARTESIAN_POINT($,(4.66666666666667,60,1.66666666666667));
#1324=CARTESIAN_POINT($,(4.375,60,1.828125));
#1325=CARTESIAN_POINT($,(4.08333333333333,60,1.97916666666667));
#1326=CARTESIAN_POINT($,(3.79166666666667,60,2.11979166666667));
#1327=CARTESIAN_POINT($,(3.5,60,2.25));
#1328=CARTESIAN_POINT($,(3.20833333333333,60,2.36979166666667));
#1329=CARTESIAN_POINT($,(2.91666666666667,60,2.47916666666667));
#1330=CARTESIAN_POINT($,(2.625,60,2.578125));
#1331=CARTESIAN_POINT($,(2.33333333333333,60,2.66666666666667));
#1332=CARTESIAN_POINT($,(2.04166666666667,60,2.74479166666667));
#1333=CARTESIAN_POINT($,(1.75,60,2.8125));
#1334=CARTESIAN_POINT($,(1.45833333333333,60,2.86979166666667));
#1335=CARTESIAN_POINT($,(1.16666666666667,60,2.91666666666667));
#1336=CARTESIAN_POINT($,(0.874999999999999,60,2.953125));
#1337=CARTESIAN_POINT($,(0.583333333333332,60,2.97916666666667));
#1338=CARTESIAN_POINT($,(0.291666666666667,60,2.99479166666667));
#1339=CARTESIAN_POINT($,(-0,60,3));
#1340=CARTESIAN_POINT($,(-0.291666666666667,60,2.99479166666667));
#1341=CARTESIAN_POINT($,(-0.583333333333334,60,2.97916666666667));
#1342=CARTESIAN_POINT($,(-0.875,60,2.953125));
#1343=CARTESIAN_POINT($,(-1.16666666666667,60,2.91666666666667));
#1344=CARTESIAN_POINT($,(-1.45833333333333,60,2.86979166666667));
#1345=CARTESIAN_POINT($,(-1.75,60,2.8125));
#1346=CARTESIAN_POINT($,(-2.04166666666667,60,2.74479166666667));
#1347=CARTESIAN_POINT($,(-2.33333333333333,60,2.66666666666667));
#1348=CARTESIAN_POINT($,(-2.625,60,2.578125));
#1349=CARTESIAN_POINT($,(-2.91666666666667,60,2.47916666666667));
#1350=CARTESIAN_POINT($,(-3.20833333333333,60,2.36979166666667));
#1351=CARTESIAN_POINT($,(-3.5,60,2.25));
#1352=CARTESIAN_POINT($,(-3.79166666666667,60,2.11979166666667));
#1353=CARTESIAN_POINT($,(-4.08333333333333,60,1.97916666666667));
#1354=CARTESIAN_POINT($,(-4.375,60,1.828125));
#1355=CARTESIAN_POINT($,(-4.66666666666667,60,1.66666666666667));
#1356=CARTESIAN_POINT($,(-4.95833333333333,60,1.49479166666667));
#1357=CARTESIAN_POINT($,(-5.25,60,1.3125));
#1358=CARTESIAN_POINT($,(-5.54166666666667,60,1.11979166666667));
#1359=CARTESIAN_POINT($,(-5.83333333333333,60,0.916666666666667));
#1360=CARTESIAN_POINT($,(-6.125,60,0.703125));
#1361=CARTESIAN_POINT($,(-6.41666666666667,60,0.479166666666667));
#1362=CARTESIAN_POINT($,(-6.70833333333333,60,0.244791666666667));
#1363=CARTESIAN_POINT($,(-7,60,0));
#1364=B_SPLINE_CURVE_WITH_KNOTS($,1,(#1315,#1316,#1317,#1318,#1319,#1320,#1321,#1322,#1323,#1324,#1325,#1326,#1327,#1328,#1329,#1330,#1331,#1332,#1333,#1334,#1335,#1336,#1337,#1338,#1339,#1340,#1341,#1342,#1343,#1344,#1345,#1346,#1347,#1348,#1349,#1350,#1351,#1352,#1353,#1354,#1355,#1356,#1357,#1358,#1359,#1360,#1361,#1362,#1363),.UNSPECIFIED.,.F.,.F.,(2,1,1,1,1,1,1,1,1,1,1,1,1,1,1,1,1,1,1,1,1,1,1,1,1,1,1,1,1,1,1,1,1,1,1,1,1,1,1,1,1,1,1,1,1,1,1,1,2),(0,0.020833333333333,0.041666666666667,0.0625,0.083333333333333,0.104166666666667,0.125,0.145833333333333,0.166666666666667,0.1875,0.208333333333333,0.229166666666667,0.25,0.270833333333333,0.291666666666667,0.3125,0.333333333333333,0.354166666666667,0.375,0.395833333333333,0.416666666666667,0.4375,0.458333333333333,0.479166666666667,0.5,0.520833333333333,0.541666666666667,0.5625,0.583333333333333,0.604166666666667,0.625,0.645833333333333,0.666666666666667,0.6875,0.708333333333333,0.729166666666667,0.75,0.770833333333333,0.791666666666667,0.8125,0.833333333333333,0.854166666666667,0.875,0.895833333333333,0.916666666666667,0.9375,0.958333333333333,0.979166666666667,1),.UNSPECIFIED.);
#1365=EDGE_CURVE($,#1284,#1314,#1364,.T.);
#1366=ORIENTED_EDGE($,$,$,#1365,.T.);
#1367=CARTESIAN_POINT($,(-7,60,0));
#1368=CARTESIAN_POINT($,(-6.98046875,57.5,-0.5390625));
#1369=CARTESIAN_POINT($,(-7.15625,55,-0.687500000000001));
#1370=CARTESIAN_POINT($,(-7.50390625,52.5,-0.4921875));
#1371=CARTESIAN_POINT($,(-8,50,-0.000000000000002));
#1372=CARTESIAN_POINT($,(-8.62109375,47.5,0.7421875));
#1373=CARTESIAN_POINT($,(-9.34375,45,1.6875));
#1374=CARTESIAN_POINT($,(-10.14453125,42.5,2.7890625));
#1375=CARTESIAN_POINT($,(-11,40,4));
#1376=CARTESIAN_POINT($,(-11.88671875,37.5,5.2734375));
#1377=CARTESIAN_POINT($,(-12.78125,35,6.5625));
#1378=CARTESIAN_POINT($,(-13.66015625,32.5,7.8203125));
#1379=CARTESIAN_POINT($,(-14.5,30,9));
#1380=CARTESIAN_POINT($,(-15.27734375,27.5,10.0546875));
#1381=CARTESIAN_POINT($,(-15.96875,25,10.9375));
#1382=CARTESIAN_POINT($,(-16.55078125,22.5,11.6015625));
#1383=CARTESIAN_POINT($,(-17,20,12));
#1384=CARTESIAN_POINT($,(-17.29296875,17.5,12.0859375));
#1385=CARTESIAN_POINT($,(-17.40625,15,11.8125));
#1386=CARTESIAN_POINT($,(-17.31640625,12.5,11.1328125));
#1387=CARTESIAN_POINT($,(-17,10,10));
#1388=CARTESIAN_POINT($,(-16.43359375,7.5,8.3671875));
#1389=CARTESIAN_POINT($,(-15.59375,5,6.1875));
#1390=CARTESIAN_POINT($,(-14.45703125,2.5,3.4140625));
#1391=CARTESIAN_POINT($,(-13,0,0));
#1392=B_SPLINE_CURVE_WITH_KNOTS($,1,(#1367,#1368,#1369,#1370,#1371,#1372,#1373,#1374,#1375,#1376,#1377,#1378,#1379,#1380,#1381,#1382,#1383,#1384,#1385,#1386,#1387,#1388,#1389,#1390,#1391),.UNSPECIFIED.,.F.,.F.,(2,1,1,1,1,1,1,1,1,1,1,1,1,1,1,1,1,1,1,1,1,1,1,1,2),(0,0.041666666666667,0.083333333333333,0.125,0.166666666666667,0.208333333333333,0.25,0.291666666666667,0.333333333333333,0.375,0.416666666666667,0.458333333333333,0.5,0.541666666666667,0.583333333333333,0.625,0.666666666666667,0.708333333333333,0.75,0.791666666666667,0.833333333333333,0.875,0.916666666666667,0.958333333333333,1),.UNSPECIFIED.);
#1393=EDGE_CURVE($,#1314,#1228,#1392,.T.);
#1394=ORIENTED_EDGE($,$,$,#1393,.T.);
#1395=EDGE_LOOP($,(#1282,#1312,#1366,#1394));
#1396=FACE_OUTER_BOUND('',#1395,.T.);
#1397=ADVANCED_FACE('',(#1396),#1226,.F.);
#1398=CARTESIAN_POINT($,(-13,0,1));
#1399=CARTESIAN_POINT($,(-14.45703125,2.5,4.4140625));
#1400=CARTESIAN_POINT($,(-15.59375,5,7.1875));
#1401=CARTESIAN_POINT($,(-16.43359375,7.5,9.3671875));
#1402=CARTESIAN_POINT($,(-17,10,11));
#1403=CARTESIAN_POINT($,(-17.31640625,12.5,12.1328125));
#1404=CARTESIAN_POINT($,(-17.40625,15,12.8125));
#1405=CARTESIAN_POINT($,(-17.29296875,17.5,13.0859375));
#1406=CARTESIAN_POINT($,(-17,20,13));
#1407=CARTESIAN_POINT($,(-16.55078125,22.5,12.6015625));
#1408=CARTESIAN_POINT($,(-15.96875,25,11.9375));
#1409=CARTESIAN_POINT($,(-15.27734375,27.5,11.0546875));
#1410=CARTESIAN_POINT($,(-14.5,30,10));
#1411=CARTESIAN_POINT($,(-13.66015625,32.5,8.8203125));
#1412=CARTESIAN_POINT($,(-12.78125,35,7.5625));
#1413=CARTESIAN_POINT($,(-11.88671875,37.5,6.2734375));
#1414=CARTESIAN_POINT($,(-11,40,5));
#1415=CARTESIAN_POINT($,(-10.14453125,42.5,3.7890625));
#1416=CARTESIAN_POINT($,(-9.34375,45,2.6875));
#1417=CARTESIAN_POINT($,(-8.62109375,47.5,1.7421875));
#1418=CARTESIAN_POINT($,(-8,50,0.999999999999998));
#1419=CARTESIAN_POINT($,(-7.50390625,52.5,0.5078125));
#1420=CARTESIAN_POINT($,(-7.15625,55,0.312499999999999));
#1421=CARTESIAN_POINT($,(-6.98046875,57.5,0.4609375));
#1422=CARTESIAN_POINT($,(-7,60,1));
#1423=CARTESIAN_POINT($,(-12.4583333333333,0,1.24479166666667));
#1424=CARTESIAN_POINT($,(-13.8546549479167,2.5,4.65885416666667));
#1425=CARTESIAN_POINT($,(-14.9440104166667,5,7.43229166666666));
#1426=CARTESIAN_POINT($,(-15.7488606770833,7.5,9.61197916666667));
#1427=CARTESIAN_POINT($,(-16.2916666666667,10,11.2447916666667));
#1428=CARTESIAN_POINT($,(-16.5948893229167,12.5,12.3776041666667));
#1429=CARTESIAN_POINT($,(-16.6809895833333,15,13.0572916666667));
#1430=CARTESIAN_POINT($,(-16.5724283854167,17.5,13.3307291666667));
#1431=CARTESIAN_POINT($,(-16.2916666666667,20,13.2447916666667));
#1432=CARTESIAN_POINT($,(-15.8611653645833,22.5,12.8463541666667));
#1433=CARTESIAN_POINT($,(-15.3033854166667,25,12.1822916666667));
#1434=CARTESIAN_POINT($,(-14.6407877604167,27.5,11.2994791666667));
#1435=CARTESIAN_POINT($,(-13.8958333333333,30,10.2447916666667));
#1436=CARTESIAN_POINT($,(-13.0909830729167,32.5,9.06510416666667));
#1437=CARTESIAN_POINT($,(-12.2486979166667,35,7.80729166666666));
#1438=CARTESIAN_POINT($,(-11.3914388020833,37.5,6.51822916666666));
#1439=CARTESIAN_POINT($,(-10.5416666666667,40,5.24479166666667));
#1440=CARTESIAN_POINT($,(-9.72184244791666,42.5,4.03385416666666));
#1441=CARTESIAN_POINT($,(-8.95442708333333,45,2.93229166666667));
#1442=CARTESIAN_POINT($,(-8.26188151041666,47.5,1.98697916666667));
#1443=CARTESIAN_POINT($,(-7.66666666666666,50,1.24479166666666));
#1444=CARTESIAN_POINT($,(-7.19124348958333,52.5,0.752604166666666));
#1445=CARTESIAN_POINT($,(-6.85807291666666,55,0.557291666666666));
#1446=CARTESIAN_POINT($,(-6.68961588541666,57.5,0.705729166666667));
#1447=CARTESIAN_POINT($,(-6.70833333333333,60,1.24479166666667));
#1448=CARTESIAN_POINT($,(-11.9166666666667,0,1.47916666666667));
#1449=CARTESIAN_POINT($,(-13.2522786458333,2.5,4.89322916666667));
#1450=CARTESIAN_POINT($,(-14.2942708333333,5,7.66666666666666));
#1451=CARTESIAN_POINT($,(-15.0641276041667,7.5,9.84635416666667));
#1452=CARTESIAN_POINT($,(-15.5833333333333,10,11.4791666666667));
#1453=CARTESIAN_POINT($,(-15.8733723958333,12.5,12.6119791666667));
#1454=CARTESIAN_POINT($,(-15.9557291666667,15,13.2916666666667));
#1455=CARTESIAN_POINT($,(-15.8518880208333,17.5,13.5651041666667));
#1456=CARTESIAN_POINT($,(-15.5833333333333,20,13.4791666666667));
#1457=CARTESIAN_POINT($,(-15.1715494791667,22.5,13.0807291666667));
#1458=CARTESIAN_POINT($,(-14.6380208333333,25,12.4166666666667));
#1459=CARTESIAN_POINT($,(-14.0042317708333,27.5,11.5338541666667));
#1460=CARTESIAN_POINT($,(-13.2916666666667,30,10.4791666666667));
#1461=CARTESIAN_POINT($,(-12.5218098958333,32.5,9.29947916666667));
#1462=CARTESIAN_POINT($,(-11.7161458333333,35,8.04166666666666));
#1463=CARTESIAN_POINT($,(-10.8961588541667,37.5,6.75260416666667));
#1464=CARTESIAN_POINT($,(-10.0833333333333,40,5.47916666666667));
#1465=CARTESIAN_POINT($,(-9.29915364583333,42.5,4.26822916666667));
#1466=CARTESIAN_POINT($,(-8.56510416666667,45,3.16666666666667));
#1467=CARTESIAN_POINT($,(-7.90266927083333,47.5,2.22135416666667));
#1468=CARTESIAN_POINT($,(-7.33333333333333,50,1.47916666666667));
#1469=CARTESIAN_POINT($,(-6.87858072916667,52.5,0.986979166666667));
#1470=CARTESIAN_POINT($,(-6.55989583333333,55,0.791666666666667));
#1471=CARTESIAN_POINT($,(-6.39876302083333,57.5,0.940104166666667));
#1472=CARTESIAN_POINT($,(-6.41666666666667,60,1.47916666666667));
#1473=CARTESIAN_POINT($,(-11.375,0,1.703125));
#1474=CARTESIAN_POINT($,(-12.64990234375,2.5,5.1171875));
#1475=CARTESIAN_POINT($,(-13.64453125,5,7.890625));
#1476=CARTESIAN_POINT($,(-14.37939453125,7.5,10.0703125));
#1477=CARTESIAN_POINT($,(-14.875,10,11.703125));
#1478=CARTESIAN_POINT($,(-15.15185546875,12.5,12.8359375));
#1479=CARTESIAN_POINT($,(-15.23046875,15,13.515625));
#1480=CARTESIAN_POINT($,(-15.13134765625,17.5,13.7890625));
#1481=CARTESIAN_POINT($,(-14.875,20,13.703125));
#1482=CARTESIAN_POINT($,(-14.48193359375,22.5,13.3046875));
#1483=CARTESIAN_POINT($,(-13.97265625,25,12.640625));
#1484=CARTESIAN_POINT($,(-13.36767578125,27.5,11.7578125));
#1485=CARTESIAN_POINT($,(-12.6875,30,10.703125));
#1486=CARTESIAN_POINT($,(-11.95263671875,32.5,9.5234375));
#1487=CARTESIAN_POINT($,(-11.18359375,35,8.265625));
#1488=CARTESIAN_POINT($,(-10.40087890625,37.5,6.9765625));
#1489=CARTESIAN_POINT($,(-9.625,40,5.703125));
#1490=CARTESIAN_POINT($,(-8.87646484375,42.5,4.4921875));
#1491=CARTESIAN_POINT($,(-8.17578125,45,3.390625));
#1492=CARTESIAN_POINT($,(-7.54345703125,47.5,2.4453125));
#1493=CARTESIAN_POINT($,(-6.99999999999999,50,1.703125));
#1494=CARTESIAN_POINT($,(-6.56591796875,52.5,1.2109375));
#1495=CARTESIAN_POINT($,(-6.26171875,55,1.015625));
#1496=CARTESIAN_POINT($,(-6.10791015625,57.5,1.1640625));
#1497=CARTESIAN_POINT($,(-6.125,60,1.703125));
#1498=CARTESIAN_POINT($,(-10.8333333333333,0,1.91666666666667));
#1499=CARTESIAN_POINT($,(-12.0475260416667,2.5,5.33072916666667));
#1500=CARTESIAN_POINT($,(-12.9947916666667,5,8.10416666666666));
#1501=CARTESIAN_POINT($,(-13.6946614583333,7.5,10.2838541666667));
#1502=CARTESIAN_POINT($,(-14.1666666666667,10,11.9166666666667));
#1503=CARTESIAN_POINT($,(-14.4303385416667,12.5,13.0494791666667));
#1504=CARTESIAN_POINT($,(-14.5052083333333,15,13.7291666666667));
#1505=CARTESIAN_POINT($,(-14.4108072916667,17.5,14.0026041666667));
#1506=CARTESIAN_POINT($,(-14.1666666666667,20,13.9166666666667));
#1507=CARTESIAN_POINT($,(-13.7923177083333,22.5,13.5182291666667));
#1508=CARTESIAN_POINT($,(-13.3072916666667,25,12.8541666666667));
#1509=CARTESIAN_POINT($,(-12.7311197916667,27.5,11.9713541666667));
#1510=CARTESIAN_POINT($,(-12.0833333333333,30,10.9166666666667));
#1511=CARTESIAN_POINT($,(-11.3834635416667,32.5,9.73697916666667));
#1512=CARTESIAN_POINT($,(-10.6510416666667,35,8.47916666666666));
#1513=CARTESIAN_POINT($,(-9.90559895833333,37.5,7.19010416666666));
#1514=CARTESIAN_POINT($,(-9.16666666666667,40,5.91666666666667));
#1515=CARTESIAN_POINT($,(-8.45377604166667,42.5,4.70572916666666));
#1516=CARTESIAN_POINT($,(-7.78645833333333,45,3.60416666666666));
#1517=CARTESIAN_POINT($,(-7.18424479166667,47.5,2.65885416666667));
#1518=CARTESIAN_POINT($,(-6.66666666666666,50,1.91666666666666));
#1519=CARTESIAN_POINT($,(-6.25325520833333,52.5,1.42447916666667));
#1520=CARTESIAN_POINT($,(-5.96354166666666,55,1.22916666666667));
#1521=CARTESIAN_POINT($,(-5.81705729166666,57.5,1.37760416666667));
#1522=CARTESIAN_POINT($,(-5.83333333333333,60,1.91666666666667));
#1523=CARTESIAN_POINT($,(-10.2916666666667,0,2.11979166666667));
#1524=CARTESIAN_POINT($,(-11.4451497395833,2.5,5.53385416666667));
#1525=CARTESIAN_POINT($,(-12.3450520833333,5,8.30729166666666));
#1526=CARTESIAN_POINT($,(-13.0099283854167,7.5,10.4869791666667));
#1527=CARTESIAN_POINT($,(-13.4583333333333,10,12.1197916666667));
#1528=CARTESIAN_POINT($,(-13.7088216145833,12.5,13.2526041666667));
#1529=CARTESIAN_POINT($,(-13.7799479166667,15,13.9322916666667));
#1530=CARTESIAN_POINT($,(-13.6902669270833,17.5,14.2057291666667));
#1531=CARTESIAN_POINT($,(-13.4583333333333,20,14.1197916666667));
#1532=CARTESIAN_POINT($,(-13.1027018229167,22.5,13.7213541666667));
#1533=CARTESIAN_POINT($,(-12.6419270833333,25,13.0572916666667));
#1534=CARTESIAN_POINT($,(-12.0945638020833,27.5,12.1744791666667));
#1535=CARTESIAN_POINT($,(-11.4791666666667,30,11.1197916666667));
#1536=CARTESIAN_POINT($,(-10.8142903645833,32.5,9.94010416666667));
#1537=CARTESIAN_POINT($,(-10.1184895833333,35,8.68229166666666));
#1538=CARTESIAN_POINT($,(-9.41031901041666,37.5,7.39322916666667));
#1539=CARTESIAN_POINT($,(-8.70833333333333,40,6.11979166666667));
#1540=CARTESIAN_POINT($,(-8.03108723958333,42.5,4.90885416666667));
#1541=CARTESIAN_POINT($,(-7.39713541666666,45,3.80729166666667));
#1542=CARTESIAN_POINT($,(-6.82503255208333,47.5,2.86197916666667));
#1543=CARTESIAN_POINT($,(-6.33333333333333,50,2.11979166666667));
#1544=CARTESIAN_POINT($,(-5.94059244791667,52.5,1.62760416666667));
#1545=CARTESIAN_POINT($,(-5.66536458333333,55,1.43229166666667));
#1546=CARTESIAN_POINT($,(-5.52620442708333,57.5,1.58072916666667));
#1547=CARTESIAN_POINT($,(-5.54166666666667,60,2.11979166666667));
#1548=CARTESIAN_POINT($,(-9.75,0,2.3125));
#1549=CARTESIAN_POINT($,(-10.8427734375,2.5,5.7265625));
#1550=CARTESIAN_POINT($,(-11.6953125,5,8.5));
#1551=CARTESIAN_POINT($,(-12.3251953125,7.5,10.6796875));
#1552=CARTESIAN_POINT($,(-12.75,10,12.3125));
#1553=CARTESIAN_POINT($,(-12.9873046875,12.5,13.4453125));
#1554=CARTESIAN_POINT($,(-13.0546875,15,14.125));
#1555=CARTESIAN_POINT($,(-12.9697265625,17.5,14.3984375));
#1556=CARTESIAN_POINT($,(-12.75,20,14.3125));
#1557=CARTESIAN_POINT($,(-12.4130859375,22.5,13.9140625));
#1558=CARTESIAN_POINT($,(-11.9765625,25,13.25));
#1559=CARTESIAN_POINT($,(-11.4580078125,27.5,12.3671875));
#1560=CARTESIAN_POINT($,(-10.875,30,11.3125));
#1561=CARTESIAN_POINT($,(-10.2451171875,32.5,10.1328125));
#1562=CARTESIAN_POINT($,(-9.5859375,35,8.875));
#1563=CARTESIAN_POINT($,(-8.9150390625,37.5,7.5859375));
#1564=CARTESIAN_POINT($,(-8.25,40,6.3125));
#1565=CARTESIAN_POINT($,(-7.6083984375,42.5,5.1015625));
#1566=CARTESIAN_POINT($,(-7.0078125,45,4));
#1567=CARTESIAN_POINT($,(-6.4658203125,47.5,3.0546875));
#1568=CARTESIAN_POINT($,(-6,50,2.3125));
#1569=CARTESIAN_POINT($,(-5.6279296875,52.5,1.8203125));
#1570=CARTESIAN_POINT($,(-5.3671875,55,1.625));
#1571=CARTESIAN_POINT($,(-5.2353515625,57.5,1.7734375));
#1572=CARTESIAN_POINT($,(-5.25,60,2.3125));
#1573=CARTESIAN_POINT($,(-9.20833333333333,0,2.49479166666667));
#1574=CARTESIAN_POINT($,(-10.2403971354167,2.5,5.90885416666667));
#1575=CARTESIAN_POINT($,(-11.0455729166667,5,8.68229166666666));
#1576=CARTESIAN_POINT($,(-11.6404622395833,7.5,10.8619791666667));
#1577=CARTESIAN_POINT($,(-12.0416666666667,10,12.4947916666667));
#1578=CARTESIAN_POINT($,(-12.2657877604167,12.5,13.6276041666667));
#1579=CARTESIAN_POINT($,(-12.3294270833333,15,14.3072916666667));
#1580=CARTESIAN_POINT($,(-12.2491861979167,17.5,14.5807291666667));
#1581=CARTESIAN_POINT($,(-12.0416666666667,20,14.4947916666667));
#1582=CARTESIAN_POINT($,(-11.7234700520833,22.5,14.0963541666667));
#1583=CARTESIAN_POINT($,(-11.3111979166667,25,13.4322916666667));
#1584=CARTESIAN_POINT($,(-10.8214518229167,27.5,12.5494791666667));
#1585=CARTESIAN_POINT($,(-10.2708333333333,30,11.4947916666667));
#1586=CARTESIAN_POINT($,(-9.67594401041667,32.5,10.3151041666667));
#1587=CARTESIAN_POINT($,(-9.05338541666666,35,9.05729166666666));
#1588=CARTESIAN_POINT($,(-8.41975911458333,37.5,7.76822916666667));
#1589=CARTESIAN_POINT($,(-7.79166666666667,40,6.49479166666667));
#1590=CARTESIAN_POINT($,(-7.18570963541667,42.5,5.28385416666667));
#1591=CARTESIAN_POINT($,(-6.61848958333333,45,4.18229166666667));
#1592=CARTESIAN_POINT($,(-6.10660807291667,47.5,3.23697916666667));
#1593=CARTESIAN_POINT($,(-5.66666666666667,50,2.49479166666667));
#1594=CARTESIAN_POINT($,(-5.31526692708333,52.5,2.00260416666667));
#1595=CARTESIAN_POINT($,(-5.06901041666667,55,1.80729166666667));
#1596=CARTESIAN_POINT($,(-4.94449869791667,57.5,1.95572916666667));
#1597=CARTESIAN_POINT($,(-4.95833333333333,60,2.49479166666667));
#1598=CARTESIAN_POINT($,(-8.66666666666667,0,2.66666666666667));
#1599=CARTESIAN_POINT($,(-9.63802083333333,2.5,6.08072916666667));
#1600=CARTESIAN_POINT($,(-10.3958333333333,5,8.85416666666666));
#1601=CARTESIAN_POINT($,(-10.9557291666667,7.5,11.0338541666667));
#1602=CARTESIAN_POINT($,(-11.3333333333333,10,12.6666666666667));
#1603=CARTESIAN_POINT($,(-11.5442708333333,12.5,13.7994791666667));
#1604=CARTESIAN_POINT($,(-11.6041666666667,15,14.4791666666667));
#1605=CARTESIAN_POINT($,(-11.5286458333333,17.5,14.7526041666667));
#1606=CARTESIAN_POINT($,(-11.3333333333333,20,14.6666666666667));
#1607=CARTESIAN_POINT($,(-11.0338541666667,22.5,14.2682291666667));
#1608=CARTESIAN_POINT($,(-10.6458333333333,25,13.6041666666667));
#1609=CARTESIAN_POINT($,(-10.1848958333333,27.5,12.7213541666667));
#1610=CARTESIAN_POINT($,(-9.66666666666667,30,11.6666666666667));
#1611=CARTESIAN_POINT($,(-9.10677083333333,32.5,10.4869791666667));
#1612=CARTESIAN_POINT($,(-8.52083333333333,35,9.22916666666666));
#1613=CARTESIAN_POINT($,(-7.92447916666667,37.5,7.94010416666667));
#1614=CARTESIAN_POINT($,(-7.33333333333333,40,6.66666666666667));
#1615=CARTESIAN_POINT($,(-6.76302083333333,42.5,5.45572916666667));
#1616=CARTESIAN_POINT($,(-6.22916666666667,45,4.35416666666667));
#1617=CARTESIAN_POINT($,(-5.74739583333333,47.5,3.40885416666667));
#1618=CARTESIAN_POINT($,(-5.33333333333333,50,2.66666666666667));
#1619=CARTESIAN_POINT($,(-5.00260416666667,52.5,2.17447916666667));
#1620=CARTESIAN_POINT($,(-4.77083333333333,55,1.97916666666667));
#1621=CARTESIAN_POINT($,(-4.65364583333333,57.5,2.12760416666667));
#1622=CARTESIAN_POINT($,(-4.66666666666667,60,2.66666666666667));
#1623=CARTESIAN_POINT($,(-8.125,0,2.828125));
#1624=CARTESIAN_POINT($,(-9.03564453125,2.5,6.2421875));
#1625=CARTESIAN_POINT($,(-9.74609375,5,9.015625));
#1626=CARTESIAN_POINT($,(-10.27099609375,7.5,11.1953125));
#1627=CARTESIAN_POINT($,(-10.625,10,12.828125));
#1628=CARTESIAN_POINT($,(-10.82275390625,12.5,13.9609375));
#1629=CARTESIAN_POINT($,(-10.87890625,15,14.640625));
#1630=CARTESIAN_POINT($,(-10.80810546875,17.5,14.9140625));
#1631=CARTESIAN_POINT($,(-10.625,20,14.828125));
#1632=CARTESIAN_POINT($,(-10.34423828125,22.5,14.4296875));
#1633=CARTESIAN_POINT($,(-9.98046875,25,13.765625));
#1634=CARTESIAN_POINT($,(-9.54833984375,27.5,12.8828125));
#1635=CARTESIAN_POINT($,(-9.0625,30,11.828125));
#1636=CARTESIAN_POINT($,(-8.53759765625,32.5,10.6484375));
#1637=CARTESIAN_POINT($,(-7.98828125,35,9.390625));
#1638=CARTESIAN_POINT($,(-7.42919921875,37.5,8.1015625));
#1639=CARTESIAN_POINT($,(-6.875,40,6.828125));
#1640=CARTESIAN_POINT($,(-6.34033203125,42.5,5.6171875));
#1641=CARTESIAN_POINT($,(-5.83984375,45,4.515625));
#1642=CARTESIAN_POINT($,(-5.38818359375,47.5,3.5703125));
#1643=CARTESIAN_POINT($,(-5,50,2.828125));
#1644=CARTESIAN_POINT($,(-4.68994140625,52.5,2.3359375));
#1645=CARTESIAN_POINT($,(-4.47265625,55,2.140625));
#1646=CARTESIAN_POINT($,(-4.36279296875,57.5,2.2890625));
#1647=CARTESIAN_POINT($,(-4.375,60,2.828125));
#1648=CARTESIAN_POINT($,(-7.58333333333333,0,2.97916666666667));
#1649=CARTESIAN_POINT($,(-8.43326822916667,2.5,6.39322916666667));
#1650=CARTESIAN_POINT($,(-9.09635416666666,5,9.16666666666666));
#1651=CARTESIAN_POINT($,(-9.58626302083333,7.5,11.3463541666667));
#1652=CARTESIAN_POINT($,(-9.91666666666667,10,12.9791666666667));
#1653=CARTESIAN_POINT($,(-10.1012369791667,12.5,14.1119791666667));
#1654=CARTESIAN_POINT($,(-10.1536458333333,15,14.7916666666667));
#1655=CARTESIAN_POINT($,(-10.0875651041667,17.5,15.0651041666667));
#1656=CARTESIAN_POINT($,(-9.91666666666667,20,14.9791666666667));
#1657=CARTESIAN_POINT($,(-9.65462239583333,22.5,14.5807291666667));
#1658=CARTESIAN_POINT($,(-9.31510416666666,25,13.9166666666667));
#1659=CARTESIAN_POINT($,(-8.91178385416667,27.5,13.0338541666667));
#1660=CARTESIAN_POINT($,(-8.45833333333333,30,11.9791666666667));
#1661=CARTESIAN_POINT($,(-7.96842447916667,32.5,10.7994791666667));
#1662=CARTESIAN_POINT($,(-7.45572916666667,35,9.54166666666666));
#1663=CARTESIAN_POINT($,(-6.93391927083333,37.5,8.25260416666666));
#1664=CARTESIAN_POINT($,(-6.41666666666667,40,6.97916666666667));
#1665=CARTESIAN_POINT($,(-5.91764322916667,42.5,5.76822916666667));
#1666=CARTESIAN_POINT($,(-5.45052083333333,45,4.66666666666667));
#1667=CARTESIAN_POINT($,(-5.02897135416667,47.5,3.72135416666667));
#1668=CARTESIAN_POINT($,(-4.66666666666666,50,2.97916666666667));
#1669=CARTESIAN_POINT($,(-4.37727864583333,52.5,2.48697916666667));
#1670=CARTESIAN_POINT($,(-4.17447916666666,55,2.29166666666667));
#1671=CARTESIAN_POINT($,(-4.07194010416667,57.5,2.44010416666667));
#1672=CARTESIAN_POINT($,(-4.08333333333333,60,2.97916666666667));
#1673=CARTESIAN_POINT($,(-7.04166666666667,0,3.11979166666667));
#1674=CARTESIAN_POINT($,(-7.83089192708333,2.5,6.53385416666667));
#1675=CARTESIAN_POINT($,(-8.44661458333333,5,9.30729166666666));
#1676=CARTESIAN_POINT($,(-8.90152994791667,7.5,11.4869791666667));
#1677=CARTESIAN_POINT($,(-9.20833333333333,10,13.1197916666667));
#1678=CARTESIAN_POINT($,(-9.37972005208333,12.5,14.2526041666667));
#1679=CARTESIAN_POINT($,(-9.42838541666666,15,14.9322916666667));
#1680=CARTESIAN_POINT($,(-9.36702473958333,17.5,15.2057291666667));
#1681=CARTESIAN_POINT($,(-9.20833333333333,20,15.1197916666667));
#1682=CARTESIAN_POINT($,(-8.96500651041666,22.5,14.7213541666667));
#1683=CARTESIAN_POINT($,(-8.64973958333333,25,14.0572916666667));
#1684=CARTESIAN_POINT($,(-8.27522786458334,27.5,13.1744791666667));
#1685=CARTESIAN_POINT($,(-7.85416666666667,30,12.1197916666667));
#1686=CARTESIAN_POINT($,(-7.39925130208333,32.5,10.9401041666667));
#1687=CARTESIAN_POINT($,(-6.92317708333333,35,9.68229166666666));
#1688=CARTESIAN_POINT($,(-6.43863932291667,37.5,8.39322916666666));
#1689=CARTESIAN_POINT($,(-5.95833333333333,40,7.11979166666667));
#1690=CARTESIAN_POINT($,(-5.49495442708333,42.5,5.90885416666667));
#1691=CARTESIAN_POINT($,(-5.06119791666667,45,4.80729166666667));
#1692=CARTESIAN_POINT($,(-4.66975911458333,47.5,3.86197916666667));
#1693=CARTESIAN_POINT($,(-4.33333333333333,50,3.11979166666667));
#1694=CARTESIAN_POINT($,(-4.06461588541667,52.5,2.62760416666667));
#1695=CARTESIAN_POINT($,(-3.87630208333333,55,2.43229166666667));
#1696=CARTESIAN_POINT($,(-3.78108723958333,57.5,2.58072916666667));
#1697=CARTESIAN_POINT($,(-3.79166666666667,60,3.11979166666667));
#1698=CARTESIAN_POINT($,(-6.5,0,3.25));
#1699=CARTESIAN_POINT($,(-7.228515625,2.5,6.6640625));
#1700=CARTESIAN_POINT($,(-7.796875,5,9.4375));
#1701=CARTESIAN_POINT($,(-8.216796875,7.5,11.6171875));
#1702=CARTESIAN_POINT($,(-8.5,10,13.25));
#1703=CARTESIAN_POINT($,(-8.658203125,12.5,14.3828125));
#1704=CARTESIAN_POINT($,(-8.703125,15,15.0625));
#1705=CARTESIAN_POINT($,(-8.646484375,17.5,15.3359375));
#1706=CARTESIAN_POINT($,(-8.5,20,15.25));
#1707=CARTESIAN_POINT($,(-8.275390625,22.5,14.8515625));
#1708=CARTESIAN_POINT($,(-7.984375,25,14.1875));
#1709=CARTESIAN_POINT($,(-7.638671875,27.5,13.3046875));
#1710=CARTESIAN_POINT($,(-7.25,30,12.25));
#1711=CARTESIAN_POINT($,(-6.830078125,32.5,11.0703125));
#1712=CARTESIAN_POINT($,(-6.390625,35,9.8125));
#1713=CARTESIAN_POINT($,(-5.943359375,37.5,8.5234375));
#1714=CARTESIAN_POINT($,(-5.5,40,7.25));
#1715=CARTESIAN_POINT($,(-5.072265625,42.5,6.0390625));
#1716=CARTESIAN_POINT($,(-4.671875,45,4.9375));
#1717=CARTESIAN_POINT($,(-4.310546875,47.5,3.9921875));
#1718=CARTESIAN_POINT($,(-4,50,3.25));
#1719=CARTESIAN_POINT($,(-3.751953125,52.5,2.7578125));
#1720=CARTESIAN_POINT($,(-3.578125,55,2.5625));
#1721=CARTESIAN_POINT($,(-3.490234375,57.5,2.7109375));
#1722=CARTESIAN_POINT($,(-3.5,60,3.25));
#1723=CARTESIAN_POINT($,(-5.95833333333333,0,3.36979166666667));
#1724=CARTESIAN_POINT($,(-6.62613932291667,2.5,6.78385416666667));
#1725=CARTESIAN_POINT($,(-7.14713541666667,5,9.55729166666666));
#1726=CARTESIAN_POINT($,(-7.53206380208333,7.5,11.7369791666667));
#1727=CARTESIAN_POINT($,(-7.79166666666667,10,13.3697916666667));
#1728=CARTESIAN_POINT($,(-7.93668619791667,12.5,14.5026041666667));
#1729=CARTESIAN_POINT($,(-7.97786458333333,15,15.1822916666667));
#1730=CARTESIAN_POINT($,(-7.92594401041667,17.5,15.4557291666667));
#1731=CARTESIAN_POINT($,(-7.79166666666667,20,15.3697916666667));
#1732=CARTESIAN_POINT($,(-7.58577473958333,22.5,14.9713541666667));
#1733=CARTESIAN_POINT($,(-7.31901041666667,25,14.3072916666667));
#1734=CARTESIAN_POINT($,(-7.00211588541667,27.5,13.4244791666667));
#1735=CARTESIAN_POINT($,(-6.64583333333333,30,12.3697916666667));
#1736=CARTESIAN_POINT($,(-6.26090494791667,32.5,11.1901041666667));
#1737=CARTESIAN_POINT($,(-5.85807291666667,35,9.93229166666666));
#1738=CARTESIAN_POINT($,(-5.44807942708333,37.5,8.64322916666666));
#1739=CARTESIAN_POINT($,(-5.04166666666667,40,7.36979166666667));
#1740=CARTESIAN_POINT($,(-4.64957682291667,42.5,6.15885416666666));
#1741=CARTESIAN_POINT($,(-4.28255208333333,45,5.05729166666667));
#1742=CARTESIAN_POINT($,(-3.95133463541667,47.5,4.11197916666667));
#1743=CARTESIAN_POINT($,(-3.66666666666667,50,3.36979166666666));
#1744=CARTESIAN_POINT($,(-3.43929036458333,52.5,2.87760416666667));
#1745=CARTESIAN_POINT($,(-3.27994791666667,55,2.68229166666667));
#1746=CARTESIAN_POINT($,(-3.19938151041667,57.5,2.83072916666667));
#1747=CARTESIAN_POINT($,(-3.20833333333333,60,3.36979166666667));
#1748=CARTESIAN_POINT($,(-5.41666666666667,0,3.47916666666667));
#1749=CARTESIAN_POINT($,(-6.02376302083333,2.5,6.89322916666667));
#1750=CARTESIAN_POINT($,(-6.49739583333333,5,9.66666666666666));
#1751=CARTESIAN_POINT($,(-6.84733072916667,7.5,11.8463541666667));
#1752=CARTESIAN_POINT($,(-7.08333333333333,10,13.4791666666667));
#1753=CARTESIAN_POINT($,(-7.21516927083333,12.5,14.6119791666667));
#1754=CARTESIAN_POINT($,(-7.25260416666667,15,15.2916666666667));
#1755=CARTESIAN_POINT($,(-7.20540364583333,17.5,15.5651041666667));
#1756=CARTESIAN_POINT($,(-7.08333333333333,20,15.4791666666667));
#1757=CARTESIAN_POINT($,(-6.89615885416667,22.5,15.0807291666667));
#1758=CARTESIAN_POINT($,(-6.65364583333333,25,14.4166666666667));
#1759=CARTESIAN_POINT($,(-6.36555989583333,27.5,13.5338541666667));
#1760=CARTESIAN_POINT($,(-6.04166666666667,30,12.4791666666667));
#1761=CARTESIAN_POINT($,(-5.69173177083333,32.5,11.2994791666667));
#1762=CARTESIAN_POINT($,(-5.32552083333333,35,10.0416666666667));
#1763=CARTESIAN_POINT($,(-4.95279947916666,37.5,8.75260416666666));
#1764=CARTESIAN_POINT($,(-4.58333333333333,40,7.47916666666667));
#1765=CARTESIAN_POINT($,(-4.22688802083333,42.5,6.26822916666667));
#1766=CARTESIAN_POINT($,(-3.89322916666667,45,5.16666666666667));
#1767=CARTESIAN_POINT($,(-3.59212239583333,47.5,4.22135416666667));
#1768=CARTESIAN_POINT($,(-3.33333333333333,50,3.47916666666667));
#1769=CARTESIAN_POINT($,(-3.12662760416667,52.5,2.98697916666667));
#1770=CARTESIAN_POINT($,(-2.98177083333333,55,2.79166666666667));
#1771=CARTESIAN_POINT($,(-2.90852864583333,57.5,2.94010416666667));
#1772=CARTESIAN_POINT($,(-2.91666666666667,60,3.47916666666667));
#1773=CARTESIAN_POINT($,(-4.875,0,3.578125));
#1774=CARTESIAN_POINT($,(-5.42138671875,2.5,6.9921875));
#1775=CARTESIAN_POINT($,(-5.84765625,5,9.765625));
#1776=CARTESIAN_POINT($,(-6.16259765625,7.5,11.9453125));
#1777=CARTESIAN_POINT($,(-6.375,10,13.578125));
#1778=CARTESIAN_POINT($,(-6.49365234375,12.5,14.7109375));
#1779=CARTESIAN_POINT($,(-6.52734375,15,15.390625));
#1780=CARTESIAN_POINT($,(-6.48486328125,17.5,15.6640625));
#1781=CARTESIAN_POINT($,(-6.375,20,15.578125));
#1782=CARTESIAN_POINT($,(-6.20654296875,22.5,15.1796875));
#1783=CARTESIAN_POINT($,(-5.98828125,25,14.515625));
#1784=CARTESIAN_POINT($,(-5.72900390625,27.5,13.6328125));
#1785=CARTESIAN_POINT($,(-5.4375,30,12.578125));
#1786=CARTESIAN_POINT($,(-5.12255859375,32.5,11.3984375));
#1787=CARTESIAN_POINT($,(-4.79296875,35,10.140625));
#1788=CARTESIAN_POINT($,(-4.45751953125,37.5,8.8515625));
#1789=CARTESIAN_POINT($,(-4.125,40,7.578125));
#1790=CARTESIAN_POINT($,(-3.80419921875,42.5,6.3671875));
#1791=CARTESIAN_POINT($,(-3.50390625,45,5.265625));
#1792=CARTESIAN_POINT($,(-3.23291015625,47.5,4.3203125));
#1793=CARTESIAN_POINT($,(-3,50,3.578125));
#1794=CARTESIAN_POINT($,(-2.81396484375,52.5,3.0859375));
#1795=CARTESIAN_POINT($,(-2.68359375,55,2.890625));
#1796=CARTESIAN_POINT($,(-2.61767578125,57.5,3.0390625));
#1797=CARTESIAN_POINT($,(-2.625,60,3.578125));
#1798=CARTESIAN_POINT($,(-4.33333333333333,0,3.66666666666667));
#1799=CARTESIAN_POINT($,(-4.81901041666667,2.5,7.08072916666667));
#1800=CARTESIAN_POINT($,(-5.19791666666667,5,9.85416666666666));
#1801=CARTESIAN_POINT($,(-5.47786458333333,7.5,12.0338541666667));
#1802=CARTESIAN_POINT($,(-5.66666666666667,10,13.6666666666667));
#1803=CARTESIAN_POINT($,(-5.77213541666667,12.5,14.7994791666667));
#1804=CARTESIAN_POINT($,(-5.80208333333333,15,15.4791666666667));
#1805=CARTESIAN_POINT($,(-5.76432291666667,17.5,15.7526041666667));
#1806=CARTESIAN_POINT($,(-5.66666666666667,20,15.6666666666667));
#1807=CARTESIAN_POINT($,(-5.51692708333333,22.5,15.2682291666667));
#1808=CARTESIAN_POINT($,(-5.32291666666667,25,14.6041666666667));
#1809=CARTESIAN_POINT($,(-5.09244791666667,27.5,13.7213541666667));
#1810=CARTESIAN_POINT($,(-4.83333333333333,30,12.6666666666667));
#1811=CARTESIAN_POINT($,(-4.55338541666667,32.5,11.4869791666667));
#1812=CARTESIAN_POINT($,(-4.26041666666667,35,10.2291666666667));
#1813=CARTESIAN_POINT($,(-3.96223958333333,37.5,8.94010416666666));
#1814=CARTESIAN_POINT($,(-3.66666666666667,40,7.66666666666667));
#1815=CARTESIAN_POINT($,(-3.38151041666667,42.5,6.45572916666667));
#1816=CARTESIAN_POINT($,(-3.11458333333333,45,5.35416666666667));
#1817=CARTESIAN_POINT($,(-2.87369791666667,47.5,4.40885416666667));
#1818=CARTESIAN_POINT($,(-2.66666666666667,50,3.66666666666666));
#1819=CARTESIAN_POINT($,(-2.50130208333333,52.5,3.17447916666667));
#1820=CARTESIAN_POINT($,(-2.38541666666667,55,2.97916666666667));
#1821=CARTESIAN_POINT($,(-2.32682291666667,57.5,3.12760416666667));
#1822=CARTESIAN_POINT($,(-2.33333333333333,60,3.66666666666667));
#1823=CARTESIAN_POINT($,(-3.79166666666667,0,3.74479166666667));
#1824=CARTESIAN_POINT($,(-4.21663411458333,2.5,7.15885416666667));
#1825=CARTESIAN_POINT($,(-4.54817708333333,5,9.93229166666666));
#1826=CARTESIAN_POINT($,(-4.79313151041667,7.5,12.1119791666667));
#1827=CARTESIAN_POINT($,(-4.95833333333333,10,13.7447916666667));
#1828=CARTESIAN_POINT($,(-5.05061848958333,12.5,14.8776041666667));
#1829=CARTESIAN_POINT($,(-5.07682291666667,15,15.5572916666667));
#1830=CARTESIAN_POINT($,(-5.04378255208333,17.5,15.8307291666667));
#1831=CARTESIAN_POINT($,(-4.95833333333333,20,15.7447916666667));
#1832=CARTESIAN_POINT($,(-4.82731119791667,22.5,15.3463541666667));
#1833=CARTESIAN_POINT($,(-4.65755208333333,25,14.6822916666667));
#1834=CARTESIAN_POINT($,(-4.45589192708333,27.5,13.7994791666667));
#1835=CARTESIAN_POINT($,(-4.22916666666667,30,12.7447916666667));
#1836=CARTESIAN_POINT($,(-3.98421223958333,32.5,11.5651041666667));
#1837=CARTESIAN_POINT($,(-3.72786458333333,35,10.3072916666667));
#1838=CARTESIAN_POINT($,(-3.46695963541666,37.5,9.01822916666666));
#1839=CARTESIAN_POINT($,(-3.20833333333333,40,7.74479166666667));
#1840=CARTESIAN_POINT($,(-2.95882161458333,42.5,6.53385416666667));
#1841=CARTESIAN_POINT($,(-2.72526041666667,45,5.43229166666667));
#1842=CARTESIAN_POINT($,(-2.51448567708333,47.5,4.48697916666667));
#1843=CARTESIAN_POINT($,(-2.33333333333333,50,3.74479166666666));
#1844=CARTESIAN_POINT($,(-2.18863932291667,52.5,3.25260416666667));
#1845=CARTESIAN_POINT($,(-2.08723958333333,55,3.05729166666667));
#1846=CARTESIAN_POINT($,(-2.03597005208333,57.5,3.20572916666667));
#1847=CARTESIAN_POINT($,(-2.04166666666667,60,3.74479166666667));
#1848=CARTESIAN_POINT($,(-3.25,0,3.8125));
#1849=CARTESIAN_POINT($,(-3.6142578125,2.5,7.2265625));
#1850=CARTESIAN_POINT($,(-3.8984375,5,10));
#1851=CARTESIAN_POINT($,(-4.1083984375,7.5,12.1796875));
#1852=CARTESIAN_POINT($,(-4.25,10,13.8125));
#1853=CARTESIAN_POINT($,(-4.3291015625,12.5,14.9453125));
#1854=CARTESIAN_POINT($,(-4.3515625,15,15.625));
#1855=CARTESIAN_POINT($,(-4.3232421875,17.5,15.8984375));
#1856=CARTESIAN_POINT($,(-4.25,20,15.8125));
#1857=CARTESIAN_POINT($,(-4.1376953125,22.5,15.4140625));
#1858=CARTESIAN_POINT($,(-3.9921875,25,14.75));
#1859=CARTESIAN_POINT($,(-3.8193359375,27.5,13.8671875));
#1860=CARTESIAN_POINT($,(-3.625,30,12.8125));
#1861=CARTESIAN_POINT($,(-3.4150390625,32.5,11.6328125));
#1862=CARTESIAN_POINT($,(-3.1953125,35,10.375));
#1863=CARTESIAN_POINT($,(-2.9716796875,37.5,9.0859375));
#1864=CARTESIAN_POINT($,(-2.75,40,7.8125));
#1865=CARTESIAN_POINT($,(-2.5361328125,42.5,6.6015625));
#1866=CARTESIAN_POINT($,(-2.3359375,45,5.5));
#1867=CARTESIAN_POINT($,(-2.1552734375,47.5,4.5546875));
#1868=CARTESIAN_POINT($,(-2,50,3.8125));
#1869=CARTESIAN_POINT($,(-1.8759765625,52.5,3.3203125));
#1870=CARTESIAN_POINT($,(-1.7890625,55,3.125));
#1871=CARTESIAN_POINT($,(-1.7451171875,57.5,3.2734375));
#1872=CARTESIAN_POINT($,(-1.75,60,3.8125));
#1873=CARTESIAN_POINT($,(-2.70833333333333,0,3.86979166666667));
#1874=CARTESIAN_POINT($,(-3.01188151041667,2.5,7.28385416666667));
#1875=CARTESIAN_POINT($,(-3.24869791666667,5,10.0572916666667));
#1876=CARTESIAN_POINT($,(-3.42366536458333,7.5,12.2369791666667));
#1877=CARTESIAN_POINT($,(-3.54166666666667,10,13.8697916666667));
#1878=CARTESIAN_POINT($,(-3.60758463541667,12.5,15.0026041666667));
#1879=CARTESIAN_POINT($,(-3.62630208333333,15,15.6822916666667));
#1880=CARTESIAN_POINT($,(-3.60270182291667,17.5,15.9557291666667));
#1881=CARTESIAN_POINT($,(-3.54166666666667,20,15.8697916666667));
#1882=CARTESIAN_POINT($,(-3.44807942708333,22.5,15.4713541666667));
#1883=CARTESIAN_POINT($,(-3.32682291666667,25,14.8072916666667));
#1884=CARTESIAN_POINT($,(-3.18277994791667,27.5,13.9244791666667));
#1885=CARTESIAN_POINT($,(-3.02083333333333,30,12.8697916666667));
#1886=CARTESIAN_POINT($,(-2.84586588541667,32.5,11.6901041666667));
#1887=CARTESIAN_POINT($,(-2.66276041666667,35,10.4322916666667));
#1888=CARTESIAN_POINT($,(-2.47639973958333,37.5,9.14322916666666));
#1889=CARTESIAN_POINT($,(-2.29166666666667,40,7.86979166666667));
#1890=CARTESIAN_POINT($,(-2.11344401041667,42.5,6.65885416666667));
#1891=CARTESIAN_POINT($,(-1.94661458333333,45,5.55729166666667));
#1892=CARTESIAN_POINT($,(-1.79606119791667,47.5,4.61197916666667));
#1893=CARTESIAN_POINT($,(-1.66666666666667,50,3.86979166666666));
#1894=CARTESIAN_POINT($,(-1.56331380208333,52.5,3.37760416666667));
#1895=CARTESIAN_POINT($,(-1.49088541666667,55,3.18229166666667));
#1896=CARTESIAN_POINT($,(-1.45426432291667,57.5,3.33072916666667));
#1897=CARTESIAN_POINT($,(-1.45833333333333,60,3.86979166666667));
#1898=CARTESIAN_POINT($,(-2.16666666666667,0,3.91666666666667));
#1899=CARTESIAN_POINT($,(-2.40950520833333,2.5,7.33072916666667));
#1900=CARTESIAN_POINT($,(-2.59895833333333,5,10.1041666666667));
#1901=CARTESIAN_POINT($,(-2.73893229166667,7.5,12.2838541666667));
#1902=CARTESIAN_POINT($,(-2.83333333333333,10,13.9166666666667));
#1903=CARTESIAN_POINT($,(-2.88606770833333,12.5,15.0494791666667));
#1904=CARTESIAN_POINT($,(-2.90104166666667,15,15.7291666666667));
#1905=CARTESIAN_POINT($,(-2.88216145833333,17.5,16.0026041666667));
#1906=CARTESIAN_POINT($,(-2.83333333333333,20,15.9166666666667));
#1907=CARTESIAN_POINT($,(-2.75846354166667,22.5,15.5182291666667));
#1908=CARTESIAN_POINT($,(-2.66145833333333,25,14.8541666666667));
#1909=CARTESIAN_POINT($,(-2.54622395833333,27.5,13.9713541666667));
#1910=CARTESIAN_POINT($,(-2.41666666666667,30,12.9166666666667));
#1911=CARTESIAN_POINT($,(-2.27669270833333,32.5,11.7369791666667));
#1912=CARTESIAN_POINT($,(-2.13020833333333,35,10.4791666666667));
#1913=CARTESIAN_POINT($,(-1.98111979166667,37.5,9.19010416666666));
#1914=CARTESIAN_POINT($,(-1.83333333333333,40,7.91666666666667));
#1915=CARTESIAN_POINT($,(-1.69075520833333,42.5,6.70572916666667));
#1916=CARTESIAN_POINT($,(-1.55729166666667,45,5.60416666666667));
#1917=CARTESIAN_POINT($,(-1.43684895833333,47.5,4.65885416666667));
#1918=CARTESIAN_POINT($,(-1.33333333333333,50,3.91666666666666));
#1919=CARTESIAN_POINT($,(-1.25065104166667,52.5,3.42447916666667));
#1920=CARTESIAN_POINT($,(-1.19270833333333,55,3.22916666666667));
#1921=CARTESIAN_POINT($,(-1.16341145833333,57.5,3.37760416666667));
#1922=CARTESIAN_POINT($,(-1.16666666666667,60,3.91666666666667));
#1923=CARTESIAN_POINT($,(-1.625,0,3.953125));
#1924=CARTESIAN_POINT($,(-1.80712890625,2.5,7.3671875));
#1925=CARTESIAN_POINT($,(-1.94921875,5,10.140625));
#1926=CARTESIAN_POINT($,(-2.05419921875,7.5,12.3203125));
#1927=CARTESIAN_POINT($,(-2.125,10,13.953125));
#1928=CARTESIAN_POINT($,(-2.16455078125,12.5,15.0859375));
#1929=CARTESIAN_POINT($,(-2.17578125,15,15.765625));
#1930=CARTESIAN_POINT($,(-2.16162109375,17.5,16.0390625));
#1931=CARTESIAN_POINT($,(-2.125,20,15.953125));
#1932=CARTESIAN_POINT($,(-2.06884765625,22.5,15.5546875));
#1933=CARTESIAN_POINT($,(-1.99609375,25,14.890625));
#1934=CARTESIAN_POINT($,(-1.90966796875,27.5,14.0078125));
#1935=CARTESIAN_POINT($,(-1.8125,30,12.953125));
#1936=CARTESIAN_POINT($,(-1.70751953125,32.5,11.7734375));
#1937=CARTESIAN_POINT($,(-1.59765625,35,10.515625));
#1938=CARTESIAN_POINT($,(-1.48583984375,37.5,9.2265625));
#1939=CARTESIAN_POINT($,(-1.375,40,7.953125));
#1940=CARTESIAN_POINT($,(-1.26806640625,42.5,6.7421875));
#1941=CARTESIAN_POINT($,(-1.16796875,45,5.640625));
#1942=CARTESIAN_POINT($,(-1.07763671875,47.5,4.6953125));
#1943=CARTESIAN_POINT($,(-1,50,3.953125));
#1944=CARTESIAN_POINT($,(-0.93798828125,52.5,3.4609375));
#1945=CARTESIAN_POINT($,(-0.89453125,55,3.265625));
#1946=CARTESIAN_POINT($,(-0.87255859375,57.5,3.4140625));
#1947=CARTESIAN_POINT($,(-0.875,60,3.953125));
#1948=CARTESIAN_POINT($,(-1.08333333333333,0,3.97916666666667));
#1949=CARTESIAN_POINT($,(-1.20475260416667,2.5,7.39322916666667));
#1950=CARTESIAN_POINT($,(-1.29947916666667,5,10.1666666666667));
#1951=CARTESIAN_POINT($,(-1.36946614583333,7.5,12.3463541666667));
#1952=CARTESIAN_POINT($,(-1.41666666666667,10,13.9791666666667));
#1953=CARTESIAN_POINT($,(-1.44303385416667,12.5,15.1119791666667));
#1954=CARTESIAN_POINT($,(-1.45052083333333,15,15.7916666666667));
#1955=CARTESIAN_POINT($,(-1.44108072916667,17.5,16.0651041666667));
#1956=CARTESIAN_POINT($,(-1.41666666666667,20,15.9791666666667));
#1957=CARTESIAN_POINT($,(-1.37923177083333,22.5,15.5807291666667));
#1958=CARTESIAN_POINT($,(-1.33072916666667,25,14.9166666666667));
#1959=CARTESIAN_POINT($,(-1.27311197916667,27.5,14.0338541666667));
#1960=CARTESIAN_POINT($,(-1.20833333333333,30,12.9791666666667));
#1961=CARTESIAN_POINT($,(-1.13834635416667,32.5,11.7994791666667));
#1962=CARTESIAN_POINT($,(-1.06510416666667,35,10.5416666666667));
#1963=CARTESIAN_POINT($,(-0.990559895833334,37.5,9.25260416666666));
#1964=CARTESIAN_POINT($,(-0.916666666666667,40,7.97916666666667));
#1965=CARTESIAN_POINT($,(-0.845377604166667,42.5,6.76822916666666));
#1966=CARTESIAN_POINT($,(-0.778645833333334,45,5.66666666666667));
#1967=CARTESIAN_POINT($,(-0.718424479166667,47.5,4.72135416666667));
#1968=CARTESIAN_POINT($,(-0.666666666666667,50,3.97916666666666));
#1969=CARTESIAN_POINT($,(-0.625325520833334,52.5,3.48697916666667));
#1970=CARTESIAN_POINT($,(-0.596354166666667,55,3.29166666666666));
#1971=CARTESIAN_POINT($,(-0.581705729166667,57.5,3.44010416666667));
#1972=CARTESIAN_POINT($,(-0.583333333333334,60,3.97916666666667));
#1973=CARTESIAN_POINT($,(-0.541666666666666,0,3.99479166666667));
#1974=CARTESIAN_POINT($,(-0.602376302083333,2.5,7.40885416666667));
#1975=CARTESIAN_POINT($,(-0.649739583333333,5,10.1822916666667));
#1976=CARTESIAN_POINT($,(-0.684733072916666,7.5,12.3619791666667));
#1977=CARTESIAN_POINT($,(-0.708333333333333,10,13.9947916666667));
#1978=CARTESIAN_POINT($,(-0.721516927083333,12.5,15.1276041666667));
#1979=CARTESIAN_POINT($,(-0.725260416666666,15,15.8072916666667));
#1980=CARTESIAN_POINT($,(-0.720540364583333,17.5,16.0807291666667));
#1981=CARTESIAN_POINT($,(-0.708333333333333,20,15.9947916666667));
#1982=CARTESIAN_POINT($,(-0.689615885416666,22.5,15.5963541666667));
#1983=CARTESIAN_POINT($,(-0.665364583333333,25,14.9322916666667));
#1984=CARTESIAN_POINT($,(-0.636555989583333,27.5,14.0494791666667));
#1985=CARTESIAN_POINT($,(-0.604166666666666,30,12.9947916666667));
#1986=CARTESIAN_POINT($,(-0.569173177083333,32.5,11.8151041666667));
#1987=CARTESIAN_POINT($,(-0.532552083333333,35,10.5572916666667));
#1988=CARTESIAN_POINT($,(-0.495279947916666,37.5,9.26822916666666));
#1989=CARTESIAN_POINT($,(-0.458333333333333,40,7.99479166666667));
#1990=CARTESIAN_POINT($,(-0.422688802083333,42.5,6.78385416666667));
#1991=CARTESIAN_POINT($,(-0.389322916666666,45,5.68229166666667));
#1992=CARTESIAN_POINT($,(-0.359212239583333,47.5,4.73697916666667));
#1993=CARTESIAN_POINT($,(-0.333333333333333,50,3.99479166666666));
#1994=CARTESIAN_POINT($,(-0.312662760416667,52.5,3.50260416666667));
#1995=CARTESIAN_POINT($,(-0.298177083333333,55,3.30729166666667));
#1996=CARTESIAN_POINT($,(-0.290852864583333,57.5,3.45572916666667));
#1997=CARTESIAN_POINT($,(-0.291666666666667,60,3.99479166666667));
#1998=CARTESIAN_POINT($,(0.000000000000001,0,4));
#1999=CARTESIAN_POINT($,(0,2.5,7.4140625));
#2000=CARTESIAN_POINT($,(-0,5,10.1875));
#2001=CARTESIAN_POINT($,(-0,7.5,12.3671875));
#2002=CARTESIAN_POINT($,(-0.000000000000001,10,14));
#2003=CARTESIAN_POINT($,(-0.000000000000001,12.5,15.1328125));
#2004=CARTESIAN_POINT($,(-0.000000000000001,15,15.8125));
#2005=CARTESIAN_POINT($,(-0.000000000000001,17.5,16.0859375));
#2006=CARTESIAN_POINT($,(-0.000000000000001,20,16));
#2007=CARTESIAN_POINT($,(-0.000000000000001,22.5,15.6015625));
#2008=CARTESIAN_POINT($,(-0.000000000000001,25,14.9375));
#2009=CARTESIAN_POINT($,(-0,27.5,14.0546875));
#2010=CARTESIAN_POINT($,(-0,30,13));
#2011=CARTESIAN_POINT($,(-0,32.5,11.8203125));
#2012=CARTESIAN_POINT($,(0,35,10.5625));
#2013=CARTESIAN_POINT($,(0,37.5,9.2734375));
#2014=CARTESIAN_POINT($,(0,40,8));
#2015=CARTESIAN_POINT($,(0.000000000000001,42.5,6.7890625));
#2016=CARTESIAN_POINT($,(0.000000000000001,45,5.6875));
#2017=CARTESIAN_POINT($,(0.000000000000001,47.5,4.7421875));
#2018=CARTESIAN_POINT($,(0.000000000000001,50,4));
#2019=CARTESIAN_POINT($,(0,52.5,3.5078125));
#2020=CARTESIAN_POINT($,(0,55,3.3125));
#2021=CARTESIAN_POINT($,(-0,57.5,3.4609375));
#2022=CARTESIAN_POINT($,(-0,60,4));
#2023=CARTESIAN_POINT($,(0.54166666666667,0,3.99479166666667));
#2024=CARTESIAN_POINT($,(0.602376302083336,2.5,7.40885416666667));
#2025=CARTESIAN_POINT($,(0.649739583333335,5,10.1822916666667));
#2026=CARTESIAN_POINT($,(0.684733072916668,7.5,12.3619791666667));
#2027=CARTESIAN_POINT($,(0.708333333333334,10,13.9947916666667));
#2028=CARTESIAN_POINT($,(0.721516927083334,12.5,15.1276041666667));
#2029=CARTESIAN_POINT($,(0.725260416666667,15,15.8072916666667));
#2030=CARTESIAN_POINT($,(0.720540364583334,17.5,16.0807291666667));
#2031=CARTESIAN_POINT($,(0.708333333333334,20,15.9947916666667));
#2032=CARTESIAN_POINT($,(0.689615885416667,22.5,15.5963541666667));
#2033=CARTESIAN_POINT($,(0.665364583333334,25,14.9322916666667));
#2034=CARTESIAN_POINT($,(0.636555989583334,27.5,14.0494791666667));
#2035=CARTESIAN_POINT($,(0.604166666666668,30,12.9947916666667));
#2036=CARTESIAN_POINT($,(0.569173177083334,32.5,11.8151041666667));
#2037=CARTESIAN_POINT($,(0.532552083333334,35,10.5572916666667));
#2038=CARTESIAN_POINT($,(0.495279947916668,37.5,9.26822916666666));
#2039=CARTESIAN_POINT($,(0.458333333333335,40,7.99479166666667));
#2040=CARTESIAN_POINT($,(0.422688802083335,42.5,6.78385416666667));
#2041=CARTESIAN_POINT($,(0.389322916666668,45,5.68229166666667));
#2042=CARTESIAN_POINT($,(0.359212239583335,47.5,4.73697916666667));
#2043=CARTESIAN_POINT($,(0.333333333333335,50,3.99479166666666));
#2044=CARTESIAN_POINT($,(0.312662760416668,52.5,3.50260416666667));
#2045=CARTESIAN_POINT($,(0.298177083333334,55,3.30729166666667));
#2046=CARTESIAN_POINT($,(0.290852864583334,57.5,3.45572916666667));
#2047=CARTESIAN_POINT($,(0.291666666666667,60,3.99479166666667));
#2048=CARTESIAN_POINT($,(1.08333333333333,0,3.97916666666667));
#2049=CARTESIAN_POINT($,(1.20475260416666,2.5,7.39322916666667));
#2050=CARTESIAN_POINT($,(1.29947916666666,5,10.1666666666667));
#2051=CARTESIAN_POINT($,(1.36946614583333,7.5,12.3463541666667));
#2052=CARTESIAN_POINT($,(1.41666666666666,10,13.9791666666667));
#2053=CARTESIAN_POINT($,(1.44303385416666,12.5,15.1119791666667));
#2054=CARTESIAN_POINT($,(1.45052083333333,15,15.7916666666667));
#2055=CARTESIAN_POINT($,(1.44108072916666,17.5,16.0651041666667));
#2056=CARTESIAN_POINT($,(1.41666666666666,20,15.9791666666667));
#2057=CARTESIAN_POINT($,(1.37923177083333,22.5,15.5807291666667));
#2058=CARTESIAN_POINT($,(1.33072916666666,25,14.9166666666667));
#2059=CARTESIAN_POINT($,(1.27311197916666,27.5,14.0338541666667));
#2060=CARTESIAN_POINT($,(1.20833333333333,30,12.9791666666667));
#2061=CARTESIAN_POINT($,(1.13834635416667,32.5,11.7994791666667));
#2062=CARTESIAN_POINT($,(1.06510416666667,35,10.5416666666667));
#2063=CARTESIAN_POINT($,(0.990559895833332,37.5,9.25260416666666));
#2064=CARTESIAN_POINT($,(0.916666666666667,40,7.97916666666667));
#2065=CARTESIAN_POINT($,(0.845377604166667,42.5,6.76822916666666));
#2066=CARTESIAN_POINT($,(0.778645833333334,45,5.66666666666667));
#2067=CARTESIAN_POINT($,(0.718424479166667,47.5,4.72135416666667));
#2068=CARTESIAN_POINT($,(0.666666666666667,50,3.97916666666666));
#2069=CARTESIAN_POINT($,(0.625325520833334,52.5,3.48697916666667));
#2070=CARTESIAN_POINT($,(0.596354166666667,55,3.29166666666666));
#2071=CARTESIAN_POINT($,(0.581705729166666,57.5,3.44010416666667));
#2072=CARTESIAN_POINT($,(0.583333333333332,60,3.97916666666667));
#2073=CARTESIAN_POINT($,(1.625,0,3.953125));
#2074=CARTESIAN_POINT($,(1.80712890625,2.5,7.3671875));
#2075=CARTESIAN_POINT($,(1.94921875,5,10.140625));
#2076=CARTESIAN_POINT($,(2.05419921875,7.5,12.3203125));
#2077=CARTESIAN_POINT($,(2.125,10,13.953125));
#2078=CARTESIAN_POINT($,(2.16455078125,12.5,15.0859375));
#2079=CARTESIAN_POINT($,(2.17578125,15,15.765625));
#2080=CARTESIAN_POINT($,(2.16162109375,17.5,16.0390625));
#2081=CARTESIAN_POINT($,(2.125,20,15.953125));
#2082=CARTESIAN_POINT($,(2.06884765625,22.5,15.5546875));
#2083=CARTESIAN_POINT($,(1.99609375,25,14.890625));
#2084=CARTESIAN_POINT($,(1.90966796875,27.5,14.0078125));
#2085=CARTESIAN_POINT($,(1.8125,30,12.953125));
#2086=CARTESIAN_POINT($,(1.70751953125,32.5,11.7734375));
#2087=CARTESIAN_POINT($,(1.59765625,35,10.515625));
#2088=CARTESIAN_POINT($,(1.48583984375,37.5,9.2265625));
#2089=CARTESIAN_POINT($,(1.375,40,7.953125));
#2090=CARTESIAN_POINT($,(1.26806640625,42.5,6.7421875));
#2091=CARTESIAN_POINT($,(1.16796875,45,5.640625));
#2092=CARTESIAN_POINT($,(1.07763671875,47.5,4.6953125));
#2093=CARTESIAN_POINT($,(0.999999999999999,50,3.953125));
#2094=CARTESIAN_POINT($,(0.93798828125,52.5,3.4609375));
#2095=CARTESIAN_POINT($,(0.894531249999999,55,3.265625));
#2096=CARTESIAN_POINT($,(0.872558593749999,57.5,3.4140625));
#2097=CARTESIAN_POINT($,(0.874999999999999,60,3.953125));
#2098=CARTESIAN_POINT($,(2.16666666666667,0,3.91666666666667));
#2099=CARTESIAN_POINT($,(2.40950520833333,2.5,7.33072916666667));
#2100=CARTESIAN_POINT($,(2.59895833333333,5,10.1041666666667));
#2101=CARTESIAN_POINT($,(2.73893229166667,7.5,12.2838541666667));
#2102=CARTESIAN_POINT($,(2.83333333333333,10,13.9166666666667));
#2103=CARTESIAN_POINT($,(2.88606770833333,12.5,15.0494791666667));
#2104=CARTESIAN_POINT($,(2.90104166666667,15,15.7291666666667));
#2105=CARTESIAN_POINT($,(2.88216145833333,17.5,16.0026041666667));
#2106=CARTESIAN_POINT($,(2.83333333333333,20,15.9166666666667));
#2107=CARTESIAN_POINT($,(2.75846354166667,22.5,15.5182291666667));
#2108=CARTESIAN_POINT($,(2.66145833333333,25,14.8541666666667));
#2109=CARTESIAN_POINT($,(2.54622395833333,27.5,13.9713541666667));
#2110=CARTESIAN_POINT($,(2.41666666666667,30,12.9166666666667));
#2111=CARTESIAN_POINT($,(2.27669270833333,32.5,11.7369791666667));
#2112=CARTESIAN_POINT($,(2.13020833333333,35,10.4791666666667));
#2113=CARTESIAN_POINT($,(1.98111979166667,37.5,9.19010416666666));
#2114=CARTESIAN_POINT($,(1.83333333333333,40,7.91666666666667));
#2115=CARTESIAN_POINT($,(1.69075520833333,42.5,6.70572916666667));
#2116=CARTESIAN_POINT($,(1.55729166666667,45,5.60416666666667));
#2117=CARTESIAN_POINT($,(1.43684895833333,47.5,4.65885416666667));
#2118=CARTESIAN_POINT($,(1.33333333333333,50,3.91666666666666));
#2119=CARTESIAN_POINT($,(1.25065104166667,52.5,3.42447916666667));
#2120=CARTESIAN_POINT($,(1.19270833333333,55,3.22916666666667));
#2121=CARTESIAN_POINT($,(1.16341145833333,57.5,3.37760416666667));
#2122=CARTESIAN_POINT($,(1.16666666666667,60,3.91666666666667));
#2123=CARTESIAN_POINT($,(2.70833333333333,0,3.86979166666667));
#2124=CARTESIAN_POINT($,(3.01188151041667,2.5,7.28385416666667));
#2125=CARTESIAN_POINT($,(3.24869791666667,5,10.0572916666667));
#2126=CARTESIAN_POINT($,(3.42366536458333,7.5,12.2369791666667));
#2127=CARTESIAN_POINT($,(3.54166666666667,10,13.8697916666667));
#2128=CARTESIAN_POINT($,(3.60758463541667,12.5,15.0026041666667));
#2129=CARTESIAN_POINT($,(3.62630208333333,15,15.6822916666667));
#2130=CARTESIAN_POINT($,(3.60270182291667,17.5,15.9557291666667));
#2131=CARTESIAN_POINT($,(3.54166666666667,20,15.8697916666667));
#2132=CARTESIAN_POINT($,(3.44807942708333,22.5,15.4713541666667));
#2133=CARTESIAN_POINT($,(3.32682291666667,25,14.8072916666667));
#2134=CARTESIAN_POINT($,(3.18277994791667,27.5,13.9244791666667));
#2135=CARTESIAN_POINT($,(3.02083333333333,30,12.8697916666667));
#2136=CARTESIAN_POINT($,(2.84586588541667,32.5,11.6901041666667));
#2137=CARTESIAN_POINT($,(2.66276041666667,35,10.4322916666667));
#2138=CARTESIAN_POINT($,(2.47639973958333,37.5,9.14322916666666));
#2139=CARTESIAN_POINT($,(2.29166666666667,40,7.86979166666667));
#2140=CARTESIAN_POINT($,(2.11344401041667,42.5,6.65885416666667));
#2141=CARTESIAN_POINT($,(1.94661458333333,45,5.55729166666667));
#2142=CARTESIAN_POINT($,(1.79606119791666,47.5,4.61197916666667));
#2143=CARTESIAN_POINT($,(1.66666666666666,50,3.86979166666666));
#2144=CARTESIAN_POINT($,(1.56331380208333,52.5,3.37760416666667));
#2145=CARTESIAN_POINT($,(1.49088541666666,55,3.18229166666667));
#2146=CARTESIAN_POINT($,(1.45426432291667,57.5,3.33072916666667));
#2147=CARTESIAN_POINT($,(1.45833333333333,60,3.86979166666667));
#2148=CARTESIAN_POINT($,(3.25,0,3.8125));
#2149=CARTESIAN_POINT($,(3.6142578125,2.5,7.2265625));
#2150=CARTESIAN_POINT($,(3.8984375,5,10));
#2151=CARTESIAN_POINT($,(4.1083984375,7.5,12.1796875));
#2152=CARTESIAN_POINT($,(4.25,10,13.8125));
#2153=CARTESIAN_POINT($,(4.3291015625,12.5,14.9453125));
#2154=CARTESIAN_POINT($,(4.3515625,15,15.625));
#2155=CARTESIAN_POINT($,(4.3232421875,17.5,15.8984375));
#2156=CARTESIAN_POINT($,(4.25,20,15.8125));
#2157=CARTESIAN_POINT($,(4.1376953125,22.5,15.4140625));
#2158=CARTESIAN_POINT($,(3.9921875,25,14.75));
#2159=CARTESIAN_POINT($,(3.8193359375,27.5,13.8671875));
#2160=CARTESIAN_POINT($,(3.625,30,12.8125));
#2161=CARTESIAN_POINT($,(3.4150390625,32.5,11.6328125));
#2162=CARTESIAN_POINT($,(3.1953125,35,10.375));
#2163=CARTESIAN_POINT($,(2.9716796875,37.5,9.0859375));
#2164=CARTESIAN_POINT($,(2.75,40,7.8125));
#2165=CARTESIAN_POINT($,(2.5361328125,42.5,6.6015625));
#2166=CARTESIAN_POINT($,(2.3359375,45,5.5));
#2167=CARTESIAN_POINT($,(2.1552734375,47.5,4.5546875));
#2168=CARTESIAN_POINT($,(2,50,3.8125));
#2169=CARTESIAN_POINT($,(1.8759765625,52.5,3.3203125));
#2170=CARTESIAN_POINT($,(1.7890625,55,3.125));
#2171=CARTESIAN_POINT($,(1.7451171875,57.5,3.2734375));
#2172=CARTESIAN_POINT($,(1.75,60,3.8125));
#2173=CARTESIAN_POINT($,(3.79166666666667,0,3.74479166666667));
#2174=CARTESIAN_POINT($,(4.21663411458333,2.5,7.15885416666667));
#2175=CARTESIAN_POINT($,(4.54817708333333,5,9.93229166666666));
#2176=CARTESIAN_POINT($,(4.79313151041667,7.5,12.1119791666667));
#2177=CARTESIAN_POINT($,(4.95833333333333,10,13.7447916666667));
#2178=CARTESIAN_POINT($,(5.05061848958333,12.5,14.8776041666667));
#2179=CARTESIAN_POINT($,(5.07682291666667,15,15.5572916666667));
#2180=CARTESIAN_POINT($,(5.04378255208333,17.5,15.8307291666667));
#2181=CARTESIAN_POINT($,(4.95833333333333,20,15.7447916666667));
#2182=CARTESIAN_POINT($,(4.82731119791667,22.5,15.3463541666667));
#2183=CARTESIAN_POINT($,(4.65755208333333,25,14.6822916666667));
#2184=CARTESIAN_POINT($,(4.45589192708333,27.5,13.7994791666667));
#2185=CARTESIAN_POINT($,(4.22916666666667,30,12.7447916666667));
#2186=CARTESIAN_POINT($,(3.98421223958333,32.5,11.5651041666667));
#2187=CARTESIAN_POINT($,(3.72786458333333,35,10.3072916666667));
#2188=CARTESIAN_POINT($,(3.46695963541667,37.5,9.01822916666666));
#2189=CARTESIAN_POINT($,(3.20833333333333,40,7.74479166666667));
#2190=CARTESIAN_POINT($,(2.95882161458333,42.5,6.53385416666666));
#2191=CARTESIAN_POINT($,(2.72526041666667,45,5.43229166666667));
#2192=CARTESIAN_POINT($,(2.51448567708333,47.5,4.48697916666667));
#2193=CARTESIAN_POINT($,(2.33333333333333,50,3.74479166666666));
#2194=CARTESIAN_POINT($,(2.18863932291667,52.5,3.25260416666667));
#2195=CARTESIAN_POINT($,(2.08723958333333,55,3.05729166666667));
#2196=CARTESIAN_POINT($,(2.03597005208333,57.5,3.20572916666667));
#2197=CARTESIAN_POINT($,(2.04166666666667,60,3.74479166666667));
#2198=CARTESIAN_POINT($,(4.33333333333333,0,3.66666666666667));
#2199=CARTESIAN_POINT($,(4.81901041666667,2.5,7.08072916666667));
#2200=CARTESIAN_POINT($,(5.19791666666666,5,9.85416666666666));
#2201=CARTESIAN_POINT($,(5.47786458333333,7.5,12.0338541666667));
#2202=CARTESIAN_POINT($,(5.66666666666666,10,13.6666666666667));
#2203=CARTESIAN_POINT($,(5.77213541666666,12.5,14.7994791666667));
#2204=CARTESIAN_POINT($,(5.80208333333333,15,15.4791666666667));
#2205=CARTESIAN_POINT($,(5.76432291666667,17.5,15.7526041666667));
#2206=CARTESIAN_POINT($,(5.66666666666667,20,15.6666666666667));
#2207=CARTESIAN_POINT($,(5.51692708333333,22.5,15.2682291666667));
#2208=CARTESIAN_POINT($,(5.32291666666666,25,14.6041666666667));
#2209=CARTESIAN_POINT($,(5.09244791666667,27.5,13.7213541666667));
#2210=CARTESIAN_POINT($,(4.83333333333333,30,12.6666666666667));
#2211=CARTESIAN_POINT($,(4.55338541666667,32.5,11.4869791666667));
#2212=CARTESIAN_POINT($,(4.26041666666667,35,10.2291666666667));
#2213=CARTESIAN_POINT($,(3.96223958333333,37.5,8.94010416666666));
#2214=CARTESIAN_POINT($,(3.66666666666667,40,7.66666666666667));
#2215=CARTESIAN_POINT($,(3.38151041666667,42.5,6.45572916666667));
#2216=CARTESIAN_POINT($,(3.11458333333333,45,5.35416666666667));
#2217=CARTESIAN_POINT($,(2.87369791666667,47.5,4.40885416666667));
#2218=CARTESIAN_POINT($,(2.66666666666667,50,3.66666666666666));
#2219=CARTESIAN_POINT($,(2.50130208333333,52.5,3.17447916666667));
#2220=CARTESIAN_POINT($,(2.38541666666667,55,2.97916666666667));
#2221=CARTESIAN_POINT($,(2.32682291666667,57.5,3.12760416666667));
#2222=CARTESIAN_POINT($,(2.33333333333333,60,3.66666666666667));
#2223=CARTESIAN_POINT($,(4.875,0,3.578125));
#2224=CARTESIAN_POINT($,(5.42138671875,2.5,6.9921875));
#2225=CARTESIAN_POINT($,(5.84765625,5,9.765625));
#2226=CARTESIAN_POINT($,(6.16259765625,7.5,11.9453125));
#2227=CARTESIAN_POINT($,(6.375,10,13.578125));
#2228=CARTESIAN_POINT($,(6.49365234375,12.5,14.7109375));
#2229=CARTESIAN_POINT($,(6.52734375,15,15.390625));
#2230=CARTESIAN_POINT($,(6.48486328125,17.5,15.6640625));
#2231=CARTESIAN_POINT($,(6.375,20,15.578125));
#2232=CARTESIAN_POINT($,(6.20654296875,22.5,15.1796875));
#2233=CARTESIAN_POINT($,(5.98828125,25,14.515625));
#2234=CARTESIAN_POINT($,(5.72900390625,27.5,13.6328125));
#2235=CARTESIAN_POINT($,(5.4375,30,12.578125));
#2236=CARTESIAN_POINT($,(5.12255859375,32.5,11.3984375));
#2237=CARTESIAN_POINT($,(4.79296875,35,10.140625));
#2238=CARTESIAN_POINT($,(4.45751953125,37.5,8.8515625));
#2239=CARTESIAN_POINT($,(4.125,40,7.578125));
#2240=CARTESIAN_POINT($,(3.80419921875,42.5,6.3671875));
#2241=CARTESIAN_POINT($,(3.50390625,45,5.265625));
#2242=CARTESIAN_POINT($,(3.23291015625,47.5,4.3203125));
#2243=CARTESIAN_POINT($,(3,50,3.578125));
#2244=CARTESIAN_POINT($,(2.81396484375,52.5,3.0859375));
#2245=CARTESIAN_POINT($,(2.68359375,55,2.890625));
#2246=CARTESIAN_POINT($,(2.61767578125,57.5,3.0390625));
#2247=CARTESIAN_POINT($,(2.625,60,3.578125));
#2248=CARTESIAN_POINT($,(5.41666666666667,0,3.47916666666667));
#2249=CARTESIAN_POINT($,(6.02376302083333,2.5,6.89322916666667));
#2250=CARTESIAN_POINT($,(6.49739583333333,5,9.66666666666666));
#2251=CARTESIAN_POINT($,(6.84733072916667,7.5,11.8463541666667));
#2252=CARTESIAN_POINT($,(7.08333333333333,10,13.4791666666667));
#2253=CARTESIAN_POINT($,(7.21516927083333,12.5,14.6119791666667));
#2254=CARTESIAN_POINT($,(7.25260416666667,15,15.2916666666667));
#2255=CARTESIAN_POINT($,(7.20540364583333,17.5,15.5651041666667));
#2256=CARTESIAN_POINT($,(7.08333333333333,20,15.4791666666667));
#2257=CARTESIAN_POINT($,(6.89615885416667,22.5,15.0807291666667));
#2258=CARTESIAN_POINT($,(6.65364583333333,25,14.4166666666667));
#2259=CARTESIAN_POINT($,(6.36555989583333,27.5,13.5338541666667));
#2260=CARTESIAN_POINT($,(6.04166666666667,30,12.4791666666667));
#2261=CARTESIAN_POINT($,(5.69173177083333,32.5,11.2994791666667));
#2262=CARTESIAN_POINT($,(5.32552083333333,35,10.0416666666667));
#2263=CARTESIAN_POINT($,(4.95279947916667,37.5,8.75260416666666));
#2264=CARTESIAN_POINT($,(4.58333333333333,40,7.47916666666667));
#2265=CARTESIAN_POINT($,(4.22688802083333,42.5,6.26822916666666));
#2266=CARTESIAN_POINT($,(3.89322916666667,45,5.16666666666667));
#2267=CARTESIAN_POINT($,(3.59212239583333,47.5,4.22135416666667));
#2268=CARTESIAN_POINT($,(3.33333333333333,50,3.47916666666666));
#2269=CARTESIAN_POINT($,(3.12662760416667,52.5,2.98697916666667));
#2270=CARTESIAN_POINT($,(2.98177083333333,55,2.79166666666667));
#2271=CARTESIAN_POINT($,(2.90852864583333,57.5,2.94010416666667));
#2272=CARTESIAN_POINT($,(2.91666666666667,60,3.47916666666667));
#2273=CARTESIAN_POINT($,(5.95833333333333,0,3.36979166666667));
#2274=CARTESIAN_POINT($,(6.62613932291667,2.5,6.78385416666667));
#2275=CARTESIAN_POINT($,(7.14713541666666,5,9.55729166666666));
#2276=CARTESIAN_POINT($,(7.53206380208333,7.5,11.7369791666667));
#2277=CARTESIAN_POINT($,(7.79166666666667,10,13.3697916666667));
#2278=CARTESIAN_POINT($,(7.93668619791666,12.5,14.5026041666667));
#2279=CARTESIAN_POINT($,(7.97786458333333,15,15.1822916666667));
#2280=CARTESIAN_POINT($,(7.92594401041667,17.5,15.4557291666667));
#2281=CARTESIAN_POINT($,(7.79166666666667,20,15.3697916666667));
#2282=CARTESIAN_POINT($,(7.58577473958333,22.5,14.9713541666667));
#2283=CARTESIAN_POINT($,(7.31901041666667,25,14.3072916666667));
#2284=CARTESIAN_POINT($,(7.00211588541667,27.5,13.4244791666667));
#2285=CARTESIAN_POINT($,(6.64583333333333,30,12.3697916666667));
#2286=CARTESIAN_POINT($,(6.26090494791667,32.5,11.1901041666667));
#2287=CARTESIAN_POINT($,(5.85807291666667,35,9.93229166666666));
#2288=CARTESIAN_POINT($,(5.44807942708333,37.5,8.64322916666666));
#2289=CARTESIAN_POINT($,(5.04166666666667,40,7.36979166666667));
#2290=CARTESIAN_POINT($,(4.64957682291667,42.5,6.15885416666667));
#2291=CARTESIAN_POINT($,(4.28255208333333,45,5.05729166666667));
#2292=CARTESIAN_POINT($,(3.95133463541667,47.5,4.11197916666667));
#2293=CARTESIAN_POINT($,(3.66666666666666,50,3.36979166666667));
#2294=CARTESIAN_POINT($,(3.43929036458333,52.5,2.87760416666667));
#2295=CARTESIAN_POINT($,(3.27994791666666,55,2.68229166666667));
#2296=CARTESIAN_POINT($,(3.19938151041666,57.5,2.83072916666667));
#2297=CARTESIAN_POINT($,(3.20833333333333,60,3.36979166666667));
#2298=CARTESIAN_POINT($,(6.5,0,3.25));
#2299=CARTESIAN_POINT($,(7.228515625,2.5,6.6640625));
#2300=CARTESIAN_POINT($,(7.796875,5,9.4375));
#2301=CARTESIAN_POINT($,(8.216796875,7.5,11.6171875));
#2302=CARTESIAN_POINT($,(8.5,10,13.25));
#2303=CARTESIAN_POINT($,(8.658203125,12.5,14.3828125));
#2304=CARTESIAN_POINT($,(8.703125,15,15.0625));
#2305=CARTESIAN_POINT($,(8.646484375,17.5,15.3359375));
#2306=CARTESIAN_POINT($,(8.5,20,15.25));
#2307=CARTESIAN_POINT($,(8.275390625,22.5,14.8515625));
#2308=CARTESIAN_POINT($,(7.984375,25,14.1875));
#2309=CARTESIAN_POINT($,(7.638671875,27.5,13.3046875));
#2310=CARTESIAN_POINT($,(7.25,30,12.25));
#2311=CARTESIAN_POINT($,(6.830078125,32.5,11.0703125));
#2312=CARTESIAN_POINT($,(6.390625,35,9.8125));
#2313=CARTESIAN_POINT($,(5.943359375,37.5,8.5234375));
#2314=CARTESIAN_POINT($,(5.5,40,7.25));
#2315=CARTESIAN_POINT($,(5.072265625,42.5,6.0390625));
#2316=CARTESIAN_POINT($,(4.671875,45,4.9375));
#2317=CARTESIAN_POINT($,(4.310546875,47.5,3.9921875));
#2318=CARTESIAN_POINT($,(4,50,3.25));
#2319=CARTESIAN_POINT($,(3.751953125,52.5,2.7578125));
#2320=CARTESIAN_POINT($,(3.578125,55,2.5625));
#2321=CARTESIAN_POINT($,(3.490234375,57.5,2.7109375));
#2322=CARTESIAN_POINT($,(3.5,60,3.25));
#2323=CARTESIAN_POINT($,(7.04166666666667,0,3.11979166666667));
#2324=CARTESIAN_POINT($,(7.83089192708333,2.5,6.53385416666667));
#2325=CARTESIAN_POINT($,(8.44661458333333,5,9.30729166666666));
#2326=CARTESIAN_POINT($,(8.90152994791667,7.5,11.4869791666667));
#2327=CARTESIAN_POINT($,(9.20833333333333,10,13.1197916666667));
#2328=CARTESIAN_POINT($,(9.37972005208333,12.5,14.2526041666667));
#2329=CARTESIAN_POINT($,(9.42838541666667,15,14.9322916666667));
#2330=CARTESIAN_POINT($,(9.36702473958334,17.5,15.2057291666667));
#2331=CARTESIAN_POINT($,(9.20833333333334,20,15.1197916666667));
#2332=CARTESIAN_POINT($,(8.96500651041667,22.5,14.7213541666667));
#2333=CARTESIAN_POINT($,(8.64973958333333,25,14.0572916666667));
#2334=CARTESIAN_POINT($,(8.27522786458334,27.5,13.1744791666667));
#2335=CARTESIAN_POINT($,(7.85416666666667,30,12.1197916666667));
#2336=CARTESIAN_POINT($,(7.39925130208333,32.5,10.9401041666667));
#2337=CARTESIAN_POINT($,(6.92317708333333,35,9.68229166666666));
#2338=CARTESIAN_POINT($,(6.43863932291667,37.5,8.39322916666666));
#2339=CARTESIAN_POINT($,(5.95833333333333,40,7.11979166666667));
#2340=CARTESIAN_POINT($,(5.49495442708333,42.5,5.90885416666666));
#2341=CARTESIAN_POINT($,(5.06119791666667,45,4.80729166666667));
#2342=CARTESIAN_POINT($,(4.66975911458333,47.5,3.86197916666667));
#2343=CARTESIAN_POINT($,(4.33333333333333,50,3.11979166666666));
#2344=CARTESIAN_POINT($,(4.06461588541667,52.5,2.62760416666667));
#2345=CARTESIAN_POINT($,(3.87630208333333,55,2.43229166666667));
#2346=CARTESIAN_POINT($,(3.78108723958333,57.5,2.58072916666667));
#2347=CARTESIAN_POINT($,(3.79166666666667,60,3.11979166666667));
#2348=CARTESIAN_POINT($,(7.58333333333333,0,2.97916666666667));
#2349=CARTESIAN_POINT($,(8.43326822916667,2.5,6.39322916666667));
#2350=CARTESIAN_POINT($,(9.09635416666666,5,9.16666666666666));
#2351=CARTESIAN_POINT($,(9.58626302083333,7.5,11.3463541666667));
#2352=CARTESIAN_POINT($,(9.91666666666667,10,12.9791666666667));
#2353=CARTESIAN_POINT($,(10.1012369791667,12.5,14.1119791666667));
#2354=CARTESIAN_POINT($,(10.1536458333333,15,14.7916666666667));
#2355=CARTESIAN_POINT($,(10.0875651041667,17.5,15.0651041666667));
#2356=CARTESIAN_POINT($,(9.91666666666667,20,14.9791666666667));
#2357=CARTESIAN_POINT($,(9.65462239583333,22.5,14.5807291666667));
#2358=CARTESIAN_POINT($,(9.31510416666666,25,13.9166666666667));
#2359=CARTESIAN_POINT($,(8.91178385416666,27.5,13.0338541666667));
#2360=CARTESIAN_POINT($,(8.45833333333333,30,11.9791666666667));
#2361=CARTESIAN_POINT($,(7.96842447916667,32.5,10.7994791666667));
#2362=CARTESIAN_POINT($,(7.45572916666666,35,9.54166666666666));
#2363=CARTESIAN_POINT($,(6.93391927083333,37.5,8.25260416666666));
#2364=CARTESIAN_POINT($,(6.41666666666667,40,6.97916666666667));
#2365=CARTESIAN_POINT($,(5.91764322916667,42.5,5.76822916666667));
#2366=CARTESIAN_POINT($,(5.45052083333333,45,4.66666666666667));
#2367=CARTESIAN_POINT($,(5.02897135416666,47.5,3.72135416666667));
#2368=CARTESIAN_POINT($,(4.66666666666666,50,2.97916666666667));
#2369=CARTESIAN_POINT($,(4.37727864583333,52.5,2.48697916666667));
#2370=CARTESIAN_POINT($,(4.17447916666666,55,2.29166666666667));
#2371=CARTESIAN_POINT($,(4.07194010416666,57.5,2.44010416666667));
#2372=CARTESIAN_POINT($,(4.08333333333333,60,2.97916666666667));
#2373=CARTESIAN_POINT($,(8.125,0,2.828125));
#2374=CARTESIAN_POINT($,(9.03564453125,2.5,6.2421875));
#2375=CARTESIAN_POINT($,(9.74609375,5,9.015625));
#2376=CARTESIAN_POINT($,(10.27099609375,7.5,11.1953125));
#2377=CARTESIAN_POINT($,(10.625,10,12.828125));
#2378=CARTESIAN_POINT($,(10.82275390625,12.5,13.9609375));
#2379=CARTESIAN_POINT($,(10.87890625,15,14.640625));
#2380=CARTESIAN_POINT($,(10.80810546875,17.5,14.9140625));
#2381=CARTESIAN_POINT($,(10.625,20,14.828125));
#2382=CARTESIAN_POINT($,(10.34423828125,22.5,14.4296875));
#2383=CARTESIAN_POINT($,(9.98046875,25,13.765625));
#2384=CARTESIAN_POINT($,(9.54833984375,27.5,12.8828125));
#2385=CARTESIAN_POINT($,(9.0625,30,11.828125));
#2386=CARTESIAN_POINT($,(8.53759765625,32.5,10.6484375));
#2387=CARTESIAN_POINT($,(7.98828125,35,9.390625));
#2388=CARTESIAN_POINT($,(7.42919921875,37.5,8.1015625));
#2389=CARTESIAN_POINT($,(6.875,40,6.828125));
#2390=CARTESIAN_POINT($,(6.34033203125,42.5,5.6171875));
#2391=CARTESIAN_POINT($,(5.83984375,45,4.515625));
#2392=CARTESIAN_POINT($,(5.38818359375,47.5,3.5703125));
#2393=CARTESIAN_POINT($,(5,50,2.828125));
#2394=CARTESIAN_POINT($,(4.68994140625,52.5,2.3359375));
#2395=CARTESIAN_POINT($,(4.47265625,55,2.140625));
#2396=CARTESIAN_POINT($,(4.36279296875,57.5,2.2890625));
#2397=CARTESIAN_POINT($,(4.375,60,2.828125));
#2398=CARTESIAN_POINT($,(8.66666666666667,0,2.66666666666667));
#2399=CARTESIAN_POINT($,(9.63802083333334,2.5,6.08072916666667));
#2400=CARTESIAN_POINT($,(10.3958333333333,5,8.85416666666666));
#2401=CARTESIAN_POINT($,(10.9557291666667,7.5,11.0338541666667));
#2402=CARTESIAN_POINT($,(11.3333333333333,10,12.6666666666667));
#2403=CARTESIAN_POINT($,(11.5442708333333,12.5,13.7994791666667));
#2404=CARTESIAN_POINT($,(11.6041666666667,15,14.4791666666667));
#2405=CARTESIAN_POINT($,(11.5286458333333,17.5,14.7526041666667));
#2406=CARTESIAN_POINT($,(11.3333333333333,20,14.6666666666667));
#2407=CARTESIAN_POINT($,(11.0338541666667,22.5,14.2682291666667));
#2408=CARTESIAN_POINT($,(10.6458333333333,25,13.6041666666667));
#2409=CARTESIAN_POINT($,(10.1848958333333,27.5,12.7213541666667));
#2410=CARTESIAN_POINT($,(9.66666666666667,30,11.6666666666667));
#2411=CARTESIAN_POINT($,(9.10677083333333,32.5,10.4869791666667));
#2412=CARTESIAN_POINT($,(8.52083333333333,35,9.22916666666666));
#2413=CARTESIAN_POINT($,(7.92447916666667,37.5,7.94010416666666));
#2414=CARTESIAN_POINT($,(7.33333333333333,40,6.66666666666667));
#2415=CARTESIAN_POINT($,(6.76302083333333,42.5,5.45572916666666));
#2416=CARTESIAN_POINT($,(6.22916666666667,45,4.35416666666667));
#2417=CARTESIAN_POINT($,(5.74739583333333,47.5,3.40885416666667));
#2418=CARTESIAN_POINT($,(5.33333333333333,50,2.66666666666666));
#2419=CARTESIAN_POINT($,(5.00260416666667,52.5,2.17447916666667));
#2420=CARTESIAN_POINT($,(4.77083333333333,55,1.97916666666667));
#2421=CARTESIAN_POINT($,(4.65364583333333,57.5,2.12760416666667));
#2422=CARTESIAN_POINT($,(4.66666666666667,60,2.66666666666667));
#2423=CARTESIAN_POINT($,(9.20833333333333,0,2.49479166666667));
#2424=CARTESIAN_POINT($,(10.2403971354167,2.5,5.90885416666667));
#2425=CARTESIAN_POINT($,(11.0455729166667,5,8.68229166666666));
#2426=CARTESIAN_POINT($,(11.6404622395833,7.5,10.8619791666667));
#2427=CARTESIAN_POINT($,(12.0416666666667,10,12.4947916666667));
#2428=CARTESIAN_POINT($,(12.2657877604167,12.5,13.6276041666667));
#2429=CARTESIAN_POINT($,(12.3294270833333,15,14.3072916666667));
#2430=CARTESIAN_POINT($,(12.2491861979167,17.5,14.5807291666667));
#2431=CARTESIAN_POINT($,(12.0416666666667,20,14.4947916666667));
#2432=CARTESIAN_POINT($,(11.7234700520833,22.5,14.0963541666667));
#2433=CARTESIAN_POINT($,(11.3111979166667,25,13.4322916666667));
#2434=CARTESIAN_POINT($,(10.8214518229167,27.5,12.5494791666667));
#2435=CARTESIAN_POINT($,(10.2708333333333,30,11.4947916666667));
#2436=CARTESIAN_POINT($,(9.67594401041667,32.5,10.3151041666667));
#2437=CARTESIAN_POINT($,(9.05338541666666,35,9.05729166666666));
#2438=CARTESIAN_POINT($,(8.41975911458333,37.5,7.76822916666667));
#2439=CARTESIAN_POINT($,(7.79166666666667,40,6.49479166666667));
#2440=CARTESIAN_POINT($,(7.18570963541667,42.5,5.28385416666667));
#2441=CARTESIAN_POINT($,(6.61848958333333,45,4.18229166666667));
#2442=CARTESIAN_POINT($,(6.10660807291667,47.5,3.23697916666667));
#2443=CARTESIAN_POINT($,(5.66666666666666,50,2.49479166666667));
#2444=CARTESIAN_POINT($,(5.31526692708333,52.5,2.00260416666667));
#2445=CARTESIAN_POINT($,(5.06901041666666,55,1.80729166666667));
#2446=CARTESIAN_POINT($,(4.94449869791667,57.5,1.95572916666667));
#2447=CARTESIAN_POINT($,(4.95833333333333,60,2.49479166666667));
#2448=CARTESIAN_POINT($,(9.75,0,2.3125));
#2449=CARTESIAN_POINT($,(10.8427734375,2.5,5.7265625));
#2450=CARTESIAN_POINT($,(11.6953125,5,8.5));
#2451=CARTESIAN_POINT($,(12.3251953125,7.5,10.6796875));
#2452=CARTESIAN_POINT($,(12.75,10,12.3125));
#2453=CARTESIAN_POINT($,(12.9873046875,12.5,13.4453125));
#2454=CARTESIAN_POINT($,(13.0546875,15,14.125));
#2455=CARTESIAN_POINT($,(12.9697265625,17.5,14.3984375));
#2456=CARTESIAN_POINT($,(12.75,20,14.3125));
#2457=CARTESIAN_POINT($,(12.4130859375,22.5,13.9140625));
#2458=CARTESIAN_POINT($,(11.9765625,25,13.25));
#2459=CARTESIAN_POINT($,(11.4580078125,27.5,12.3671875));
#2460=CARTESIAN_POINT($,(10.875,30,11.3125));
#2461=CARTESIAN_POINT($,(10.2451171875,32.5,10.1328125));
#2462=CARTESIAN_POINT($,(9.5859375,35,8.875));
#2463=CARTESIAN_POINT($,(8.9150390625,37.5,7.5859375));
#2464=CARTESIAN_POINT($,(8.25,40,6.3125));
#2465=CARTESIAN_POINT($,(7.6083984375,42.5,5.1015625));
#2466=CARTESIAN_POINT($,(7.0078125,45,4));
#2467=CARTESIAN_POINT($,(6.4658203125,47.5,3.0546875));
#2468=CARTESIAN_POINT($,(6,50,2.3125));
#2469=CARTESIAN_POINT($,(5.6279296875,52.5,1.8203125));
#2470=CARTESIAN_POINT($,(5.3671875,55,1.625));
#2471=CARTESIAN_POINT($,(5.2353515625,57.5,1.7734375));
#2472=CARTESIAN_POINT($,(5.25,60,2.3125));
#2473=CARTESIAN_POINT($,(10.2916666666667,0,2.11979166666667));
#2474=CARTESIAN_POINT($,(11.4451497395833,2.5,5.53385416666667));
#2475=CARTESIAN_POINT($,(12.3450520833333,5,8.30729166666666));
#2476=CARTESIAN_POINT($,(13.0099283854167,7.5,10.4869791666667));
#2477=CARTESIAN_POINT($,(13.4583333333333,10,12.1197916666667));
#2478=CARTESIAN_POINT($,(13.7088216145833,12.5,13.2526041666667));
#2479=CARTESIAN_POINT($,(13.7799479166667,15,13.9322916666667));
#2480=CARTESIAN_POINT($,(13.6902669270833,17.5,14.2057291666667));
#2481=CARTESIAN_POINT($,(13.4583333333333,20,14.1197916666667));
#2482=CARTESIAN_POINT($,(13.1027018229167,22.5,13.7213541666667));
#2483=CARTESIAN_POINT($,(12.6419270833333,25,13.0572916666667));
#2484=CARTESIAN_POINT($,(12.0945638020833,27.5,12.1744791666667));
#2485=CARTESIAN_POINT($,(11.4791666666667,30,11.1197916666667));
#2486=CARTESIAN_POINT($,(10.8142903645833,32.5,9.94010416666667));
#2487=CARTESIAN_POINT($,(10.1184895833333,35,8.68229166666666));
#2488=CARTESIAN_POINT($,(9.41031901041667,37.5,7.39322916666666));
#2489=CARTESIAN_POINT($,(8.70833333333334,40,6.11979166666667));
#2490=CARTESIAN_POINT($,(8.03108723958333,42.5,4.90885416666667));
#2491=CARTESIAN_POINT($,(7.39713541666667,45,3.80729166666667));
#2492=CARTESIAN_POINT($,(6.82503255208334,47.5,2.86197916666667));
#2493=CARTESIAN_POINT($,(6.33333333333333,50,2.11979166666666));
#2494=CARTESIAN_POINT($,(5.94059244791667,52.5,1.62760416666667));
#2495=CARTESIAN_POINT($,(5.66536458333333,55,1.43229166666667));
#2496=CARTESIAN_POINT($,(5.52620442708333,57.5,1.58072916666667));
#2497=CARTESIAN_POINT($,(5.54166666666667,60,2.11979166666667));
#2498=CARTESIAN_POINT($,(10.8333333333333,0,1.91666666666667));
#2499=CARTESIAN_POINT($,(12.0475260416667,2.5,5.33072916666667));
#2500=CARTESIAN_POINT($,(12.9947916666667,5,8.10416666666666));
#2501=CARTESIAN_POINT($,(13.6946614583333,7.5,10.2838541666667));
#2502=CARTESIAN_POINT($,(14.1666666666667,10,11.9166666666667));
#2503=CARTESIAN_POINT($,(14.4303385416667,12.5,13.0494791666667));
#2504=CARTESIAN_POINT($,(14.5052083333333,15,13.7291666666667));
#2505=CARTESIAN_POINT($,(14.4108072916667,17.5,14.0026041666667));
#2506=CARTESIAN_POINT($,(14.1666666666667,20,13.9166666666667));
#2507=CARTESIAN_POINT($,(13.7923177083333,22.5,13.5182291666667));
#2508=CARTESIAN_POINT($,(13.3072916666667,25,12.8541666666667));
#2509=CARTESIAN_POINT($,(12.7311197916667,27.5,11.9713541666667));
#2510=CARTESIAN_POINT($,(12.0833333333333,30,10.9166666666667));
#2511=CARTESIAN_POINT($,(11.3834635416667,32.5,9.73697916666667));
#2512=CARTESIAN_POINT($,(10.6510416666667,35,8.47916666666666));
#2513=CARTESIAN_POINT($,(9.90559895833333,37.5,7.19010416666667));
#2514=CARTESIAN_POINT($,(9.16666666666666,40,5.91666666666667));
#2515=CARTESIAN_POINT($,(8.45377604166666,42.5,4.70572916666667));
#2516=CARTESIAN_POINT($,(7.78645833333333,45,3.60416666666667));
#2517=CARTESIAN_POINT($,(7.18424479166666,47.5,2.65885416666667));
#2518=CARTESIAN_POINT($,(6.66666666666666,50,1.91666666666667));
#2519=CARTESIAN_POINT($,(6.25325520833333,52.5,1.42447916666667));
#2520=CARTESIAN_POINT($,(5.96354166666666,55,1.22916666666667));
#2521=CARTESIAN_POINT($,(5.81705729166666,57.5,1.37760416666667));
#2522=CARTESIAN_POINT($,(5.83333333333333,60,1.91666666666667));
#2523=CARTESIAN_POINT($,(11.375,0,1.703125));
#2524=CARTESIAN_POINT($,(12.64990234375,2.5,5.1171875));
#2525=CARTESIAN_POINT($,(13.64453125,5,7.890625));
#2526=CARTESIAN_POINT($,(14.37939453125,7.5,10.0703125));
#2527=CARTESIAN_POINT($,(14.875,10,11.703125));
#2528=CARTESIAN_POINT($,(15.15185546875,12.5,12.8359375));
#2529=CARTESIAN_POINT($,(15.23046875,15,13.515625));
#2530=CARTESIAN_POINT($,(15.13134765625,17.5,13.7890625));
#2531=CARTESIAN_POINT($,(14.875,20,13.703125));
#2532=CARTESIAN_POINT($,(14.48193359375,22.5,13.3046875));
#2533=CARTESIAN_POINT($,(13.97265625,25,12.640625));
#2534=CARTESIAN_POINT($,(13.36767578125,27.5,11.7578125));
#2535=CARTESIAN_POINT($,(12.6875,30,10.703125));
#2536=CARTESIAN_POINT($,(11.95263671875,32.5,9.5234375));
#2537=CARTESIAN_POINT($,(11.18359375,35,8.265625));
#2538=CARTESIAN_POINT($,(10.40087890625,37.5,6.9765625));
#2539=CARTESIAN_POINT($,(9.625,40,5.703125));
#2540=CARTESIAN_POINT($,(8.87646484375,42.5,4.4921875));
#2541=CARTESIAN_POINT($,(8.17578125,45,3.390625));
#2542=CARTESIAN_POINT($,(7.54345703125,47.5,2.4453125));
#2543=CARTESIAN_POINT($,(7,50,1.703125));
#2544=CARTESIAN_POINT($,(6.56591796875,52.5,1.2109375));
#2545=CARTESIAN_POINT($,(6.26171875,55,1.015625));
#2546=CARTESIAN_POINT($,(6.10791015625,57.5,1.1640625));
#2547=CARTESIAN_POINT($,(6.125,60,1.703125));
#2548=CARTESIAN_POINT($,(11.9166666666667,0,1.47916666666667));
#2549=CARTESIAN_POINT($,(13.2522786458333,2.5,4.89322916666667));
#2550=CARTESIAN_POINT($,(14.2942708333333,5,7.66666666666666));
#2551=CARTESIAN_POINT($,(15.0641276041667,7.5,9.84635416666667));
#2552=CARTESIAN_POINT($,(15.5833333333333,10,11.4791666666667));
#2553=CARTESIAN_POINT($,(15.8733723958333,12.5,12.6119791666667));
#2554=CARTESIAN_POINT($,(15.9557291666667,15,13.2916666666667));
#2555=CARTESIAN_POINT($,(15.8518880208333,17.5,13.5651041666667));
#2556=CARTESIAN_POINT($,(15.5833333333333,20,13.4791666666667));
#2557=CARTESIAN_POINT($,(15.1715494791667,22.5,13.0807291666667));
#2558=CARTESIAN_POINT($,(14.6380208333333,25,12.4166666666667));
#2559=CARTESIAN_POINT($,(14.0042317708333,27.5,11.5338541666667));
#2560=CARTESIAN_POINT($,(13.2916666666667,30,10.4791666666667));
#2561=CARTESIAN_POINT($,(12.5218098958333,32.5,9.29947916666667));
#2562=CARTESIAN_POINT($,(11.7161458333333,35,8.04166666666666));
#2563=CARTESIAN_POINT($,(10.8961588541667,37.5,6.75260416666666));
#2564=CARTESIAN_POINT($,(10.0833333333333,40,5.47916666666667));
#2565=CARTESIAN_POINT($,(9.29915364583333,42.5,4.26822916666666));
#2566=CARTESIAN_POINT($,(8.56510416666667,45,3.16666666666666));
#2567=CARTESIAN_POINT($,(7.90266927083333,47.5,2.22135416666667));
#2568=CARTESIAN_POINT($,(7.33333333333333,50,1.47916666666666));
#2569=CARTESIAN_POINT($,(6.87858072916667,52.5,0.986979166666666));
#2570=CARTESIAN_POINT($,(6.55989583333333,55,0.791666666666665));
#2571=CARTESIAN_POINT($,(6.39876302083333,57.5,0.940104166666666));
#2572=CARTESIAN_POINT($,(6.41666666666667,60,1.47916666666667));
#2573=CARTESIAN_POINT($,(12.4583333333333,0,1.24479166666667));
#2574=CARTESIAN_POINT($,(13.8546549479167,2.5,4.65885416666667));
#2575=CARTESIAN_POINT($,(14.9440104166667,5,7.43229166666666));
#2576=CARTESIAN_POINT($,(15.7488606770833,7.5,9.61197916666667));
#2577=CARTESIAN_POINT($,(16.2916666666667,10,11.2447916666667));
#2578=CARTESIAN_POINT($,(16.5948893229167,12.5,12.3776041666667));
#2579=CARTESIAN_POINT($,(16.6809895833333,15,13.0572916666667));
#2580=CARTESIAN_POINT($,(16.5724283854167,17.5,13.3307291666667));
#2581=CARTESIAN_POINT($,(16.2916666666667,20,13.2447916666667));
#2582=CARTESIAN_POINT($,(15.8611653645833,22.5,12.8463541666667));
#2583=CARTESIAN_POINT($,(15.3033854166667,25,12.1822916666667));
#2584=CARTESIAN_POINT($,(14.6407877604167,27.5,11.2994791666667));
#2585=CARTESIAN_POINT($,(13.8958333333333,30,10.2447916666667));
#2586=CARTESIAN_POINT($,(13.0909830729167,32.5,9.06510416666667));
#2587=CARTESIAN_POINT($,(12.2486979166667,35,7.80729166666667));
#2588=CARTESIAN_POINT($,(11.3914388020833,37.5,6.51822916666667));
#2589=CARTESIAN_POINT($,(10.5416666666667,40,5.24479166666667));
#2590=CARTESIAN_POINT($,(9.72184244791667,42.5,4.03385416666667));
#2591=CARTESIAN_POINT($,(8.95442708333333,45,2.93229166666667));
#2592=CARTESIAN_POINT($,(8.26188151041667,47.5,1.98697916666667));
#2593=CARTESIAN_POINT($,(7.66666666666666,50,1.24479166666667));
#2594=CARTESIAN_POINT($,(7.19124348958334,52.5,0.752604166666667));
#2595=CARTESIAN_POINT($,(6.85807291666666,55,0.557291666666667));
#2596=CARTESIAN_POINT($,(6.68961588541667,57.5,0.705729166666667));
#2597=CARTESIAN_POINT($,(6.70833333333333,60,1.24479166666667));
#2598=CARTESIAN_POINT($,(13,0,1));
#2599=CARTESIAN_POINT($,(14.45703125,2.5,4.4140625));
#2600=CARTESIAN_POINT($,(15.59375,5,7.1875));
#2601=CARTESIAN_POINT($,(16.43359375,7.5,9.3671875));
#2602=CARTESIAN_POINT($,(17,10,11));
#2603=CARTESIAN_POINT($,(17.31640625,12.5,12.1328125));
#2604=CARTESIAN_POINT($,(17.40625,15,12.8125));
#2605=CARTESIAN_POINT($,(17.29296875,17.5,13.0859375));
#2606=CARTESIAN_POINT($,(17,20,13));
#2607=CARTESIAN_POINT($,(16.55078125,22.5,12.6015625));
#2608=CARTESIAN_POINT($,(15.96875,25,11.9375));
#2609=CARTESIAN_POINT($,(15.27734375,27.5,11.0546875));
#2610=CARTESIAN_POINT($,(14.5,30,10));
#2611=CARTESIAN_POINT($,(13.66015625,32.5,8.8203125));
#2612=CARTESIAN_POINT($,(12.78125,35,7.5625));
#2613=CARTESIAN_POINT($,(11.88671875,37.5,6.2734375));
#2614=CARTESIAN_POINT($,(11,40,5));
#2615=CARTESIAN_POINT($,(10.14453125,42.5,3.7890625));
#2616=CARTESIAN_POINT($,(9.34375,45,2.6875));
#2617=CARTESIAN_POINT($,(8.62109375,47.5,1.7421875));
#2618=CARTESIAN_POINT($,(8,50,0.999999999999998));
#2619=CARTESIAN_POINT($,(7.50390625,52.5,0.5078125));
#2620=CARTESIAN_POINT($,(7.15625,55,0.312499999999999));
#2621=CARTESIAN_POINT($,(6.98046875,57.5,0.4609375));
#2622=CARTESIAN_POINT($,(7,60,1));
#2623=B_SPLINE_SURFACE_WITH_KNOTS($,1,1,((#1398,#1399,#1400,#1401,#1402,#1403,#1404,#1405,#1406,#1407,#1408,#1409,#1410,#1411,#1412,#1413,#1414,#1415,#1416,#1417,#1418,#1419,#1420,#1421,#1422),(#1423,#1424,#1425,#1426,#1427,#1428,#1429,#1430,#1431,#1432,#1433,#1434,#1435,#1436,#1437,#1438,#1439,#1440,#1441,#1442,#1443,#1444,#1445,#1446,#1447),(#1448,#1449,#1450,#1451,#1452,#1453,#1454,#1455,#1456,#1457,#1458,#1459,#1460,#1461,#1462,#1463,#1464,#1465,#1466,#1467,#1468,#1469,#1470,#1471,#1472),(#1473,#1474,#1475,#1476,#1477,#1478,#1479,#1480,#1481,#1482,#1483,#1484,#1485,#1486,#1487,#1488,#1489,#1490,#1491,#1492,#1493,#1494,#1495,#1496,#1497),(#1498,#1499,#1500,#1501,#1502,#1503,#1504,#1505,#1506,#1507,#1508,#1509,#1510,#1511,#1512,#1513,#1514,#1515,#1516,#1517,#1518,#1519,#1520,#1521,#1522),(#1523,#1524,#1525,#1526,#1527,#1528,#1529,#1530,#1531,#1532,#1533,#1534,#1535,#1536,#1537,#1538,#1539,#1540,#1541,#1542,#1543,#1544,#1545,#1546,#1547),(#1548,#1549,#1550,#1551,#1552,#1553,#1554,#1555,#1556,#1557,#1558,#1559,#1560,#1561,#1562,#1563,#1564,#1565,#1566,#1567,#1568,#1569,#1570,#1571,#1572),(#1573,#1574,#1575,#1576,#1577,#1578,#1579,#1580,#1581,#1582,#1583,#1584,#1585,#1586,#1587,#1588,#1589,#1590,#1591,#1592,#1593,#1594,#1595,#1596,#1597),(#1598,#1599,#1600,#1601,#1602,#1603,#1604,#1605,#1606,#1607,#1608,#1609,#1610,#1611,#1612,#1613,#1614,#1615,#1616,#1617,#1618,#1619,#1620,#1621,#1622),(#1623,#1624,#1625,#1626,#1627,#1628,#1629,#1630,#1631,#1632,#1633,#1634,#1635,#1636,#1637,#1638,#1639,#1640,#1641,#1642,#1643,#1644,#1645,#1646,#1647),(#1648,#1649,#1650,#1651,#1652,#1653,#1654,#1655,#1656,#1657,#1658,#1659,#1660,#1661,#1662,#1663,#1664,#1665,#1666,#1667,#1668,#1669,#1670,#1671,#1672),(#1673,#1674,#1675,#1676,#1677,#1678,#1679,#1680,#1681,#1682,#1683,#1684,#1685,#1686,#1687,#1688,#1689,#1690,#1691,#1692,#1693,#1694,#1695,#1696,#1697),(#1698,#1699,#1700,#1701,#1702,#1703,#1704,#1705,#1706,#1707,#1708,#1709,#1710,#1711,#1712,#1713,#1714,#1715,#1716,#1717,#1718,#1719,#1720,#1721,#1722),(#1723,#1724,#1725,#1726,#1727,#1728,#1729,#1730,#1731,#1732,#1733,#1734,#1735,#1736,#1737,#1738,#1739,#1740,#1741,#1742,#1743,#1744,#1745,#1746,#1747),(#1748,#1749,#1750,#1751,#1752,#1753,#1754,#1755,#1756,#1757,#1758,#1759,#1760,#1761,#1762,#1763,#1764,#1765,#1766,#1767,#1768,#1769,#1770,#1771,#1772),(#1773,#1774,#1775,#1776,#1777,#1778,#1779,#1780,#1781,#1782,#1783,#1784,#1785,#1786,#1787,#1788,#1789,#1790,#1791,#1792,#1793,#1794,#1795,#1796,#1797),(#1798,#1799,#1800,#1801,#1802,#1803,#1804,#1805,#1806,#1807,#1808,#1809,#1810,#1811,#1812,#1813,#1814,#1815,#1816,#1817,#1818,#1819,#1820,#1821,#1822),(#1823,#1824,#1825,#1826,#1827,#1828,#1829,#1830,#1831,#1832,#1833,#1834,#1835,#1836,#1837,#1838,#1839,#1840,#1841,#1842,#1843,#1844,#1845,#1846,#1847),(#1848,#1849,#1850,#1851,#1852,#1853,#1854,#1855,#1856,#1857,#1858,#1859,#1860,#1861,#1862,#1863,#1864,#1865,#1866,#1867,#1868,#1869,#1870,#1871,#1872),(#1873,#1874,#1875,#1876,#1877,#1878,#1879,#1880,#1881,#1882,#1883,#1884,#1885,#1886,#1887,#1888,#1889,#1890,#1891,#1892,#1893,#1894,#1895,#1896,#1897),(#1898,#1899,#1900,#1901,#1902,#1903,#1904,#1905,#1906,#1907,#1908,#1909,#1910,#1911,#1912,#1913,#1914,#1915,#1916,#1917,#1918,#1919,#1920,#1921,#1922),(#1923,#1924,#1925,#1926,#1927,#1928,#1929,#1930,#1931,#1932,#1933,#1934,#1935,#1936,#1937,#1938,#1939,#1940,#1941,#1942,#1943,#1944,#1945,#1946,#1947),(#1948,#1949,#1950,#1951,#1952,#1953,#1954,#1955,#1956,#1957,#1958,#1959,#1960,#1961,#1962,#1963,#1964,#1965,#1966,#1967,#1968,#1969,#1970,#1971,#1972),(#1973,#1974,#1975,#1976,#1977,#1978,#1979,#1980,#1981,#1982,#1983,#1984,#1985,#1986,#1987,#1988,#1989,#1990,#1991,#1992,#1993,#1994,#1995,#1996,#1997),(#1998,#1999,#2000,#2001,#2002,#2003,#2004,#2005,#2006,#2007,#2008,#2009,#2010,#2011,#2012,#2013,#2014,#2015,#2016,#2017,#2018,#2019,#2020,#2021,#2022),(#2023,#2024,#2025,#2026,#2027,#2028,#2029,#2030,#2031,#2032,#2033,#2034,#2035,#2036,#2037,#2038,#2039,#2040,#2041,#2042,#2043,#2044,#2045,#2046,#2047),(#2048,#2049,#2050,#2051,#2052,#2053,#2054,#2055,#2056,#2057,#2058,#2059,#2060,#2061,#2062,#2063,#2064,#2065,#2066,#2067,#2068,#2069,#2070,#2071,#2072),(#2073,#2074,#2075,#2076,#2077,#2078,#2079,#2080,#2081,#2082,#2083,#2084,#2085,#2086,#2087,#2088,#2089,#2090,#2091,#2092,#2093,#2094,#2095,#2096,#2097),(#2098,#2099,#2100,#2101,#2102,#2103,#2104,#2105,#2106,#2107,#2108,#2109,#2110,#2111,#2112,#2113,#2114,#2115,#2116,#2117,#2118,#2119,#2120,#2121,#2122),(#2123,#2124,#2125,#2126,#2127,#2128,#2129,#2130,#2131,#2132,#2133,#2134,#2135,#2136,#2137,#2138,#2139,#2140,#2141,#2142,#2143,#2144,#2145,#2146,#2147),(#2148,#2149,#2150,#2151,#2152,#2153,#2154,#2155,#2156,#2157,#2158,#2159,#2160,#2161,#2162,#2163,#2164,#2165,#2166,#2167,#2168,#2169,#2170,#2171,#2172),(#2173,#2174,#2175,#2176,#2177,#2178,#2179,#2180,#2181,#2182,#2183,#2184,#2185,#2186,#2187,#2188,#2189,#2190,#2191,#2192,#2193,#2194,#2195,#2196,#2197),(#2198,#2199,#2200,#2201,#2202,#2203,#2204,#2205,#2206,#2207,#2208,#2209,#2210,#2211,#2212,#2213,#2214,#2215,#2216,#2217,#2218,#2219,#2220,#2221,#2222),(#2223,#2224,#2225,#2226,#2227,#2228,#2229,#2230,#2231,#2232,#2233,#2234,#2235,#2236,#2237,#2238,#2239,#2240,#2241,#2242,#2243,#2244,#2245,#2246,#2247),(#2248,#2249,#2250,#2251,#2252,#2253,#2254,#2255,#2256,#2257,#2258,#2259,#2260,#2261,#2262,#2263,#2264,#2265,#2266,#2267,#2268,#2269,#2270,#2271,#2272),(#2273,#2274,#2275,#2276,#2277,#2278,#2279,#2280,#2281,#2282,#2283,#2284,#2285,#2286,#2287,#2288,#2289,#2290,#2291,#2292,#2293,#2294,#2295,#2296,#2297),(#2298,#2299,#2300,#2301,#2302,#2303,#2304,#2305,#2306,#2307,#2308,#2309,#2310,#2311,#2312,#2313,#2314,#2315,#2316,#2317,#2318,#2319,#2320,#2321,#2322),(#2323,#2324,#2325,#2326,#2327,#2328,#2329,#2330,#2331,#2332,#2333,#2334,#2335,#2336,#2337,#2338,#2339,#2340,#2341,#2342,#2343,#2344,#2345,#2346,#2347),(#2348,#2349,#2350,#2351,#2352,#2353,#2354,#2355,#2356,#2357,#2358,#2359,#2360,#2361,#2362,#2363,#2364,#2365,#2366,#2367,#2368,#2369,#2370,#2371,#2372),(#2373,#2374,#2375,#2376,#2377,#2378,#2379,#2380,#2381,#2382,#2383,#2384,#2385,#2386,#2387,#2388,#2389,#2390,#2391,#2392,#2393,#2394,#2395,#2396,#2397),(#2398,#2399,#2400,#2401,#2402,#2403,#2404,#2405,#2406,#2407,#2408,#2409,#2410,#2411,#2412,#2413,#2414,#2415,#2416,#2417,#2418,#2419,#2420,#2421,#2422),(#2423,#2424,#2425,#2426,#2427,#2428,#2429,#2430,#2431,#2432,#2433,#2434,#2435,#2436,#2437,#2438,#2439,#2440,#2441,#2442,#2443,#2444,#2445,#2446,#2447),(#2448,#2449,#2450,#2451,#2452,#2453,#2454,#2455,#2456,#2457,#2458,#2459,#2460,#2461,#2462,#2463,#2464,#2465,#2466,#2467,#2468,#2469,#2470,#2471,#2472),(#2473,#2474,#2475,#2476,#2477,#2478,#2479,#2480,#2481,#2482,#2483,#2484,#2485,#2486,#2487,#2488,#2489,#2490,#2491,#2492,#2493,#2494,#2495,#2496,#2497),(#2498,#2499,#2500,#2501,#2502,#2503,#2504,#2505,#2506,#2507,#2508,#2509,#2510,#2511,#2512,#2513,#2514,#2515,#2516,#2517,#2518,#2519,#2520,#2521,#2522),(#2523,#2524,#2525,#2526,#2527,#2528,#2529,#2530,#2531,#2532,#2533,#2534,#2535,#2536,#2537,#2538,#2539,#2540,#2541,#2542,#2543,#2544,#2545,#2546,#2547),(#2548,#2549,#2550,#2551,#2552,#2553,#2554,#2555,#2556,#2557,#2558,#2559,#2560,#2561,#2562,#2563,#2564,#2565,#2566,#2567,#2568,#2569,#2570,#2571,#2572),(#2573,#2574,#2575,#2576,#2577,#2578,#2579,#2580,#2581,#2582,#2583,#2584,#2585,#2586,#2587,#2588,#2589,#2590,#2591,#2592,#2593,#2594,#2595,#2596,#2597),(#2598,#2599,#2600,#2601,#2602,#2603,#2604,#2605,#2606,#2607,#2608,#2609,#2610,#2611,#2612,#2613,#2614,#2615,#2616,#2617,#2618,#2619,#2620,#2621,#2622)),.UNSPECIFIED.,.F.,.F.,.F.,(2,1,1,1,1,1,1,1,1,1,1,1,1,1,1,1,1,1,1,1,1,1,1,1,1,1,1,1,1,1,1,1,1,1,1,1,1,1,1,1,1,1,1,1,1,1,1,1,2),(2,1,1,1,1,1,1,1,1,1,1,1,1,1,1,1,1,1,1,1,1,1,1,1,2),(0,0.020833333333333,0.041666666666667,0.0625,0.083333333333333,0.104166666666667,0.125,0.145833333333333,0.166666666666667,0.1875,0.208333333333333,0.229166666666667,0.25,0.270833333333333,0.291666666666667,0.3125,0.333333333333333,0.354166666666667,0.375,0.395833333333333,0.416666666666667,0.4375,0.458333333333333,0.479166666666667,0.5,0.520833333333333,0.541666666666667,0.5625,0.583333333333333,0.604166666666667,0.625,0.645833333333333,0.666666666666667,0.6875,0.708333333333333,0.729166666666667,0.75,0.770833333333333,0.791666666666667,0.8125,0.833333333333333,0.854166666666667,0.875,0.895833333333333,0.916666666666667,0.9375,0.958333333333333,0.979166666666667,1),(0,0.041666666666667,0.083333333333333,0.125,0.166666666666667,0.208333333333333,0.25,0.291666666666667,0.333333333333333,0.375,0.416666666666667,0.458333333333333,0.5,0.541666666666667,0.583333333333333,0.625,0.666666666666667,0.708333333333333,0.75,0.791666666666667,0.833333333333333,0.875,0.916666666666667,0.958333333333333,1),.UNSPECIFIED.);
#2624=CARTESIAN_POINT($,(-7,60,1));
#2625=VERTEX_POINT($,#2624);
#2626=CARTESIAN_POINT($,(-13,0,1));
#2627=VERTEX_POINT($,#2626);
#2628=CARTESIAN_POINT($,(-7,60,1));
#2629=CARTESIAN_POINT($,(-6.98046875,57.5,0.4609375));
#2630=CARTESIAN_POINT($,(-7.15625,55,0.312499999999999));
#2631=CARTESIAN_POINT($,(-7.50390625,52.5,0.5078125));
#2632=CARTESIAN_POINT($,(-8,50,0.999999999999998));
#2633=CARTESIAN_POINT($,(-8.62109375,47.5,1.7421875));
#2634=CARTESIAN_POINT($,(-9.34375,45,2.6875));
#2635=CARTESIAN_POINT($,(-10.14453125,42.5,3.7890625));
#2636=CARTESIAN_POINT($,(-11,40,5));
#2637=CARTESIAN_POINT($,(-11.88671875,37.5,6.2734375));
#2638=CARTESIAN_POINT($,(-12.78125,35,7.5625));
#2639=CARTESIAN_POINT($,(-13.66015625,32.5,8.8203125));
#2640=CARTESIAN_POINT($,(-14.5,30,10));
#2641=CARTESIAN_POINT($,(-15.27734375,27.5,11.0546875));
#2642=CARTESIAN_POINT($,(-15.96875,25,11.9375));
#2643=CARTESIAN_POINT($,(-16.55078125,22.5,12.6015625));
#2644=CARTESIAN_POINT($,(-17,20,13));
#2645=CARTESIAN_POINT($,(-17.29296875,17.5,13.0859375));
#2646=CARTESIAN_POINT($,(-17.40625,15,12.8125));
#2647=CARTESIAN_POINT($,(-17.31640625,12.5,12.1328125));
#2648=CARTESIAN_POINT($,(-17,10,11));
#2649=CARTESIAN_POINT($,(-16.43359375,7.5,9.3671875));
#2650=CARTESIAN_POINT($,(-15.59375,5,7.1875));
#2651=CARTESIAN_POINT($,(-14.45703125,2.5,4.4140625));
#2652=CARTESIAN_POINT($,(-13,0,1));
#2653=B_SPLINE_CURVE_WITH_KNOTS($,1,(#2628,#2629,#2630,#2631,#2632,#2633,#2634,#2635,#2636,#2637,#2638,#2639,#2640,#2641,#2642,#2643,#2644,#2645,#2646,#2647,#2648,#2649,#2650,#2651,#2652),.UNSPECIFIED.,.F.,.F.,(2,1,1,1,1,1,1,1,1,1,1,1,1,1,1,1,1,1,1,1,1,1,1,1,2),(0,0.041666666666667,0.083333333333333,0.125,0.166666666666667,0.208333333333333,0.25,0.291666666666667,0.333333333333333,0.375,0.416666666666667,0.458333333333333,0.5,0.541666666666667,0.583333333333333,0.625,0.666666666666667,0.708333333333333,0.75,0.791666666666667,0.833333333333333,0.875,0.916666666666667,0.958333333333333,1),.UNSPECIFIED.);
#2654=EDGE_CURVE($,#2625,#2627,#2653,.T.);
#2655=ORIENTED_EDGE($,$,$,#2654,.F.);
#2656=CARTESIAN_POINT($,(7,60,1));
#2657=VERTEX_POINT($,#2656);
#2658=CARTESIAN_POINT($,(7,60,1));
#2659=CARTESIAN_POINT($,(6.70833333333333,60,1.24479166666667));
#2660=CARTESIAN_POINT($,(6.41666666666667,60,1.47916666666667));
#2661=CARTESIAN_POINT($,(6.125,60,1.703125));
#2662=CARTESIAN_POINT($,(5.83333333333333,60,1.91666666666667));
#2663=CARTESIAN_POINT($,(5.54166666666667,60,2.11979166666667));
#2664=CARTESIAN_POINT($,(5.25,60,2.3125));
#2665=CARTESIAN_POINT($,(4.95833333333333,60,2.49479166666667));
#2666=CARTESIAN_POINT($,(4.66666666666667,60,2.66666666666667));
#2667=CARTESIAN_POINT($,(4.375,60,2.828125));
#2668=CARTESIAN_POINT($,(4.08333333333333,60,2.97916666666667));
#2669=CARTESIAN_POINT($,(3.79166666666667,60,3.11979166666667));
#2670=CARTESIAN_POINT($,(3.5,60,3.25));
#2671=CARTESIAN_POINT($,(3.20833333333333,60,3.36979166666667));
#2672=CARTESIAN_POINT($,(2.91666666666667,60,3.47916666666667));
#2673=CARTESIAN_POINT($,(2.625,60,3.578125));
#2674=CARTESIAN_POINT($,(2.33333333333333,60,3.66666666666667));
#2675=CARTESIAN_POINT($,(2.04166666666667,60,3.74479166666667));
#2676=CARTESIAN_POINT($,(1.75,60,3.8125));
#2677=CARTESIAN_POINT($,(1.45833333333333,60,3.86979166666667));
#2678=CARTESIAN_POINT($,(1.16666666666667,60,3.91666666666667));
#2679=CARTESIAN_POINT($,(0.874999999999999,60,3.953125));
#2680=CARTESIAN_POINT($,(0.583333333333332,60,3.97916666666667));
#2681=CARTESIAN_POINT($,(0.291666666666667,60,3.99479166666667));
#2682=CARTESIAN_POINT($,(-0,60,4));
#2683=CARTESIAN_POINT($,(-0.291666666666667,60,3.99479166666667));
#2684=CARTESIAN_POINT($,(-0.583333333333334,60,3.97916666666667));
#2685=CARTESIAN_POINT($,(-0.875,60,3.953125));
#2686=CARTESIAN_POINT($,(-1.16666666666667,60,3.91666666666667));
#2687=CARTESIAN_POINT($,(-1.45833333333333,60,3.86979166666667));
#2688=CARTESIAN_POINT($,(-1.75,60,3.8125));
#2689=CARTESIAN_POINT($,(-2.04166666666667,60,3.74479166666667));
#2690=CARTESIAN_POINT($,(-2.33333333333333,60,3.66666666666667));
#2691=CARTESIAN_POINT($,(-2.625,60,3.578125));
#2692=CARTESIAN_POINT($,(-2.91666666666667,60,3.47916666666667));
#2693=CARTESIAN_POINT($,(-3.20833333333333,60,3.36979166666667));
#2694=CARTESIAN_POINT($,(-3.5,60,3.25));
#2695=CARTESIAN_POINT($,(-3.79166666666667,60,3.11979166666667));
#2696=CARTESIAN_POINT($,(-4.08333333333333,60,2.97916666666667));
#2697=CARTESIAN_POINT($,(-4.375,60,2.828125));
#2698=CARTESIAN_POINT($,(-4.66666666666667,60,2.66666666666667));
#2699=CARTESIAN_POINT($,(-4.95833333333333,60,2.49479166666667));
#2700=CARTESIAN_POINT($,(-5.25,60,2.3125));
#2701=CARTESIAN_POINT($,(-5.54166666666667,60,2.11979166666667));
#2702=CARTESIAN_POINT($,(-5.83333333333333,60,1.91666666666667));
#2703=CARTESIAN_POINT($,(-6.125,60,1.703125));
#2704=CARTESIAN_POINT($,(-6.41666666666667,60,1.47916666666667));
#2705=CARTESIAN_POINT($,(-6.70833333333333,60,1.24479166666667));
#2706=CARTESIAN_POINT($,(-7,60,1));
#2707=B_SPLINE_CURVE_WITH_KNOTS($,1,(#2658,#2659,#2660,#2661,#2662,#2663,#2664,#2665,#2666,#2667,#2668,#2669,#2670,#2671,#2672,#2673,#2674,#2675,#2676,#2677,#2678,#2679,#2680,#2681,#2682,#2683,#2684,#2685,#2686,#2687,#2688,#2689,#2690,#2691,#2692,#2693,#2694,#2695,#2696,#2697,#2698,#2699,#2700,#2701,#2702,#2703,#2704,#2705,#2706),.UNSPECIFIED.,.F.,.F.,(2,1,1,1,1,1,1,1,1,1,1,1,1,1,1,1,1,1,1,1,1,1,1,1,1,1,1,1,1,1,1,1,1,1,1,1,1,1,1,1,1,1,1,1,1,1,1,1,2),(0,0.020833333333333,0.041666666666667,0.0625,0.083333333333333,0.104166666666667,0.125,0.145833333333333,0.166666666666667,0.1875,0.208333333333333,0.229166666666667,0.25,0.270833333333333,0.291666666666667,0.3125,0.333333333333333,0.354166666666667,0.375,0.395833333333333,0.416666666666667,0.4375,0.458333333333333,0.479166666666667,0.5,0.520833333333333,0.541666666666667,0.5625,0.583333333333333,0.604166666666667,0.625,0.645833333333333,0.666666666666667,0.6875,0.708333333333333,0.729166666666667,0.75,0.770833333333333,0.791666666666667,0.8125,0.833333333333333,0.854166666666667,0.875,0.895833333333333,0.916666666666667,0.9375,0.958333333333333,0.979166666666667,1),.UNSPECIFIED.);
#2708=EDGE_CURVE($,#2657,#2625,#2707,.T.);
#2709=ORIENTED_EDGE($,$,$,#2708,.F.);
#2710=CARTESIAN_POINT($,(13,0,1));
#2711=VERTEX_POINT($,#2710);
#2712=CARTESIAN_POINT($,(13,0,1));
#2713=CARTESIAN_POINT($,(14.45703125,2.5,4.4140625));
#2714=CARTESIAN_POINT($,(15.59375,5,7.1875));
#2715=CARTESIAN_POINT($,(16.43359375,7.5,9.3671875));
#2716=CARTESIAN_POINT($,(17,10,11));
#2717=CARTESIAN_POINT($,(17.31640625,12.5,12.1328125));
#2718=CARTESIAN_POINT($,(17.40625,15,12.8125));
#2719=CARTESIAN_POINT($,(17.29296875,17.5,13.0859375));
#2720=CARTESIAN_POINT($,(17,20,13));
#2721=CARTESIAN_POINT($,(16.55078125,22.5,12.6015625));
#2722=CARTESIAN_POINT($,(15.96875,25,11.9375));
#2723=CARTESIAN_POINT($,(15.27734375,27.5,11.0546875));
#2724=CARTESIAN_POINT($,(14.5,30,10));
#2725=CARTESIAN_POINT($,(13.66015625,32.5,8.8203125));
#2726=CARTESIAN_POINT($,(12.78125,35,7.5625));
#2727=CARTESIAN_POINT($,(11.88671875,37.5,6.2734375));
#2728=CARTESIAN_POINT($,(11,40,5));
#2729=CARTESIAN_POINT($,(10.14453125,42.5,3.7890625));
#2730=CARTESIAN_POINT($,(9.34375,45,2.6875));
#2731=CARTESIAN_POINT($,(8.62109375,47.5,1.7421875));
#2732=CARTESIAN_POINT($,(8,50,0.999999999999998));
#2733=CARTESIAN_POINT($,(7.50390625,52.5,0.5078125));
#2734=CARTESIAN_POINT($,(7.15625,55,0.312499999999999));
#2735=CARTESIAN_POINT($,(6.98046875,57.5,0.4609375));
#2736=CARTESIAN_POINT($,(7,60,1));
#2737=B_SPLINE_CURVE_WITH_KNOTS($,1,(#2712,#2713,#2714,#2715,#2716,#2717,#2718,#2719,#2720,#2721,#2722,#2723,#2724,#2725,#2726,#2727,#2728,#2729,#2730,#2731,#2732,#2733,#2734,#2735,#2736),.UNSPECIFIED.,.F.,.F.,(2,1,1,1,1,1,1,1,1,1,1,1,1,1,1,1,1,1,1,1,1,1,1,1,2),(0,0.041666666666667,0.083333333333333,0.125,0.166666666666667,0.208333333333333,0.25,0.291666666666667,0.333333333333333,0.375,0.416666666666667,0.458333333333333,0.5,0.541666666666667,0.583333333333333,0.625,0.666666666666667,0.708333333333333,0.75,0.791666666666667,0.833333333333333,0.875,0.916666666666667,0.958333333333333,1),.UNSPECIFIED.);
#2738=EDGE_CURVE($,#2711,#2657,#2737,.T.);
#2739=ORIENTED_EDGE($,$,$,#2738,.F.);
#2740=CARTESIAN_POINT($,(-13,0,1));
#2741=CARTESIAN_POINT($,(-12.4583333333333,0,1.24479166666667));
#2742=CARTESIAN_POINT($,(-11.9166666666667,0,1.47916666666667));
#2743=CARTESIAN_POINT($,(-11.375,0,1.703125));
#2744=CARTESIAN_POINT($,(-10.8333333333333,0,1.91666666666667));
#2745=CARTESIAN_POINT($,(-10.2916666666667,0,2.11979166666667));
#2746=CARTESIAN_POINT($,(-9.75,0,2.3125));
#2747=CARTESIAN_POINT($,(-9.20833333333333,0,2.49479166666667));
#2748=CARTESIAN_POINT($,(-8.66666666666667,0,2.66666666666667));
#2749=CARTESIAN_POINT($,(-8.125,0,2.828125));
#2750=CARTESIAN_POINT($,(-7.58333333333333,0,2.97916666666667));
#2751=CARTESIAN_POINT($,(-7.04166666666667,0,3.11979166666667));
#2752=CARTESIAN_POINT($,(-6.5,0,3.25));
#2753=CARTESIAN_POINT($,(-5.95833333333333,0,3.36979166666667));
#2754=CARTESIAN_POINT($,(-5.41666666666667,0,3.47916666666667));
#2755=CARTESIAN_POINT($,(-4.875,0,3.578125));
#2756=CARTESIAN_POINT($,(-4.33333333333333,0,3.66666666666667));
#2757=CARTESIAN_POINT($,(-3.79166666666667,0,3.74479166666667));
#2758=CARTESIAN_POINT($,(-3.25,0,3.8125));
#2759=CARTESIAN_POINT($,(-2.70833333333333,0,3.86979166666667));
#2760=CARTESIAN_POINT($,(-2.16666666666667,0,3.91666666666667));
#2761=CARTESIAN_POINT($,(-1.625,0,3.953125));
#2762=CARTESIAN_POINT($,(-1.08333333333333,0,3.97916666666667));
#2763=CARTESIAN_POINT($,(-0.541666666666666,0,3.99479166666667));
#2764=CARTESIAN_POINT($,(0.000000000000001,0,4));
#2765=CARTESIAN_POINT($,(0.54166666666667,0,3.99479166666667));
#2766=CARTESIAN_POINT($,(1.08333333333333,0,3.97916666666667));
#2767=CARTESIAN_POINT($,(1.625,0,3.953125));
#2768=CARTESIAN_POINT($,(2.16666666666667,0,3.91666666666667));
#2769=CARTESIAN_POINT($,(2.70833333333333,0,3.86979166666667));
#2770=CARTESIAN_POINT($,(3.25,0,3.8125));
#2771=CARTESIAN_POINT($,(3.79166666666667,0,3.74479166666667));
#2772=CARTESIAN_POINT($,(4.33333333333333,0,3.66666666666667));
#2773=CARTESIAN_POINT($,(4.875,0,3.578125));
#2774=CARTESIAN_POINT($,(5.41666666666667,0,3.47916666666667));
#2775=CARTESIAN_POINT($,(5.95833333333333,0,3.36979166666667));
#2776=CARTESIAN_POINT($,(6.5,0,3.25));
#2777=CARTESIAN_POINT($,(7.04166666666667,0,3.11979166666667));
#2778=CARTESIAN_POINT($,(7.58333333333333,0,2.97916666666667));
#2779=CARTESIAN_POINT($,(8.125,0,2.828125));
#2780=CARTESIAN_POINT($,(8.66666666666667,0,2.66666666666667));
#2781=CARTESIAN_POINT($,(9.20833333333333,0,2.49479166666667));
#2782=CARTESIAN_POINT($,(9.75,0,2.3125));
#2783=CARTESIAN_POINT($,(10.2916666666667,0,2.11979166666667));
#2784=CARTESIAN_POINT($,(10.8333333333333,0,1.91666666666667));
#2785=CARTESIAN_POINT($,(11.375,0,1.703125));
#2786=CARTESIAN_POINT($,(11.9166666666667,0,1.47916666666667));
#2787=CARTESIAN_POINT($,(12.4583333333333,0,1.24479166666667));
#2788=CARTESIAN_POINT($,(13,0,1));
#2789=B_SPLINE_CURVE_WITH_KNOTS($,1,(#2740,#2741,#2742,#2743,#2744,#2745,#2746,#2747,#2748,#2749,#2750,#2751,#2752,#2753,#2754,#2755,#2756,#2757,#2758,#2759,#2760,#2761,#2762,#2763,#2764,#2765,#2766,#2767,#2768,#2769,#2770,#2771,#2772,#2773,#2774,#2775,#2776,#2777,#2778,#2779,#2780,#2781,#2782,#2783,#2784,#2785,#2786,#2787,#2788),.UNSPECIFIED.,.F.,.F.,(2,1,1,1,1,1,1,1,1,1,1,1,1,1,1,1,1,1,1,1,1,1,1,1,1,1,1,1,1,1,1,1,1,1,1,1,1,1,1,1,1,1,1,1,1,1,1,1,2),(0,0.020833333333333,0.041666666666667,0.0625,0.083333333333333,0.104166666666667,0.125,0.145833333333333,0.166666666666667,0.1875,0.208333333333333,0.229166666666667,0.25,0.270833333333333,0.291666666666667,0.3125,0.333333333333333,0.354166666666667,0.375,0.395833333333333,0.416666666666667,0.4375,0.458333333333333,0.479166666666667,0.5,0.520833333333333,0.541666666666667,0.5625,0.583333333333333,0.604166666666667,0.625,0.645833333333333,0.666666666666667,0.6875,0.708333333333333,0.729166666666667,0.75,0.770833333333333,0.791666666666667,0.8125,0.833333333333333,0.854166666666667,0.875,0.895833333333333,0.916666666666667,0.9375,0.958333333333333,0.979166666666667,1),.UNSPECIFIED.);
#2790=EDGE_CURVE($,#2627,#2711,#2789,.T.);
#2791=ORIENTED_EDGE($,$,$,#2790,.F.);
#2792=EDGE_LOOP($,(#2655,#2709,#2739,#2791));
#2793=FACE_OUTER_BOUND('',#2792,.T.);
#2794=ADVANCED_FACE('',(#2793),#2623,.T.);
#2795=CARTESIAN_POINT($,(-13,0,0));
#2796=CARTESIAN_POINT($,(-13,0,1));
#2797=CARTESIAN_POINT($,(-12.4583333333333,0,0.244791666666667));
#2798=CARTESIAN_POINT($,(-12.4583333333333,0,1.24479166666667));
#2799=CARTESIAN_POINT($,(-11.9166666666667,0,0.479166666666667));
#2800=CARTESIAN_POINT($,(-11.9166666666667,0,1.47916666666667));
#2801=CARTESIAN_POINT($,(-11.375,0,0.703125));
#2802=CARTESIAN_POINT($,(-11.375,0,1.703125));
#2803=CARTESIAN_POINT($,(-10.8333333333333,0,0.916666666666667));
#2804=CARTESIAN_POINT($,(-10.8333333333333,0,1.91666666666667));
#2805=CARTESIAN_POINT($,(-10.2916666666667,0,1.11979166666667));
#2806=CARTESIAN_POINT($,(-10.2916666666667,0,2.11979166666667));
#2807=CARTESIAN_POINT($,(-9.75,0,1.3125));
#2808=CARTESIAN_POINT($,(-9.75,0,2.3125));
#2809=CARTESIAN_POINT($,(-9.20833333333333,0,1.49479166666667));
#2810=CARTESIAN_POINT($,(-9.20833333333333,0,2.49479166666667));
#2811=CARTESIAN_POINT($,(-8.66666666666667,0,1.66666666666667));
#2812=CARTESIAN_POINT($,(-8.66666666666667,0,2.66666666666667));
#2813=CARTESIAN_POINT($,(-8.125,0,1.828125));
#2814=CARTESIAN_POINT($,(-8.125,0,2.828125));
#2815=CARTESIAN_POINT($,(-7.58333333333333,0,1.97916666666667));
#2816=CARTESIAN_POINT($,(-7.58333333333333,0,2.97916666666667));
#2817=CARTESIAN_POINT($,(-7.04166666666667,0,2.11979166666667));
#2818=CARTESIAN_POINT($,(-7.04166666666667,0,3.11979166666667));
#2819=CARTESIAN_POINT($,(-6.5,0,2.25));
#2820=CARTESIAN_POINT($,(-6.5,0,3.25));
#2821=CARTESIAN_POINT($,(-5.95833333333333,0,2.36979166666667));
#2822=CARTESIAN_POINT($,(-5.95833333333333,0,3.36979166666667));
#2823=CARTESIAN_POINT($,(-5.41666666666667,0,2.47916666666667));
#2824=CARTESIAN_POINT($,(-5.41666666666667,0,3.47916666666667));
#2825=CARTESIAN_POINT($,(-4.875,0,2.578125));
#2826=CARTESIAN_POINT($,(-4.875,0,3.578125));
#2827=CARTESIAN_POINT($,(-4.33333333333333,0,2.66666666666667));
#2828=CARTESIAN_POINT($,(-4.33333333333333,0,3.66666666666667));
#2829=CARTESIAN_POINT($,(-3.79166666666667,0,2.74479166666667));
#2830=CARTESIAN_POINT($,(-3.79166666666667,0,3.74479166666667));
#2831=CARTESIAN_POINT($,(-3.25,0,2.8125));
#2832=CARTESIAN_POINT($,(-3.25,0,3.8125));
#2833=CARTESIAN_POINT($,(-2.70833333333333,0,2.86979166666667));
#2834=CARTESIAN_POINT($,(-2.70833333333333,0,3.86979166666667));
#2835=CARTESIAN_POINT($,(-2.16666666666667,0,2.91666666666667));
#2836=CARTESIAN_POINT($,(-2.16666666666667,0,3.91666666666667));
#2837=CARTESIAN_POINT($,(-1.625,0,2.953125));
#2838=CARTESIAN_POINT($,(-1.625,0,3.953125));
#2839=CARTESIAN_POINT($,(-1.08333333333333,0,2.97916666666667));
#2840=CARTESIAN_POINT($,(-1.08333333333333,0,3.97916666666667));
#2841=CARTESIAN_POINT($,(-0.541666666666666,0,2.99479166666667));
#2842=CARTESIAN_POINT($,(-0.541666666666666,0,3.99479166666667));
#2843=CARTESIAN_POINT($,(0.000000000000001,0,3));
#2844=CARTESIAN_POINT($,(0.000000000000001,0,4));
#2845=CARTESIAN_POINT($,(0.54166666666667,0,2.99479166666667));
#2846=CARTESIAN_POINT($,(0.54166666666667,0,3.99479166666667));
#2847=CARTESIAN_POINT($,(1.08333333333333,0,2.97916666666667));
#2848=CARTESIAN_POINT($,(1.08333333333333,0,3.97916666666667));
#2849=CARTESIAN_POINT($,(1.625,0,2.953125));
#2850=CARTESIAN_POINT($,(1.625,0,3.953125));
#2851=CARTESIAN_POINT($,(2.16666666666667,0,2.91666666666667));
#2852=CARTESIAN_POINT($,(2.16666666666667,0,3.91666666666667));
#2853=CARTESIAN_POINT($,(2.70833333333333,0,2.86979166666667));
#2854=CARTESIAN_POINT($,(2.70833333333333,0,3.86979166666667));
#2855=CARTESIAN_POINT($,(3.25,0,2.8125));
#2856=CARTESIAN_POINT($,(3.25,0,3.8125));
#2857=CARTESIAN_POINT($,(3.79166666666667,0,2.74479166666667));
#2858=CARTESIAN_POINT($,(3.79166666666667,0,3.74479166666667));
#2859=CARTESIAN_POINT($,(4.33333333333333,0,2.66666666666667));
#2860=CARTESIAN_POINT($,(4.33333333333333,0,3.66666666666667));
#2861=CARTESIAN_POINT($,(4.875,0,2.578125));
#2862=CARTESIAN_POINT($,(4.875,0,3.578125));
#2863=CARTESIAN_POINT($,(5.41666666666667,0,2.47916666666667));
#2864=CARTESIAN_POINT($,(5.41666666666667,0,3.47916666666667));
#2865=CARTESIAN_POINT($,(5.95833333333333,0,2.36979166666667));
#2866=CARTESIAN_POINT($,(5.95833333333333,0,3.36979166666667));
#2867=CARTESIAN_POINT($,(6.5,0,2.25));
#2868=CARTESIAN_POINT($,(6.5,0,3.25));
#2869=CARTESIAN_POINT($,(7.04166666666667,0,2.11979166666667));
#2870=CARTESIAN_POINT($,(7.04166666666667,0,3.11979166666667));
#2871=CARTESIAN_POINT($,(7.58333333333333,0,1.97916666666667));
#2872=CARTESIAN_POINT($,(7.58333333333333,0,2.97916666666667));
#2873=CARTESIAN_POINT($,(8.125,0,1.828125));
#2874=CARTESIAN_POINT($,(8.125,0,2.828125));
#2875=CARTESIAN_POINT($,(8.66666666666667,0,1.66666666666667));
#2876=CARTESIAN_POINT($,(8.66666666666667,0,2.66666666666667));
#2877=CARTESIAN_POINT($,(9.20833333333333,0,1.49479166666667));
#2878=CARTESIAN_POINT($,(9.20833333333333,0,2.49479166666667));
#2879=CARTESIAN_POINT($,(9.75,0,1.3125));
#2880=CARTESIAN_POINT($,(9.75,0,2.3125));
#2881=CARTESIAN_POINT($,(10.2916666666667,0,1.11979166666667));
#2882=CARTESIAN_POINT($,(10.2916666666667,0,2.11979166666667));
#2883=CARTESIAN_POINT($,(10.8333333333333,0,0.916666666666667));
#2884=CARTESIAN_POINT($,(10.8333333333333,0,1.91666666666667));
#2885=CARTESIAN_POINT($,(11.375,0,0.703125));
#2886=CARTESIAN_POINT($,(11.375,0,1.703125));
#2887=CARTESIAN_POINT($,(11.9166666666667,0,0.479166666666666));
#2888=CARTESIAN_POINT($,(11.9166666666667,0,1.47916666666667));
#2889=CARTESIAN_POINT($,(12.4583333333333,0,0.244791666666667));
#2890=CARTESIAN_POINT($,(12.4583333333333,0,1.24479166666667));
#2891=CARTESIAN_POINT($,(13,0,0));
#2892=CARTESIAN_POINT($,(13,0,1));
#2893=B_SPLINE_SURFACE_WITH_KNOTS($,1,1,((#2795,#2796),(#2797,#2798),(#2799,#2800),(#2801,#2802),(#2803,#2804),(#2805,#2806),(#2807,#2808),(#2809,#2810),(#2811,#2812),(#2813,#2814),(#2815,#2816),(#2817,#2818),(#2819,#2820),(#2821,#2822),(#2823,#2824),(#2825,#2826),(#2827,#2828),(#2829,#2830),(#2831,#2832),(#2833,#2834),(#2835,#2836),(#2837,#2838),(#2839,#2840),(#2841,#2842),(#2843,#2844),(#2845,#2846),(#2847,#2848),(#2849,#2850),(#2851,#2852),(#2853,#2854),(#2855,#2856),(#2857,#2858),(#2859,#2860),(#2861,#2862),(#2863,#2864),(#2865,#2866),(#2867,#2868),(#2869,#2870),(#2871,#2872),(#2873,#2874),(#2875,#2876),(#2877,#2878),(#2879,#2880),(#2881,#2882),(#2883,#2884),(#2885,#2886),(#2887,#2888),(#2889,#2890),(#2891,#2892)),.RULED_SURFACE.,.F.,.F.,.F.,(2,1,1,1,1,1,1,1,1,1,1,1,1,1,1,1,1,1,1,1,1,1,1,1,1,1,1,1,1,1,1,1,1,1,1,1,1,1,1,1,1,1,1,1,1,1,1,1,2),(2,2),(0,0.020833333333333,0.041666666666667,0.0625,0.083333333333333,0.104166666666667,0.125,0.145833333333333,0.166666666666667,0.1875,0.208333333333333,0.229166666666667,0.25,0.270833333333333,0.291666666666667,0.3125,0.333333333333333,0.354166666666667,0.375,0.395833333333333,0.416666666666667,0.4375,0.458333333333333,0.479166666666667,0.5,0.520833333333333,0.541666666666667,0.5625,0.583333333333333,0.604166666666667,0.625,0.645833333333333,0.666666666666667,0.6875,0.708333333333333,0.729166666666667,0.75,0.770833333333333,0.791666666666667,0.8125,0.833333333333333,0.854166666666667,0.875,0.895833333333333,0.916666666666667,0.9375,0.958333333333333,0.979166666666667,1),(0,1),.UNSPECIFIED.);
#2894=ORIENTED_EDGE($,$,$,#1281,.T.);
#2895=CARTESIAN_POINT($,(13,0,0));
#2896=DIRECTION($,(0,0,1));
#2897=VECTOR($,#2896,1);
#2898=LINE($,#2895,#2897);
#2899=EDGE_CURVE($,#1230,#2711,#2898,.T.);
#2900=ORIENTED_EDGE($,$,$,#2899,.T.);
#2901=ORIENTED_EDGE($,$,$,#2790,.F.);
#2902=CARTESIAN_POINT($,(-13,0,0));
#2903=DIRECTION($,(0,0,1));
#2904=VECTOR($,#2903,1);
#2905=LINE($,#2902,#2904);
#2906=EDGE_CURVE($,#1228,#2627,#2905,.T.);
#2907=ORIENTED_EDGE($,$,$,#2906,.F.);
#2908=EDGE_LOOP($,(#2894,#2900,#2901,#2907));
#2909=FACE_OUTER_BOUND('',#2908,.T.);
#2910=ADVANCED_FACE('',(#2909),#2893,.T.);
#2911=CARTESIAN_POINT($,(13,0,0));
#2912=CARTESIAN_POINT($,(13,0,1));
#2913=CARTESIAN_POINT($,(14.45703125,2.5,3.4140625));
#2914=CARTESIAN_POINT($,(14.45703125,2.5,4.4140625));
#2915=CARTESIAN_POINT($,(15.59375,5,6.1875));
#2916=CARTESIAN_POINT($,(15.59375,5,7.1875));
#2917=CARTESIAN_POINT($,(16.43359375,7.5,8.3671875));
#2918=CARTESIAN_POINT($,(16.43359375,7.5,9.3671875));
#2919=CARTESIAN_POINT($,(17,10,10));
#2920=CARTESIAN_POINT($,(17,10,11));
#2921=CARTESIAN_POINT($,(17.31640625,12.5,11.1328125));
#2922=CARTESIAN_POINT($,(17.31640625,12.5,12.1328125));
#2923=CARTESIAN_POINT($,(17.40625,15,11.8125));
#2924=CARTESIAN_POINT($,(17.40625,15,12.8125));
#2925=CARTESIAN_POINT($,(17.29296875,17.5,12.0859375));
#2926=CARTESIAN_POINT($,(17.29296875,17.5,13.0859375));
#2927=CARTESIAN_POINT($,(17,20,12));
#2928=CARTESIAN_POINT($,(17,20,13));
#2929=CARTESIAN_POINT($,(16.55078125,22.5,11.6015625));
#2930=CARTESIAN_POINT($,(16.55078125,22.5,12.6015625));
#2931=CARTESIAN_POINT($,(15.96875,25,10.9375));
#2932=CARTESIAN_POINT($,(15.96875,25,11.9375));
#2933=CARTESIAN_POINT($,(15.27734375,27.5,10.0546875));
#2934=CARTESIAN_POINT($,(15.27734375,27.5,11.0546875));
#2935=CARTESIAN_POINT($,(14.5,30,9));
#2936=CARTESIAN_POINT($,(14.5,30,10));
#2937=CARTESIAN_POINT($,(13.66015625,32.5,7.8203125));
#2938=CARTESIAN_POINT($,(13.66015625,32.5,8.8203125));
#2939=CARTESIAN_POINT($,(12.78125,35,6.5625));
#2940=CARTESIAN_POINT($,(12.78125,35,7.5625));
#2941=CARTESIAN_POINT($,(11.88671875,37.5,5.2734375));
#2942=CARTESIAN_POINT($,(11.88671875,37.5,6.2734375));
#2943=CARTESIAN_POINT($,(11,40,4));
#2944=CARTESIAN_POINT($,(11,40,5));
#2945=CARTESIAN_POINT($,(10.14453125,42.5,2.7890625));
#2946=CARTESIAN_POINT($,(10.14453125,42.5,3.7890625));
#2947=CARTESIAN_POINT($,(9.34375,45,1.6875));
#2948=CARTESIAN_POINT($,(9.34375,45,2.6875));
#2949=CARTESIAN_POINT($,(8.62109375,47.5,0.7421875));
#2950=CARTESIAN_POINT($,(8.62109375,47.5,1.7421875));
#2951=CARTESIAN_POINT($,(8,50,-0.000000000000002));
#2952=CARTESIAN_POINT($,(8,50,0.999999999999998));
#2953=CARTESIAN_POINT($,(7.50390625,52.5,-0.4921875));
#2954=CARTESIAN_POINT($,(7.50390625,52.5,0.5078125));
#2955=CARTESIAN_POINT($,(7.15625,55,-0.687500000000001));
#2956=CARTESIAN_POINT($,(7.15625,55,0.312499999999999));
#2957=CARTESIAN_POINT($,(6.98046875,57.5,-0.5390625));
#2958=CARTESIAN_POINT($,(6.98046875,57.5,0.4609375));
#2959=CARTESIAN_POINT($,(7,60,0));
#2960=CARTESIAN_POINT($,(7,60,1));
#2961=B_SPLINE_SURFACE_WITH_KNOTS($,1,1,((#2911,#2912),(#2913,#2914),(#2915,#2916),(#2917,#2918),(#2919,#2920),(#2921,#2922),(#2923,#2924),(#2925,#2926),(#2927,#2928),(#2929,#2930),(#2931,#2932),(#2933,#2934),(#2935,#2936),(#2937,#2938),(#2939,#2940),(#2941,#2942),(#2943,#2944),(#2945,#2946),(#2947,#2948),(#2949,#2950),(#2951,#2952),(#2953,#2954),(#2955,#2956),(#2957,#2958),(#2959,#2960)),.RULED_SURFACE.,.F.,.F.,.F.,(2,1,1,1,1,1,1,1,1,1,1,1,1,1,1,1,1,1,1,1,1,1,1,1,2),(2,2),(0,0.041666666666667,0.083333333333333,0.125,0.166666666666667,0.208333333333333,0.25,0.291666666666667,0.333333333333333,0.375,0.416666666666667,0.458333333333333,0.5,0.541666666666667,0.583333333333333,0.625,0.666666666666667,0.708333333333333,0.75,0.791666666666667,0.833333333333333,0.875,0.916666666666667,0.958333333333333,1),(0,1),.UNSPECIFIED.);
#2962=ORIENTED_EDGE($,$,$,#1311,.T.);
#2963=CARTESIAN_POINT($,(7,60,0));
#2964=DIRECTION($,(0,0,1));
#2965=VECTOR($,#2964,1);
#2966=LINE($,#2963,#2965);
#2967=EDGE_CURVE($,#1284,#2657,#2966,.T.);
#2968=ORIENTED_EDGE($,$,$,#2967,.T.);
#2969=ORIENTED_EDGE($,$,$,#2738,.F.);
#2970=ORIENTED_EDGE($,$,$,#2899,.F.);
#2971=EDGE_LOOP($,(#2962,#2968,#2969,#2970));
#2972=FACE_OUTER_BOUND('',#2971,.T.);
#2973=ADVANCED_FACE('',(#2972),#2961,.T.);
#2974=CARTESIAN_POINT($,(7,60,0));
#2975=CARTESIAN_POINT($,(7,60,1));
#2976=CARTESIAN_POINT($,(6.70833333333333,60,0.244791666666667));
#2977=CARTESIAN_POINT($,(6.70833333333333,60,1.24479166666667));
#2978=CARTESIAN_POINT($,(6.41666666666667,60,0.479166666666666));
#2979=CARTESIAN_POINT($,(6.41666666666667,60,1.47916666666667));
#2980=CARTESIAN_POINT($,(6.125,60,0.703125));
#2981=CARTESIAN_POINT($,(6.125,60,1.703125));
#2982=CARTESIAN_POINT($,(5.83333333333333,60,0.916666666666667));
#2983=CARTESIAN_POINT($,(5.83333333333333,60,1.91666666666667));
#2984=CARTESIAN_POINT($,(5.54166666666667,60,1.11979166666667));
#2985=CARTESIAN_POINT($,(5.54166666666667,60,2.11979166666667));
#2986=CARTESIAN_POINT($,(5.25,60,1.3125));
#2987=CARTESIAN_POINT($,(5.25,60,2.3125));
#2988=CARTESIAN_POINT($,(4.95833333333333,60,1.49479166666667));
#2989=CARTESIAN_POINT($,(4.95833333333333,60,2.49479166666667));
#2990=CARTESIAN_POINT($,(4.66666666666667,60,1.66666666666667));
#2991=CARTESIAN_POINT($,(4.66666666666667,60,2.66666666666667));
#2992=CARTESIAN_POINT($,(4.375,60,1.828125));
#2993=CARTESIAN_POINT($,(4.375,60,2.828125));
#2994=CARTESIAN_POINT($,(4.08333333333333,60,1.97916666666667));
#2995=CARTESIAN_POINT($,(4.08333333333333,60,2.97916666666667));
#2996=CARTESIAN_POINT($,(3.79166666666667,60,2.11979166666667));
#2997=CARTESIAN_POINT($,(3.79166666666667,60,3.11979166666667));
#2998=CARTESIAN_POINT($,(3.5,60,2.25));
#2999=CARTESIAN_POINT($,(3.5,60,3.25));
#3000=CARTESIAN_POINT($,(3.20833333333333,60,2.36979166666667));
#3001=CARTESIAN_POINT($,(3.20833333333333,60,3.36979166666667));
#3002=CARTESIAN_POINT($,(2.91666666666667,60,2.47916666666667));
#3003=CARTESIAN_POINT($,(2.91666666666667,60,3.47916666666667));
#3004=CARTESIAN_POINT($,(2.625,60,2.578125));
#3005=CARTESIAN_POINT($,(2.625,60,3.578125));
#3006=CARTESIAN_POINT($,(2.33333333333333,60,2.66666666666667));
#3007=CARTESIAN_POINT($,(2.33333333333333,60,3.66666666666667));
#3008=CARTESIAN_POINT($,(2.04166666666667,60,2.74479166666667));
#3009=CARTESIAN_POINT($,(2.04166666666667,60,3.74479166666667));
#3010=CARTESIAN_POINT($,(1.75,60,2.8125));
#3011=CARTESIAN_POINT($,(1.75,60,3.8125));
#3012=CARTESIAN_POINT($,(1.45833333333333,60,2.86979166666667));
#3013=CARTESIAN_POINT($,(1.45833333333333,60,3.86979166666667));
#3014=CARTESIAN_POINT($,(1.16666666666667,60,2.91666666666667));
#3015=CARTESIAN_POINT($,(1.16666666666667,60,3.91666666666667));
#3016=CARTESIAN_POINT($,(0.874999999999999,60,2.953125));
#3017=CARTESIAN_POINT($,(0.874999999999999,60,3.953125));
#3018=CARTESIAN_POINT($,(0.583333333333332,60,2.97916666666667));
#3019=CARTESIAN_POINT($,(0.583333333333332,60,3.97916666666667));
#3020=CARTESIAN_POINT($,(0.291666666666667,60,2.99479166666667));
#3021=CARTESIAN_POINT($,(0.291666666666667,60,3.99479166666667));
#3022=CARTESIAN_POINT($,(-0,60,3));
#3023=CARTESIAN_POINT($,(-0,60,4));
#3024=CARTESIAN_POINT($,(-0.291666666666667,60,2.99479166666667));
#3025=CARTESIAN_POINT($,(-0.291666666666667,60,3.99479166666667));
#3026=CARTESIAN_POINT($,(-0.583333333333334,60,2.97916666666667));
#3027=CARTESIAN_POINT($,(-0.583333333333334,60,3.97916666666667));
#3028=CARTESIAN_POINT($,(-0.875,60,2.953125));
#3029=CARTESIAN_POINT($,(-0.875,60,3.953125));
#3030=CARTESIAN_POINT($,(-1.16666666666667,60,2.91666666666667));
#3031=CARTESIAN_POINT($,(-1.16666666666667,60,3.91666666666667));
#3032=CARTESIAN_POINT($,(-1.45833333333333,60,2.86979166666667));
#3033=CARTESIAN_POINT($,(-1.45833333333333,60,3.86979166666667));
#3034=CARTESIAN_POINT($,(-1.75,60,2.8125));
#3035=CARTESIAN_POINT($,(-1.75,60,3.8125));
#3036=CARTESIAN_POINT($,(-2.04166666666667,60,2.74479166666667));
#3037=CARTESIAN_POINT($,(-2.04166666666667,60,3.74479166666667));
#3038=CARTESIAN_POINT($,(-2.33333333333333,60,2.66666666666667));
#3039=CARTESIAN_POINT($,(-2.33333333333333,60,3.66666666666667));
#3040=CARTESIAN_POINT($,(-2.625,60,2.578125));
#3041=CARTESIAN_POINT($,(-2.625,60,3.578125));
#3042=CARTESIAN_POINT($,(-2.91666666666667,60,2.47916666666667));
#3043=CARTESIAN_POINT($,(-2.91666666666667,60,3.47916666666667));
#3044=CARTESIAN_POINT($,(-3.20833333333333,60,2.36979166666667));
#3045=CARTESIAN_POINT($,(-3.20833333333333,60,3.36979166666667));
#3046=CARTESIAN_POINT($,(-3.5,60,2.25));
#3047=CARTESIAN_POINT($,(-3.5,60,3.25));
#3048=CARTESIAN_POINT($,(-3.79166666666667,60,2.11979166666667));
#3049=CARTESIAN_POINT($,(-3.79166666666667,60,3.11979166666667));
#3050=CARTESIAN_POINT($,(-4.08333333333333,60,1.97916666666667));
#3051=CARTESIAN_POINT($,(-4.08333333333333,60,2.97916666666667));
#3052=CARTESIAN_POINT($,(-4.375,60,1.828125));
#3053=CARTESIAN_POINT($,(-4.375,60,2.828125));
#3054=CARTESIAN_POINT($,(-4.66666666666667,60,1.66666666666667));
#3055=CARTESIAN_POINT($,(-4.66666666666667,60,2.66666666666667));
#3056=CARTESIAN_POINT($,(-4.95833333333333,60,1.49479166666667));
#3057=CARTESIAN_POINT($,(-4.95833333333333,60,2.49479166666667));
#3058=CARTESIAN_POINT($,(-5.25,60,1.3125));
#3059=CARTESIAN_POINT($,(-5.25,60,2.3125));
#3060=CARTESIAN_POINT($,(-5.54166666666667,60,1.11979166666667));
#3061=CARTESIAN_POINT($,(-5.54166666666667,60,2.11979166666667));
#3062=CARTESIAN_POINT($,(-5.83333333333333,60,0.916666666666667));
#3063=CARTESIAN_POINT($,(-5.83333333333333,60,1.91666666666667));
#3064=CARTESIAN_POINT($,(-6.125,60,0.703125));
#3065=CARTESIAN_POINT($,(-6.125,60,1.703125));
#3066=CARTESIAN_POINT($,(-6.41666666666667,60,0.479166666666667));
#3067=CARTESIAN_POINT($,(-6.41666666666667,60,1.47916666666667));
#3068=CARTESIAN_POINT($,(-6.70833333333333,60,0.244791666666667));
#3069=CARTESIAN_POINT($,(-6.70833333333333,60,1.24479166666667));
#3070=CARTESIAN_POINT($,(-7,60,0));
#3071=CARTESIAN_POINT($,(-7,60,1));
#3072=B_SPLINE_SURFACE_WITH_KNOTS($,1,1,((#2974,#2975),(#2976,#2977),(#2978,#2979),(#2980,#2981),(#2982,#2983),(#2984,#2985),(#2986,#2987),(#2988,#2989),(#2990,#2991),(#2992,#2993),(#2994,#2995),(#2996,#2997),(#2998,#2999),(#3000,#3001),(#3002,#3003),(#3004,#3005),(#3006,#3007),(#3008,#3009),(#3010,#3011),(#3012,#3013),(#3014,#3015),(#3016,#3017),(#3018,#3019),(#3020,#3021),(#3022,#3023),(#3024,#3025),(#3026,#3027),(#3028,#3029),(#3030,#3031),(#3032,#3033),(#3034,#3035),(#3036,#3037),(#3038,#3039),(#3040,#3041),(#3042,#3043),(#3044,#3045),(#3046,#3047),(#3048,#3049),(#3050,#3051),(#3052,#3053),(#3054,#3055),(#3056,#3057),(#3058,#3059),(#3060,#3061),(#3062,#3063),(#3064,#3065),(#3066,#3067),(#3068,#3069),(#3070,#3071)),.RULED_SURFACE.,.F.,.F.,.F.,(2,1,1,1,1,1,1,1,1,1,1,1,1,1,1,1,1,1,1,1,1,1,1,1,1,1,1,1,1,1,1,1,1,1,1,1,1,1,1,1,1,1,1,1,1,1,1,1,2),(2,2),(0,0.020833333333333,0.041666666666667,0.0625,0.083333333333333,0.104166666666667,0.125,0.145833333333333,0.166666666666667,0.1875,0.208333333333333,0.229166666666667,0.25,0.270833333333333,0.291666666666667,0.3125,0.333333333333333,0.354166666666667,0.375,0.395833333333333,0.416666666666667,0.4375,0.458333333333333,0.479166666666667,0.5,0.520833333333333,0.541666666666667,0.5625,0.583333333333333,0.604166666666667,0.625,0.645833333333333,0.666666666666667,0.6875,0.708333333333333,0.729166666666667,0.75,0.770833333333333,0.791666666666667,0.8125,0.833333333333333,0.854166666666667,0.875,0.895833333333333,0.916666666666667,0.9375,0.958333333333333,0.979166666666667,1),(0,1),.UNSPECIFIED.);
#3073=ORIENTED_EDGE($,$,$,#1365,.T.);
#3074=CARTESIAN_POINT($,(-7,60,0));
#3075=DIRECTION($,(0,0,1));
#3076=VECTOR($,#3075,1);
#3077=LINE($,#3074,#3076);
#3078=EDGE_CURVE($,#1314,#2625,#3077,.T.);
#3079=ORIENTED_EDGE($,$,$,#3078,.T.);
#3080=ORIENTED_EDGE($,$,$,#2708,.F.);
#3081=ORIENTED_EDGE($,$,$,#2967,.F.);
#3082=EDGE_LOOP($,(#3073,#3079,#3080,#3081));
#3083=FACE_OUTER_BOUND('',#3082,.T.);
#3084=ADVANCED_FACE('',(#3083),#3072,.T.);
#3085=CARTESIAN_POINT($,(-7,60,0));
#3086=CARTESIAN_POINT($,(-7,60,1));
#3087=CARTESIAN_POINT($,(-6.98046875,57.5,-0.5390625));
#3088=CARTESIAN_POINT($,(-6.98046875,57.5,0.4609375));
#3089=CARTESIAN_POINT($,(-7.15625,55,-0.687500000000001));
#3090=CARTESIAN_POINT($,(-7.15625,55,0.312499999999999));
#3091=CARTESIAN_POINT($,(-7.50390625,52.5,-0.4921875));
#3092=CARTESIAN_POINT($,(-7.50390625,52.5,0.5078125));
#3093=CARTESIAN_POINT($,(-8,50,-0.000000000000002));
#3094=CARTESIAN_POINT($,(-8,50,0.999999999999998));
#3095=CARTESIAN_POINT($,(-8.62109375,47.5,0.7421875));
#3096=CARTESIAN_POINT($,(-8.62109375,47.5,1.7421875));
#3097=CARTESIAN_POINT($,(-9.34375,45,1.6875));
#3098=CARTESIAN_POINT($,(-9.34375,45,2.6875));
#3099=CARTESIAN_POINT($,(-10.14453125,42.5,2.7890625));
#3100=CARTESIAN_POINT($,(-10.14453125,42.5,3.7890625));
#3101=CARTESIAN_POINT($,(-11,40,4));
#3102=CARTESIAN_POINT($,(-11,40,5));
#3103=CARTESIAN_POINT($,(-11.88671875,37.5,5.2734375));
#3104=CARTESIAN_POINT($,(-11.88671875,37.5,6.2734375));
#3105=CARTESIAN_POINT($,(-12.78125,35,6.5625));
#3106=CARTESIAN_POINT($,(-12.78125,35,7.5625));
#3107=CARTESIAN_POINT($,(-13.66015625,32.5,7.8203125));
#3108=CARTESIAN_POINT($,(-13.66015625,32.5,8.8203125));
#3109=CARTESIAN_POINT($,(-14.5,30,9));
#3110=CARTESIAN_POINT($,(-14.5,30,10));
#3111=CARTESIAN_POINT($,(-15.27734375,27.5,10.0546875));
#3112=CARTESIAN_POINT($,(-15.27734375,27.5,11.0546875));
#3113=CARTESIAN_POINT($,(-15.96875,25,10.9375));
#3114=CARTESIAN_POINT($,(-15.96875,25,11.9375));
#3115=CARTESIAN_POINT($,(-16.55078125,22.5,11.6015625));
#3116=CARTESIAN_POINT($,(-16.55078125,22.5,12.6015625));
#3117=CARTESIAN_POINT($,(-17,20,12));
#3118=CARTESIAN_POINT($,(-17,20,13));
#3119=CARTESIAN_POINT($,(-17.29296875,17.5,12.0859375));
#3120=CARTESIAN_POINT($,(-17.29296875,17.5,13.0859375));
#3121=CARTESIAN_POINT($,(-17.40625,15,11.8125));
#3122=CARTESIAN_POINT($,(-17.40625,15,12.8125));
#3123=CARTESIAN_POINT($,(-17.31640625,12.5,11.1328125));
#3124=CARTESIAN_POINT($,(-17.31640625,12.5,12.1328125));
#3125=CARTESIAN_POINT($,(-17,10,10));
#3126=CARTESIAN_POINT($,(-17,10,11));
#3127=CARTESIAN_POINT($,(-16.43359375,7.5,8.3671875));
#3128=CARTESIAN_POINT($,(-16.43359375,7.5,9.3671875));
#3129=CARTESIAN_POINT($,(-15.59375,5,6.1875));
#3130=CARTESIAN_POINT($,(-15.59375,5,7.1875));
#3131=CARTESIAN_POINT($,(-14.45703125,2.5,3.4140625));
#3132=CARTESIAN_POINT($,(-14.45703125,2.5,4.4140625));
#3133=CARTESIAN_POINT($,(-13,0,0));
#3134=CARTESIAN_POINT($,(-13,0,1));
#3135=B_SPLINE_SURFACE_WITH_KNOTS($,1,1,((#3085,#3086),(#3087,#3088),(#3089,#3090),(#3091,#3092),(#3093,#3094),(#3095,#3096),(#3097,#3098),(#3099,#3100),(#3101,#3102),(#3103,#3104),(#3105,#3106),(#3107,#3108),(#3109,#3110),(#3111,#3112),(#3113,#3114),(#3115,#3116),(#3117,#3118),(#3119,#3120),(#3121,#3122),(#3123,#3124),(#3125,#3126),(#3127,#3128),(#3129,#3130),(#3131,#3132),(#3133,#3134)),.RULED_SURFACE.,.F.,.F.,.F.,(2,1,1,1,1,1,1,1,1,1,1,1,1,1,1,1,1,1,1,1,1,1,1,1,2),(2,2),(0,0.041666666666667,0.083333333333333,0.125,0.166666666666667,0.208333333333333,0.25,0.291666666666667,0.333333333333333,0.375,0.416666666666667,0.458333333333333,0.5,0.541666666666667,0.583333333333333,0.625,0.666666666666667,0.708333333333333,0.75,0.791666666666667,0.833333333333333,0.875,0.916666666666667,0.958333333333333,1),(0,1),.UNSPECIFIED.);
#3136=ORIENTED_EDGE($,$,$,#1393,.T.);
#3137=ORIENTED_EDGE($,$,$,#2906,.T.);
#3138=ORIENTED_EDGE($,$,$,#2654,.F.);
#3139=ORIENTED_EDGE($,$,$,#3078,.F.);
#3140=EDGE_LOOP($,(#3136,#3137,#3138,#3139));
#3141=FACE_OUTER_BOUND('',#3140,.T.);
#3142=ADVANCED_FACE('',(#3141),#3135,.T.);
#3143=CLOSED_SHELL($,(#1397,#2794,#2910,#2973,#3084,#3142));
#3144=MANIFOLD_SOLID_BREP('AetherisBody',#3143);
#3145=APPLICATION_CONTEXT('mechanical design');
#3146=PRODUCT_CONTEXT('',#3145,'mechanical');
#3147=PRODUCT('AETHERIS','AetherisBody','',(#3146));
#3148=PRODUCT_DEFINITION_FORMATION('','',#3147);
#3149=PRODUCT_DEFINITION_CONTEXT('design',#3145,'design');
#3150=PRODUCT_DEFINITION('','',#3148,#3149);
#3151=PRODUCT_DEFINITION_SHAPE('','',#3150);
#3152=(LENGTH_UNIT()NAMED_UNIT(*)SI_UNIT(.MILLI.,.METRE.));
#3153=(NAMED_UNIT(*)PLANE_ANGLE_UNIT()SI_UNIT($,.RADIAN.));
#3154=(NAMED_UNIT(*)SI_UNIT($,.STERADIAN.)SOLID_ANGLE_UNIT());
#3155=(GEOMETRIC_REPRESENTATION_CONTEXT(3)GLOBAL_UNIT_ASSIGNED_CONTEXT((#3152,#3153,#3154))REPRESENTATION_CONTEXT('3','3D'));
#3156=SHAPE_REPRESENTATION('AetherisBody',(#3144),#3155);
#3157=SHAPE_DEFINITION_REPRESENTATION(#3151,#3156);
ENDSEC;
END-ISO-10303-21;
