ISO-10303-21;
HEADER;
FILE_DESCRIPTION(('Aetheris AP242 subset export'),'2;1');
FILE_NAME('aetheris_export.step','1970-01-01T00:00:00',('Aetheris'),('Aetheris'),'Aetheris.Kernel','Aetheris.Kernel','');
FILE_SCHEMA(('AP242_MANAGED_MODEL_BASED_3D_ENGINEERING_MIM_LF'));
ENDSEC;
DATA;
#1=REPRESENTATION_CONTEXT('2D','parameter space');
#2=CARTESIAN_POINT($,(0,0,0));
#3=DIRECTION($,(-0,-0,-1));
#4=DIRECTION($,(1,0,0));
#5=AXIS2_PLACEMENT_3D($,#2,#3,#4);
#6=PLANE($,#5);
#7=CARTESIAN_POINT($,(0,0,5));
#8=DIRECTION($,(0,0,1));
#9=DIRECTION($,(1,0,0));
#10=AXIS2_PLACEMENT_3D($,#7,#8,#9);
#11=PLANE($,#10);
#12=CARTESIAN_POINT($,(-50,-40,0));
#13=DIRECTION($,(0,-1,0));
#14=DIRECTION($,(0,0,1));
#15=AXIS2_PLACEMENT_3D($,#12,#13,#14);
#16=PLANE($,#15);
#17=CARTESIAN_POINT($,(50,-40,0));
#18=DIRECTION($,(1,0,0));
#19=DIRECTION($,(0,0,1));
#20=AXIS2_PLACEMENT_3D($,#17,#18,#19);
#21=PLANE($,#20);
#22=CARTESIAN_POINT($,(50,40,0));
#23=DIRECTION($,(0,1,0));
#24=DIRECTION($,(0,0,1));
#25=AXIS2_PLACEMENT_3D($,#22,#23,#24);
#26=PLANE($,#25);
#27=CARTESIAN_POINT($,(-50,40,0));
#28=DIRECTION($,(-1,0,0));
#29=DIRECTION($,(0,0,1));
#30=AXIS2_PLACEMENT_3D($,#27,#28,#29);
#31=PLANE($,#30);
#32=CARTESIAN_POINT($,(-22,-20,5));
#33=CARTESIAN_POINT($,(-21.725,-19.75,5));
#34=CARTESIAN_POINT($,(-21.45,-19.5,5));
#35=CARTESIAN_POINT($,(-20.9,-19,5.75));
#36=CARTESIAN_POINT($,(-20.9,-19,6.125));
#37=CARTESIAN_POINT($,(-20.9,-19,6.5));
#38=CARTESIAN_POINT($,(22,-20,5));
#39=CARTESIAN_POINT($,(21.725,-19.75,5));
#40=CARTESIAN_POINT($,(21.45,-19.5,5));
#41=CARTESIAN_POINT($,(20.9,-19,5.75));
#42=CARTESIAN_POINT($,(20.9,-19,6.125));
#43=CARTESIAN_POINT($,(20.9,-19,6.5));
#44=B_SPLINE_SURFACE_WITH_KNOTS($,1,5,((#32,#33,#34,#35,#36,#37),(#38,#39,#40,#41,#42,#43)),.UNSPECIFIED.,.F.,.F.,.F.,(2,2),(6,6),(0,1),(0,1),.UNSPECIFIED.);
#45=CARTESIAN_POINT($,(22,-20,5));
#46=CARTESIAN_POINT($,(21.725,-19.75,5));
#47=CARTESIAN_POINT($,(21.45,-19.5,5));
#48=CARTESIAN_POINT($,(20.9,-19,5.75));
#49=CARTESIAN_POINT($,(20.9,-19,6.125));
#50=CARTESIAN_POINT($,(20.9,-19,6.5));
#51=CARTESIAN_POINT($,(24.7271713220297,-20,5));
#52=CARTESIAN_POINT($,(24.4180816805043,-19.75,5));
#53=CARTESIAN_POINT($,(24.108992038979,-19.5,5));
#54=CARTESIAN_POINT($,(23.4908127559282,-19,5.75));
#55=CARTESIAN_POINT($,(23.4908127559282,-19,6.125));
#56=CARTESIAN_POINT($,(23.4908127559282,-19,6.5));
#57=CARTESIAN_POINT($,(27.4543426440594,-20,5));
#58=CARTESIAN_POINT($,(27.1111633610087,-19.75,5));
#59=CARTESIAN_POINT($,(26.7679840779579,-19.5,5));
#60=CARTESIAN_POINT($,(26.0816255118565,-19,5.75));
#61=CARTESIAN_POINT($,(26.0816255118565,-19,6.125));
#62=CARTESIAN_POINT($,(26.0816255118565,-19,6.5));
#63=CARTESIAN_POINT($,(28.7271713220297,-18.7271713220297,5));
#64=CARTESIAN_POINT($,(28.3680816805043,-18.4930816805043,5));
#65=CARTESIAN_POINT($,(28.008992038979,-18.258992038979,5));
#66=CARTESIAN_POINT($,(27.2908127559282,-17.7908127559282,5.75));
#67=CARTESIAN_POINT($,(27.2908127559282,-17.7908127559282,6.125));
#68=CARTESIAN_POINT($,(27.2908127559282,-17.7908127559282,6.5));
#69=B_SPLINE_SURFACE_WITH_KNOTS($,3,5,((#45,#46,#47,#48,#49,#50),(#51,#52,#53,#54,#55,#56),(#57,#58,#59,#60,#61,#62),(#63,#64,#65,#66,#67,#68)),.UNSPECIFIED.,.F.,.F.,.F.,(4,4),(6,6),(0,1),(0,1),.UNSPECIFIED.);
#70=CARTESIAN_POINT($,(28.7271713220297,-18.7271713220297,5));
#71=CARTESIAN_POINT($,(28.3680816805043,-18.4930816805043,5));
#72=CARTESIAN_POINT($,(28.008992038979,-18.258992038979,5));
#73=CARTESIAN_POINT($,(27.2908127559282,-17.7908127559282,5.75));
#74=CARTESIAN_POINT($,(27.2908127559282,-17.7908127559282,6.125));
#75=CARTESIAN_POINT($,(27.2908127559282,-17.7908127559282,6.5));
#76=CARTESIAN_POINT($,(30,-17.4543426440594,5));
#77=CARTESIAN_POINT($,(29.625,-17.2361633610087,5));
#78=CARTESIAN_POINT($,(29.25,-17.0179840779579,5));
#79=CARTESIAN_POINT($,(28.5,-16.5816255118565,5.75));
#80=CARTESIAN_POINT($,(28.5,-16.5816255118565,6.125));
#81=CARTESIAN_POINT($,(28.5,-16.5816255118565,6.5));
#82=CARTESIAN_POINT($,(30,-14.7271713220297,5));
#83=CARTESIAN_POINT($,(29.625,-14.5430816805043,5));
#84=CARTESIAN_POINT($,(29.25,-14.358992038979,5));
#85=CARTESIAN_POINT($,(28.5,-13.9908127559282,5.75));
#86=CARTESIAN_POINT($,(28.5,-13.9908127559282,6.125));
#87=CARTESIAN_POINT($,(28.5,-13.9908127559282,6.5));
#88=CARTESIAN_POINT($,(30,-12,5));
#89=CARTESIAN_POINT($,(29.625,-11.85,5));
#90=CARTESIAN_POINT($,(29.25,-11.7,5));
#91=CARTESIAN_POINT($,(28.5,-11.4,5.75));
#92=CARTESIAN_POINT($,(28.5,-11.4,6.125));
#93=CARTESIAN_POINT($,(28.5,-11.4,6.5));
#94=B_SPLINE_SURFACE_WITH_KNOTS($,3,5,((#70,#71,#72,#73,#74,#75),(#76,#77,#78,#79,#80,#81),(#82,#83,#84,#85,#86,#87),(#88,#89,#90,#91,#92,#93)),.UNSPECIFIED.,.F.,.F.,.F.,(4,4),(6,6),(0,1),(0,1),.UNSPECIFIED.);
#95=CARTESIAN_POINT($,(30,-12,5));
#96=CARTESIAN_POINT($,(29.625,-11.85,5));
#97=CARTESIAN_POINT($,(29.25,-11.7,5));
#98=CARTESIAN_POINT($,(28.5,-11.4,5.75));
#99=CARTESIAN_POINT($,(28.5,-11.4,6.125));
#100=CARTESIAN_POINT($,(28.5,-11.4,6.5));
#101=CARTESIAN_POINT($,(30,12,5));
#102=CARTESIAN_POINT($,(29.625,11.85,5));
#103=CARTESIAN_POINT($,(29.25,11.7,5));
#104=CARTESIAN_POINT($,(28.5,11.4,5.75));
#105=CARTESIAN_POINT($,(28.5,11.4,6.125));
#106=CARTESIAN_POINT($,(28.5,11.4,6.5));
#107=B_SPLINE_SURFACE_WITH_KNOTS($,1,5,((#95,#96,#97,#98,#99,#100),(#101,#102,#103,#104,#105,#106)),.UNSPECIFIED.,.F.,.F.,.F.,(2,2),(6,6),(0,1),(0,1),.UNSPECIFIED.);
#108=CARTESIAN_POINT($,(30,12,5));
#109=CARTESIAN_POINT($,(29.625,11.85,5));
#110=CARTESIAN_POINT($,(29.25,11.7,5));
#111=CARTESIAN_POINT($,(28.5,11.4,5.75));
#112=CARTESIAN_POINT($,(28.5,11.4,6.125));
#113=CARTESIAN_POINT($,(28.5,11.4,6.5));
#114=CARTESIAN_POINT($,(30,14.7271713220297,5));
#115=CARTESIAN_POINT($,(29.625,14.5430816805043,5));
#116=CARTESIAN_POINT($,(29.25,14.358992038979,5));
#117=CARTESIAN_POINT($,(28.5,13.9908127559282,5.75));
#118=CARTESIAN_POINT($,(28.5,13.9908127559282,6.125));
#119=CARTESIAN_POINT($,(28.5,13.9908127559282,6.5));
#120=CARTESIAN_POINT($,(30,17.4543426440594,5));
#121=CARTESIAN_POINT($,(29.625,17.2361633610087,5));
#122=CARTESIAN_POINT($,(29.25,17.0179840779579,5));
#123=CARTESIAN_POINT($,(28.5,16.5816255118565,5.75));
#124=CARTESIAN_POINT($,(28.5,16.5816255118565,6.125));
#125=CARTESIAN_POINT($,(28.5,16.5816255118565,6.5));
#126=CARTESIAN_POINT($,(28.7271713220297,18.7271713220297,5));
#127=CARTESIAN_POINT($,(28.3680816805043,18.4930816805043,5));
#128=CARTESIAN_POINT($,(28.008992038979,18.258992038979,5));
#129=CARTESIAN_POINT($,(27.2908127559282,17.7908127559282,5.75));
#130=CARTESIAN_POINT($,(27.2908127559282,17.7908127559282,6.125));
#131=CARTESIAN_POINT($,(27.2908127559282,17.7908127559282,6.5));
#132=B_SPLINE_SURFACE_WITH_KNOTS($,3,5,((#108,#109,#110,#111,#112,#113),(#114,#115,#116,#117,#118,#119),(#120,#121,#122,#123,#124,#125),(#126,#127,#128,#129,#130,#131)),.UNSPECIFIED.,.F.,.F.,.F.,(4,4),(6,6),(0,1),(0,1),.UNSPECIFIED.);
#133=CARTESIAN_POINT($,(28.7271713220297,18.7271713220297,5));
#134=CARTESIAN_POINT($,(28.3680816805043,18.4930816805043,5));
#135=CARTESIAN_POINT($,(28.008992038979,18.258992038979,5));
#136=CARTESIAN_POINT($,(27.2908127559282,17.7908127559282,5.75));
#137=CARTESIAN_POINT($,(27.2908127559282,17.7908127559282,6.125));
#138=CARTESIAN_POINT($,(27.2908127559282,17.7908127559282,6.5));
#139=CARTESIAN_POINT($,(27.4543426440594,20,5));
#140=CARTESIAN_POINT($,(27.1111633610087,19.75,5));
#141=CARTESIAN_POINT($,(26.7679840779579,19.5,5));
#142=CARTESIAN_POINT($,(26.0816255118565,19,5.75));
#143=CARTESIAN_POINT($,(26.0816255118565,19,6.125));
#144=CARTESIAN_POINT($,(26.0816255118565,19,6.5));
#145=CARTESIAN_POINT($,(24.7271713220297,20,5));
#146=CARTESIAN_POINT($,(24.4180816805043,19.75,5));
#147=CARTESIAN_POINT($,(24.108992038979,19.5,5));
#148=CARTESIAN_POINT($,(23.4908127559282,19,5.75));
#149=CARTESIAN_POINT($,(23.4908127559282,19,6.125));
#150=CARTESIAN_POINT($,(23.4908127559282,19,6.5));
#151=CARTESIAN_POINT($,(22,20,5));
#152=CARTESIAN_POINT($,(21.725,19.75,5));
#153=CARTESIAN_POINT($,(21.45,19.5,5));
#154=CARTESIAN_POINT($,(20.9,19,5.75));
#155=CARTESIAN_POINT($,(20.9,19,6.125));
#156=CARTESIAN_POINT($,(20.9,19,6.5));
#157=B_SPLINE_SURFACE_WITH_KNOTS($,3,5,((#133,#134,#135,#136,#137,#138),(#139,#140,#141,#142,#143,#144),(#145,#146,#147,#148,#149,#150),(#151,#152,#153,#154,#155,#156)),.UNSPECIFIED.,.F.,.F.,.F.,(4,4),(6,6),(0,1),(0,1),.UNSPECIFIED.);
#158=CARTESIAN_POINT($,(22,20,5));
#159=CARTESIAN_POINT($,(21.725,19.75,5));
#160=CARTESIAN_POINT($,(21.45,19.5,5));
#161=CARTESIAN_POINT($,(20.9,19,5.75));
#162=CARTESIAN_POINT($,(20.9,19,6.125));
#163=CARTESIAN_POINT($,(20.9,19,6.5));
#164=CARTESIAN_POINT($,(-22,20,5));
#165=CARTESIAN_POINT($,(-21.725,19.75,5));
#166=CARTESIAN_POINT($,(-21.45,19.5,5));
#167=CARTESIAN_POINT($,(-20.9,19,5.75));
#168=CARTESIAN_POINT($,(-20.9,19,6.125));
#169=CARTESIAN_POINT($,(-20.9,19,6.5));
#170=B_SPLINE_SURFACE_WITH_KNOTS($,1,5,((#158,#159,#160,#161,#162,#163),(#164,#165,#166,#167,#168,#169)),.UNSPECIFIED.,.F.,.F.,.F.,(2,2),(6,6),(0,1),(0,1),.UNSPECIFIED.);
#171=CARTESIAN_POINT($,(-22,20,5));
#172=CARTESIAN_POINT($,(-21.725,19.75,5));
#173=CARTESIAN_POINT($,(-21.45,19.5,5));
#174=CARTESIAN_POINT($,(-20.9,19,5.75));
#175=CARTESIAN_POINT($,(-20.9,19,6.125));
#176=CARTESIAN_POINT($,(-20.9,19,6.5));
#177=CARTESIAN_POINT($,(-24.7271713220297,20,5));
#178=CARTESIAN_POINT($,(-24.4180816805043,19.75,5));
#179=CARTESIAN_POINT($,(-24.108992038979,19.5,5));
#180=CARTESIAN_POINT($,(-23.4908127559282,19,5.75));
#181=CARTESIAN_POINT($,(-23.4908127559282,19,6.125));
#182=CARTESIAN_POINT($,(-23.4908127559282,19,6.5));
#183=CARTESIAN_POINT($,(-27.4543426440594,20,5));
#184=CARTESIAN_POINT($,(-27.1111633610087,19.75,5));
#185=CARTESIAN_POINT($,(-26.7679840779579,19.5,5));
#186=CARTESIAN_POINT($,(-26.0816255118565,19,5.75));
#187=CARTESIAN_POINT($,(-26.0816255118565,19,6.125));
#188=CARTESIAN_POINT($,(-26.0816255118565,19,6.5));
#189=CARTESIAN_POINT($,(-28.7271713220297,18.7271713220297,5));
#190=CARTESIAN_POINT($,(-28.3680816805043,18.4930816805043,5));
#191=CARTESIAN_POINT($,(-28.008992038979,18.258992038979,5));
#192=CARTESIAN_POINT($,(-27.2908127559282,17.7908127559282,5.75));
#193=CARTESIAN_POINT($,(-27.2908127559282,17.7908127559282,6.125));
#194=CARTESIAN_POINT($,(-27.2908127559282,17.7908127559282,6.5));
#195=B_SPLINE_SURFACE_WITH_KNOTS($,3,5,((#171,#172,#173,#174,#175,#176),(#177,#178,#179,#180,#181,#182),(#183,#184,#185,#186,#187,#188),(#189,#190,#191,#192,#193,#194)),.UNSPECIFIED.,.F.,.F.,.F.,(4,4),(6,6),(0,1),(0,1),.UNSPECIFIED.);
#196=CARTESIAN_POINT($,(-28.7271713220297,18.7271713220297,5));
#197=CARTESIAN_POINT($,(-28.3680816805043,18.4930816805043,5));
#198=CARTESIAN_POINT($,(-28.008992038979,18.258992038979,5));
#199=CARTESIAN_POINT($,(-27.2908127559282,17.7908127559282,5.75));
#200=CARTESIAN_POINT($,(-27.2908127559282,17.7908127559282,6.125));
#201=CARTESIAN_POINT($,(-27.2908127559282,17.7908127559282,6.5));
#202=CARTESIAN_POINT($,(-30,17.4543426440594,5));
#203=CARTESIAN_POINT($,(-29.625,17.2361633610087,5));
#204=CARTESIAN_POINT($,(-29.25,17.0179840779579,5));
#205=CARTESIAN_POINT($,(-28.5,16.5816255118565,5.75));
#206=CARTESIAN_POINT($,(-28.5,16.5816255118565,6.125));
#207=CARTESIAN_POINT($,(-28.5,16.5816255118565,6.5));
#208=CARTESIAN_POINT($,(-30,14.7271713220297,5));
#209=CARTESIAN_POINT($,(-29.625,14.5430816805043,5));
#210=CARTESIAN_POINT($,(-29.25,14.358992038979,5));
#211=CARTESIAN_POINT($,(-28.5,13.9908127559282,5.75));
#212=CARTESIAN_POINT($,(-28.5,13.9908127559282,6.125));
#213=CARTESIAN_POINT($,(-28.5,13.9908127559282,6.5));
#214=CARTESIAN_POINT($,(-30,12,5));
#215=CARTESIAN_POINT($,(-29.625,11.85,5));
#216=CARTESIAN_POINT($,(-29.25,11.7,5));
#217=CARTESIAN_POINT($,(-28.5,11.4,5.75));
#218=CARTESIAN_POINT($,(-28.5,11.4,6.125));
#219=CARTESIAN_POINT($,(-28.5,11.4,6.5));
#220=B_SPLINE_SURFACE_WITH_KNOTS($,3,5,((#196,#197,#198,#199,#200,#201),(#202,#203,#204,#205,#206,#207),(#208,#209,#210,#211,#212,#213),(#214,#215,#216,#217,#218,#219)),.UNSPECIFIED.,.F.,.F.,.F.,(4,4),(6,6),(0,1),(0,1),.UNSPECIFIED.);
#221=CARTESIAN_POINT($,(-30,12,5));
#222=CARTESIAN_POINT($,(-29.625,11.85,5));
#223=CARTESIAN_POINT($,(-29.25,11.7,5));
#224=CARTESIAN_POINT($,(-28.5,11.4,5.75));
#225=CARTESIAN_POINT($,(-28.5,11.4,6.125));
#226=CARTESIAN_POINT($,(-28.5,11.4,6.5));
#227=CARTESIAN_POINT($,(-30,-12,5));
#228=CARTESIAN_POINT($,(-29.625,-11.85,5));
#229=CARTESIAN_POINT($,(-29.25,-11.7,5));
#230=CARTESIAN_POINT($,(-28.5,-11.4,5.75));
#231=CARTESIAN_POINT($,(-28.5,-11.4,6.125));
#232=CARTESIAN_POINT($,(-28.5,-11.4,6.5));
#233=B_SPLINE_SURFACE_WITH_KNOTS($,1,5,((#221,#222,#223,#224,#225,#226),(#227,#228,#229,#230,#231,#232)),.UNSPECIFIED.,.F.,.F.,.F.,(2,2),(6,6),(0,1),(0,1),.UNSPECIFIED.);
#234=CARTESIAN_POINT($,(-30,-12,5));
#235=CARTESIAN_POINT($,(-29.625,-11.85,5));
#236=CARTESIAN_POINT($,(-29.25,-11.7,5));
#237=CARTESIAN_POINT($,(-28.5,-11.4,5.75));
#238=CARTESIAN_POINT($,(-28.5,-11.4,6.125));
#239=CARTESIAN_POINT($,(-28.5,-11.4,6.5));
#240=CARTESIAN_POINT($,(-30,-14.7271713220297,5));
#241=CARTESIAN_POINT($,(-29.625,-14.5430816805043,5));
#242=CARTESIAN_POINT($,(-29.25,-14.358992038979,5));
#243=CARTESIAN_POINT($,(-28.5,-13.9908127559282,5.75));
#244=CARTESIAN_POINT($,(-28.5,-13.9908127559282,6.125));
#245=CARTESIAN_POINT($,(-28.5,-13.9908127559282,6.5));
#246=CARTESIAN_POINT($,(-30,-17.4543426440594,5));
#247=CARTESIAN_POINT($,(-29.625,-17.2361633610087,5));
#248=CARTESIAN_POINT($,(-29.25,-17.0179840779579,5));
#249=CARTESIAN_POINT($,(-28.5,-16.5816255118565,5.75));
#250=CARTESIAN_POINT($,(-28.5,-16.5816255118565,6.125));
#251=CARTESIAN_POINT($,(-28.5,-16.5816255118565,6.5));
#252=CARTESIAN_POINT($,(-28.7271713220297,-18.7271713220297,5));
#253=CARTESIAN_POINT($,(-28.3680816805044,-18.4930816805043,5));
#254=CARTESIAN_POINT($,(-28.008992038979,-18.258992038979,5));
#255=CARTESIAN_POINT($,(-27.2908127559282,-17.7908127559282,5.75));
#256=CARTESIAN_POINT($,(-27.2908127559282,-17.7908127559282,6.125));
#257=CARTESIAN_POINT($,(-27.2908127559282,-17.7908127559282,6.5));
#258=B_SPLINE_SURFACE_WITH_KNOTS($,3,5,((#234,#235,#236,#237,#238,#239),(#240,#241,#242,#243,#244,#245),(#246,#247,#248,#249,#250,#251),(#252,#253,#254,#255,#256,#257)),.UNSPECIFIED.,.F.,.F.,.F.,(4,4),(6,6),(0,1),(0,1),.UNSPECIFIED.);
#259=CARTESIAN_POINT($,(-28.7271713220297,-18.7271713220297,5));
#260=CARTESIAN_POINT($,(-28.3680816805044,-18.4930816805043,5));
#261=CARTESIAN_POINT($,(-28.008992038979,-18.258992038979,5));
#262=CARTESIAN_POINT($,(-27.2908127559282,-17.7908127559282,5.75));
#263=CARTESIAN_POINT($,(-27.2908127559282,-17.7908127559282,6.125));
#264=CARTESIAN_POINT($,(-27.2908127559282,-17.7908127559282,6.5));
#265=CARTESIAN_POINT($,(-27.4543426440594,-20,5));
#266=CARTESIAN_POINT($,(-27.1111633610087,-19.75,5));
#267=CARTESIAN_POINT($,(-26.7679840779579,-19.5,5));
#268=CARTESIAN_POINT($,(-26.0816255118565,-19,5.75));
#269=CARTESIAN_POINT($,(-26.0816255118565,-19,6.125));
#270=CARTESIAN_POINT($,(-26.0816255118565,-19,6.5));
#271=CARTESIAN_POINT($,(-24.7271713220297,-20,5));
#272=CARTESIAN_POINT($,(-24.4180816805044,-19.75,5));
#273=CARTESIAN_POINT($,(-24.108992038979,-19.5,5));
#274=CARTESIAN_POINT($,(-23.4908127559282,-19,5.75));
#275=CARTESIAN_POINT($,(-23.4908127559282,-19,6.125));
#276=CARTESIAN_POINT($,(-23.4908127559282,-19,6.5));
#277=CARTESIAN_POINT($,(-22,-20,5));
#278=CARTESIAN_POINT($,(-21.725,-19.75,5));
#279=CARTESIAN_POINT($,(-21.45,-19.5,5));
#280=CARTESIAN_POINT($,(-20.9,-19,5.75));
#281=CARTESIAN_POINT($,(-20.9,-19,6.125));
#282=CARTESIAN_POINT($,(-20.9,-19,6.5));
#283=B_SPLINE_SURFACE_WITH_KNOTS($,3,5,((#259,#260,#261,#262,#263,#264),(#265,#266,#267,#268,#269,#270),(#271,#272,#273,#274,#275,#276),(#277,#278,#279,#280,#281,#282)),.UNSPECIFIED.,.F.,.F.,.F.,(4,4),(6,6),(0,1),(0,1),.UNSPECIFIED.);
#284=CARTESIAN_POINT($,(-20.9,-19,6.5));
#285=CARTESIAN_POINT($,(-20.9,-19,6.875));
#286=CARTESIAN_POINT($,(-20.9,-19,7.25));
#287=CARTESIAN_POINT($,(-20.35,-18.5,8));
#288=CARTESIAN_POINT($,(-20.075,-18.25,8));
#289=CARTESIAN_POINT($,(-19.8,-18,8));
#290=CARTESIAN_POINT($,(20.9,-19,6.5));
#291=CARTESIAN_POINT($,(20.9,-19,6.875));
#292=CARTESIAN_POINT($,(20.9,-19,7.25));
#293=CARTESIAN_POINT($,(20.35,-18.5,8));
#294=CARTESIAN_POINT($,(20.075,-18.25,8));
#295=CARTESIAN_POINT($,(19.8,-18,8));
#296=B_SPLINE_SURFACE_WITH_KNOTS($,1,5,((#284,#285,#286,#287,#288,#289),(#290,#291,#292,#293,#294,#295)),.UNSPECIFIED.,.F.,.F.,.F.,(2,2),(6,6),(0,1),(0,1),.UNSPECIFIED.);
#297=CARTESIAN_POINT($,(20.9,-19,6.5));
#298=CARTESIAN_POINT($,(20.9,-19,6.875));
#299=CARTESIAN_POINT($,(20.9,-19,7.25));
#300=CARTESIAN_POINT($,(20.35,-18.5,8));
#301=CARTESIAN_POINT($,(20.075,-18.25,8));
#302=CARTESIAN_POINT($,(19.8,-18,8));
#303=CARTESIAN_POINT($,(23.4908127559282,-19,6.5));
#304=CARTESIAN_POINT($,(23.4908127559282,-19,6.875));
#305=CARTESIAN_POINT($,(23.4908127559282,-19,7.25));
#306=CARTESIAN_POINT($,(22.8726334728775,-18.5,8));
#307=CARTESIAN_POINT($,(22.5635438313521,-18.25,8));
#308=CARTESIAN_POINT($,(22.2544541898267,-18,8));
#309=CARTESIAN_POINT($,(26.0816255118565,-19,6.5));
#310=CARTESIAN_POINT($,(26.0816255118565,-19,6.875));
#311=CARTESIAN_POINT($,(26.0816255118565,-19,7.25));
#312=CARTESIAN_POINT($,(25.395266945755,-18.5,8));
#313=CARTESIAN_POINT($,(25.0520876627042,-18.25,8));
#314=CARTESIAN_POINT($,(24.7089083796535,-18,8));
#315=CARTESIAN_POINT($,(27.2908127559282,-17.7908127559282,6.5));
#316=CARTESIAN_POINT($,(27.2908127559282,-17.7908127559282,6.875));
#317=CARTESIAN_POINT($,(27.2908127559282,-17.7908127559282,7.25));
#318=CARTESIAN_POINT($,(26.5726334728775,-17.3226334728775,8));
#319=CARTESIAN_POINT($,(26.2135438313521,-17.0885438313521,8));
#320=CARTESIAN_POINT($,(25.8544541898267,-16.8544541898267,8));
#321=B_SPLINE_SURFACE_WITH_KNOTS($,3,5,((#297,#298,#299,#300,#301,#302),(#303,#304,#305,#306,#307,#308),(#309,#310,#311,#312,#313,#314),(#315,#316,#317,#318,#319,#320)),.UNSPECIFIED.,.F.,.F.,.F.,(4,4),(6,6),(0,1),(0,1),.UNSPECIFIED.);
#322=CARTESIAN_POINT($,(27.2908127559282,-17.7908127559282,6.5));
#323=CARTESIAN_POINT($,(27.2908127559282,-17.7908127559282,6.875));
#324=CARTESIAN_POINT($,(27.2908127559282,-17.7908127559282,7.25));
#325=CARTESIAN_POINT($,(26.5726334728775,-17.3226334728775,8));
#326=CARTESIAN_POINT($,(26.2135438313521,-17.0885438313521,8));
#327=CARTESIAN_POINT($,(25.8544541898267,-16.8544541898267,8));
#328=CARTESIAN_POINT($,(28.5,-16.5816255118565,6.5));
#329=CARTESIAN_POINT($,(28.5,-16.5816255118565,6.875));
#330=CARTESIAN_POINT($,(28.5,-16.5816255118565,7.25));
#331=CARTESIAN_POINT($,(27.75,-16.145266945755,8));
#332=CARTESIAN_POINT($,(27.375,-15.9270876627042,8));
#333=CARTESIAN_POINT($,(27,-15.7089083796535,8));
#334=CARTESIAN_POINT($,(28.5,-13.9908127559282,6.5));
#335=CARTESIAN_POINT($,(28.5,-13.9908127559282,6.875));
#336=CARTESIAN_POINT($,(28.5,-13.9908127559282,7.25));
#337=CARTESIAN_POINT($,(27.75,-13.6226334728775,8));
#338=CARTESIAN_POINT($,(27.375,-13.4385438313521,8));
#339=CARTESIAN_POINT($,(27,-13.2544541898267,8));
#340=CARTESIAN_POINT($,(28.5,-11.4,6.5));
#341=CARTESIAN_POINT($,(28.5,-11.4,6.875));
#342=CARTESIAN_POINT($,(28.5,-11.4,7.25));
#343=CARTESIAN_POINT($,(27.75,-11.1,8));
#344=CARTESIAN_POINT($,(27.375,-10.95,8));
#345=CARTESIAN_POINT($,(27,-10.8,8));
#346=B_SPLINE_SURFACE_WITH_KNOTS($,3,5,((#322,#323,#324,#325,#326,#327),(#328,#329,#330,#331,#332,#333),(#334,#335,#336,#337,#338,#339),(#340,#341,#342,#343,#344,#345)),.UNSPECIFIED.,.F.,.F.,.F.,(4,4),(6,6),(0,1),(0,1),.UNSPECIFIED.);
#347=CARTESIAN_POINT($,(28.5,-11.4,6.5));
#348=CARTESIAN_POINT($,(28.5,-11.4,6.875));
#349=CARTESIAN_POINT($,(28.5,-11.4,7.25));
#350=CARTESIAN_POINT($,(27.75,-11.1,8));
#351=CARTESIAN_POINT($,(27.375,-10.95,8));
#352=CARTESIAN_POINT($,(27,-10.8,8));
#353=CARTESIAN_POINT($,(28.5,11.4,6.5));
#354=CARTESIAN_POINT($,(28.5,11.4,6.875));
#355=CARTESIAN_POINT($,(28.5,11.4,7.25));
#356=CARTESIAN_POINT($,(27.75,11.1,8));
#357=CARTESIAN_POINT($,(27.375,10.95,8));
#358=CARTESIAN_POINT($,(27,10.8,8));
#359=B_SPLINE_SURFACE_WITH_KNOTS($,1,5,((#347,#348,#349,#350,#351,#352),(#353,#354,#355,#356,#357,#358)),.UNSPECIFIED.,.F.,.F.,.F.,(2,2),(6,6),(0,1),(0,1),.UNSPECIFIED.);
#360=CARTESIAN_POINT($,(28.5,11.4,6.5));
#361=CARTESIAN_POINT($,(28.5,11.4,6.875));
#362=CARTESIAN_POINT($,(28.5,11.4,7.25));
#363=CARTESIAN_POINT($,(27.75,11.1,8));
#364=CARTESIAN_POINT($,(27.375,10.95,8));
#365=CARTESIAN_POINT($,(27,10.8,8));
#366=CARTESIAN_POINT($,(28.5,13.9908127559282,6.5));
#367=CARTESIAN_POINT($,(28.5,13.9908127559282,6.875));
#368=CARTESIAN_POINT($,(28.5,13.9908127559282,7.25));
#369=CARTESIAN_POINT($,(27.75,13.6226334728775,8));
#370=CARTESIAN_POINT($,(27.375,13.4385438313521,8));
#371=CARTESIAN_POINT($,(27,13.2544541898267,8));
#372=CARTESIAN_POINT($,(28.5,16.5816255118565,6.5));
#373=CARTESIAN_POINT($,(28.5,16.5816255118565,6.875));
#374=CARTESIAN_POINT($,(28.5,16.5816255118565,7.25));
#375=CARTESIAN_POINT($,(27.75,16.145266945755,8));
#376=CARTESIAN_POINT($,(27.375,15.9270876627042,8));
#377=CARTESIAN_POINT($,(27,15.7089083796535,8));
#378=CARTESIAN_POINT($,(27.2908127559282,17.7908127559282,6.5));
#379=CARTESIAN_POINT($,(27.2908127559282,17.7908127559282,6.875));
#380=CARTESIAN_POINT($,(27.2908127559282,17.7908127559282,7.25));
#381=CARTESIAN_POINT($,(26.5726334728775,17.3226334728775,8));
#382=CARTESIAN_POINT($,(26.2135438313521,17.0885438313521,8));
#383=CARTESIAN_POINT($,(25.8544541898267,16.8544541898267,8));
#384=B_SPLINE_SURFACE_WITH_KNOTS($,3,5,((#360,#361,#362,#363,#364,#365),(#366,#367,#368,#369,#370,#371),(#372,#373,#374,#375,#376,#377),(#378,#379,#380,#381,#382,#383)),.UNSPECIFIED.,.F.,.F.,.F.,(4,4),(6,6),(0,1),(0,1),.UNSPECIFIED.);
#385=CARTESIAN_POINT($,(27.2908127559282,17.7908127559282,6.5));
#386=CARTESIAN_POINT($,(27.2908127559282,17.7908127559282,6.875));
#387=CARTESIAN_POINT($,(27.2908127559282,17.7908127559282,7.25));
#388=CARTESIAN_POINT($,(26.5726334728775,17.3226334728775,8));
#389=CARTESIAN_POINT($,(26.2135438313521,17.0885438313521,8));
#390=CARTESIAN_POINT($,(25.8544541898267,16.8544541898267,8));
#391=CARTESIAN_POINT($,(26.0816255118565,19,6.5));
#392=CARTESIAN_POINT($,(26.0816255118565,19,6.875));
#393=CARTESIAN_POINT($,(26.0816255118565,19,7.25));
#394=CARTESIAN_POINT($,(25.395266945755,18.5,8));
#395=CARTESIAN_POINT($,(25.0520876627042,18.25,8));
#396=CARTESIAN_POINT($,(24.7089083796535,18,8));
#397=CARTESIAN_POINT($,(23.4908127559282,19,6.5));
#398=CARTESIAN_POINT($,(23.4908127559282,19,6.875));
#399=CARTESIAN_POINT($,(23.4908127559282,19,7.25));
#400=CARTESIAN_POINT($,(22.8726334728775,18.5,8));
#401=CARTESIAN_POINT($,(22.5635438313521,18.25,8));
#402=CARTESIAN_POINT($,(22.2544541898267,18,8));
#403=CARTESIAN_POINT($,(20.9,19,6.5));
#404=CARTESIAN_POINT($,(20.9,19,6.875));
#405=CARTESIAN_POINT($,(20.9,19,7.25));
#406=CARTESIAN_POINT($,(20.35,18.5,8));
#407=CARTESIAN_POINT($,(20.075,18.25,8));
#408=CARTESIAN_POINT($,(19.8,18,8));
#409=B_SPLINE_SURFACE_WITH_KNOTS($,3,5,((#385,#386,#387,#388,#389,#390),(#391,#392,#393,#394,#395,#396),(#397,#398,#399,#400,#401,#402),(#403,#404,#405,#406,#407,#408)),.UNSPECIFIED.,.F.,.F.,.F.,(4,4),(6,6),(0,1),(0,1),.UNSPECIFIED.);
#410=CARTESIAN_POINT($,(20.9,19,6.5));
#411=CARTESIAN_POINT($,(20.9,19,6.875));
#412=CARTESIAN_POINT($,(20.9,19,7.25));
#413=CARTESIAN_POINT($,(20.35,18.5,8));
#414=CARTESIAN_POINT($,(20.075,18.25,8));
#415=CARTESIAN_POINT($,(19.8,18,8));
#416=CARTESIAN_POINT($,(-20.9,19,6.5));
#417=CARTESIAN_POINT($,(-20.9,19,6.875));
#418=CARTESIAN_POINT($,(-20.9,19,7.25));
#419=CARTESIAN_POINT($,(-20.35,18.5,8));
#420=CARTESIAN_POINT($,(-20.075,18.25,8));
#421=CARTESIAN_POINT($,(-19.8,18,8));
#422=B_SPLINE_SURFACE_WITH_KNOTS($,1,5,((#410,#411,#412,#413,#414,#415),(#416,#417,#418,#419,#420,#421)),.UNSPECIFIED.,.F.,.F.,.F.,(2,2),(6,6),(0,1),(0,1),.UNSPECIFIED.);
#423=CARTESIAN_POINT($,(-20.9,19,6.5));
#424=CARTESIAN_POINT($,(-20.9,19,6.875));
#425=CARTESIAN_POINT($,(-20.9,19,7.25));
#426=CARTESIAN_POINT($,(-20.35,18.5,8));
#427=CARTESIAN_POINT($,(-20.075,18.25,8));
#428=CARTESIAN_POINT($,(-19.8,18,8));
#429=CARTESIAN_POINT($,(-23.4908127559282,19,6.5));
#430=CARTESIAN_POINT($,(-23.4908127559282,19,6.875));
#431=CARTESIAN_POINT($,(-23.4908127559282,19,7.25));
#432=CARTESIAN_POINT($,(-22.8726334728775,18.5,8));
#433=CARTESIAN_POINT($,(-22.5635438313521,18.25,8));
#434=CARTESIAN_POINT($,(-22.2544541898267,18,8));
#435=CARTESIAN_POINT($,(-26.0816255118565,19,6.5));
#436=CARTESIAN_POINT($,(-26.0816255118565,19,6.875));
#437=CARTESIAN_POINT($,(-26.0816255118565,19,7.25));
#438=CARTESIAN_POINT($,(-25.395266945755,18.5,8));
#439=CARTESIAN_POINT($,(-25.0520876627042,18.25,8));
#440=CARTESIAN_POINT($,(-24.7089083796535,18,8));
#441=CARTESIAN_POINT($,(-27.2908127559282,17.7908127559282,6.5));
#442=CARTESIAN_POINT($,(-27.2908127559282,17.7908127559282,6.875));
#443=CARTESIAN_POINT($,(-27.2908127559282,17.7908127559282,7.25));
#444=CARTESIAN_POINT($,(-26.5726334728775,17.3226334728775,8));
#445=CARTESIAN_POINT($,(-26.2135438313521,17.0885438313521,8));
#446=CARTESIAN_POINT($,(-25.8544541898267,16.8544541898267,8));
#447=B_SPLINE_SURFACE_WITH_KNOTS($,3,5,((#423,#424,#425,#426,#427,#428),(#429,#430,#431,#432,#433,#434),(#435,#436,#437,#438,#439,#440),(#441,#442,#443,#444,#445,#446)),.UNSPECIFIED.,.F.,.F.,.F.,(4,4),(6,6),(0,1),(0,1),.UNSPECIFIED.);
#448=CARTESIAN_POINT($,(-27.2908127559282,17.7908127559282,6.5));
#449=CARTESIAN_POINT($,(-27.2908127559282,17.7908127559282,6.875));
#450=CARTESIAN_POINT($,(-27.2908127559282,17.7908127559282,7.25));
#451=CARTESIAN_POINT($,(-26.5726334728775,17.3226334728775,8));
#452=CARTESIAN_POINT($,(-26.2135438313521,17.0885438313521,8));
#453=CARTESIAN_POINT($,(-25.8544541898267,16.8544541898267,8));
#454=CARTESIAN_POINT($,(-28.5,16.5816255118565,6.5));
#455=CARTESIAN_POINT($,(-28.5,16.5816255118565,6.875));
#456=CARTESIAN_POINT($,(-28.5,16.5816255118565,7.25));
#457=CARTESIAN_POINT($,(-27.75,16.145266945755,8));
#458=CARTESIAN_POINT($,(-27.375,15.9270876627042,8));
#459=CARTESIAN_POINT($,(-27,15.7089083796535,8));
#460=CARTESIAN_POINT($,(-28.5,13.9908127559282,6.5));
#461=CARTESIAN_POINT($,(-28.5,13.9908127559282,6.875));
#462=CARTESIAN_POINT($,(-28.5,13.9908127559282,7.25));
#463=CARTESIAN_POINT($,(-27.75,13.6226334728775,8));
#464=CARTESIAN_POINT($,(-27.375,13.4385438313521,8));
#465=CARTESIAN_POINT($,(-27,13.2544541898267,8));
#466=CARTESIAN_POINT($,(-28.5,11.4,6.5));
#467=CARTESIAN_POINT($,(-28.5,11.4,6.875));
#468=CARTESIAN_POINT($,(-28.5,11.4,7.25));
#469=CARTESIAN_POINT($,(-27.75,11.1,8));
#470=CARTESIAN_POINT($,(-27.375,10.95,8));
#471=CARTESIAN_POINT($,(-27,10.8,8));
#472=B_SPLINE_SURFACE_WITH_KNOTS($,3,5,((#448,#449,#450,#451,#452,#453),(#454,#455,#456,#457,#458,#459),(#460,#461,#462,#463,#464,#465),(#466,#467,#468,#469,#470,#471)),.UNSPECIFIED.,.F.,.F.,.F.,(4,4),(6,6),(0,1),(0,1),.UNSPECIFIED.);
#473=CARTESIAN_POINT($,(-28.5,11.4,6.5));
#474=CARTESIAN_POINT($,(-28.5,11.4,6.875));
#475=CARTESIAN_POINT($,(-28.5,11.4,7.25));
#476=CARTESIAN_POINT($,(-27.75,11.1,8));
#477=CARTESIAN_POINT($,(-27.375,10.95,8));
#478=CARTESIAN_POINT($,(-27,10.8,8));
#479=CARTESIAN_POINT($,(-28.5,-11.4,6.5));
#480=CARTESIAN_POINT($,(-28.5,-11.4,6.875));
#481=CARTESIAN_POINT($,(-28.5,-11.4,7.25));
#482=CARTESIAN_POINT($,(-27.75,-11.1,8));
#483=CARTESIAN_POINT($,(-27.375,-10.95,8));
#484=CARTESIAN_POINT($,(-27,-10.8,8));
#485=B_SPLINE_SURFACE_WITH_KNOTS($,1,5,((#473,#474,#475,#476,#477,#478),(#479,#480,#481,#482,#483,#484)),.UNSPECIFIED.,.F.,.F.,.F.,(2,2),(6,6),(0,1),(0,1),.UNSPECIFIED.);
#486=CARTESIAN_POINT($,(-28.5,-11.4,6.5));
#487=CARTESIAN_POINT($,(-28.5,-11.4,6.875));
#488=CARTESIAN_POINT($,(-28.5,-11.4,7.25));
#489=CARTESIAN_POINT($,(-27.75,-11.1,8));
#490=CARTESIAN_POINT($,(-27.375,-10.95,8));
#491=CARTESIAN_POINT($,(-27,-10.8,8));
#492=CARTESIAN_POINT($,(-28.5,-13.9908127559282,6.5));
#493=CARTESIAN_POINT($,(-28.5,-13.9908127559282,6.875));
#494=CARTESIAN_POINT($,(-28.5,-13.9908127559282,7.25));
#495=CARTESIAN_POINT($,(-27.75,-13.6226334728775,8));
#496=CARTESIAN_POINT($,(-27.375,-13.4385438313521,8));
#497=CARTESIAN_POINT($,(-27,-13.2544541898267,8));
#498=CARTESIAN_POINT($,(-28.5,-16.5816255118565,6.5));
#499=CARTESIAN_POINT($,(-28.5,-16.5816255118565,6.875));
#500=CARTESIAN_POINT($,(-28.5,-16.5816255118565,7.25));
#501=CARTESIAN_POINT($,(-27.75,-16.145266945755,8));
#502=CARTESIAN_POINT($,(-27.375,-15.9270876627042,8));
#503=CARTESIAN_POINT($,(-27,-15.7089083796535,8));
#504=CARTESIAN_POINT($,(-27.2908127559282,-17.7908127559282,6.5));
#505=CARTESIAN_POINT($,(-27.2908127559282,-17.7908127559282,6.875));
#506=CARTESIAN_POINT($,(-27.2908127559282,-17.7908127559282,7.25));
#507=CARTESIAN_POINT($,(-26.5726334728775,-17.3226334728775,8));
#508=CARTESIAN_POINT($,(-26.2135438313521,-17.0885438313521,8));
#509=CARTESIAN_POINT($,(-25.8544541898267,-16.8544541898267,8));
#510=B_SPLINE_SURFACE_WITH_KNOTS($,3,5,((#486,#487,#488,#489,#490,#491),(#492,#493,#494,#495,#496,#497),(#498,#499,#500,#501,#502,#503),(#504,#505,#506,#507,#508,#509)),.UNSPECIFIED.,.F.,.F.,.F.,(4,4),(6,6),(0,1),(0,1),.UNSPECIFIED.);
#511=CARTESIAN_POINT($,(-27.2908127559282,-17.7908127559282,6.5));
#512=CARTESIAN_POINT($,(-27.2908127559282,-17.7908127559282,6.875));
#513=CARTESIAN_POINT($,(-27.2908127559282,-17.7908127559282,7.25));
#514=CARTESIAN_POINT($,(-26.5726334728775,-17.3226334728775,8));
#515=CARTESIAN_POINT($,(-26.2135438313521,-17.0885438313521,8));
#516=CARTESIAN_POINT($,(-25.8544541898267,-16.8544541898267,8));
#517=CARTESIAN_POINT($,(-26.0816255118565,-19,6.5));
#518=CARTESIAN_POINT($,(-26.0816255118565,-19,6.875));
#519=CARTESIAN_POINT($,(-26.0816255118565,-19,7.25));
#520=CARTESIAN_POINT($,(-25.395266945755,-18.5,8));
#521=CARTESIAN_POINT($,(-25.0520876627042,-18.25,8));
#522=CARTESIAN_POINT($,(-24.7089083796535,-18,8));
#523=CARTESIAN_POINT($,(-23.4908127559282,-19,6.5));
#524=CARTESIAN_POINT($,(-23.4908127559282,-19,6.875));
#525=CARTESIAN_POINT($,(-23.4908127559282,-19,7.25));
#526=CARTESIAN_POINT($,(-22.8726334728775,-18.5,8));
#527=CARTESIAN_POINT($,(-22.5635438313521,-18.25,8));
#528=CARTESIAN_POINT($,(-22.2544541898268,-18,8));
#529=CARTESIAN_POINT($,(-20.9,-19,6.5));
#530=CARTESIAN_POINT($,(-20.9,-19,6.875));
#531=CARTESIAN_POINT($,(-20.9,-19,7.25));
#532=CARTESIAN_POINT($,(-20.35,-18.5,8));
#533=CARTESIAN_POINT($,(-20.075,-18.25,8));
#534=CARTESIAN_POINT($,(-19.8,-18,8));
#535=B_SPLINE_SURFACE_WITH_KNOTS($,3,5,((#511,#512,#513,#514,#515,#516),(#517,#518,#519,#520,#521,#522),(#523,#524,#525,#526,#527,#528),(#529,#530,#531,#532,#533,#534)),.UNSPECIFIED.,.F.,.F.,.F.,(4,4),(6,6),(0,1),(0,1),.UNSPECIFIED.);
#536=CARTESIAN_POINT($,(0,0,8));
#537=DIRECTION($,(0,0,1));
#538=DIRECTION($,(1,0,0));
#539=AXIS2_PLACEMENT_3D($,#536,#537,#538);
#540=PLANE($,#539);
#541=CARTESIAN_POINT($,(-50,-40,0));
#542=VERTEX_POINT($,#541);
#543=CARTESIAN_POINT($,(50,-40,-0));
#544=VERTEX_POINT($,#543);
#545=CARTESIAN_POINT($,(-50,-40,0));
#546=DIRECTION($,(1,0,0));
#547=VECTOR($,#546,1);
#548=LINE($,#545,#547);
#549=CARTESIAN_POINT($,(-50,40));
#550=CARTESIAN_POINT($,(50,40));
#551=POLYLINE($,(#549,#550));
#552=DEFINITIONAL_REPRESENTATION('pcurve',(#551),#1);
#553=PCURVE($,#6,#552);
#554=CARTESIAN_POINT($,(0,0));
#555=CARTESIAN_POINT($,(0,-100));
#556=POLYLINE($,(#554,#555));
#557=DEFINITIONAL_REPRESENTATION('pcurve',(#556),#1);
#558=PCURVE($,#16,#557);
#559=SURFACE_CURVE($,#548,(#553,#558),.PCURVE_S1.);
#560=EDGE_CURVE($,#542,#544,#559,.T.);
#561=ORIENTED_EDGE($,$,$,#560,.T.);
#562=CARTESIAN_POINT($,(50,40,-0));
#563=VERTEX_POINT($,#562);
#564=CARTESIAN_POINT($,(50,-40,-0));
#565=DIRECTION($,(0,1,0));
#566=VECTOR($,#565,1);
#567=LINE($,#564,#566);
#568=CARTESIAN_POINT($,(50,40));
#569=CARTESIAN_POINT($,(50,-40));
#570=POLYLINE($,(#568,#569));
#571=DEFINITIONAL_REPRESENTATION('pcurve',(#570),#1);
#572=PCURVE($,#6,#571);
#573=CARTESIAN_POINT($,(0,0));
#574=CARTESIAN_POINT($,(0,-80));
#575=POLYLINE($,(#573,#574));
#576=DEFINITIONAL_REPRESENTATION('pcurve',(#575),#1);
#577=PCURVE($,#21,#576);
#578=SURFACE_CURVE($,#567,(#572,#577),.PCURVE_S1.);
#579=EDGE_CURVE($,#544,#563,#578,.T.);
#580=ORIENTED_EDGE($,$,$,#579,.T.);
#581=CARTESIAN_POINT($,(-50,40,-0));
#582=VERTEX_POINT($,#581);
#583=CARTESIAN_POINT($,(50,40,-0));
#584=DIRECTION($,(-1,0,0));
#585=VECTOR($,#584,1);
#586=LINE($,#583,#585);
#587=CARTESIAN_POINT($,(50,-40));
#588=CARTESIAN_POINT($,(-50,-40));
#589=POLYLINE($,(#587,#588));
#590=DEFINITIONAL_REPRESENTATION('pcurve',(#589),#1);
#591=PCURVE($,#6,#590);
#592=CARTESIAN_POINT($,(0,0));
#593=CARTESIAN_POINT($,(0,-100));
#594=POLYLINE($,(#592,#593));
#595=DEFINITIONAL_REPRESENTATION('pcurve',(#594),#1);
#596=PCURVE($,#26,#595);
#597=SURFACE_CURVE($,#586,(#591,#596),.PCURVE_S1.);
#598=EDGE_CURVE($,#563,#582,#597,.T.);
#599=ORIENTED_EDGE($,$,$,#598,.T.);
#600=CARTESIAN_POINT($,(-50,40,-0));
#601=DIRECTION($,(0,-1,0));
#602=VECTOR($,#601,1);
#603=LINE($,#600,#602);
#604=CARTESIAN_POINT($,(-50,-40));
#605=CARTESIAN_POINT($,(-50,40));
#606=POLYLINE($,(#604,#605));
#607=DEFINITIONAL_REPRESENTATION('pcurve',(#606),#1);
#608=PCURVE($,#6,#607);
#609=CARTESIAN_POINT($,(0,0));
#610=CARTESIAN_POINT($,(0,-80));
#611=POLYLINE($,(#609,#610));
#612=DEFINITIONAL_REPRESENTATION('pcurve',(#611),#1);
#613=PCURVE($,#31,#612);
#614=SURFACE_CURVE($,#603,(#608,#613),.PCURVE_S1.);
#615=EDGE_CURVE($,#582,#542,#614,.T.);
#616=ORIENTED_EDGE($,$,$,#615,.T.);
#617=EDGE_LOOP($,(#561,#580,#599,#616));
#618=FACE_OUTER_BOUND('',#617,.T.);
#619=ADVANCED_FACE('',(#618),#6,.T.);
#620=CARTESIAN_POINT($,(-50,-40,5));
#621=VERTEX_POINT($,#620);
#622=CARTESIAN_POINT($,(50,-40,5));
#623=VERTEX_POINT($,#622);
#624=CARTESIAN_POINT($,(-50,-40,5));
#625=DIRECTION($,(1,0,0));
#626=VECTOR($,#625,1);
#627=LINE($,#624,#626);
#628=CARTESIAN_POINT($,(-50,-40));
#629=CARTESIAN_POINT($,(50,-40));
#630=POLYLINE($,(#628,#629));
#631=DEFINITIONAL_REPRESENTATION('pcurve',(#630),#1);
#632=PCURVE($,#11,#631);
#633=CARTESIAN_POINT($,(5,0));
#634=CARTESIAN_POINT($,(5,-100));
#635=POLYLINE($,(#633,#634));
#636=DEFINITIONAL_REPRESENTATION('pcurve',(#635),#1);
#637=PCURVE($,#16,#636);
#638=SURFACE_CURVE($,#627,(#632,#637),.PCURVE_S1.);
#639=EDGE_CURVE($,#621,#623,#638,.T.);
#640=ORIENTED_EDGE($,$,$,#639,.T.);
#641=CARTESIAN_POINT($,(50,40,5));
#642=VERTEX_POINT($,#641);
#643=CARTESIAN_POINT($,(50,-40,5));
#644=DIRECTION($,(0,1,0));
#645=VECTOR($,#644,1);
#646=LINE($,#643,#645);
#647=CARTESIAN_POINT($,(50,-40));
#648=CARTESIAN_POINT($,(50,40));
#649=POLYLINE($,(#647,#648));
#650=DEFINITIONAL_REPRESENTATION('pcurve',(#649),#1);
#651=PCURVE($,#11,#650);
#652=CARTESIAN_POINT($,(5,0));
#653=CARTESIAN_POINT($,(5,-80));
#654=POLYLINE($,(#652,#653));
#655=DEFINITIONAL_REPRESENTATION('pcurve',(#654),#1);
#656=PCURVE($,#21,#655);
#657=SURFACE_CURVE($,#646,(#651,#656),.PCURVE_S1.);
#658=EDGE_CURVE($,#623,#642,#657,.T.);
#659=ORIENTED_EDGE($,$,$,#658,.T.);
#660=CARTESIAN_POINT($,(-50,40,5));
#661=VERTEX_POINT($,#660);
#662=CARTESIAN_POINT($,(50,40,5));
#663=DIRECTION($,(-1,0,0));
#664=VECTOR($,#663,1);
#665=LINE($,#662,#664);
#666=CARTESIAN_POINT($,(50,40));
#667=CARTESIAN_POINT($,(-50,40));
#668=POLYLINE($,(#666,#667));
#669=DEFINITIONAL_REPRESENTATION('pcurve',(#668),#1);
#670=PCURVE($,#11,#669);
#671=CARTESIAN_POINT($,(5,0));
#672=CARTESIAN_POINT($,(5,-100));
#673=POLYLINE($,(#671,#672));
#674=DEFINITIONAL_REPRESENTATION('pcurve',(#673),#1);
#675=PCURVE($,#26,#674);
#676=SURFACE_CURVE($,#665,(#670,#675),.PCURVE_S1.);
#677=EDGE_CURVE($,#642,#661,#676,.T.);
#678=ORIENTED_EDGE($,$,$,#677,.T.);
#679=CARTESIAN_POINT($,(-50,40,5));
#680=DIRECTION($,(0,-1,0));
#681=VECTOR($,#680,1);
#682=LINE($,#679,#681);
#683=CARTESIAN_POINT($,(-50,40));
#684=CARTESIAN_POINT($,(-50,-40));
#685=POLYLINE($,(#683,#684));
#686=DEFINITIONAL_REPRESENTATION('pcurve',(#685),#1);
#687=PCURVE($,#11,#686);
#688=CARTESIAN_POINT($,(5,0));
#689=CARTESIAN_POINT($,(5,-80));
#690=POLYLINE($,(#688,#689));
#691=DEFINITIONAL_REPRESENTATION('pcurve',(#690),#1);
#692=PCURVE($,#31,#691);
#693=SURFACE_CURVE($,#682,(#687,#692),.PCURVE_S1.);
#694=EDGE_CURVE($,#661,#621,#693,.T.);
#695=ORIENTED_EDGE($,$,$,#694,.T.);
#696=EDGE_LOOP($,(#640,#659,#678,#695));
#697=FACE_OUTER_BOUND('',#696,.T.);
#698=CARTESIAN_POINT($,(-28.7271713220297,-18.7271713220297,5));
#699=VERTEX_POINT($,#698);
#700=CARTESIAN_POINT($,(-22,-20,5));
#701=VERTEX_POINT($,#700);
#702=CARTESIAN_POINT($,(-28.7271713220297,-18.7271713220297,5));
#703=CARTESIAN_POINT($,(-27.4543426440594,-20,5));
#704=CARTESIAN_POINT($,(-24.7271713220297,-20,5));
#705=CARTESIAN_POINT($,(-22,-20,5));
#706=B_SPLINE_CURVE_WITH_KNOTS($,3,(#702,#703,#704,#705),.UNSPECIFIED.,.F.,.F.,(4,4),(0,1),.UNSPECIFIED.);
#707=CARTESIAN_POINT($,(-28.7271713220297,-18.7271713220297));
#708=CARTESIAN_POINT($,(-27.4543426440594,-20));
#709=CARTESIAN_POINT($,(-24.7271713220297,-20));
#710=CARTESIAN_POINT($,(-22,-20));
#711=B_SPLINE_CURVE_WITH_KNOTS($,3,(#707,#708,#709,#710),.UNSPECIFIED.,.F.,.F.,(4,4),(0,1),.UNSPECIFIED.);
#712=DEFINITIONAL_REPRESENTATION('pcurve',(#711),#1);
#713=PCURVE($,#11,#712);
#714=CARTESIAN_POINT($,(0,0));
#715=CARTESIAN_POINT($,(1,0));
#716=POLYLINE($,(#714,#715));
#717=DEFINITIONAL_REPRESENTATION('pcurve',(#716),#1);
#718=PCURVE($,#283,#717);
#719=SURFACE_CURVE($,#706,(#713,#718),.PCURVE_S1.);
#720=EDGE_CURVE($,#699,#701,#719,.T.);
#721=ORIENTED_EDGE($,$,$,#720,.F.);
#722=CARTESIAN_POINT($,(-30,-12,5));
#723=VERTEX_POINT($,#722);
#724=CARTESIAN_POINT($,(-30,-12,5));
#725=CARTESIAN_POINT($,(-30,-14.7271713220297,5));
#726=CARTESIAN_POINT($,(-30,-17.4543426440594,5));
#727=CARTESIAN_POINT($,(-28.7271713220297,-18.7271713220297,5));
#728=B_SPLINE_CURVE_WITH_KNOTS($,3,(#724,#725,#726,#727),.UNSPECIFIED.,.F.,.F.,(4,4),(0,1),.UNSPECIFIED.);
#729=CARTESIAN_POINT($,(-30,-12));
#730=CARTESIAN_POINT($,(-30,-14.7271713220297));
#731=CARTESIAN_POINT($,(-30,-17.4543426440594));
#732=CARTESIAN_POINT($,(-28.7271713220297,-18.7271713220297));
#733=B_SPLINE_CURVE_WITH_KNOTS($,3,(#729,#730,#731,#732),.UNSPECIFIED.,.F.,.F.,(4,4),(0,1),.UNSPECIFIED.);
#734=DEFINITIONAL_REPRESENTATION('pcurve',(#733),#1);
#735=PCURVE($,#11,#734);
#736=CARTESIAN_POINT($,(0,0));
#737=CARTESIAN_POINT($,(1,0));
#738=POLYLINE($,(#736,#737));
#739=DEFINITIONAL_REPRESENTATION('pcurve',(#738),#1);
#740=PCURVE($,#258,#739);
#741=SURFACE_CURVE($,#728,(#735,#740),.PCURVE_S1.);
#742=EDGE_CURVE($,#723,#699,#741,.T.);
#743=ORIENTED_EDGE($,$,$,#742,.F.);
#744=CARTESIAN_POINT($,(-30,12,5));
#745=VERTEX_POINT($,#744);
#746=CARTESIAN_POINT($,(-30,12,5));
#747=CARTESIAN_POINT($,(-30,-12,5));
#748=B_SPLINE_CURVE_WITH_KNOTS($,1,(#746,#747),.UNSPECIFIED.,.F.,.F.,(2,2),(0,1),.UNSPECIFIED.);
#749=CARTESIAN_POINT($,(-30,12));
#750=CARTESIAN_POINT($,(-30,-12));
#751=B_SPLINE_CURVE_WITH_KNOTS($,1,(#749,#750),.UNSPECIFIED.,.F.,.F.,(2,2),(0,1),.UNSPECIFIED.);
#752=DEFINITIONAL_REPRESENTATION('pcurve',(#751),#1);
#753=PCURVE($,#11,#752);
#754=CARTESIAN_POINT($,(0,0));
#755=CARTESIAN_POINT($,(1,0));
#756=POLYLINE($,(#754,#755));
#757=DEFINITIONAL_REPRESENTATION('pcurve',(#756),#1);
#758=PCURVE($,#233,#757);
#759=SURFACE_CURVE($,#748,(#753,#758),.PCURVE_S1.);
#760=EDGE_CURVE($,#745,#723,#759,.T.);
#761=ORIENTED_EDGE($,$,$,#760,.F.);
#762=CARTESIAN_POINT($,(-28.7271713220297,18.7271713220297,5));
#763=VERTEX_POINT($,#762);
#764=CARTESIAN_POINT($,(-28.7271713220297,18.7271713220297,5));
#765=CARTESIAN_POINT($,(-30,17.4543426440594,5));
#766=CARTESIAN_POINT($,(-30,14.7271713220297,5));
#767=CARTESIAN_POINT($,(-30,12,5));
#768=B_SPLINE_CURVE_WITH_KNOTS($,3,(#764,#765,#766,#767),.UNSPECIFIED.,.F.,.F.,(4,4),(0,1),.UNSPECIFIED.);
#769=CARTESIAN_POINT($,(-28.7271713220297,18.7271713220297));
#770=CARTESIAN_POINT($,(-30,17.4543426440594));
#771=CARTESIAN_POINT($,(-30,14.7271713220297));
#772=CARTESIAN_POINT($,(-30,12));
#773=B_SPLINE_CURVE_WITH_KNOTS($,3,(#769,#770,#771,#772),.UNSPECIFIED.,.F.,.F.,(4,4),(0,1),.UNSPECIFIED.);
#774=DEFINITIONAL_REPRESENTATION('pcurve',(#773),#1);
#775=PCURVE($,#11,#774);
#776=CARTESIAN_POINT($,(0,0));
#777=CARTESIAN_POINT($,(1,0));
#778=POLYLINE($,(#776,#777));
#779=DEFINITIONAL_REPRESENTATION('pcurve',(#778),#1);
#780=PCURVE($,#220,#779);
#781=SURFACE_CURVE($,#768,(#775,#780),.PCURVE_S1.);
#782=EDGE_CURVE($,#763,#745,#781,.T.);
#783=ORIENTED_EDGE($,$,$,#782,.F.);
#784=CARTESIAN_POINT($,(-22,20,5));
#785=VERTEX_POINT($,#784);
#786=CARTESIAN_POINT($,(-22,20,5));
#787=CARTESIAN_POINT($,(-24.7271713220297,20,5));
#788=CARTESIAN_POINT($,(-27.4543426440594,20,5));
#789=CARTESIAN_POINT($,(-28.7271713220297,18.7271713220297,5));
#790=B_SPLINE_CURVE_WITH_KNOTS($,3,(#786,#787,#788,#789),.UNSPECIFIED.,.F.,.F.,(4,4),(0,1),.UNSPECIFIED.);
#791=CARTESIAN_POINT($,(-22,20));
#792=CARTESIAN_POINT($,(-24.7271713220297,20));
#793=CARTESIAN_POINT($,(-27.4543426440594,20));
#794=CARTESIAN_POINT($,(-28.7271713220297,18.7271713220297));
#795=B_SPLINE_CURVE_WITH_KNOTS($,3,(#791,#792,#793,#794),.UNSPECIFIED.,.F.,.F.,(4,4),(0,1),.UNSPECIFIED.);
#796=DEFINITIONAL_REPRESENTATION('pcurve',(#795),#1);
#797=PCURVE($,#11,#796);
#798=CARTESIAN_POINT($,(0,0));
#799=CARTESIAN_POINT($,(1,0));
#800=POLYLINE($,(#798,#799));
#801=DEFINITIONAL_REPRESENTATION('pcurve',(#800),#1);
#802=PCURVE($,#195,#801);
#803=SURFACE_CURVE($,#790,(#797,#802),.PCURVE_S1.);
#804=EDGE_CURVE($,#785,#763,#803,.T.);
#805=ORIENTED_EDGE($,$,$,#804,.F.);
#806=CARTESIAN_POINT($,(22,20,5));
#807=VERTEX_POINT($,#806);
#808=CARTESIAN_POINT($,(22,20,5));
#809=CARTESIAN_POINT($,(-22,20,5));
#810=B_SPLINE_CURVE_WITH_KNOTS($,1,(#808,#809),.UNSPECIFIED.,.F.,.F.,(2,2),(0,1),.UNSPECIFIED.);
#811=CARTESIAN_POINT($,(22,20));
#812=CARTESIAN_POINT($,(-22,20));
#813=B_SPLINE_CURVE_WITH_KNOTS($,1,(#811,#812),.UNSPECIFIED.,.F.,.F.,(2,2),(0,1),.UNSPECIFIED.);
#814=DEFINITIONAL_REPRESENTATION('pcurve',(#813),#1);
#815=PCURVE($,#11,#814);
#816=CARTESIAN_POINT($,(0,0));
#817=CARTESIAN_POINT($,(1,0));
#818=POLYLINE($,(#816,#817));
#819=DEFINITIONAL_REPRESENTATION('pcurve',(#818),#1);
#820=PCURVE($,#170,#819);
#821=SURFACE_CURVE($,#810,(#815,#820),.PCURVE_S1.);
#822=EDGE_CURVE($,#807,#785,#821,.T.);
#823=ORIENTED_EDGE($,$,$,#822,.F.);
#824=CARTESIAN_POINT($,(28.7271713220297,18.7271713220297,5));
#825=VERTEX_POINT($,#824);
#826=CARTESIAN_POINT($,(28.7271713220297,18.7271713220297,5));
#827=CARTESIAN_POINT($,(27.4543426440594,20,5));
#828=CARTESIAN_POINT($,(24.7271713220297,20,5));
#829=CARTESIAN_POINT($,(22,20,5));
#830=B_SPLINE_CURVE_WITH_KNOTS($,3,(#826,#827,#828,#829),.UNSPECIFIED.,.F.,.F.,(4,4),(0,1),.UNSPECIFIED.);
#831=CARTESIAN_POINT($,(28.7271713220297,18.7271713220297));
#832=CARTESIAN_POINT($,(27.4543426440594,20));
#833=CARTESIAN_POINT($,(24.7271713220297,20));
#834=CARTESIAN_POINT($,(22,20));
#835=B_SPLINE_CURVE_WITH_KNOTS($,3,(#831,#832,#833,#834),.UNSPECIFIED.,.F.,.F.,(4,4),(0,1),.UNSPECIFIED.);
#836=DEFINITIONAL_REPRESENTATION('pcurve',(#835),#1);
#837=PCURVE($,#11,#836);
#838=CARTESIAN_POINT($,(0,0));
#839=CARTESIAN_POINT($,(1,0));
#840=POLYLINE($,(#838,#839));
#841=DEFINITIONAL_REPRESENTATION('pcurve',(#840),#1);
#842=PCURVE($,#157,#841);
#843=SURFACE_CURVE($,#830,(#837,#842),.PCURVE_S1.);
#844=EDGE_CURVE($,#825,#807,#843,.T.);
#845=ORIENTED_EDGE($,$,$,#844,.F.);
#846=CARTESIAN_POINT($,(30,12,5));
#847=VERTEX_POINT($,#846);
#848=CARTESIAN_POINT($,(30,12,5));
#849=CARTESIAN_POINT($,(30,14.7271713220297,5));
#850=CARTESIAN_POINT($,(30,17.4543426440594,5));
#851=CARTESIAN_POINT($,(28.7271713220297,18.7271713220297,5));
#852=B_SPLINE_CURVE_WITH_KNOTS($,3,(#848,#849,#850,#851),.UNSPECIFIED.,.F.,.F.,(4,4),(0,1),.UNSPECIFIED.);
#853=CARTESIAN_POINT($,(30,12));
#854=CARTESIAN_POINT($,(30,14.7271713220297));
#855=CARTESIAN_POINT($,(30,17.4543426440594));
#856=CARTESIAN_POINT($,(28.7271713220297,18.7271713220297));
#857=B_SPLINE_CURVE_WITH_KNOTS($,3,(#853,#854,#855,#856),.UNSPECIFIED.,.F.,.F.,(4,4),(0,1),.UNSPECIFIED.);
#858=DEFINITIONAL_REPRESENTATION('pcurve',(#857),#1);
#859=PCURVE($,#11,#858);
#860=CARTESIAN_POINT($,(0,0));
#861=CARTESIAN_POINT($,(1,0));
#862=POLYLINE($,(#860,#861));
#863=DEFINITIONAL_REPRESENTATION('pcurve',(#862),#1);
#864=PCURVE($,#132,#863);
#865=SURFACE_CURVE($,#852,(#859,#864),.PCURVE_S1.);
#866=EDGE_CURVE($,#847,#825,#865,.T.);
#867=ORIENTED_EDGE($,$,$,#866,.F.);
#868=CARTESIAN_POINT($,(30,-12,5));
#869=VERTEX_POINT($,#868);
#870=CARTESIAN_POINT($,(30,-12,5));
#871=CARTESIAN_POINT($,(30,12,5));
#872=B_SPLINE_CURVE_WITH_KNOTS($,1,(#870,#871),.UNSPECIFIED.,.F.,.F.,(2,2),(0,1),.UNSPECIFIED.);
#873=CARTESIAN_POINT($,(30,-12));
#874=CARTESIAN_POINT($,(30,12));
#875=B_SPLINE_CURVE_WITH_KNOTS($,1,(#873,#874),.UNSPECIFIED.,.F.,.F.,(2,2),(0,1),.UNSPECIFIED.);
#876=DEFINITIONAL_REPRESENTATION('pcurve',(#875),#1);
#877=PCURVE($,#11,#876);
#878=CARTESIAN_POINT($,(0,0));
#879=CARTESIAN_POINT($,(1,0));
#880=POLYLINE($,(#878,#879));
#881=DEFINITIONAL_REPRESENTATION('pcurve',(#880),#1);
#882=PCURVE($,#107,#881);
#883=SURFACE_CURVE($,#872,(#877,#882),.PCURVE_S1.);
#884=EDGE_CURVE($,#869,#847,#883,.T.);
#885=ORIENTED_EDGE($,$,$,#884,.F.);
#886=CARTESIAN_POINT($,(28.7271713220297,-18.7271713220297,5));
#887=VERTEX_POINT($,#886);
#888=CARTESIAN_POINT($,(28.7271713220297,-18.7271713220297,5));
#889=CARTESIAN_POINT($,(30,-17.4543426440594,5));
#890=CARTESIAN_POINT($,(30,-14.7271713220297,5));
#891=CARTESIAN_POINT($,(30,-12,5));
#892=B_SPLINE_CURVE_WITH_KNOTS($,3,(#888,#889,#890,#891),.UNSPECIFIED.,.F.,.F.,(4,4),(0,1),.UNSPECIFIED.);
#893=CARTESIAN_POINT($,(28.7271713220297,-18.7271713220297));
#894=CARTESIAN_POINT($,(30,-17.4543426440594));
#895=CARTESIAN_POINT($,(30,-14.7271713220297));
#896=CARTESIAN_POINT($,(30,-12));
#897=B_SPLINE_CURVE_WITH_KNOTS($,3,(#893,#894,#895,#896),.UNSPECIFIED.,.F.,.F.,(4,4),(0,1),.UNSPECIFIED.);
#898=DEFINITIONAL_REPRESENTATION('pcurve',(#897),#1);
#899=PCURVE($,#11,#898);
#900=CARTESIAN_POINT($,(0,0));
#901=CARTESIAN_POINT($,(1,0));
#902=POLYLINE($,(#900,#901));
#903=DEFINITIONAL_REPRESENTATION('pcurve',(#902),#1);
#904=PCURVE($,#94,#903);
#905=SURFACE_CURVE($,#892,(#899,#904),.PCURVE_S1.);
#906=EDGE_CURVE($,#887,#869,#905,.T.);
#907=ORIENTED_EDGE($,$,$,#906,.F.);
#908=CARTESIAN_POINT($,(22,-20,5));
#909=VERTEX_POINT($,#908);
#910=CARTESIAN_POINT($,(22,-20,5));
#911=CARTESIAN_POINT($,(24.7271713220297,-20,5));
#912=CARTESIAN_POINT($,(27.4543426440594,-20,5));
#913=CARTESIAN_POINT($,(28.7271713220297,-18.7271713220297,5));
#914=B_SPLINE_CURVE_WITH_KNOTS($,3,(#910,#911,#912,#913),.UNSPECIFIED.,.F.,.F.,(4,4),(0,1),.UNSPECIFIED.);
#915=CARTESIAN_POINT($,(22,-20));
#916=CARTESIAN_POINT($,(24.7271713220297,-20));
#917=CARTESIAN_POINT($,(27.4543426440594,-20));
#918=CARTESIAN_POINT($,(28.7271713220297,-18.7271713220297));
#919=B_SPLINE_CURVE_WITH_KNOTS($,3,(#915,#916,#917,#918),.UNSPECIFIED.,.F.,.F.,(4,4),(0,1),.UNSPECIFIED.);
#920=DEFINITIONAL_REPRESENTATION('pcurve',(#919),#1);
#921=PCURVE($,#11,#920);
#922=CARTESIAN_POINT($,(0,0));
#923=CARTESIAN_POINT($,(1,0));
#924=POLYLINE($,(#922,#923));
#925=DEFINITIONAL_REPRESENTATION('pcurve',(#924),#1);
#926=PCURVE($,#69,#925);
#927=SURFACE_CURVE($,#914,(#921,#926),.PCURVE_S1.);
#928=EDGE_CURVE($,#909,#887,#927,.T.);
#929=ORIENTED_EDGE($,$,$,#928,.F.);
#930=CARTESIAN_POINT($,(-22,-20,5));
#931=CARTESIAN_POINT($,(22,-20,5));
#932=B_SPLINE_CURVE_WITH_KNOTS($,1,(#930,#931),.UNSPECIFIED.,.F.,.F.,(2,2),(0,1),.UNSPECIFIED.);
#933=CARTESIAN_POINT($,(-22,-20));
#934=CARTESIAN_POINT($,(22,-20));
#935=B_SPLINE_CURVE_WITH_KNOTS($,1,(#933,#934),.UNSPECIFIED.,.F.,.F.,(2,2),(0,1),.UNSPECIFIED.);
#936=DEFINITIONAL_REPRESENTATION('pcurve',(#935),#1);
#937=PCURVE($,#11,#936);
#938=CARTESIAN_POINT($,(0,0));
#939=CARTESIAN_POINT($,(1,0));
#940=POLYLINE($,(#938,#939));
#941=DEFINITIONAL_REPRESENTATION('pcurve',(#940),#1);
#942=PCURVE($,#44,#941);
#943=SURFACE_CURVE($,#932,(#937,#942),.PCURVE_S1.);
#944=EDGE_CURVE($,#701,#909,#943,.T.);
#945=ORIENTED_EDGE($,$,$,#944,.F.);
#946=EDGE_LOOP($,(#721,#743,#761,#783,#805,#823,#845,#867,#885,#907,#929,#945));
#947=FACE_BOUND('',#946,.T.);
#948=ADVANCED_FACE('',(#697,#947),#11,.T.);
#949=ORIENTED_EDGE($,$,$,#560,.T.);
#950=CARTESIAN_POINT($,(50,-40,-0));
#951=DIRECTION($,(0,0,1));
#952=VECTOR($,#951,1);
#953=LINE($,#950,#952);
#954=CARTESIAN_POINT($,(0,-100));
#955=CARTESIAN_POINT($,(5,-100));
#956=POLYLINE($,(#954,#955));
#957=DEFINITIONAL_REPRESENTATION('pcurve',(#956),#1);
#958=PCURVE($,#16,#957);
#959=CARTESIAN_POINT($,(0,0));
#960=CARTESIAN_POINT($,(5,0));
#961=POLYLINE($,(#959,#960));
#962=DEFINITIONAL_REPRESENTATION('pcurve',(#961),#1);
#963=PCURVE($,#21,#962);
#964=SURFACE_CURVE($,#953,(#958,#963),.PCURVE_S1.);
#965=EDGE_CURVE($,#544,#623,#964,.T.);
#966=ORIENTED_EDGE($,$,$,#965,.T.);
#967=ORIENTED_EDGE($,$,$,#639,.F.);
#968=CARTESIAN_POINT($,(-50,-40,0));
#969=DIRECTION($,(0,0,1));
#970=VECTOR($,#969,1);
#971=LINE($,#968,#970);
#972=CARTESIAN_POINT($,(0,0));
#973=CARTESIAN_POINT($,(5,0));
#974=POLYLINE($,(#972,#973));
#975=DEFINITIONAL_REPRESENTATION('pcurve',(#974),#1);
#976=PCURVE($,#16,#975);
#977=CARTESIAN_POINT($,(0,-80));
#978=CARTESIAN_POINT($,(5,-80));
#979=POLYLINE($,(#977,#978));
#980=DEFINITIONAL_REPRESENTATION('pcurve',(#979),#1);
#981=PCURVE($,#31,#980);
#982=SURFACE_CURVE($,#971,(#976,#981),.PCURVE_S1.);
#983=EDGE_CURVE($,#542,#621,#982,.T.);
#984=ORIENTED_EDGE($,$,$,#983,.F.);
#985=EDGE_LOOP($,(#949,#966,#967,#984));
#986=FACE_OUTER_BOUND('',#985,.T.);
#987=ADVANCED_FACE('',(#986),#16,.T.);
#988=ORIENTED_EDGE($,$,$,#579,.T.);
#989=CARTESIAN_POINT($,(50,40,-0));
#990=DIRECTION($,(0,0,1));
#991=VECTOR($,#990,1);
#992=LINE($,#989,#991);
#993=CARTESIAN_POINT($,(0,-80));
#994=CARTESIAN_POINT($,(5,-80));
#995=POLYLINE($,(#993,#994));
#996=DEFINITIONAL_REPRESENTATION('pcurve',(#995),#1);
#997=PCURVE($,#21,#996);
#998=CARTESIAN_POINT($,(0,0));
#999=CARTESIAN_POINT($,(5,0));
#1000=POLYLINE($,(#998,#999));
#1001=DEFINITIONAL_REPRESENTATION('pcurve',(#1000),#1);
#1002=PCURVE($,#26,#1001);
#1003=SURFACE_CURVE($,#992,(#997,#1002),.PCURVE_S1.);
#1004=EDGE_CURVE($,#563,#642,#1003,.T.);
#1005=ORIENTED_EDGE($,$,$,#1004,.T.);
#1006=ORIENTED_EDGE($,$,$,#658,.F.);
#1007=ORIENTED_EDGE($,$,$,#965,.F.);
#1008=EDGE_LOOP($,(#988,#1005,#1006,#1007));
#1009=FACE_OUTER_BOUND('',#1008,.T.);
#1010=ADVANCED_FACE('',(#1009),#21,.T.);
#1011=ORIENTED_EDGE($,$,$,#598,.T.);
#1012=CARTESIAN_POINT($,(-50,40,-0));
#1013=DIRECTION($,(0,0,1));
#1014=VECTOR($,#1013,1);
#1015=LINE($,#1012,#1014);
#1016=CARTESIAN_POINT($,(0,-100));
#1017=CARTESIAN_POINT($,(5,-100));
#1018=POLYLINE($,(#1016,#1017));
#1019=DEFINITIONAL_REPRESENTATION('pcurve',(#1018),#1);
#1020=PCURVE($,#26,#1019);
#1021=CARTESIAN_POINT($,(0,0));
#1022=CARTESIAN_POINT($,(5,0));
#1023=POLYLINE($,(#1021,#1022));
#1024=DEFINITIONAL_REPRESENTATION('pcurve',(#1023),#1);
#1025=PCURVE($,#31,#1024);
#1026=SURFACE_CURVE($,#1015,(#1020,#1025),.PCURVE_S1.);
#1027=EDGE_CURVE($,#582,#661,#1026,.T.);
#1028=ORIENTED_EDGE($,$,$,#1027,.T.);
#1029=ORIENTED_EDGE($,$,$,#677,.F.);
#1030=ORIENTED_EDGE($,$,$,#1004,.F.);
#1031=EDGE_LOOP($,(#1011,#1028,#1029,#1030));
#1032=FACE_OUTER_BOUND('',#1031,.T.);
#1033=ADVANCED_FACE('',(#1032),#26,.T.);
#1034=ORIENTED_EDGE($,$,$,#615,.T.);
#1035=ORIENTED_EDGE($,$,$,#983,.T.);
#1036=ORIENTED_EDGE($,$,$,#694,.F.);
#1037=ORIENTED_EDGE($,$,$,#1027,.F.);
#1038=EDGE_LOOP($,(#1034,#1035,#1036,#1037));
#1039=FACE_OUTER_BOUND('',#1038,.T.);
#1040=ADVANCED_FACE('',(#1039),#31,.T.);
#1041=ORIENTED_EDGE($,$,$,#944,.T.);
#1042=CARTESIAN_POINT($,(20.9,-19,6.5));
#1043=VERTEX_POINT($,#1042);
#1044=CARTESIAN_POINT($,(22,-20,5));
#1045=CARTESIAN_POINT($,(21.725,-19.75,5));
#1046=CARTESIAN_POINT($,(21.45,-19.5,5));
#1047=CARTESIAN_POINT($,(20.9,-19,5.75));
#1048=CARTESIAN_POINT($,(20.9,-19,6.125));
#1049=CARTESIAN_POINT($,(20.9,-19,6.5));
#1050=B_SPLINE_CURVE_WITH_KNOTS($,5,(#1044,#1045,#1046,#1047,#1048,#1049),.UNSPECIFIED.,.F.,.F.,(6,6),(0,1),.UNSPECIFIED.);
#1051=CARTESIAN_POINT($,(1,0));
#1052=CARTESIAN_POINT($,(1,1));
#1053=POLYLINE($,(#1051,#1052));
#1054=DEFINITIONAL_REPRESENTATION('pcurve',(#1053),#1);
#1055=PCURVE($,#44,#1054);
#1056=CARTESIAN_POINT($,(0,0));
#1057=CARTESIAN_POINT($,(0,1));
#1058=POLYLINE($,(#1056,#1057));
#1059=DEFINITIONAL_REPRESENTATION('pcurve',(#1058),#1);
#1060=PCURVE($,#69,#1059);
#1061=SURFACE_CURVE($,#1050,(#1055,#1060),.PCURVE_S1.);
#1062=EDGE_CURVE($,#909,#1043,#1061,.T.);
#1063=ORIENTED_EDGE($,$,$,#1062,.T.);
#1064=CARTESIAN_POINT($,(-20.9,-19,6.5));
#1065=VERTEX_POINT($,#1064);
#1066=CARTESIAN_POINT($,(-20.9,-19,6.5));
#1067=CARTESIAN_POINT($,(20.9,-19,6.5));
#1068=B_SPLINE_CURVE_WITH_KNOTS($,1,(#1066,#1067),.UNSPECIFIED.,.F.,.F.,(2,2),(0,1),.UNSPECIFIED.);
#1069=CARTESIAN_POINT($,(0,1));
#1070=CARTESIAN_POINT($,(1,1));
#1071=POLYLINE($,(#1069,#1070));
#1072=DEFINITIONAL_REPRESENTATION('pcurve',(#1071),#1);
#1073=PCURVE($,#44,#1072);
#1074=CARTESIAN_POINT($,(0,0));
#1075=CARTESIAN_POINT($,(1,0));
#1076=POLYLINE($,(#1074,#1075));
#1077=DEFINITIONAL_REPRESENTATION('pcurve',(#1076),#1);
#1078=PCURVE($,#296,#1077);
#1079=SURFACE_CURVE($,#1068,(#1073,#1078),.PCURVE_S1.);
#1080=EDGE_CURVE($,#1065,#1043,#1079,.T.);
#1081=ORIENTED_EDGE($,$,$,#1080,.F.);
#1082=CARTESIAN_POINT($,(-22,-20,5));
#1083=CARTESIAN_POINT($,(-21.725,-19.75,5));
#1084=CARTESIAN_POINT($,(-21.45,-19.5,5));
#1085=CARTESIAN_POINT($,(-20.9,-19,5.75));
#1086=CARTESIAN_POINT($,(-20.9,-19,6.125));
#1087=CARTESIAN_POINT($,(-20.9,-19,6.5));
#1088=B_SPLINE_CURVE_WITH_KNOTS($,5,(#1082,#1083,#1084,#1085,#1086,#1087),.UNSPECIFIED.,.F.,.F.,(6,6),(0,1),.UNSPECIFIED.);
#1089=CARTESIAN_POINT($,(0,0));
#1090=CARTESIAN_POINT($,(0,1));
#1091=POLYLINE($,(#1089,#1090));
#1092=DEFINITIONAL_REPRESENTATION('pcurve',(#1091),#1);
#1093=PCURVE($,#44,#1092);
#1094=CARTESIAN_POINT($,(1,0));
#1095=CARTESIAN_POINT($,(1,1));
#1096=POLYLINE($,(#1094,#1095));
#1097=DEFINITIONAL_REPRESENTATION('pcurve',(#1096),#1);
#1098=PCURVE($,#283,#1097);
#1099=SURFACE_CURVE($,#1088,(#1093,#1098),.PCURVE_S1.);
#1100=EDGE_CURVE($,#701,#1065,#1099,.T.);
#1101=ORIENTED_EDGE($,$,$,#1100,.F.);
#1102=EDGE_LOOP($,(#1041,#1063,#1081,#1101));
#1103=FACE_OUTER_BOUND('',#1102,.T.);
#1104=ADVANCED_FACE('',(#1103),#44,.T.);
#1105=ORIENTED_EDGE($,$,$,#928,.T.);
#1106=CARTESIAN_POINT($,(27.2908127559282,-17.7908127559282,6.5));
#1107=VERTEX_POINT($,#1106);
#1108=CARTESIAN_POINT($,(28.7271713220297,-18.7271713220297,5));
#1109=CARTESIAN_POINT($,(28.3680816805043,-18.4930816805043,5));
#1110=CARTESIAN_POINT($,(28.008992038979,-18.258992038979,5));
#1111=CARTESIAN_POINT($,(27.2908127559282,-17.7908127559282,5.75));
#1112=CARTESIAN_POINT($,(27.2908127559282,-17.7908127559282,6.125));
#1113=CARTESIAN_POINT($,(27.2908127559282,-17.7908127559282,6.5));
#1114=B_SPLINE_CURVE_WITH_KNOTS($,5,(#1108,#1109,#1110,#1111,#1112,#1113),.UNSPECIFIED.,.F.,.F.,(6,6),(0,1),.UNSPECIFIED.);
#1115=CARTESIAN_POINT($,(1,0));
#1116=CARTESIAN_POINT($,(1,1));
#1117=POLYLINE($,(#1115,#1116));
#1118=DEFINITIONAL_REPRESENTATION('pcurve',(#1117),#1);
#1119=PCURVE($,#69,#1118);
#1120=CARTESIAN_POINT($,(0,0));
#1121=CARTESIAN_POINT($,(0,1));
#1122=POLYLINE($,(#1120,#1121));
#1123=DEFINITIONAL_REPRESENTATION('pcurve',(#1122),#1);
#1124=PCURVE($,#94,#1123);
#1125=SURFACE_CURVE($,#1114,(#1119,#1124),.PCURVE_S1.);
#1126=EDGE_CURVE($,#887,#1107,#1125,.T.);
#1127=ORIENTED_EDGE($,$,$,#1126,.T.);
#1128=CARTESIAN_POINT($,(20.9,-19,6.5));
#1129=CARTESIAN_POINT($,(23.4908127559282,-19,6.5));
#1130=CARTESIAN_POINT($,(26.0816255118565,-19,6.5));
#1131=CARTESIAN_POINT($,(27.2908127559282,-17.7908127559282,6.5));
#1132=B_SPLINE_CURVE_WITH_KNOTS($,3,(#1128,#1129,#1130,#1131),.UNSPECIFIED.,.F.,.F.,(4,4),(0,1),.UNSPECIFIED.);
#1133=CARTESIAN_POINT($,(0,1));
#1134=CARTESIAN_POINT($,(1,1));
#1135=POLYLINE($,(#1133,#1134));
#1136=DEFINITIONAL_REPRESENTATION('pcurve',(#1135),#1);
#1137=PCURVE($,#69,#1136);
#1138=CARTESIAN_POINT($,(0,0));
#1139=CARTESIAN_POINT($,(1,0));
#1140=POLYLINE($,(#1138,#1139));
#1141=DEFINITIONAL_REPRESENTATION('pcurve',(#1140),#1);
#1142=PCURVE($,#321,#1141);
#1143=SURFACE_CURVE($,#1132,(#1137,#1142),.PCURVE_S1.);
#1144=EDGE_CURVE($,#1043,#1107,#1143,.T.);
#1145=ORIENTED_EDGE($,$,$,#1144,.F.);
#1146=ORIENTED_EDGE($,$,$,#1062,.F.);
#1147=EDGE_LOOP($,(#1105,#1127,#1145,#1146));
#1148=FACE_OUTER_BOUND('',#1147,.T.);
#1149=ADVANCED_FACE('',(#1148),#69,.T.);
#1150=ORIENTED_EDGE($,$,$,#906,.T.);
#1151=CARTESIAN_POINT($,(28.5,-11.4,6.5));
#1152=VERTEX_POINT($,#1151);
#1153=CARTESIAN_POINT($,(30,-12,5));
#1154=CARTESIAN_POINT($,(29.625,-11.85,5));
#1155=CARTESIAN_POINT($,(29.25,-11.7,5));
#1156=CARTESIAN_POINT($,(28.5,-11.4,5.75));
#1157=CARTESIAN_POINT($,(28.5,-11.4,6.125));
#1158=CARTESIAN_POINT($,(28.5,-11.4,6.5));
#1159=B_SPLINE_CURVE_WITH_KNOTS($,5,(#1153,#1154,#1155,#1156,#1157,#1158),.UNSPECIFIED.,.F.,.F.,(6,6),(0,1),.UNSPECIFIED.);
#1160=CARTESIAN_POINT($,(1,0));
#1161=CARTESIAN_POINT($,(1,1));
#1162=POLYLINE($,(#1160,#1161));
#1163=DEFINITIONAL_REPRESENTATION('pcurve',(#1162),#1);
#1164=PCURVE($,#94,#1163);
#1165=CARTESIAN_POINT($,(0,0));
#1166=CARTESIAN_POINT($,(0,1));
#1167=POLYLINE($,(#1165,#1166));
#1168=DEFINITIONAL_REPRESENTATION('pcurve',(#1167),#1);
#1169=PCURVE($,#107,#1168);
#1170=SURFACE_CURVE($,#1159,(#1164,#1169),.PCURVE_S1.);
#1171=EDGE_CURVE($,#869,#1152,#1170,.T.);
#1172=ORIENTED_EDGE($,$,$,#1171,.T.);
#1173=CARTESIAN_POINT($,(27.2908127559282,-17.7908127559282,6.5));
#1174=CARTESIAN_POINT($,(28.5,-16.5816255118565,6.5));
#1175=CARTESIAN_POINT($,(28.5,-13.9908127559282,6.5));
#1176=CARTESIAN_POINT($,(28.5,-11.4,6.5));
#1177=B_SPLINE_CURVE_WITH_KNOTS($,3,(#1173,#1174,#1175,#1176),.UNSPECIFIED.,.F.,.F.,(4,4),(0,1),.UNSPECIFIED.);
#1178=CARTESIAN_POINT($,(0,1));
#1179=CARTESIAN_POINT($,(1,1));
#1180=POLYLINE($,(#1178,#1179));
#1181=DEFINITIONAL_REPRESENTATION('pcurve',(#1180),#1);
#1182=PCURVE($,#94,#1181);
#1183=CARTESIAN_POINT($,(0,0));
#1184=CARTESIAN_POINT($,(1,0));
#1185=POLYLINE($,(#1183,#1184));
#1186=DEFINITIONAL_REPRESENTATION('pcurve',(#1185),#1);
#1187=PCURVE($,#346,#1186);
#1188=SURFACE_CURVE($,#1177,(#1182,#1187),.PCURVE_S1.);
#1189=EDGE_CURVE($,#1107,#1152,#1188,.T.);
#1190=ORIENTED_EDGE($,$,$,#1189,.F.);
#1191=ORIENTED_EDGE($,$,$,#1126,.F.);
#1192=EDGE_LOOP($,(#1150,#1172,#1190,#1191));
#1193=FACE_OUTER_BOUND('',#1192,.T.);
#1194=ADVANCED_FACE('',(#1193),#94,.T.);
#1195=ORIENTED_EDGE($,$,$,#884,.T.);
#1196=CARTESIAN_POINT($,(28.5,11.4,6.5));
#1197=VERTEX_POINT($,#1196);
#1198=CARTESIAN_POINT($,(30,12,5));
#1199=CARTESIAN_POINT($,(29.625,11.85,5));
#1200=CARTESIAN_POINT($,(29.25,11.7,5));
#1201=CARTESIAN_POINT($,(28.5,11.4,5.75));
#1202=CARTESIAN_POINT($,(28.5,11.4,6.125));
#1203=CARTESIAN_POINT($,(28.5,11.4,6.5));
#1204=B_SPLINE_CURVE_WITH_KNOTS($,5,(#1198,#1199,#1200,#1201,#1202,#1203),.UNSPECIFIED.,.F.,.F.,(6,6),(0,1),.UNSPECIFIED.);
#1205=CARTESIAN_POINT($,(1,0));
#1206=CARTESIAN_POINT($,(1,1));
#1207=POLYLINE($,(#1205,#1206));
#1208=DEFINITIONAL_REPRESENTATION('pcurve',(#1207),#1);
#1209=PCURVE($,#107,#1208);
#1210=CARTESIAN_POINT($,(0,0));
#1211=CARTESIAN_POINT($,(0,1));
#1212=POLYLINE($,(#1210,#1211));
#1213=DEFINITIONAL_REPRESENTATION('pcurve',(#1212),#1);
#1214=PCURVE($,#132,#1213);
#1215=SURFACE_CURVE($,#1204,(#1209,#1214),.PCURVE_S1.);
#1216=EDGE_CURVE($,#847,#1197,#1215,.T.);
#1217=ORIENTED_EDGE($,$,$,#1216,.T.);
#1218=CARTESIAN_POINT($,(28.5,-11.4,6.5));
#1219=CARTESIAN_POINT($,(28.5,11.4,6.5));
#1220=B_SPLINE_CURVE_WITH_KNOTS($,1,(#1218,#1219),.UNSPECIFIED.,.F.,.F.,(2,2),(0,1),.UNSPECIFIED.);
#1221=CARTESIAN_POINT($,(0,1));
#1222=CARTESIAN_POINT($,(1,1));
#1223=POLYLINE($,(#1221,#1222));
#1224=DEFINITIONAL_REPRESENTATION('pcurve',(#1223),#1);
#1225=PCURVE($,#107,#1224);
#1226=CARTESIAN_POINT($,(0,0));
#1227=CARTESIAN_POINT($,(1,0));
#1228=POLYLINE($,(#1226,#1227));
#1229=DEFINITIONAL_REPRESENTATION('pcurve',(#1228),#1);
#1230=PCURVE($,#359,#1229);
#1231=SURFACE_CURVE($,#1220,(#1225,#1230),.PCURVE_S1.);
#1232=EDGE_CURVE($,#1152,#1197,#1231,.T.);
#1233=ORIENTED_EDGE($,$,$,#1232,.F.);
#1234=ORIENTED_EDGE($,$,$,#1171,.F.);
#1235=EDGE_LOOP($,(#1195,#1217,#1233,#1234));
#1236=FACE_OUTER_BOUND('',#1235,.T.);
#1237=ADVANCED_FACE('',(#1236),#107,.T.);
#1238=ORIENTED_EDGE($,$,$,#866,.T.);
#1239=CARTESIAN_POINT($,(27.2908127559282,17.7908127559282,6.5));
#1240=VERTEX_POINT($,#1239);
#1241=CARTESIAN_POINT($,(28.7271713220297,18.7271713220297,5));
#1242=CARTESIAN_POINT($,(28.3680816805043,18.4930816805043,5));
#1243=CARTESIAN_POINT($,(28.008992038979,18.258992038979,5));
#1244=CARTESIAN_POINT($,(27.2908127559282,17.7908127559282,5.75));
#1245=CARTESIAN_POINT($,(27.2908127559282,17.7908127559282,6.125));
#1246=CARTESIAN_POINT($,(27.2908127559282,17.7908127559282,6.5));
#1247=B_SPLINE_CURVE_WITH_KNOTS($,5,(#1241,#1242,#1243,#1244,#1245,#1246),.UNSPECIFIED.,.F.,.F.,(6,6),(0,1),.UNSPECIFIED.);
#1248=CARTESIAN_POINT($,(1,0));
#1249=CARTESIAN_POINT($,(1,1));
#1250=POLYLINE($,(#1248,#1249));
#1251=DEFINITIONAL_REPRESENTATION('pcurve',(#1250),#1);
#1252=PCURVE($,#132,#1251);
#1253=CARTESIAN_POINT($,(0,0));
#1254=CARTESIAN_POINT($,(0,1));
#1255=POLYLINE($,(#1253,#1254));
#1256=DEFINITIONAL_REPRESENTATION('pcurve',(#1255),#1);
#1257=PCURVE($,#157,#1256);
#1258=SURFACE_CURVE($,#1247,(#1252,#1257),.PCURVE_S1.);
#1259=EDGE_CURVE($,#825,#1240,#1258,.T.);
#1260=ORIENTED_EDGE($,$,$,#1259,.T.);
#1261=CARTESIAN_POINT($,(28.5,11.4,6.5));
#1262=CARTESIAN_POINT($,(28.5,13.9908127559282,6.5));
#1263=CARTESIAN_POINT($,(28.5,16.5816255118565,6.5));
#1264=CARTESIAN_POINT($,(27.2908127559282,17.7908127559282,6.5));
#1265=B_SPLINE_CURVE_WITH_KNOTS($,3,(#1261,#1262,#1263,#1264),.UNSPECIFIED.,.F.,.F.,(4,4),(0,1),.UNSPECIFIED.);
#1266=CARTESIAN_POINT($,(0,1));
#1267=CARTESIAN_POINT($,(1,1));
#1268=POLYLINE($,(#1266,#1267));
#1269=DEFINITIONAL_REPRESENTATION('pcurve',(#1268),#1);
#1270=PCURVE($,#132,#1269);
#1271=CARTESIAN_POINT($,(0,0));
#1272=CARTESIAN_POINT($,(1,0));
#1273=POLYLINE($,(#1271,#1272));
#1274=DEFINITIONAL_REPRESENTATION('pcurve',(#1273),#1);
#1275=PCURVE($,#384,#1274);
#1276=SURFACE_CURVE($,#1265,(#1270,#1275),.PCURVE_S1.);
#1277=EDGE_CURVE($,#1197,#1240,#1276,.T.);
#1278=ORIENTED_EDGE($,$,$,#1277,.F.);
#1279=ORIENTED_EDGE($,$,$,#1216,.F.);
#1280=EDGE_LOOP($,(#1238,#1260,#1278,#1279));
#1281=FACE_OUTER_BOUND('',#1280,.T.);
#1282=ADVANCED_FACE('',(#1281),#132,.T.);
#1283=ORIENTED_EDGE($,$,$,#844,.T.);
#1284=CARTESIAN_POINT($,(20.9,19,6.5));
#1285=VERTEX_POINT($,#1284);
#1286=CARTESIAN_POINT($,(22,20,5));
#1287=CARTESIAN_POINT($,(21.725,19.75,5));
#1288=CARTESIAN_POINT($,(21.45,19.5,5));
#1289=CARTESIAN_POINT($,(20.9,19,5.75));
#1290=CARTESIAN_POINT($,(20.9,19,6.125));
#1291=CARTESIAN_POINT($,(20.9,19,6.5));
#1292=B_SPLINE_CURVE_WITH_KNOTS($,5,(#1286,#1287,#1288,#1289,#1290,#1291),.UNSPECIFIED.,.F.,.F.,(6,6),(0,1),.UNSPECIFIED.);
#1293=CARTESIAN_POINT($,(1,0));
#1294=CARTESIAN_POINT($,(1,1));
#1295=POLYLINE($,(#1293,#1294));
#1296=DEFINITIONAL_REPRESENTATION('pcurve',(#1295),#1);
#1297=PCURVE($,#157,#1296);
#1298=CARTESIAN_POINT($,(0,0));
#1299=CARTESIAN_POINT($,(0,1));
#1300=POLYLINE($,(#1298,#1299));
#1301=DEFINITIONAL_REPRESENTATION('pcurve',(#1300),#1);
#1302=PCURVE($,#170,#1301);
#1303=SURFACE_CURVE($,#1292,(#1297,#1302),.PCURVE_S1.);
#1304=EDGE_CURVE($,#807,#1285,#1303,.T.);
#1305=ORIENTED_EDGE($,$,$,#1304,.T.);
#1306=CARTESIAN_POINT($,(27.2908127559282,17.7908127559282,6.5));
#1307=CARTESIAN_POINT($,(26.0816255118565,19,6.5));
#1308=CARTESIAN_POINT($,(23.4908127559282,19,6.5));
#1309=CARTESIAN_POINT($,(20.9,19,6.5));
#1310=B_SPLINE_CURVE_WITH_KNOTS($,3,(#1306,#1307,#1308,#1309),.UNSPECIFIED.,.F.,.F.,(4,4),(0,1),.UNSPECIFIED.);
#1311=CARTESIAN_POINT($,(0,1));
#1312=CARTESIAN_POINT($,(1,1));
#1313=POLYLINE($,(#1311,#1312));
#1314=DEFINITIONAL_REPRESENTATION('pcurve',(#1313),#1);
#1315=PCURVE($,#157,#1314);
#1316=CARTESIAN_POINT($,(0,0));
#1317=CARTESIAN_POINT($,(1,0));
#1318=POLYLINE($,(#1316,#1317));
#1319=DEFINITIONAL_REPRESENTATION('pcurve',(#1318),#1);
#1320=PCURVE($,#409,#1319);
#1321=SURFACE_CURVE($,#1310,(#1315,#1320),.PCURVE_S1.);
#1322=EDGE_CURVE($,#1240,#1285,#1321,.T.);
#1323=ORIENTED_EDGE($,$,$,#1322,.F.);
#1324=ORIENTED_EDGE($,$,$,#1259,.F.);
#1325=EDGE_LOOP($,(#1283,#1305,#1323,#1324));
#1326=FACE_OUTER_BOUND('',#1325,.T.);
#1327=ADVANCED_FACE('',(#1326),#157,.T.);
#1328=ORIENTED_EDGE($,$,$,#822,.T.);
#1329=CARTESIAN_POINT($,(-20.9,19,6.5));
#1330=VERTEX_POINT($,#1329);
#1331=CARTESIAN_POINT($,(-22,20,5));
#1332=CARTESIAN_POINT($,(-21.725,19.75,5));
#1333=CARTESIAN_POINT($,(-21.45,19.5,5));
#1334=CARTESIAN_POINT($,(-20.9,19,5.75));
#1335=CARTESIAN_POINT($,(-20.9,19,6.125));
#1336=CARTESIAN_POINT($,(-20.9,19,6.5));
#1337=B_SPLINE_CURVE_WITH_KNOTS($,5,(#1331,#1332,#1333,#1334,#1335,#1336),.UNSPECIFIED.,.F.,.F.,(6,6),(0,1),.UNSPECIFIED.);
#1338=CARTESIAN_POINT($,(1,0));
#1339=CARTESIAN_POINT($,(1,1));
#1340=POLYLINE($,(#1338,#1339));
#1341=DEFINITIONAL_REPRESENTATION('pcurve',(#1340),#1);
#1342=PCURVE($,#170,#1341);
#1343=CARTESIAN_POINT($,(0,0));
#1344=CARTESIAN_POINT($,(0,1));
#1345=POLYLINE($,(#1343,#1344));
#1346=DEFINITIONAL_REPRESENTATION('pcurve',(#1345),#1);
#1347=PCURVE($,#195,#1346);
#1348=SURFACE_CURVE($,#1337,(#1342,#1347),.PCURVE_S1.);
#1349=EDGE_CURVE($,#785,#1330,#1348,.T.);
#1350=ORIENTED_EDGE($,$,$,#1349,.T.);
#1351=CARTESIAN_POINT($,(20.9,19,6.5));
#1352=CARTESIAN_POINT($,(-20.9,19,6.5));
#1353=B_SPLINE_CURVE_WITH_KNOTS($,1,(#1351,#1352),.UNSPECIFIED.,.F.,.F.,(2,2),(0,1),.UNSPECIFIED.);
#1354=CARTESIAN_POINT($,(0,1));
#1355=CARTESIAN_POINT($,(1,1));
#1356=POLYLINE($,(#1354,#1355));
#1357=DEFINITIONAL_REPRESENTATION('pcurve',(#1356),#1);
#1358=PCURVE($,#170,#1357);
#1359=CARTESIAN_POINT($,(0,0));
#1360=CARTESIAN_POINT($,(1,0));
#1361=POLYLINE($,(#1359,#1360));
#1362=DEFINITIONAL_REPRESENTATION('pcurve',(#1361),#1);
#1363=PCURVE($,#422,#1362);
#1364=SURFACE_CURVE($,#1353,(#1358,#1363),.PCURVE_S1.);
#1365=EDGE_CURVE($,#1285,#1330,#1364,.T.);
#1366=ORIENTED_EDGE($,$,$,#1365,.F.);
#1367=ORIENTED_EDGE($,$,$,#1304,.F.);
#1368=EDGE_LOOP($,(#1328,#1350,#1366,#1367));
#1369=FACE_OUTER_BOUND('',#1368,.T.);
#1370=ADVANCED_FACE('',(#1369),#170,.T.);
#1371=ORIENTED_EDGE($,$,$,#804,.T.);
#1372=CARTESIAN_POINT($,(-27.2908127559282,17.7908127559282,6.5));
#1373=VERTEX_POINT($,#1372);
#1374=CARTESIAN_POINT($,(-28.7271713220297,18.7271713220297,5));
#1375=CARTESIAN_POINT($,(-28.3680816805043,18.4930816805043,5));
#1376=CARTESIAN_POINT($,(-28.008992038979,18.258992038979,5));
#1377=CARTESIAN_POINT($,(-27.2908127559282,17.7908127559282,5.75));
#1378=CARTESIAN_POINT($,(-27.2908127559282,17.7908127559282,6.125));
#1379=CARTESIAN_POINT($,(-27.2908127559282,17.7908127559282,6.5));
#1380=B_SPLINE_CURVE_WITH_KNOTS($,5,(#1374,#1375,#1376,#1377,#1378,#1379),.UNSPECIFIED.,.F.,.F.,(6,6),(0,1),.UNSPECIFIED.);
#1381=CARTESIAN_POINT($,(1,0));
#1382=CARTESIAN_POINT($,(1,1));
#1383=POLYLINE($,(#1381,#1382));
#1384=DEFINITIONAL_REPRESENTATION('pcurve',(#1383),#1);
#1385=PCURVE($,#195,#1384);
#1386=CARTESIAN_POINT($,(0,0));
#1387=CARTESIAN_POINT($,(0,1));
#1388=POLYLINE($,(#1386,#1387));
#1389=DEFINITIONAL_REPRESENTATION('pcurve',(#1388),#1);
#1390=PCURVE($,#220,#1389);
#1391=SURFACE_CURVE($,#1380,(#1385,#1390),.PCURVE_S1.);
#1392=EDGE_CURVE($,#763,#1373,#1391,.T.);
#1393=ORIENTED_EDGE($,$,$,#1392,.T.);
#1394=CARTESIAN_POINT($,(-20.9,19,6.5));
#1395=CARTESIAN_POINT($,(-23.4908127559282,19,6.5));
#1396=CARTESIAN_POINT($,(-26.0816255118565,19,6.5));
#1397=CARTESIAN_POINT($,(-27.2908127559282,17.7908127559282,6.5));
#1398=B_SPLINE_CURVE_WITH_KNOTS($,3,(#1394,#1395,#1396,#1397),.UNSPECIFIED.,.F.,.F.,(4,4),(0,1),.UNSPECIFIED.);
#1399=CARTESIAN_POINT($,(0,1));
#1400=CARTESIAN_POINT($,(1,1));
#1401=POLYLINE($,(#1399,#1400));
#1402=DEFINITIONAL_REPRESENTATION('pcurve',(#1401),#1);
#1403=PCURVE($,#195,#1402);
#1404=CARTESIAN_POINT($,(0,0));
#1405=CARTESIAN_POINT($,(1,0));
#1406=POLYLINE($,(#1404,#1405));
#1407=DEFINITIONAL_REPRESENTATION('pcurve',(#1406),#1);
#1408=PCURVE($,#447,#1407);
#1409=SURFACE_CURVE($,#1398,(#1403,#1408),.PCURVE_S1.);
#1410=EDGE_CURVE($,#1330,#1373,#1409,.T.);
#1411=ORIENTED_EDGE($,$,$,#1410,.F.);
#1412=ORIENTED_EDGE($,$,$,#1349,.F.);
#1413=EDGE_LOOP($,(#1371,#1393,#1411,#1412));
#1414=FACE_OUTER_BOUND('',#1413,.T.);
#1415=ADVANCED_FACE('',(#1414),#195,.T.);
#1416=ORIENTED_EDGE($,$,$,#782,.T.);
#1417=CARTESIAN_POINT($,(-28.5,11.4,6.5));
#1418=VERTEX_POINT($,#1417);
#1419=CARTESIAN_POINT($,(-30,12,5));
#1420=CARTESIAN_POINT($,(-29.625,11.85,5));
#1421=CARTESIAN_POINT($,(-29.25,11.7,5));
#1422=CARTESIAN_POINT($,(-28.5,11.4,5.75));
#1423=CARTESIAN_POINT($,(-28.5,11.4,6.125));
#1424=CARTESIAN_POINT($,(-28.5,11.4,6.5));
#1425=B_SPLINE_CURVE_WITH_KNOTS($,5,(#1419,#1420,#1421,#1422,#1423,#1424),.UNSPECIFIED.,.F.,.F.,(6,6),(0,1),.UNSPECIFIED.);
#1426=CARTESIAN_POINT($,(1,0));
#1427=CARTESIAN_POINT($,(1,1));
#1428=POLYLINE($,(#1426,#1427));
#1429=DEFINITIONAL_REPRESENTATION('pcurve',(#1428),#1);
#1430=PCURVE($,#220,#1429);
#1431=CARTESIAN_POINT($,(0,0));
#1432=CARTESIAN_POINT($,(0,1));
#1433=POLYLINE($,(#1431,#1432));
#1434=DEFINITIONAL_REPRESENTATION('pcurve',(#1433),#1);
#1435=PCURVE($,#233,#1434);
#1436=SURFACE_CURVE($,#1425,(#1430,#1435),.PCURVE_S1.);
#1437=EDGE_CURVE($,#745,#1418,#1436,.T.);
#1438=ORIENTED_EDGE($,$,$,#1437,.T.);
#1439=CARTESIAN_POINT($,(-27.2908127559282,17.7908127559282,6.5));
#1440=CARTESIAN_POINT($,(-28.5,16.5816255118565,6.5));
#1441=CARTESIAN_POINT($,(-28.5,13.9908127559282,6.5));
#1442=CARTESIAN_POINT($,(-28.5,11.4,6.5));
#1443=B_SPLINE_CURVE_WITH_KNOTS($,3,(#1439,#1440,#1441,#1442),.UNSPECIFIED.,.F.,.F.,(4,4),(0,1),.UNSPECIFIED.);
#1444=CARTESIAN_POINT($,(0,1));
#1445=CARTESIAN_POINT($,(1,1));
#1446=POLYLINE($,(#1444,#1445));
#1447=DEFINITIONAL_REPRESENTATION('pcurve',(#1446),#1);
#1448=PCURVE($,#220,#1447);
#1449=CARTESIAN_POINT($,(0,0));
#1450=CARTESIAN_POINT($,(1,0));
#1451=POLYLINE($,(#1449,#1450));
#1452=DEFINITIONAL_REPRESENTATION('pcurve',(#1451),#1);
#1453=PCURVE($,#472,#1452);
#1454=SURFACE_CURVE($,#1443,(#1448,#1453),.PCURVE_S1.);
#1455=EDGE_CURVE($,#1373,#1418,#1454,.T.);
#1456=ORIENTED_EDGE($,$,$,#1455,.F.);
#1457=ORIENTED_EDGE($,$,$,#1392,.F.);
#1458=EDGE_LOOP($,(#1416,#1438,#1456,#1457));
#1459=FACE_OUTER_BOUND('',#1458,.T.);
#1460=ADVANCED_FACE('',(#1459),#220,.T.);
#1461=ORIENTED_EDGE($,$,$,#760,.T.);
#1462=CARTESIAN_POINT($,(-28.5,-11.4,6.5));
#1463=VERTEX_POINT($,#1462);
#1464=CARTESIAN_POINT($,(-30,-12,5));
#1465=CARTESIAN_POINT($,(-29.625,-11.85,5));
#1466=CARTESIAN_POINT($,(-29.25,-11.7,5));
#1467=CARTESIAN_POINT($,(-28.5,-11.4,5.75));
#1468=CARTESIAN_POINT($,(-28.5,-11.4,6.125));
#1469=CARTESIAN_POINT($,(-28.5,-11.4,6.5));
#1470=B_SPLINE_CURVE_WITH_KNOTS($,5,(#1464,#1465,#1466,#1467,#1468,#1469),.UNSPECIFIED.,.F.,.F.,(6,6),(0,1),.UNSPECIFIED.);
#1471=CARTESIAN_POINT($,(1,0));
#1472=CARTESIAN_POINT($,(1,1));
#1473=POLYLINE($,(#1471,#1472));
#1474=DEFINITIONAL_REPRESENTATION('pcurve',(#1473),#1);
#1475=PCURVE($,#233,#1474);
#1476=CARTESIAN_POINT($,(0,0));
#1477=CARTESIAN_POINT($,(0,1));
#1478=POLYLINE($,(#1476,#1477));
#1479=DEFINITIONAL_REPRESENTATION('pcurve',(#1478),#1);
#1480=PCURVE($,#258,#1479);
#1481=SURFACE_CURVE($,#1470,(#1475,#1480),.PCURVE_S1.);
#1482=EDGE_CURVE($,#723,#1463,#1481,.T.);
#1483=ORIENTED_EDGE($,$,$,#1482,.T.);
#1484=CARTESIAN_POINT($,(-28.5,11.4,6.5));
#1485=CARTESIAN_POINT($,(-28.5,-11.4,6.5));
#1486=B_SPLINE_CURVE_WITH_KNOTS($,1,(#1484,#1485),.UNSPECIFIED.,.F.,.F.,(2,2),(0,1),.UNSPECIFIED.);
#1487=CARTESIAN_POINT($,(0,1));
#1488=CARTESIAN_POINT($,(1,1));
#1489=POLYLINE($,(#1487,#1488));
#1490=DEFINITIONAL_REPRESENTATION('pcurve',(#1489),#1);
#1491=PCURVE($,#233,#1490);
#1492=CARTESIAN_POINT($,(0,0));
#1493=CARTESIAN_POINT($,(1,0));
#1494=POLYLINE($,(#1492,#1493));
#1495=DEFINITIONAL_REPRESENTATION('pcurve',(#1494),#1);
#1496=PCURVE($,#485,#1495);
#1497=SURFACE_CURVE($,#1486,(#1491,#1496),.PCURVE_S1.);
#1498=EDGE_CURVE($,#1418,#1463,#1497,.T.);
#1499=ORIENTED_EDGE($,$,$,#1498,.F.);
#1500=ORIENTED_EDGE($,$,$,#1437,.F.);
#1501=EDGE_LOOP($,(#1461,#1483,#1499,#1500));
#1502=FACE_OUTER_BOUND('',#1501,.T.);
#1503=ADVANCED_FACE('',(#1502),#233,.T.);
#1504=ORIENTED_EDGE($,$,$,#742,.T.);
#1505=CARTESIAN_POINT($,(-27.2908127559282,-17.7908127559282,6.5));
#1506=VERTEX_POINT($,#1505);
#1507=CARTESIAN_POINT($,(-28.7271713220297,-18.7271713220297,5));
#1508=CARTESIAN_POINT($,(-28.3680816805044,-18.4930816805043,5));
#1509=CARTESIAN_POINT($,(-28.008992038979,-18.258992038979,5));
#1510=CARTESIAN_POINT($,(-27.2908127559282,-17.7908127559282,5.75));
#1511=CARTESIAN_POINT($,(-27.2908127559282,-17.7908127559282,6.125));
#1512=CARTESIAN_POINT($,(-27.2908127559282,-17.7908127559282,6.5));
#1513=B_SPLINE_CURVE_WITH_KNOTS($,5,(#1507,#1508,#1509,#1510,#1511,#1512),.UNSPECIFIED.,.F.,.F.,(6,6),(0,1),.UNSPECIFIED.);
#1514=CARTESIAN_POINT($,(1,0));
#1515=CARTESIAN_POINT($,(1,1));
#1516=POLYLINE($,(#1514,#1515));
#1517=DEFINITIONAL_REPRESENTATION('pcurve',(#1516),#1);
#1518=PCURVE($,#258,#1517);
#1519=CARTESIAN_POINT($,(0,0));
#1520=CARTESIAN_POINT($,(0,1));
#1521=POLYLINE($,(#1519,#1520));
#1522=DEFINITIONAL_REPRESENTATION('pcurve',(#1521),#1);
#1523=PCURVE($,#283,#1522);
#1524=SURFACE_CURVE($,#1513,(#1518,#1523),.PCURVE_S1.);
#1525=EDGE_CURVE($,#699,#1506,#1524,.T.);
#1526=ORIENTED_EDGE($,$,$,#1525,.T.);
#1527=CARTESIAN_POINT($,(-28.5,-11.4,6.5));
#1528=CARTESIAN_POINT($,(-28.5,-13.9908127559282,6.5));
#1529=CARTESIAN_POINT($,(-28.5,-16.5816255118565,6.5));
#1530=CARTESIAN_POINT($,(-27.2908127559282,-17.7908127559282,6.5));
#1531=B_SPLINE_CURVE_WITH_KNOTS($,3,(#1527,#1528,#1529,#1530),.UNSPECIFIED.,.F.,.F.,(4,4),(0,1),.UNSPECIFIED.);
#1532=CARTESIAN_POINT($,(0,1));
#1533=CARTESIAN_POINT($,(1,1));
#1534=POLYLINE($,(#1532,#1533));
#1535=DEFINITIONAL_REPRESENTATION('pcurve',(#1534),#1);
#1536=PCURVE($,#258,#1535);
#1537=CARTESIAN_POINT($,(0,0));
#1538=CARTESIAN_POINT($,(1,0));
#1539=POLYLINE($,(#1537,#1538));
#1540=DEFINITIONAL_REPRESENTATION('pcurve',(#1539),#1);
#1541=PCURVE($,#510,#1540);
#1542=SURFACE_CURVE($,#1531,(#1536,#1541),.PCURVE_S1.);
#1543=EDGE_CURVE($,#1463,#1506,#1542,.T.);
#1544=ORIENTED_EDGE($,$,$,#1543,.F.);
#1545=ORIENTED_EDGE($,$,$,#1482,.F.);
#1546=EDGE_LOOP($,(#1504,#1526,#1544,#1545));
#1547=FACE_OUTER_BOUND('',#1546,.T.);
#1548=ADVANCED_FACE('',(#1547),#258,.T.);
#1549=ORIENTED_EDGE($,$,$,#720,.T.);
#1550=ORIENTED_EDGE($,$,$,#1100,.T.);
#1551=CARTESIAN_POINT($,(-27.2908127559282,-17.7908127559282,6.5));
#1552=CARTESIAN_POINT($,(-26.0816255118565,-19,6.5));
#1553=CARTESIAN_POINT($,(-23.4908127559282,-19,6.5));
#1554=CARTESIAN_POINT($,(-20.9,-19,6.5));
#1555=B_SPLINE_CURVE_WITH_KNOTS($,3,(#1551,#1552,#1553,#1554),.UNSPECIFIED.,.F.,.F.,(4,4),(0,1),.UNSPECIFIED.);
#1556=CARTESIAN_POINT($,(0,1));
#1557=CARTESIAN_POINT($,(1,1));
#1558=POLYLINE($,(#1556,#1557));
#1559=DEFINITIONAL_REPRESENTATION('pcurve',(#1558),#1);
#1560=PCURVE($,#283,#1559);
#1561=CARTESIAN_POINT($,(0,0));
#1562=CARTESIAN_POINT($,(1,0));
#1563=POLYLINE($,(#1561,#1562));
#1564=DEFINITIONAL_REPRESENTATION('pcurve',(#1563),#1);
#1565=PCURVE($,#535,#1564);
#1566=SURFACE_CURVE($,#1555,(#1560,#1565),.PCURVE_S1.);
#1567=EDGE_CURVE($,#1506,#1065,#1566,.T.);
#1568=ORIENTED_EDGE($,$,$,#1567,.F.);
#1569=ORIENTED_EDGE($,$,$,#1525,.F.);
#1570=EDGE_LOOP($,(#1549,#1550,#1568,#1569));
#1571=FACE_OUTER_BOUND('',#1570,.T.);
#1572=ADVANCED_FACE('',(#1571),#283,.T.);
#1573=ORIENTED_EDGE($,$,$,#1080,.T.);
#1574=CARTESIAN_POINT($,(19.8,-18,8));
#1575=VERTEX_POINT($,#1574);
#1576=CARTESIAN_POINT($,(20.9,-19,6.5));
#1577=CARTESIAN_POINT($,(20.9,-19,6.875));
#1578=CARTESIAN_POINT($,(20.9,-19,7.25));
#1579=CARTESIAN_POINT($,(20.35,-18.5,8));
#1580=CARTESIAN_POINT($,(20.075,-18.25,8));
#1581=CARTESIAN_POINT($,(19.8,-18,8));
#1582=B_SPLINE_CURVE_WITH_KNOTS($,5,(#1576,#1577,#1578,#1579,#1580,#1581),.UNSPECIFIED.,.F.,.F.,(6,6),(0,1),.UNSPECIFIED.);
#1583=CARTESIAN_POINT($,(1,0));
#1584=CARTESIAN_POINT($,(1,1));
#1585=POLYLINE($,(#1583,#1584));
#1586=DEFINITIONAL_REPRESENTATION('pcurve',(#1585),#1);
#1587=PCURVE($,#296,#1586);
#1588=CARTESIAN_POINT($,(0,0));
#1589=CARTESIAN_POINT($,(0,1));
#1590=POLYLINE($,(#1588,#1589));
#1591=DEFINITIONAL_REPRESENTATION('pcurve',(#1590),#1);
#1592=PCURVE($,#321,#1591);
#1593=SURFACE_CURVE($,#1582,(#1587,#1592),.PCURVE_S1.);
#1594=EDGE_CURVE($,#1043,#1575,#1593,.T.);
#1595=ORIENTED_EDGE($,$,$,#1594,.T.);
#1596=CARTESIAN_POINT($,(-19.8,-18,8));
#1597=VERTEX_POINT($,#1596);
#1598=CARTESIAN_POINT($,(-19.8,-18,8));
#1599=CARTESIAN_POINT($,(19.8,-18,8));
#1600=B_SPLINE_CURVE_WITH_KNOTS($,1,(#1598,#1599),.UNSPECIFIED.,.F.,.F.,(2,2),(0,1),.UNSPECIFIED.);
#1601=CARTESIAN_POINT($,(0,1));
#1602=CARTESIAN_POINT($,(1,1));
#1603=POLYLINE($,(#1601,#1602));
#1604=DEFINITIONAL_REPRESENTATION('pcurve',(#1603),#1);
#1605=PCURVE($,#296,#1604);
#1606=CARTESIAN_POINT($,(-19.8,-18));
#1607=CARTESIAN_POINT($,(19.8,-18));
#1608=B_SPLINE_CURVE_WITH_KNOTS($,1,(#1606,#1607),.UNSPECIFIED.,.F.,.F.,(2,2),(0,1),.UNSPECIFIED.);
#1609=DEFINITIONAL_REPRESENTATION('pcurve',(#1608),#1);
#1610=PCURVE($,#540,#1609);
#1611=SURFACE_CURVE($,#1600,(#1605,#1610),.PCURVE_S1.);
#1612=EDGE_CURVE($,#1597,#1575,#1611,.T.);
#1613=ORIENTED_EDGE($,$,$,#1612,.F.);
#1614=CARTESIAN_POINT($,(-20.9,-19,6.5));
#1615=CARTESIAN_POINT($,(-20.9,-19,6.875));
#1616=CARTESIAN_POINT($,(-20.9,-19,7.25));
#1617=CARTESIAN_POINT($,(-20.35,-18.5,8));
#1618=CARTESIAN_POINT($,(-20.075,-18.25,8));
#1619=CARTESIAN_POINT($,(-19.8,-18,8));
#1620=B_SPLINE_CURVE_WITH_KNOTS($,5,(#1614,#1615,#1616,#1617,#1618,#1619),.UNSPECIFIED.,.F.,.F.,(6,6),(0,1),.UNSPECIFIED.);
#1621=CARTESIAN_POINT($,(0,0));
#1622=CARTESIAN_POINT($,(0,1));
#1623=POLYLINE($,(#1621,#1622));
#1624=DEFINITIONAL_REPRESENTATION('pcurve',(#1623),#1);
#1625=PCURVE($,#296,#1624);
#1626=CARTESIAN_POINT($,(1,0));
#1627=CARTESIAN_POINT($,(1,1));
#1628=POLYLINE($,(#1626,#1627));
#1629=DEFINITIONAL_REPRESENTATION('pcurve',(#1628),#1);
#1630=PCURVE($,#535,#1629);
#1631=SURFACE_CURVE($,#1620,(#1625,#1630),.PCURVE_S1.);
#1632=EDGE_CURVE($,#1065,#1597,#1631,.T.);
#1633=ORIENTED_EDGE($,$,$,#1632,.F.);
#1634=EDGE_LOOP($,(#1573,#1595,#1613,#1633));
#1635=FACE_OUTER_BOUND('',#1634,.T.);
#1636=ADVANCED_FACE('',(#1635),#296,.T.);
#1637=ORIENTED_EDGE($,$,$,#1144,.T.);
#1638=CARTESIAN_POINT($,(25.8544541898267,-16.8544541898267,8));
#1639=VERTEX_POINT($,#1638);
#1640=CARTESIAN_POINT($,(27.2908127559282,-17.7908127559282,6.5));
#1641=CARTESIAN_POINT($,(27.2908127559282,-17.7908127559282,6.875));
#1642=CARTESIAN_POINT($,(27.2908127559282,-17.7908127559282,7.25));
#1643=CARTESIAN_POINT($,(26.5726334728775,-17.3226334728775,8));
#1644=CARTESIAN_POINT($,(26.2135438313521,-17.0885438313521,8));
#1645=CARTESIAN_POINT($,(25.8544541898267,-16.8544541898267,8));
#1646=B_SPLINE_CURVE_WITH_KNOTS($,5,(#1640,#1641,#1642,#1643,#1644,#1645),.UNSPECIFIED.,.F.,.F.,(6,6),(0,1),.UNSPECIFIED.);
#1647=CARTESIAN_POINT($,(1,0));
#1648=CARTESIAN_POINT($,(1,1));
#1649=POLYLINE($,(#1647,#1648));
#1650=DEFINITIONAL_REPRESENTATION('pcurve',(#1649),#1);
#1651=PCURVE($,#321,#1650);
#1652=CARTESIAN_POINT($,(0,0));
#1653=CARTESIAN_POINT($,(0,1));
#1654=POLYLINE($,(#1652,#1653));
#1655=DEFINITIONAL_REPRESENTATION('pcurve',(#1654),#1);
#1656=PCURVE($,#346,#1655);
#1657=SURFACE_CURVE($,#1646,(#1651,#1656),.PCURVE_S1.);
#1658=EDGE_CURVE($,#1107,#1639,#1657,.T.);
#1659=ORIENTED_EDGE($,$,$,#1658,.T.);
#1660=CARTESIAN_POINT($,(19.8,-18,8));
#1661=CARTESIAN_POINT($,(22.2544541898267,-18,8));
#1662=CARTESIAN_POINT($,(24.7089083796535,-18,8));
#1663=CARTESIAN_POINT($,(25.8544541898267,-16.8544541898267,8));
#1664=B_SPLINE_CURVE_WITH_KNOTS($,3,(#1660,#1661,#1662,#1663),.UNSPECIFIED.,.F.,.F.,(4,4),(0,1),.UNSPECIFIED.);
#1665=CARTESIAN_POINT($,(0,1));
#1666=CARTESIAN_POINT($,(1,1));
#1667=POLYLINE($,(#1665,#1666));
#1668=DEFINITIONAL_REPRESENTATION('pcurve',(#1667),#1);
#1669=PCURVE($,#321,#1668);
#1670=CARTESIAN_POINT($,(19.8,-18));
#1671=CARTESIAN_POINT($,(22.2544541898267,-18));
#1672=CARTESIAN_POINT($,(24.7089083796535,-18));
#1673=CARTESIAN_POINT($,(25.8544541898267,-16.8544541898267));
#1674=B_SPLINE_CURVE_WITH_KNOTS($,3,(#1670,#1671,#1672,#1673),.UNSPECIFIED.,.F.,.F.,(4,4),(0,1),.UNSPECIFIED.);
#1675=DEFINITIONAL_REPRESENTATION('pcurve',(#1674),#1);
#1676=PCURVE($,#540,#1675);
#1677=SURFACE_CURVE($,#1664,(#1669,#1676),.PCURVE_S1.);
#1678=EDGE_CURVE($,#1575,#1639,#1677,.T.);
#1679=ORIENTED_EDGE($,$,$,#1678,.F.);
#1680=ORIENTED_EDGE($,$,$,#1594,.F.);
#1681=EDGE_LOOP($,(#1637,#1659,#1679,#1680));
#1682=FACE_OUTER_BOUND('',#1681,.T.);
#1683=ADVANCED_FACE('',(#1682),#321,.T.);
#1684=ORIENTED_EDGE($,$,$,#1189,.T.);
#1685=CARTESIAN_POINT($,(27,-10.8,8));
#1686=VERTEX_POINT($,#1685);
#1687=CARTESIAN_POINT($,(28.5,-11.4,6.5));
#1688=CARTESIAN_POINT($,(28.5,-11.4,6.875));
#1689=CARTESIAN_POINT($,(28.5,-11.4,7.25));
#1690=CARTESIAN_POINT($,(27.75,-11.1,8));
#1691=CARTESIAN_POINT($,(27.375,-10.95,8));
#1692=CARTESIAN_POINT($,(27,-10.8,8));
#1693=B_SPLINE_CURVE_WITH_KNOTS($,5,(#1687,#1688,#1689,#1690,#1691,#1692),.UNSPECIFIED.,.F.,.F.,(6,6),(0,1),.UNSPECIFIED.);
#1694=CARTESIAN_POINT($,(1,0));
#1695=CARTESIAN_POINT($,(1,1));
#1696=POLYLINE($,(#1694,#1695));
#1697=DEFINITIONAL_REPRESENTATION('pcurve',(#1696),#1);
#1698=PCURVE($,#346,#1697);
#1699=CARTESIAN_POINT($,(0,0));
#1700=CARTESIAN_POINT($,(0,1));
#1701=POLYLINE($,(#1699,#1700));
#1702=DEFINITIONAL_REPRESENTATION('pcurve',(#1701),#1);
#1703=PCURVE($,#359,#1702);
#1704=SURFACE_CURVE($,#1693,(#1698,#1703),.PCURVE_S1.);
#1705=EDGE_CURVE($,#1152,#1686,#1704,.T.);
#1706=ORIENTED_EDGE($,$,$,#1705,.T.);
#1707=CARTESIAN_POINT($,(25.8544541898267,-16.8544541898267,8));
#1708=CARTESIAN_POINT($,(27,-15.7089083796535,8));
#1709=CARTESIAN_POINT($,(27,-13.2544541898267,8));
#1710=CARTESIAN_POINT($,(27,-10.8,8));
#1711=B_SPLINE_CURVE_WITH_KNOTS($,3,(#1707,#1708,#1709,#1710),.UNSPECIFIED.,.F.,.F.,(4,4),(0,1),.UNSPECIFIED.);
#1712=CARTESIAN_POINT($,(0,1));
#1713=CARTESIAN_POINT($,(1,1));
#1714=POLYLINE($,(#1712,#1713));
#1715=DEFINITIONAL_REPRESENTATION('pcurve',(#1714),#1);
#1716=PCURVE($,#346,#1715);
#1717=CARTESIAN_POINT($,(25.8544541898267,-16.8544541898267));
#1718=CARTESIAN_POINT($,(27,-15.7089083796535));
#1719=CARTESIAN_POINT($,(27,-13.2544541898267));
#1720=CARTESIAN_POINT($,(27,-10.8));
#1721=B_SPLINE_CURVE_WITH_KNOTS($,3,(#1717,#1718,#1719,#1720),.UNSPECIFIED.,.F.,.F.,(4,4),(0,1),.UNSPECIFIED.);
#1722=DEFINITIONAL_REPRESENTATION('pcurve',(#1721),#1);
#1723=PCURVE($,#540,#1722);
#1724=SURFACE_CURVE($,#1711,(#1716,#1723),.PCURVE_S1.);
#1725=EDGE_CURVE($,#1639,#1686,#1724,.T.);
#1726=ORIENTED_EDGE($,$,$,#1725,.F.);
#1727=ORIENTED_EDGE($,$,$,#1658,.F.);
#1728=EDGE_LOOP($,(#1684,#1706,#1726,#1727));
#1729=FACE_OUTER_BOUND('',#1728,.T.);
#1730=ADVANCED_FACE('',(#1729),#346,.T.);
#1731=ORIENTED_EDGE($,$,$,#1232,.T.);
#1732=CARTESIAN_POINT($,(27,10.8,8));
#1733=VERTEX_POINT($,#1732);
#1734=CARTESIAN_POINT($,(28.5,11.4,6.5));
#1735=CARTESIAN_POINT($,(28.5,11.4,6.875));
#1736=CARTESIAN_POINT($,(28.5,11.4,7.25));
#1737=CARTESIAN_POINT($,(27.75,11.1,8));
#1738=CARTESIAN_POINT($,(27.375,10.95,8));
#1739=CARTESIAN_POINT($,(27,10.8,8));
#1740=B_SPLINE_CURVE_WITH_KNOTS($,5,(#1734,#1735,#1736,#1737,#1738,#1739),.UNSPECIFIED.,.F.,.F.,(6,6),(0,1),.UNSPECIFIED.);
#1741=CARTESIAN_POINT($,(1,0));
#1742=CARTESIAN_POINT($,(1,1));
#1743=POLYLINE($,(#1741,#1742));
#1744=DEFINITIONAL_REPRESENTATION('pcurve',(#1743),#1);
#1745=PCURVE($,#359,#1744);
#1746=CARTESIAN_POINT($,(0,0));
#1747=CARTESIAN_POINT($,(0,1));
#1748=POLYLINE($,(#1746,#1747));
#1749=DEFINITIONAL_REPRESENTATION('pcurve',(#1748),#1);
#1750=PCURVE($,#384,#1749);
#1751=SURFACE_CURVE($,#1740,(#1745,#1750),.PCURVE_S1.);
#1752=EDGE_CURVE($,#1197,#1733,#1751,.T.);
#1753=ORIENTED_EDGE($,$,$,#1752,.T.);
#1754=CARTESIAN_POINT($,(27,-10.8,8));
#1755=CARTESIAN_POINT($,(27,10.8,8));
#1756=B_SPLINE_CURVE_WITH_KNOTS($,1,(#1754,#1755),.UNSPECIFIED.,.F.,.F.,(2,2),(0,1),.UNSPECIFIED.);
#1757=CARTESIAN_POINT($,(0,1));
#1758=CARTESIAN_POINT($,(1,1));
#1759=POLYLINE($,(#1757,#1758));
#1760=DEFINITIONAL_REPRESENTATION('pcurve',(#1759),#1);
#1761=PCURVE($,#359,#1760);
#1762=CARTESIAN_POINT($,(27,-10.8));
#1763=CARTESIAN_POINT($,(27,10.8));
#1764=B_SPLINE_CURVE_WITH_KNOTS($,1,(#1762,#1763),.UNSPECIFIED.,.F.,.F.,(2,2),(0,1),.UNSPECIFIED.);
#1765=DEFINITIONAL_REPRESENTATION('pcurve',(#1764),#1);
#1766=PCURVE($,#540,#1765);
#1767=SURFACE_CURVE($,#1756,(#1761,#1766),.PCURVE_S1.);
#1768=EDGE_CURVE($,#1686,#1733,#1767,.T.);
#1769=ORIENTED_EDGE($,$,$,#1768,.F.);
#1770=ORIENTED_EDGE($,$,$,#1705,.F.);
#1771=EDGE_LOOP($,(#1731,#1753,#1769,#1770));
#1772=FACE_OUTER_BOUND('',#1771,.T.);
#1773=ADVANCED_FACE('',(#1772),#359,.T.);
#1774=ORIENTED_EDGE($,$,$,#1277,.T.);
#1775=CARTESIAN_POINT($,(25.8544541898267,16.8544541898267,8));
#1776=VERTEX_POINT($,#1775);
#1777=CARTESIAN_POINT($,(27.2908127559282,17.7908127559282,6.5));
#1778=CARTESIAN_POINT($,(27.2908127559282,17.7908127559282,6.875));
#1779=CARTESIAN_POINT($,(27.2908127559282,17.7908127559282,7.25));
#1780=CARTESIAN_POINT($,(26.5726334728775,17.3226334728775,8));
#1781=CARTESIAN_POINT($,(26.2135438313521,17.0885438313521,8));
#1782=CARTESIAN_POINT($,(25.8544541898267,16.8544541898267,8));
#1783=B_SPLINE_CURVE_WITH_KNOTS($,5,(#1777,#1778,#1779,#1780,#1781,#1782),.UNSPECIFIED.,.F.,.F.,(6,6),(0,1),.UNSPECIFIED.);
#1784=CARTESIAN_POINT($,(1,0));
#1785=CARTESIAN_POINT($,(1,1));
#1786=POLYLINE($,(#1784,#1785));
#1787=DEFINITIONAL_REPRESENTATION('pcurve',(#1786),#1);
#1788=PCURVE($,#384,#1787);
#1789=CARTESIAN_POINT($,(0,0));
#1790=CARTESIAN_POINT($,(0,1));
#1791=POLYLINE($,(#1789,#1790));
#1792=DEFINITIONAL_REPRESENTATION('pcurve',(#1791),#1);
#1793=PCURVE($,#409,#1792);
#1794=SURFACE_CURVE($,#1783,(#1788,#1793),.PCURVE_S1.);
#1795=EDGE_CURVE($,#1240,#1776,#1794,.T.);
#1796=ORIENTED_EDGE($,$,$,#1795,.T.);
#1797=CARTESIAN_POINT($,(27,10.8,8));
#1798=CARTESIAN_POINT($,(27,13.2544541898267,8));
#1799=CARTESIAN_POINT($,(27,15.7089083796535,8));
#1800=CARTESIAN_POINT($,(25.8544541898267,16.8544541898267,8));
#1801=B_SPLINE_CURVE_WITH_KNOTS($,3,(#1797,#1798,#1799,#1800),.UNSPECIFIED.,.F.,.F.,(4,4),(0,1),.UNSPECIFIED.);
#1802=CARTESIAN_POINT($,(0,1));
#1803=CARTESIAN_POINT($,(1,1));
#1804=POLYLINE($,(#1802,#1803));
#1805=DEFINITIONAL_REPRESENTATION('pcurve',(#1804),#1);
#1806=PCURVE($,#384,#1805);
#1807=CARTESIAN_POINT($,(27,10.8));
#1808=CARTESIAN_POINT($,(27,13.2544541898267));
#1809=CARTESIAN_POINT($,(27,15.7089083796535));
#1810=CARTESIAN_POINT($,(25.8544541898267,16.8544541898267));
#1811=B_SPLINE_CURVE_WITH_KNOTS($,3,(#1807,#1808,#1809,#1810),.UNSPECIFIED.,.F.,.F.,(4,4),(0,1),.UNSPECIFIED.);
#1812=DEFINITIONAL_REPRESENTATION('pcurve',(#1811),#1);
#1813=PCURVE($,#540,#1812);
#1814=SURFACE_CURVE($,#1801,(#1806,#1813),.PCURVE_S1.);
#1815=EDGE_CURVE($,#1733,#1776,#1814,.T.);
#1816=ORIENTED_EDGE($,$,$,#1815,.F.);
#1817=ORIENTED_EDGE($,$,$,#1752,.F.);
#1818=EDGE_LOOP($,(#1774,#1796,#1816,#1817));
#1819=FACE_OUTER_BOUND('',#1818,.T.);
#1820=ADVANCED_FACE('',(#1819),#384,.T.);
#1821=ORIENTED_EDGE($,$,$,#1322,.T.);
#1822=CARTESIAN_POINT($,(19.8,18,8));
#1823=VERTEX_POINT($,#1822);
#1824=CARTESIAN_POINT($,(20.9,19,6.5));
#1825=CARTESIAN_POINT($,(20.9,19,6.875));
#1826=CARTESIAN_POINT($,(20.9,19,7.25));
#1827=CARTESIAN_POINT($,(20.35,18.5,8));
#1828=CARTESIAN_POINT($,(20.075,18.25,8));
#1829=CARTESIAN_POINT($,(19.8,18,8));
#1830=B_SPLINE_CURVE_WITH_KNOTS($,5,(#1824,#1825,#1826,#1827,#1828,#1829),.UNSPECIFIED.,.F.,.F.,(6,6),(0,1),.UNSPECIFIED.);
#1831=CARTESIAN_POINT($,(1,0));
#1832=CARTESIAN_POINT($,(1,1));
#1833=POLYLINE($,(#1831,#1832));
#1834=DEFINITIONAL_REPRESENTATION('pcurve',(#1833),#1);
#1835=PCURVE($,#409,#1834);
#1836=CARTESIAN_POINT($,(0,0));
#1837=CARTESIAN_POINT($,(0,1));
#1838=POLYLINE($,(#1836,#1837));
#1839=DEFINITIONAL_REPRESENTATION('pcurve',(#1838),#1);
#1840=PCURVE($,#422,#1839);
#1841=SURFACE_CURVE($,#1830,(#1835,#1840),.PCURVE_S1.);
#1842=EDGE_CURVE($,#1285,#1823,#1841,.T.);
#1843=ORIENTED_EDGE($,$,$,#1842,.T.);
#1844=CARTESIAN_POINT($,(25.8544541898267,16.8544541898267,8));
#1845=CARTESIAN_POINT($,(24.7089083796535,18,8));
#1846=CARTESIAN_POINT($,(22.2544541898267,18,8));
#1847=CARTESIAN_POINT($,(19.8,18,8));
#1848=B_SPLINE_CURVE_WITH_KNOTS($,3,(#1844,#1845,#1846,#1847),.UNSPECIFIED.,.F.,.F.,(4,4),(0,1),.UNSPECIFIED.);
#1849=CARTESIAN_POINT($,(0,1));
#1850=CARTESIAN_POINT($,(1,1));
#1851=POLYLINE($,(#1849,#1850));
#1852=DEFINITIONAL_REPRESENTATION('pcurve',(#1851),#1);
#1853=PCURVE($,#409,#1852);
#1854=CARTESIAN_POINT($,(25.8544541898267,16.8544541898267));
#1855=CARTESIAN_POINT($,(24.7089083796535,18));
#1856=CARTESIAN_POINT($,(22.2544541898267,18));
#1857=CARTESIAN_POINT($,(19.8,18));
#1858=B_SPLINE_CURVE_WITH_KNOTS($,3,(#1854,#1855,#1856,#1857),.UNSPECIFIED.,.F.,.F.,(4,4),(0,1),.UNSPECIFIED.);
#1859=DEFINITIONAL_REPRESENTATION('pcurve',(#1858),#1);
#1860=PCURVE($,#540,#1859);
#1861=SURFACE_CURVE($,#1848,(#1853,#1860),.PCURVE_S1.);
#1862=EDGE_CURVE($,#1776,#1823,#1861,.T.);
#1863=ORIENTED_EDGE($,$,$,#1862,.F.);
#1864=ORIENTED_EDGE($,$,$,#1795,.F.);
#1865=EDGE_LOOP($,(#1821,#1843,#1863,#1864));
#1866=FACE_OUTER_BOUND('',#1865,.T.);
#1867=ADVANCED_FACE('',(#1866),#409,.T.);
#1868=ORIENTED_EDGE($,$,$,#1365,.T.);
#1869=CARTESIAN_POINT($,(-19.8,18,8));
#1870=VERTEX_POINT($,#1869);
#1871=CARTESIAN_POINT($,(-20.9,19,6.5));
#1872=CARTESIAN_POINT($,(-20.9,19,6.875));
#1873=CARTESIAN_POINT($,(-20.9,19,7.25));
#1874=CARTESIAN_POINT($,(-20.35,18.5,8));
#1875=CARTESIAN_POINT($,(-20.075,18.25,8));
#1876=CARTESIAN_POINT($,(-19.8,18,8));
#1877=B_SPLINE_CURVE_WITH_KNOTS($,5,(#1871,#1872,#1873,#1874,#1875,#1876),.UNSPECIFIED.,.F.,.F.,(6,6),(0,1),.UNSPECIFIED.);
#1878=CARTESIAN_POINT($,(1,0));
#1879=CARTESIAN_POINT($,(1,1));
#1880=POLYLINE($,(#1878,#1879));
#1881=DEFINITIONAL_REPRESENTATION('pcurve',(#1880),#1);
#1882=PCURVE($,#422,#1881);
#1883=CARTESIAN_POINT($,(0,0));
#1884=CARTESIAN_POINT($,(0,1));
#1885=POLYLINE($,(#1883,#1884));
#1886=DEFINITIONAL_REPRESENTATION('pcurve',(#1885),#1);
#1887=PCURVE($,#447,#1886);
#1888=SURFACE_CURVE($,#1877,(#1882,#1887),.PCURVE_S1.);
#1889=EDGE_CURVE($,#1330,#1870,#1888,.T.);
#1890=ORIENTED_EDGE($,$,$,#1889,.T.);
#1891=CARTESIAN_POINT($,(19.8,18,8));
#1892=CARTESIAN_POINT($,(-19.8,18,8));
#1893=B_SPLINE_CURVE_WITH_KNOTS($,1,(#1891,#1892),.UNSPECIFIED.,.F.,.F.,(2,2),(0,1),.UNSPECIFIED.);
#1894=CARTESIAN_POINT($,(0,1));
#1895=CARTESIAN_POINT($,(1,1));
#1896=POLYLINE($,(#1894,#1895));
#1897=DEFINITIONAL_REPRESENTATION('pcurve',(#1896),#1);
#1898=PCURVE($,#422,#1897);
#1899=CARTESIAN_POINT($,(19.8,18));
#1900=CARTESIAN_POINT($,(-19.8,18));
#1901=B_SPLINE_CURVE_WITH_KNOTS($,1,(#1899,#1900),.UNSPECIFIED.,.F.,.F.,(2,2),(0,1),.UNSPECIFIED.);
#1902=DEFINITIONAL_REPRESENTATION('pcurve',(#1901),#1);
#1903=PCURVE($,#540,#1902);
#1904=SURFACE_CURVE($,#1893,(#1898,#1903),.PCURVE_S1.);
#1905=EDGE_CURVE($,#1823,#1870,#1904,.T.);
#1906=ORIENTED_EDGE($,$,$,#1905,.F.);
#1907=ORIENTED_EDGE($,$,$,#1842,.F.);
#1908=EDGE_LOOP($,(#1868,#1890,#1906,#1907));
#1909=FACE_OUTER_BOUND('',#1908,.T.);
#1910=ADVANCED_FACE('',(#1909),#422,.T.);
#1911=ORIENTED_EDGE($,$,$,#1410,.T.);
#1912=CARTESIAN_POINT($,(-25.8544541898267,16.8544541898267,8));
#1913=VERTEX_POINT($,#1912);
#1914=CARTESIAN_POINT($,(-27.2908127559282,17.7908127559282,6.5));
#1915=CARTESIAN_POINT($,(-27.2908127559282,17.7908127559282,6.875));
#1916=CARTESIAN_POINT($,(-27.2908127559282,17.7908127559282,7.25));
#1917=CARTESIAN_POINT($,(-26.5726334728775,17.3226334728775,8));
#1918=CARTESIAN_POINT($,(-26.2135438313521,17.0885438313521,8));
#1919=CARTESIAN_POINT($,(-25.8544541898267,16.8544541898267,8));
#1920=B_SPLINE_CURVE_WITH_KNOTS($,5,(#1914,#1915,#1916,#1917,#1918,#1919),.UNSPECIFIED.,.F.,.F.,(6,6),(0,1),.UNSPECIFIED.);
#1921=CARTESIAN_POINT($,(1,0));
#1922=CARTESIAN_POINT($,(1,1));
#1923=POLYLINE($,(#1921,#1922));
#1924=DEFINITIONAL_REPRESENTATION('pcurve',(#1923),#1);
#1925=PCURVE($,#447,#1924);
#1926=CARTESIAN_POINT($,(0,0));
#1927=CARTESIAN_POINT($,(0,1));
#1928=POLYLINE($,(#1926,#1927));
#1929=DEFINITIONAL_REPRESENTATION('pcurve',(#1928),#1);
#1930=PCURVE($,#472,#1929);
#1931=SURFACE_CURVE($,#1920,(#1925,#1930),.PCURVE_S1.);
#1932=EDGE_CURVE($,#1373,#1913,#1931,.T.);
#1933=ORIENTED_EDGE($,$,$,#1932,.T.);
#1934=CARTESIAN_POINT($,(-19.8,18,8));
#1935=CARTESIAN_POINT($,(-22.2544541898267,18,8));
#1936=CARTESIAN_POINT($,(-24.7089083796535,18,8));
#1937=CARTESIAN_POINT($,(-25.8544541898267,16.8544541898267,8));
#1938=B_SPLINE_CURVE_WITH_KNOTS($,3,(#1934,#1935,#1936,#1937),.UNSPECIFIED.,.F.,.F.,(4,4),(0,1),.UNSPECIFIED.);
#1939=CARTESIAN_POINT($,(0,1));
#1940=CARTESIAN_POINT($,(1,1));
#1941=POLYLINE($,(#1939,#1940));
#1942=DEFINITIONAL_REPRESENTATION('pcurve',(#1941),#1);
#1943=PCURVE($,#447,#1942);
#1944=CARTESIAN_POINT($,(-19.8,18));
#1945=CARTESIAN_POINT($,(-22.2544541898267,18));
#1946=CARTESIAN_POINT($,(-24.7089083796535,18));
#1947=CARTESIAN_POINT($,(-25.8544541898267,16.8544541898267));
#1948=B_SPLINE_CURVE_WITH_KNOTS($,3,(#1944,#1945,#1946,#1947),.UNSPECIFIED.,.F.,.F.,(4,4),(0,1),.UNSPECIFIED.);
#1949=DEFINITIONAL_REPRESENTATION('pcurve',(#1948),#1);
#1950=PCURVE($,#540,#1949);
#1951=SURFACE_CURVE($,#1938,(#1943,#1950),.PCURVE_S1.);
#1952=EDGE_CURVE($,#1870,#1913,#1951,.T.);
#1953=ORIENTED_EDGE($,$,$,#1952,.F.);
#1954=ORIENTED_EDGE($,$,$,#1889,.F.);
#1955=EDGE_LOOP($,(#1911,#1933,#1953,#1954));
#1956=FACE_OUTER_BOUND('',#1955,.T.);
#1957=ADVANCED_FACE('',(#1956),#447,.T.);
#1958=ORIENTED_EDGE($,$,$,#1455,.T.);
#1959=CARTESIAN_POINT($,(-27,10.8,8));
#1960=VERTEX_POINT($,#1959);
#1961=CARTESIAN_POINT($,(-28.5,11.4,6.5));
#1962=CARTESIAN_POINT($,(-28.5,11.4,6.875));
#1963=CARTESIAN_POINT($,(-28.5,11.4,7.25));
#1964=CARTESIAN_POINT($,(-27.75,11.1,8));
#1965=CARTESIAN_POINT($,(-27.375,10.95,8));
#1966=CARTESIAN_POINT($,(-27,10.8,8));
#1967=B_SPLINE_CURVE_WITH_KNOTS($,5,(#1961,#1962,#1963,#1964,#1965,#1966),.UNSPECIFIED.,.F.,.F.,(6,6),(0,1),.UNSPECIFIED.);
#1968=CARTESIAN_POINT($,(1,0));
#1969=CARTESIAN_POINT($,(1,1));
#1970=POLYLINE($,(#1968,#1969));
#1971=DEFINITIONAL_REPRESENTATION('pcurve',(#1970),#1);
#1972=PCURVE($,#472,#1971);
#1973=CARTESIAN_POINT($,(0,0));
#1974=CARTESIAN_POINT($,(0,1));
#1975=POLYLINE($,(#1973,#1974));
#1976=DEFINITIONAL_REPRESENTATION('pcurve',(#1975),#1);
#1977=PCURVE($,#485,#1976);
#1978=SURFACE_CURVE($,#1967,(#1972,#1977),.PCURVE_S1.);
#1979=EDGE_CURVE($,#1418,#1960,#1978,.T.);
#1980=ORIENTED_EDGE($,$,$,#1979,.T.);
#1981=CARTESIAN_POINT($,(-25.8544541898267,16.8544541898267,8));
#1982=CARTESIAN_POINT($,(-27,15.7089083796535,8));
#1983=CARTESIAN_POINT($,(-27,13.2544541898267,8));
#1984=CARTESIAN_POINT($,(-27,10.8,8));
#1985=B_SPLINE_CURVE_WITH_KNOTS($,3,(#1981,#1982,#1983,#1984),.UNSPECIFIED.,.F.,.F.,(4,4),(0,1),.UNSPECIFIED.);
#1986=CARTESIAN_POINT($,(0,1));
#1987=CARTESIAN_POINT($,(1,1));
#1988=POLYLINE($,(#1986,#1987));
#1989=DEFINITIONAL_REPRESENTATION('pcurve',(#1988),#1);
#1990=PCURVE($,#472,#1989);
#1991=CARTESIAN_POINT($,(-25.8544541898267,16.8544541898267));
#1992=CARTESIAN_POINT($,(-27,15.7089083796535));
#1993=CARTESIAN_POINT($,(-27,13.2544541898267));
#1994=CARTESIAN_POINT($,(-27,10.8));
#1995=B_SPLINE_CURVE_WITH_KNOTS($,3,(#1991,#1992,#1993,#1994),.UNSPECIFIED.,.F.,.F.,(4,4),(0,1),.UNSPECIFIED.);
#1996=DEFINITIONAL_REPRESENTATION('pcurve',(#1995),#1);
#1997=PCURVE($,#540,#1996);
#1998=SURFACE_CURVE($,#1985,(#1990,#1997),.PCURVE_S1.);
#1999=EDGE_CURVE($,#1913,#1960,#1998,.T.);
#2000=ORIENTED_EDGE($,$,$,#1999,.F.);
#2001=ORIENTED_EDGE($,$,$,#1932,.F.);
#2002=EDGE_LOOP($,(#1958,#1980,#2000,#2001));
#2003=FACE_OUTER_BOUND('',#2002,.T.);
#2004=ADVANCED_FACE('',(#2003),#472,.T.);
#2005=ORIENTED_EDGE($,$,$,#1498,.T.);
#2006=CARTESIAN_POINT($,(-27,-10.8,8));
#2007=VERTEX_POINT($,#2006);
#2008=CARTESIAN_POINT($,(-28.5,-11.4,6.5));
#2009=CARTESIAN_POINT($,(-28.5,-11.4,6.875));
#2010=CARTESIAN_POINT($,(-28.5,-11.4,7.25));
#2011=CARTESIAN_POINT($,(-27.75,-11.1,8));
#2012=CARTESIAN_POINT($,(-27.375,-10.95,8));
#2013=CARTESIAN_POINT($,(-27,-10.8,8));
#2014=B_SPLINE_CURVE_WITH_KNOTS($,5,(#2008,#2009,#2010,#2011,#2012,#2013),.UNSPECIFIED.,.F.,.F.,(6,6),(0,1),.UNSPECIFIED.);
#2015=CARTESIAN_POINT($,(1,0));
#2016=CARTESIAN_POINT($,(1,1));
#2017=POLYLINE($,(#2015,#2016));
#2018=DEFINITIONAL_REPRESENTATION('pcurve',(#2017),#1);
#2019=PCURVE($,#485,#2018);
#2020=CARTESIAN_POINT($,(0,0));
#2021=CARTESIAN_POINT($,(0,1));
#2022=POLYLINE($,(#2020,#2021));
#2023=DEFINITIONAL_REPRESENTATION('pcurve',(#2022),#1);
#2024=PCURVE($,#510,#2023);
#2025=SURFACE_CURVE($,#2014,(#2019,#2024),.PCURVE_S1.);
#2026=EDGE_CURVE($,#1463,#2007,#2025,.T.);
#2027=ORIENTED_EDGE($,$,$,#2026,.T.);
#2028=CARTESIAN_POINT($,(-27,10.8,8));
#2029=CARTESIAN_POINT($,(-27,-10.8,8));
#2030=B_SPLINE_CURVE_WITH_KNOTS($,1,(#2028,#2029),.UNSPECIFIED.,.F.,.F.,(2,2),(0,1),.UNSPECIFIED.);
#2031=CARTESIAN_POINT($,(0,1));
#2032=CARTESIAN_POINT($,(1,1));
#2033=POLYLINE($,(#2031,#2032));
#2034=DEFINITIONAL_REPRESENTATION('pcurve',(#2033),#1);
#2035=PCURVE($,#485,#2034);
#2036=CARTESIAN_POINT($,(-27,10.8));
#2037=CARTESIAN_POINT($,(-27,-10.8));
#2038=B_SPLINE_CURVE_WITH_KNOTS($,1,(#2036,#2037),.UNSPECIFIED.,.F.,.F.,(2,2),(0,1),.UNSPECIFIED.);
#2039=DEFINITIONAL_REPRESENTATION('pcurve',(#2038),#1);
#2040=PCURVE($,#540,#2039);
#2041=SURFACE_CURVE($,#2030,(#2035,#2040),.PCURVE_S1.);
#2042=EDGE_CURVE($,#1960,#2007,#2041,.T.);
#2043=ORIENTED_EDGE($,$,$,#2042,.F.);
#2044=ORIENTED_EDGE($,$,$,#1979,.F.);
#2045=EDGE_LOOP($,(#2005,#2027,#2043,#2044));
#2046=FACE_OUTER_BOUND('',#2045,.T.);
#2047=ADVANCED_FACE('',(#2046),#485,.T.);
#2048=ORIENTED_EDGE($,$,$,#1543,.T.);
#2049=CARTESIAN_POINT($,(-25.8544541898267,-16.8544541898267,8));
#2050=VERTEX_POINT($,#2049);
#2051=CARTESIAN_POINT($,(-27.2908127559282,-17.7908127559282,6.5));
#2052=CARTESIAN_POINT($,(-27.2908127559282,-17.7908127559282,6.875));
#2053=CARTESIAN_POINT($,(-27.2908127559282,-17.7908127559282,7.25));
#2054=CARTESIAN_POINT($,(-26.5726334728775,-17.3226334728775,8));
#2055=CARTESIAN_POINT($,(-26.2135438313521,-17.0885438313521,8));
#2056=CARTESIAN_POINT($,(-25.8544541898267,-16.8544541898267,8));
#2057=B_SPLINE_CURVE_WITH_KNOTS($,5,(#2051,#2052,#2053,#2054,#2055,#2056),.UNSPECIFIED.,.F.,.F.,(6,6),(0,1),.UNSPECIFIED.);
#2058=CARTESIAN_POINT($,(1,0));
#2059=CARTESIAN_POINT($,(1,1));
#2060=POLYLINE($,(#2058,#2059));
#2061=DEFINITIONAL_REPRESENTATION('pcurve',(#2060),#1);
#2062=PCURVE($,#510,#2061);
#2063=CARTESIAN_POINT($,(0,0));
#2064=CARTESIAN_POINT($,(0,1));
#2065=POLYLINE($,(#2063,#2064));
#2066=DEFINITIONAL_REPRESENTATION('pcurve',(#2065),#1);
#2067=PCURVE($,#535,#2066);
#2068=SURFACE_CURVE($,#2057,(#2062,#2067),.PCURVE_S1.);
#2069=EDGE_CURVE($,#1506,#2050,#2068,.T.);
#2070=ORIENTED_EDGE($,$,$,#2069,.T.);
#2071=CARTESIAN_POINT($,(-27,-10.8,8));
#2072=CARTESIAN_POINT($,(-27,-13.2544541898267,8));
#2073=CARTESIAN_POINT($,(-27,-15.7089083796535,8));
#2074=CARTESIAN_POINT($,(-25.8544541898267,-16.8544541898267,8));
#2075=B_SPLINE_CURVE_WITH_KNOTS($,3,(#2071,#2072,#2073,#2074),.UNSPECIFIED.,.F.,.F.,(4,4),(0,1),.UNSPECIFIED.);
#2076=CARTESIAN_POINT($,(0,1));
#2077=CARTESIAN_POINT($,(1,1));
#2078=POLYLINE($,(#2076,#2077));
#2079=DEFINITIONAL_REPRESENTATION('pcurve',(#2078),#1);
#2080=PCURVE($,#510,#2079);
#2081=CARTESIAN_POINT($,(-27,-10.8));
#2082=CARTESIAN_POINT($,(-27,-13.2544541898267));
#2083=CARTESIAN_POINT($,(-27,-15.7089083796535));
#2084=CARTESIAN_POINT($,(-25.8544541898267,-16.8544541898267));
#2085=B_SPLINE_CURVE_WITH_KNOTS($,3,(#2081,#2082,#2083,#2084),.UNSPECIFIED.,.F.,.F.,(4,4),(0,1),.UNSPECIFIED.);
#2086=DEFINITIONAL_REPRESENTATION('pcurve',(#2085),#1);
#2087=PCURVE($,#540,#2086);
#2088=SURFACE_CURVE($,#2075,(#2080,#2087),.PCURVE_S1.);
#2089=EDGE_CURVE($,#2007,#2050,#2088,.T.);
#2090=ORIENTED_EDGE($,$,$,#2089,.F.);
#2091=ORIENTED_EDGE($,$,$,#2026,.F.);
#2092=EDGE_LOOP($,(#2048,#2070,#2090,#2091));
#2093=FACE_OUTER_BOUND('',#2092,.T.);
#2094=ADVANCED_FACE('',(#2093),#510,.T.);
#2095=ORIENTED_EDGE($,$,$,#1567,.T.);
#2096=ORIENTED_EDGE($,$,$,#1632,.T.);
#2097=CARTESIAN_POINT($,(-25.8544541898267,-16.8544541898267,8));
#2098=CARTESIAN_POINT($,(-24.7089083796535,-18,8));
#2099=CARTESIAN_POINT($,(-22.2544541898268,-18,8));
#2100=CARTESIAN_POINT($,(-19.8,-18,8));
#2101=B_SPLINE_CURVE_WITH_KNOTS($,3,(#2097,#2098,#2099,#2100),.UNSPECIFIED.,.F.,.F.,(4,4),(0,1),.UNSPECIFIED.);
#2102=CARTESIAN_POINT($,(0,1));
#2103=CARTESIAN_POINT($,(1,1));
#2104=POLYLINE($,(#2102,#2103));
#2105=DEFINITIONAL_REPRESENTATION('pcurve',(#2104),#1);
#2106=PCURVE($,#535,#2105);
#2107=CARTESIAN_POINT($,(-25.8544541898267,-16.8544541898267));
#2108=CARTESIAN_POINT($,(-24.7089083796535,-18));
#2109=CARTESIAN_POINT($,(-22.2544541898268,-18));
#2110=CARTESIAN_POINT($,(-19.8,-18));
#2111=B_SPLINE_CURVE_WITH_KNOTS($,3,(#2107,#2108,#2109,#2110),.UNSPECIFIED.,.F.,.F.,(4,4),(0,1),.UNSPECIFIED.);
#2112=DEFINITIONAL_REPRESENTATION('pcurve',(#2111),#1);
#2113=PCURVE($,#540,#2112);
#2114=SURFACE_CURVE($,#2101,(#2106,#2113),.PCURVE_S1.);
#2115=EDGE_CURVE($,#2050,#1597,#2114,.T.);
#2116=ORIENTED_EDGE($,$,$,#2115,.F.);
#2117=ORIENTED_EDGE($,$,$,#2069,.F.);
#2118=EDGE_LOOP($,(#2095,#2096,#2116,#2117));
#2119=FACE_OUTER_BOUND('',#2118,.T.);
#2120=ADVANCED_FACE('',(#2119),#535,.T.);
#2121=ORIENTED_EDGE($,$,$,#1612,.T.);
#2122=ORIENTED_EDGE($,$,$,#1678,.T.);
#2123=ORIENTED_EDGE($,$,$,#1725,.T.);
#2124=ORIENTED_EDGE($,$,$,#1768,.T.);
#2125=ORIENTED_EDGE($,$,$,#1815,.T.);
#2126=ORIENTED_EDGE($,$,$,#1862,.T.);
#2127=ORIENTED_EDGE($,$,$,#1905,.T.);
#2128=ORIENTED_EDGE($,$,$,#1952,.T.);
#2129=ORIENTED_EDGE($,$,$,#1999,.T.);
#2130=ORIENTED_EDGE($,$,$,#2042,.T.);
#2131=ORIENTED_EDGE($,$,$,#2089,.T.);
#2132=ORIENTED_EDGE($,$,$,#2115,.T.);
#2133=EDGE_LOOP($,(#2121,#2122,#2123,#2124,#2125,#2126,#2127,#2128,#2129,#2130,#2131,#2132));
#2134=FACE_OUTER_BOUND('',#2133,.T.);
#2135=ADVANCED_FACE('',(#2134),#540,.T.);
#2136=CLOSED_SHELL($,(#619,#948,#987,#1010,#1033,#1040,#1104,#1149,#1194,#1237,#1282,#1327,#1370,#1415,#1460,#1503,#1548,#1572,#1636,#1683,#1730,#1773,#1820,#1867,#1910,#1957,#2004,#2047,#2094,#2120,#2135));
#2137=MANIFOLD_SOLID_BREP('Raised',#2136);
#2138=APPLICATION_CONTEXT('mechanical design');
#2139=PRODUCT_CONTEXT('',#2138,'mechanical');
#2140=PRODUCT('AETHERIS','Raised','',(#2139));
#2141=PRODUCT_DEFINITION_FORMATION('','',#2140);
#2142=PRODUCT_DEFINITION_CONTEXT('design',#2138,'design');
#2143=PRODUCT_DEFINITION('','',#2141,#2142);
#2144=PRODUCT_DEFINITION_SHAPE('','',#2143);
#2145=(LENGTH_UNIT()NAMED_UNIT(*)SI_UNIT(.MILLI.,.METRE.));
#2146=(NAMED_UNIT(*)PLANE_ANGLE_UNIT()SI_UNIT($,.RADIAN.));
#2147=(NAMED_UNIT(*)SI_UNIT($,.STERADIAN.)SOLID_ANGLE_UNIT());
#2148=(GEOMETRIC_REPRESENTATION_CONTEXT(3)GLOBAL_UNIT_ASSIGNED_CONTEXT((#2145,#2146,#2147))REPRESENTATION_CONTEXT('3','3D'));
#2149=SHAPE_REPRESENTATION('Raised',(#2137),#2148);
#2150=SHAPE_DEFINITION_REPRESENTATION(#2144,#2149);
ENDSEC;
END-ISO-10303-21;
