ISO-10303-21;
HEADER;
FILE_DESCRIPTION(('Aetheris AP242 assembly product structure'),'2;1');
FILE_NAME('aetheris_assembly.step','1970-01-01T00:00:00',('Aetheris'),('Aetheris'),'Aetheris.Kernel','Aetheris.Kernel','');
FILE_SCHEMA(('AP242_MANAGED_MODEL_BASED_3D_ENGINEERING_MIM_LF'));
ENDSEC;
DATA;
#1=CARTESIAN_POINT($,(0,0,3));
#2=DIRECTION($,(0,0,1));
#3=DIRECTION($,(1,0,-0));
#4=AXIS2_PLACEMENT_3D($,#1,#2,#3);
#5=PLANE($,#4);
#6=CARTESIAN_POINT($,(7.5,0.000000000000001,3));
#7=VERTEX_POINT($,#6);
#8=CARTESIAN_POINT($,(-7.5,-0.000000000000001,3));
#9=VERTEX_POINT($,#8);
#10=CARTESIAN_POINT($,(7.5,0.000000000000001,3));
#11=CARTESIAN_POINT($,(7.5,-0.585054612929,3));
#12=CARTESIAN_POINT($,(7.44295106424,-1.20521801478,3));
#13=CARTESIAN_POINT($,(7.31515940691,-1.85033890984,3));
#14=CARTESIAN_POINT($,(6.9174836202,-3.08527233291,3));
#15=CARTESIAN_POINT($,(6.21610886075,-4.27235963842,3));
#16=CARTESIAN_POINT($,(5.81621499215,-4.80660561995,3));
#17=CARTESIAN_POINT($,(4.90603051399,-5.77088806315,3));
#18=CARTESIAN_POINT($,(3.775988505,-6.53134212728,3));
#19=CARTESIAN_POINT($,(3.1790299248,-6.8428729705,3));
#20=CARTESIAN_POINT($,(1.92404155108,-7.32665470362,3));
#21=CARTESIAN_POINT($,(0.582116172098,-7.52278240149,3));
#22=CARTESIAN_POINT($,(-0.0946313364034,-7.54474978799,3));
#23=CARTESIAN_POINT($,(-1.44588275644,-7.43589277948,3));
#24=CARTESIAN_POINT($,(-2.73149765405,-7.03353365966,3));
#25=CARTESIAN_POINT($,(-3.34804882139,-6.76091512264,3));
#26=CARTESIAN_POINT($,(-4.52434338626,-6.07498368569,3));
#27=CARTESIAN_POINT($,(-5.49752166125,-5.16815745669,3));
#28=CARTESIAN_POINT($,(-5.93188641726,-4.6595782538,3));
#29=CARTESIAN_POINT($,(-6.76982690894,-3.42768019481,3));
#30=CARTESIAN_POINT($,(-7.26056394836,-2.1079334227,3));
#31=CARTESIAN_POINT($,(-7.42688130669,-1.36969623529,3));
#32=CARTESIAN_POINT($,(-7.5,-0.662348936385,3));
#33=CARTESIAN_POINT($,(-7.5,-0.000000000000001,3));
#34=B_SPLINE_CURVE_WITH_KNOTS($,5,(#10,#11,#12,#13,#14,#15,#16,#17,#18,#19,#20,#21,#22,#23,#24,#25,#26,#27,#28,#29,#30,#31,#32,#33),.UNSPECIFIED.,.F.,.F.,(6,3,3,3,3,3,3,6),(0,5.20225778542,9.84158873828,14.2673349509,18.6433186512,23.0548848731,27.6530164185,33.5425690087),.UNSPECIFIED.);
#35=EDGE_CURVE($,#7,#9,#34,.T.);
#36=ORIENTED_EDGE($,$,$,#35,.F.);
#37=CARTESIAN_POINT($,(-7.5,-0.000000000000001,3));
#38=CARTESIAN_POINT($,(-7.5,0.585054612929,3));
#39=CARTESIAN_POINT($,(-7.44295106424,1.20521801478,3));
#40=CARTESIAN_POINT($,(-7.31515940691,1.85033890984,3));
#41=CARTESIAN_POINT($,(-6.9174836202,3.08527233291,3));
#42=CARTESIAN_POINT($,(-6.21610886075,4.27235963842,3));
#43=CARTESIAN_POINT($,(-5.81621499215,4.80660561995,3));
#44=CARTESIAN_POINT($,(-4.90603051399,5.77088806315,3));
#45=CARTESIAN_POINT($,(-3.775988505,6.53134212728,3));
#46=CARTESIAN_POINT($,(-3.1790299248,6.8428729705,3));
#47=CARTESIAN_POINT($,(-1.92404155108,7.32665470362,3));
#48=CARTESIAN_POINT($,(-0.582116172098,7.52278240149,3));
#49=CARTESIAN_POINT($,(0.0946313364034,7.54474978799,3));
#50=CARTESIAN_POINT($,(1.44588275644,7.43589277948,3));
#51=CARTESIAN_POINT($,(2.73149765405,7.03353365966,3));
#52=CARTESIAN_POINT($,(3.34804882139,6.76091512264,3));
#53=CARTESIAN_POINT($,(4.52434338626,6.07498368569,3));
#54=CARTESIAN_POINT($,(5.49752166125,5.16815745669,3));
#55=CARTESIAN_POINT($,(5.93188641726,4.6595782538,3));
#56=CARTESIAN_POINT($,(6.76982690894,3.42768019481,3));
#57=CARTESIAN_POINT($,(7.26056394836,2.1079334227,3));
#58=CARTESIAN_POINT($,(7.42688130669,1.36969623529,3));
#59=CARTESIAN_POINT($,(7.5,0.662348936385,3));
#60=CARTESIAN_POINT($,(7.5,0.000000000000001,3));
#61=B_SPLINE_CURVE_WITH_KNOTS($,5,(#37,#38,#39,#40,#41,#42,#43,#44,#45,#46,#47,#48,#49,#50,#51,#52,#53,#54,#55,#56,#57,#58,#59,#60),.UNSPECIFIED.,.F.,.F.,(6,3,3,3,3,3,3,6),(0,5.20225778542,9.84158873828,14.2673349509,18.6433186512,23.0548848731,27.6530164185,33.5425690087),.UNSPECIFIED.);
#62=EDGE_CURVE($,#9,#7,#61,.T.);
#63=ORIENTED_EDGE($,$,$,#62,.F.);
#64=EDGE_LOOP($,(#36,#63));
#65=FACE_OUTER_BOUND('',#64,.T.);
#66=CARTESIAN_POINT($,(-5,-0,3));
#67=VERTEX_POINT($,#66);
#68=CARTESIAN_POINT($,(5,0,3));
#69=VERTEX_POINT($,#68);
#70=CARTESIAN_POINT($,(-5,-0,3));
#71=CARTESIAN_POINT($,(-5,-0.467198252312,3));
#72=CARTESIAN_POINT($,(-4.94543032016,-0.967985463874,3));
#73=CARTESIAN_POINT($,(-4.82041774119,-1.49112303535,3));
#74=CARTESIAN_POINT($,(-4.42731387443,-2.48006143438,3));
#75=CARTESIAN_POINT($,(-3.74198536382,-3.38090473983,3));
#76=CARTESIAN_POINT($,(-3.35476380665,-3.76862633308,3));
#77=CARTESIAN_POINT($,(-2.56749137395,-4.36208802884,3));
#78=CARTESIAN_POINT($,(-1.64518926245,-4.75184036526,3));
#79=CARTESIAN_POINT($,(-1.22322144323,-4.87791933608,3));
#80=CARTESIAN_POINT($,(-0.356287037014,-5.03548099138,3));
#81=CARTESIAN_POINT($,(0.52640030158,-5.00140076198,3));
#82=CARTESIAN_POINT($,(0.963050674765,-4.93574856594,3));
#83=CARTESIAN_POINT($,(1.81864212033,-4.70884578804,3));
#84=CARTESIAN_POINT($,(2.59575461931,-4.30713067084,3));
#85=CARTESIAN_POINT($,(2.9603131848,-4.06421908239,3));
#86=CARTESIAN_POINT($,(3.73554903634,-3.41630129394,3));
#87=CARTESIAN_POINT($,(4.3095225984,-2.62465565461,3));
#88=CARTESIAN_POINT($,(4.56375002186,-2.14244819995,3));
#89=CARTESIAN_POINT($,(4.8362924348,-1.40481893471,3));
#90=CARTESIAN_POINT($,(4.96121877006,-0.68885510118,3));
#91=CARTESIAN_POINT($,(4.98763322877,-0.452431376999,3));
#92=CARTESIAN_POINT($,(5,-0.222409665749,3));
#93=CARTESIAN_POINT($,(5,0,3));
#94=B_SPLINE_CURVE_WITH_KNOTS($,5,(#70,#71,#72,#73,#74,#75,#76,#77,#78,#79,#80,#81,#82,#83,#84,#85,#86,#87,#88,#89,#90,#91,#92,#93),.UNSPECIFIED.,.F.,.F.,(6,3,3,3,3,3,3,6),(0,4.15513164387,7.85828164661,10.7238180516,13.5836589935,16.4911855015,20.38776087,22.3658107353),.UNSPECIFIED.);
#95=EDGE_CURVE($,#67,#69,#94,.T.);
#96=ORIENTED_EDGE($,$,$,#95,.F.);
#97=CARTESIAN_POINT($,(5,0,3));
#98=CARTESIAN_POINT($,(5,0.467198252312,3));
#99=CARTESIAN_POINT($,(4.94543032016,0.967985463874,3));
#100=CARTESIAN_POINT($,(4.82041774119,1.49112303535,3));
#101=CARTESIAN_POINT($,(4.42731387443,2.48006143438,3));
#102=CARTESIAN_POINT($,(3.74198536382,3.38090473983,3));
#103=CARTESIAN_POINT($,(3.35476380665,3.76862633308,3));
#104=CARTESIAN_POINT($,(2.56749137395,4.36208802884,3));
#105=CARTESIAN_POINT($,(1.64518926245,4.75184036526,3));
#106=CARTESIAN_POINT($,(1.22322144323,4.87791933608,3));
#107=CARTESIAN_POINT($,(0.356287037014,5.03548099138,3));
#108=CARTESIAN_POINT($,(-0.52640030158,5.00140076198,3));
#109=CARTESIAN_POINT($,(-0.963050674765,4.93574856594,3));
#110=CARTESIAN_POINT($,(-1.81864212033,4.70884578804,3));
#111=CARTESIAN_POINT($,(-2.59575461931,4.30713067084,3));
#112=CARTESIAN_POINT($,(-2.9603131848,4.06421908239,3));
#113=CARTESIAN_POINT($,(-3.73554903634,3.41630129394,3));
#114=CARTESIAN_POINT($,(-4.3095225984,2.62465565461,3));
#115=CARTESIAN_POINT($,(-4.56375002186,2.14244819995,3));
#116=CARTESIAN_POINT($,(-4.8362924348,1.40481893471,3));
#117=CARTESIAN_POINT($,(-4.96121877006,0.68885510118,3));
#118=CARTESIAN_POINT($,(-4.98763322877,0.452431376999,3));
#119=CARTESIAN_POINT($,(-5,0.222409665749,3));
#120=CARTESIAN_POINT($,(-5,-0,3));
#121=B_SPLINE_CURVE_WITH_KNOTS($,5,(#97,#98,#99,#100,#101,#102,#103,#104,#105,#106,#107,#108,#109,#110,#111,#112,#113,#114,#115,#116,#117,#118,#119,#120),.UNSPECIFIED.,.F.,.F.,(6,3,3,3,3,3,3,6),(0,4.15513164387,7.85828164661,10.7238180516,13.5836589935,16.4911855015,20.38776087,22.3658107353),.UNSPECIFIED.);
#122=EDGE_CURVE($,#69,#67,#121,.T.);
#123=ORIENTED_EDGE($,$,$,#122,.F.);
#124=EDGE_LOOP($,(#96,#123));
#125=FACE_BOUND('',#124,.T.);
#126=ADVANCED_FACE('',(#65,#125),#5,.T.);
#127=CARTESIAN_POINT($,(0,0,3));
#128=DIRECTION($,(0,0,-1));
#129=DIRECTION($,(-1,0,0));
#130=AXIS2_PLACEMENT_3D($,#127,#128,#129);
#131=CYLINDRICAL_SURFACE($,#130,7.5);
#132=ORIENTED_EDGE($,$,$,#35,.T.);
#133=CARTESIAN_POINT($,(-7.5,0.000000000000001,0));
#134=VERTEX_POINT($,#133);
#135=CARTESIAN_POINT($,(-7.5,0.000000000000001,3));
#136=CARTESIAN_POINT($,(-7.5,0.000000000000001,0));
#137=B_SPLINE_CURVE_WITH_KNOTS($,1,(#135,#136),.UNSPECIFIED.,.F.,.F.,(2,2),(0.00099800399,3.00099800399),.PIECEWISE_BEZIER_KNOTS.);
#138=EDGE_CURVE($,#9,#134,#137,.T.);
#139=ORIENTED_EDGE($,$,$,#138,.T.);
#140=CARTESIAN_POINT($,(7.5,0,0));
#141=VERTEX_POINT($,#140);
#142=CARTESIAN_POINT($,(-7.5,0,0));
#143=CARTESIAN_POINT($,(-7.5,-15,0));
#144=CARTESIAN_POINT($,(7.5,-15,0));
#145=CARTESIAN_POINT($,(7.5,0,0));
#146=B_SPLINE_CURVE_WITH_KNOTS($,3,(#142,#143,#144,#145),.UNSPECIFIED.,.F.,.F.,(4,4),(0,45),.PIECEWISE_BEZIER_KNOTS.);
#147=EDGE_CURVE($,#134,#141,#146,.T.);
#148=ORIENTED_EDGE($,$,$,#147,.T.);
#149=CARTESIAN_POINT($,(7.5,0.000000000000001,3));
#150=CARTESIAN_POINT($,(7.5,0.000000000000001,0));
#151=B_SPLINE_CURVE_WITH_KNOTS($,1,(#149,#150),.UNSPECIFIED.,.F.,.F.,(2,2),(0.00099800399,3.00099800399),.PIECEWISE_BEZIER_KNOTS.);
#152=EDGE_CURVE($,#7,#141,#151,.T.);
#153=ORIENTED_EDGE($,$,$,#152,.F.);
#154=EDGE_LOOP($,(#132,#139,#148,#153));
#155=FACE_OUTER_BOUND('',#154,.T.);
#156=ADVANCED_FACE('',(#155),#131,.T.);
#157=CARTESIAN_POINT($,(0,0,3));
#158=DIRECTION($,(0,0,-1));
#159=DIRECTION($,(1,0,0));
#160=AXIS2_PLACEMENT_3D($,#157,#158,#159);
#161=CYLINDRICAL_SURFACE($,#160,7.5);
#162=ORIENTED_EDGE($,$,$,#62,.T.);
#163=ORIENTED_EDGE($,$,$,#152,.T.);
#164=CARTESIAN_POINT($,(7.5,0,0));
#165=CARTESIAN_POINT($,(7.5,15,0));
#166=CARTESIAN_POINT($,(-7.5,15,0));
#167=CARTESIAN_POINT($,(-7.5,0,0));
#168=B_SPLINE_CURVE_WITH_KNOTS($,3,(#164,#165,#166,#167),.UNSPECIFIED.,.F.,.F.,(4,4),(0,45),.PIECEWISE_BEZIER_KNOTS.);
#169=EDGE_CURVE($,#141,#134,#168,.T.);
#170=ORIENTED_EDGE($,$,$,#169,.T.);
#171=ORIENTED_EDGE($,$,$,#138,.F.);
#172=EDGE_LOOP($,(#162,#163,#170,#171));
#173=FACE_OUTER_BOUND('',#172,.T.);
#174=ADVANCED_FACE('',(#173),#161,.T.);
#175=CARTESIAN_POINT($,(0,0,37));
#176=DIRECTION($,(0,0,-1));
#177=DIRECTION($,(-1,0,0));
#178=AXIS2_PLACEMENT_3D($,#175,#176,#177);
#179=CYLINDRICAL_SURFACE($,#178,5);
#180=ORIENTED_EDGE($,$,$,#95,.T.);
#181=CARTESIAN_POINT($,(5,-0.000000000000001,37));
#182=VERTEX_POINT($,#181);
#183=CARTESIAN_POINT($,(5,-0.000000000000001,37));
#184=CARTESIAN_POINT($,(5,-0.000000000000001,3));
#185=B_SPLINE_CURVE_WITH_KNOTS($,1,(#183,#184),.UNSPECIFIED.,.F.,.F.,(2,2),(0.00099800399,34.000998004),.PIECEWISE_BEZIER_KNOTS.);
#186=EDGE_CURVE($,#182,#69,#185,.T.);
#187=ORIENTED_EDGE($,$,$,#186,.F.);
#188=CARTESIAN_POINT($,(-5,0,37));
#189=VERTEX_POINT($,#188);
#190=CARTESIAN_POINT($,(-5,0,37));
#191=CARTESIAN_POINT($,(-5,-10,37));
#192=CARTESIAN_POINT($,(5,-10,37));
#193=CARTESIAN_POINT($,(5,0,37));
#194=B_SPLINE_CURVE_WITH_KNOTS($,3,(#190,#191,#192,#193),.UNSPECIFIED.,.F.,.F.,(4,4),(0,30),.PIECEWISE_BEZIER_KNOTS.);
#195=EDGE_CURVE($,#189,#182,#194,.T.);
#196=ORIENTED_EDGE($,$,$,#195,.F.);
#197=CARTESIAN_POINT($,(-5,-0.000000000000001,37));
#198=CARTESIAN_POINT($,(-5,-0.000000000000001,3));
#199=B_SPLINE_CURVE_WITH_KNOTS($,1,(#197,#198),.UNSPECIFIED.,.F.,.F.,(2,2),(0.00099800399,34.000998004),.PIECEWISE_BEZIER_KNOTS.);
#200=EDGE_CURVE($,#189,#67,#199,.T.);
#201=ORIENTED_EDGE($,$,$,#200,.T.);
#202=EDGE_LOOP($,(#180,#187,#196,#201));
#203=FACE_OUTER_BOUND('',#202,.T.);
#204=ADVANCED_FACE('',(#203),#179,.T.);
#205=CARTESIAN_POINT($,(0,0,37));
#206=DIRECTION($,(0,0,-1));
#207=DIRECTION($,(1,0,0));
#208=AXIS2_PLACEMENT_3D($,#205,#206,#207);
#209=CYLINDRICAL_SURFACE($,#208,5);
#210=ORIENTED_EDGE($,$,$,#122,.T.);
#211=ORIENTED_EDGE($,$,$,#200,.F.);
#212=CARTESIAN_POINT($,(5,0,37));
#213=CARTESIAN_POINT($,(5,10,37));
#214=CARTESIAN_POINT($,(-5,10,37));
#215=CARTESIAN_POINT($,(-5,0,37));
#216=B_SPLINE_CURVE_WITH_KNOTS($,3,(#212,#213,#214,#215),.UNSPECIFIED.,.F.,.F.,(4,4),(0,30),.PIECEWISE_BEZIER_KNOTS.);
#217=EDGE_CURVE($,#182,#189,#216,.T.);
#218=ORIENTED_EDGE($,$,$,#217,.F.);
#219=ORIENTED_EDGE($,$,$,#186,.T.);
#220=EDGE_LOOP($,(#210,#211,#218,#219));
#221=FACE_OUTER_BOUND('',#220,.T.);
#222=ADVANCED_FACE('',(#221),#209,.T.);
#223=CARTESIAN_POINT($,(0,0,0));
#224=DIRECTION($,(0,0,-1));
#225=DIRECTION($,(-1,0,0));
#226=AXIS2_PLACEMENT_3D($,#223,#224,#225);
#227=PLANE($,#226);
#228=ORIENTED_EDGE($,$,$,#147,.F.);
#229=ORIENTED_EDGE($,$,$,#169,.F.);
#230=EDGE_LOOP($,(#228,#229));
#231=FACE_OUTER_BOUND('',#230,.T.);
#232=ADVANCED_FACE('',(#231),#227,.T.);
#233=CARTESIAN_POINT($,(0,0,37));
#234=DIRECTION($,(0,0,1));
#235=DIRECTION($,(1,0,-0));
#236=AXIS2_PLACEMENT_3D($,#233,#234,#235);
#237=PLANE($,#236);
#238=ORIENTED_EDGE($,$,$,#195,.T.);
#239=ORIENTED_EDGE($,$,$,#217,.T.);
#240=EDGE_LOOP($,(#238,#239));
#241=FACE_OUTER_BOUND('',#240,.T.);
#242=ADVANCED_FACE('',(#241),#237,.T.);
#243=CLOSED_SHELL($,(#126,#156,#174,#204,#222,#232,#242));
#244=MANIFOLD_SOLID_BREP('ExternalStep<"components/0001-bolt.step">',#243);
#245=APPLICATION_CONTEXT('mechanical design');
#246=PRODUCT_CONTEXT('',#245,'mechanical');
#247=PRODUCT('assembly-definition:180A24AC608E73A9','ExternalStep<"components/0001-bolt.step">','Aetheris shared assembly definition',(#246));
#248=PRODUCT_DEFINITION_FORMATION('','',#247);
#249=PRODUCT_DEFINITION_CONTEXT('design',#245,'design');
#250=PRODUCT_DEFINITION('','',#248,#249);
#251=PRODUCT_DEFINITION_SHAPE('','',#250);
#252=(LENGTH_UNIT()NAMED_UNIT(*)SI_UNIT(.MILLI.,.METRE.));
#253=(NAMED_UNIT(*)PLANE_ANGLE_UNIT()SI_UNIT($,.RADIAN.));
#254=(NAMED_UNIT(*)SI_UNIT($,.STERADIAN.)SOLID_ANGLE_UNIT());
#255=(GEOMETRIC_REPRESENTATION_CONTEXT(3)GLOBAL_UNIT_ASSIGNED_CONTEXT((#252,#253,#254))REPRESENTATION_CONTEXT('3','3D'));
#256=SHAPE_REPRESENTATION('ExternalStep<"components/0001-bolt.step">',(#244),#255);
#257=SHAPE_DEFINITION_REPRESENTATION(#251,#256);
#258=CARTESIAN_POINT($,(0,60,100));
#259=DIRECTION($,(-1,0,0));
#260=DIRECTION($,(0,0,1));
#261=AXIS2_PLACEMENT_3D($,#258,#259,#260);
#262=PLANE($,#261);
#263=CARTESIAN_POINT($,(0,0,100));
#264=VERTEX_POINT($,#263);
#265=CARTESIAN_POINT($,(-0,-0,-0));
#266=VERTEX_POINT($,#265);
#267=CARTESIAN_POINT($,(0,0,100));
#268=DIRECTION($,(0,0,-1));
#269=VECTOR($,#268,1);
#270=LINE($,#267,#269);
#271=EDGE_CURVE($,#264,#266,#270,.T.);
#272=ORIENTED_EDGE($,$,$,#271,.F.);
#273=CARTESIAN_POINT($,(0,60,100));
#274=VERTEX_POINT($,#273);
#275=CARTESIAN_POINT($,(0,60,100));
#276=DIRECTION($,(0,-1,0));
#277=VECTOR($,#276,1);
#278=LINE($,#275,#277);
#279=EDGE_CURVE($,#274,#264,#278,.T.);
#280=ORIENTED_EDGE($,$,$,#279,.F.);
#281=CARTESIAN_POINT($,(0,60,0));
#282=VERTEX_POINT($,#281);
#283=CARTESIAN_POINT($,(0,60,100));
#284=DIRECTION($,(0,0,-1));
#285=VECTOR($,#284,1);
#286=LINE($,#283,#285);
#287=EDGE_CURVE($,#274,#282,#286,.T.);
#288=ORIENTED_EDGE($,$,$,#287,.T.);
#289=CARTESIAN_POINT($,(0,60,0));
#290=DIRECTION($,(0,-1,0));
#291=VECTOR($,#290,1);
#292=LINE($,#289,#291);
#293=EDGE_CURVE($,#282,#266,#292,.T.);
#294=ORIENTED_EDGE($,$,$,#293,.T.);
#295=EDGE_LOOP($,(#272,#280,#288,#294));
#296=FACE_OUTER_BOUND('',#295,.T.);
#297=CARTESIAN_POINT($,(0,40,45));
#298=VERTEX_POINT($,#297);
#299=CARTESIAN_POINT($,(0,40,55));
#300=VERTEX_POINT($,#299);
#301=CARTESIAN_POINT($,(0,40,45));
#302=CARTESIAN_POINT($,(0,40.4671982524,45));
#303=CARTESIAN_POINT($,(0,40.967985464,45.0545696798));
#304=CARTESIAN_POINT($,(0,41.4911230353,45.1795822588));
#305=CARTESIAN_POINT($,(0,42.4800614343,45.5726861255));
#306=CARTESIAN_POINT($,(0,43.3809047398,46.2580146362));
#307=CARTESIAN_POINT($,(0,43.7686263331,46.6452361934));
#308=CARTESIAN_POINT($,(0,44.3620880288,47.432508626));
#309=CARTESIAN_POINT($,(0,44.7518403652,48.3548107374));
#310=CARTESIAN_POINT($,(0,44.8779193361,48.7767785569));
#311=CARTESIAN_POINT($,(0,45.0354809914,49.6437129631));
#312=CARTESIAN_POINT($,(0,45.001400762,50.5264003017));
#313=CARTESIAN_POINT($,(0,44.935748566,50.9630506747));
#314=CARTESIAN_POINT($,(0,44.7088457881,51.8186421202));
#315=CARTESIAN_POINT($,(0,44.3071306709,52.5957546192));
#316=CARTESIAN_POINT($,(0,44.0642190823,52.9603131849));
#317=CARTESIAN_POINT($,(0,43.416301294,53.7355490362));
#318=CARTESIAN_POINT($,(0,42.624655655,54.3095225982));
#319=CARTESIAN_POINT($,(0,42.1424481996,54.563750022));
#320=CARTESIAN_POINT($,(0,41.404818935,54.8362924347));
#321=CARTESIAN_POINT($,(0,40.688855102,54.9612187699));
#322=CARTESIAN_POINT($,(0,40.4524313762,54.9876332288));
#323=CARTESIAN_POINT($,(0,40.2224096654,55));
#324=CARTESIAN_POINT($,(0,40,55));
#325=B_SPLINE_CURVE_WITH_KNOTS($,5,(#301,#302,#303,#304,#305,#306,#307,#308,#309,#310,#311,#312,#313,#314,#315,#316,#317,#318,#319,#320,#321,#322,#323,#324),.UNSPECIFIED.,.F.,.F.,(6,3,3,3,3,3,3,6),(0,4.15513164424,7.85828164686,10.7238180515,13.5836589937,16.4911855013,20.3877608685,22.3658107304),.UNSPECIFIED.);
#326=EDGE_CURVE($,#298,#300,#325,.T.);
#327=ORIENTED_EDGE($,$,$,#326,.T.);
#328=CARTESIAN_POINT($,(0,40,55));
#329=CARTESIAN_POINT($,(0,39.5328017476,55));
#330=CARTESIAN_POINT($,(0,39.032014536,54.9454303202));
#331=CARTESIAN_POINT($,(0,38.5088769647,54.8204177412));
#332=CARTESIAN_POINT($,(0,37.5199385657,54.4273138745));
#333=CARTESIAN_POINT($,(0,36.6190952602,53.7419853638));
#334=CARTESIAN_POINT($,(0,36.2313736669,53.3547638066));
#335=CARTESIAN_POINT($,(0,35.6379119712,52.567491374));
#336=CARTESIAN_POINT($,(0,35.2481596348,51.6451892626));
#337=CARTESIAN_POINT($,(0,35.1220806639,51.2232214431));
#338=CARTESIAN_POINT($,(0,34.9645190086,50.356287037));
#339=CARTESIAN_POINT($,(0,34.998599238,49.4735996986));
#340=CARTESIAN_POINT($,(0,35.0642514341,49.036949325));
#341=CARTESIAN_POINT($,(0,35.291154212,48.1813578798));
#342=CARTESIAN_POINT($,(0,35.692869329,47.404245381));
#343=CARTESIAN_POINT($,(0,35.9357809179,47.0396868149));
#344=CARTESIAN_POINT($,(0,36.583698706,46.2644509637));
#345=CARTESIAN_POINT($,(0,37.375344345,45.6904774019));
#346=CARTESIAN_POINT($,(0,37.8575518004,45.436249978));
#347=CARTESIAN_POINT($,(0,38.595181065,45.1637075653));
#348=CARTESIAN_POINT($,(0,39.311144898,45.0387812301));
#349=CARTESIAN_POINT($,(0,39.5475686238,45.0123667712));
#350=CARTESIAN_POINT($,(0,39.7775903347,45));
#351=CARTESIAN_POINT($,(0,40,45));
#352=B_SPLINE_CURVE_WITH_KNOTS($,5,(#328,#329,#330,#331,#332,#333,#334,#335,#336,#337,#338,#339,#340,#341,#342,#343,#344,#345,#346,#347,#348,#349,#350,#351),.UNSPECIFIED.,.F.,.F.,(6,3,3,3,3,3,3,6),(0,4.15513164422,7.85828164677,10.7238180514,13.5836589927,16.4911854995,20.3877608665,22.3658107284),.UNSPECIFIED.);
#353=EDGE_CURVE($,#300,#298,#352,.T.);
#354=ORIENTED_EDGE($,$,$,#353,.T.);
#355=EDGE_LOOP($,(#327,#354));
#356=FACE_BOUND('',#355,.T.);
#357=ADVANCED_FACE('',(#296,#356),#262,.T.);
#358=CARTESIAN_POINT($,(0,0,100));
#359=DIRECTION($,(0,-1,0));
#360=DIRECTION($,(0,0,-1));
#361=AXIS2_PLACEMENT_3D($,#358,#359,#360);
#362=PLANE($,#361);
#363=CARTESIAN_POINT($,(50,-0,100));
#364=VERTEX_POINT($,#363);
#365=CARTESIAN_POINT($,(50,0,0));
#366=VERTEX_POINT($,#365);
#367=CARTESIAN_POINT($,(50,-0,100));
#368=DIRECTION($,(0,0,-1));
#369=VECTOR($,#368,1);
#370=LINE($,#367,#369);
#371=EDGE_CURVE($,#364,#366,#370,.T.);
#372=ORIENTED_EDGE($,$,$,#371,.F.);
#373=CARTESIAN_POINT($,(0,0,100));
#374=DIRECTION($,(1,0,0));
#375=VECTOR($,#374,1);
#376=LINE($,#373,#375);
#377=EDGE_CURVE($,#264,#364,#376,.T.);
#378=ORIENTED_EDGE($,$,$,#377,.F.);
#379=ORIENTED_EDGE($,$,$,#271,.T.);
#380=CARTESIAN_POINT($,(-0,-0,-0));
#381=DIRECTION($,(1,0,0));
#382=VECTOR($,#381,1);
#383=LINE($,#380,#382);
#384=EDGE_CURVE($,#266,#366,#383,.T.);
#385=ORIENTED_EDGE($,$,$,#384,.T.);
#386=EDGE_LOOP($,(#372,#378,#379,#385));
#387=FACE_OUTER_BOUND('',#386,.T.);
#388=CARTESIAN_POINT($,(42.5,0,42.0096189398));
#389=VERTEX_POINT($,#388);
#390=CARTESIAN_POINT($,(42.5,0,32.0096189398));
#391=VERTEX_POINT($,#390);
#392=CARTESIAN_POINT($,(42.5,0,42.0096189398));
#393=CARTESIAN_POINT($,(42.9671982537,0,42.0096189398));
#394=CARTESIAN_POINT($,(43.4679854668,0,41.9550492597));
#395=CARTESIAN_POINT($,(43.9911230323,0,41.8300366822));
#396=CARTESIAN_POINT($,(44.9800614342,0,41.4369328146));
#397=CARTESIAN_POINT($,(45.8809047407,0,40.7516043032));
#398=CARTESIAN_POINT($,(46.2686263317,0,40.364382748));
#399=CARTESIAN_POINT($,(46.8620880278,0,39.5771103155));
#400=CARTESIAN_POINT($,(47.2518403645,0,38.6548082046));
#401=CARTESIAN_POINT($,(47.3779193365,0,38.2328403825));
#402=CARTESIAN_POINT($,(47.5354809915,0,37.3659059762));
#403=CARTESIAN_POINT($,(47.501400762,0,36.4832186373));
#404=CARTESIAN_POINT($,(47.4357485667,0,36.04656827));
#405=CARTESIAN_POINT($,(47.2088457881,0,35.1909768206));
#406=CARTESIAN_POINT($,(46.807130669,0,34.4138643184));
#407=CARTESIAN_POINT($,(46.564219085,0,34.0493057582));
#408=CARTESIAN_POINT($,(45.916301294,0,33.2740699026));
#409=CARTESIAN_POINT($,(45.1246556495,0,32.7000963378));
#410=CARTESIAN_POINT($,(44.6424482051,0,32.4458689217));
#411=CARTESIAN_POINT($,(43.9048189333,0,32.1733265057));
#412=CARTESIAN_POINT($,(43.1888550914,0,32.04840017));
#413=CARTESIAN_POINT($,(42.9524313854,0,32.0219857115));
#414=CARTESIAN_POINT($,(42.7224096698,0,32.0096189398));
#415=CARTESIAN_POINT($,(42.5,0,32.0096189398));
#416=B_SPLINE_CURVE_WITH_KNOTS($,5,(#392,#393,#394,#395,#396,#397,#398,#399,#400,#401,#402,#403,#404,#405,#406,#407,#408,#409,#410,#411,#412,#413,#414,#415),.UNSPECIFIED.,.F.,.F.,(6,3,3,3,3,3,3,6),(0,4.15513165632,7.85828166598,10.7238180637,13.5836590149,16.4911855364,20.3877609237,22.3658108252),.UNSPECIFIED.);
#417=EDGE_CURVE($,#389,#391,#416,.T.);
#418=ORIENTED_EDGE($,$,$,#417,.T.);
#419=CARTESIAN_POINT($,(42.5,0,32.0096189398));
#420=CARTESIAN_POINT($,(42.0328017497,0,32.0096189398));
#421=CARTESIAN_POINT($,(41.5320145405,0,32.0641886193));
#422=CARTESIAN_POINT($,(41.0088769576,0,32.1892012003));
#423=CARTESIAN_POINT($,(40.0199385585,0,32.5823050688));
#424=CARTESIAN_POINT($,(39.1190952597,0,33.2676335757));
#425=CARTESIAN_POINT($,(38.7313736684,0,33.6548551346));
#426=CARTESIAN_POINT($,(38.1379119704,0,34.4421275707));
#427=CARTESIAN_POINT($,(37.7481596331,0,35.3644296843));
#428=CARTESIAN_POINT($,(37.6220806643,0,35.7863974929));
#429=CARTESIAN_POINT($,(37.4645190086,0,36.6533319007));
#430=CARTESIAN_POINT($,(37.4985992382,0,37.5360192423));
#431=CARTESIAN_POINT($,(37.5642514339,0,37.972669614));
#432=CARTESIAN_POINT($,(37.7911542119,0,38.8282610603));
#433=CARTESIAN_POINT($,(38.1928693296,0,39.6053735599));
#434=CARTESIAN_POINT($,(38.4357809169,0,39.9699321238));
#435=CARTESIAN_POINT($,(39.0836987058,0,40.7451679759));
#436=CARTESIAN_POINT($,(39.8753443446,0,41.3191415378));
#437=CARTESIAN_POINT($,(40.3575518005,0,41.5733689617));
#438=CARTESIAN_POINT($,(41.0951810662,0,41.8459113747));
#439=CARTESIAN_POINT($,(41.8111448982,0,41.9708377099));
#440=CARTESIAN_POINT($,(42.0475686226,0,41.9972521686));
#441=CARTESIAN_POINT($,(42.2775903341,0,42.0096189398));
#442=CARTESIAN_POINT($,(42.5,0,42.0096189398));
#443=B_SPLINE_CURVE_WITH_KNOTS($,5,(#419,#420,#421,#422,#423,#424,#425,#426,#427,#428,#429,#430,#431,#432,#433,#434,#435,#436,#437,#438,#439,#440,#441,#442),.UNSPECIFIED.,.F.,.F.,(6,3,3,3,3,3,3,6),(0,4.15513162148,7.85828163111,10.7238180489,13.583658992,16.4911855021,20.3877608676,22.3658107326),.UNSPECIFIED.);
#444=EDGE_CURVE($,#391,#389,#443,.T.);
#445=ORIENTED_EDGE($,$,$,#444,.T.);
#446=EDGE_LOOP($,(#418,#445));
#447=FACE_BOUND('',#446,.T.);
#448=CARTESIAN_POINT($,(42.5,0,67.9903810602));
#449=VERTEX_POINT($,#448);
#450=CARTESIAN_POINT($,(42.5,0,57.9903810602));
#451=VERTEX_POINT($,#450);
#452=CARTESIAN_POINT($,(42.5,0,67.9903810602));
#453=CARTESIAN_POINT($,(42.9671982501,0,67.9903810602));
#454=CARTESIAN_POINT($,(43.467985459,0,67.9358113808));
#455=CARTESIAN_POINT($,(43.9911230428,0,67.8107987996));
#456=CARTESIAN_POINT($,(44.9800614416,0,67.417694931));
#457=CARTESIAN_POINT($,(45.8809047403,0,66.7323664244));
#458=CARTESIAN_POINT($,(46.2686263317,0,66.3451448654));
#459=CARTESIAN_POINT($,(46.8620880296,0,65.5578724293));
#460=CARTESIAN_POINT($,(47.2518403668,0,64.6355703158));
#461=CARTESIAN_POINT($,(47.3779193357,0,64.213602507));
#462=CARTESIAN_POINT($,(47.5354809914,0,63.3466680992));
#463=CARTESIAN_POINT($,(47.5014007618,0,62.4639807577));
#464=CARTESIAN_POINT($,(47.4357485661,0,62.027330386));
#465=CARTESIAN_POINT($,(47.2088457881,0,61.1717389395));
#466=CARTESIAN_POINT($,(46.8071306702,0,60.3946264398));
#467=CARTESIAN_POINT($,(46.5642190833,0,60.0300678764));
#468=CARTESIAN_POINT($,(45.9163012943,0,59.2548320242));
#469=CARTESIAN_POINT($,(45.1246556554,0,58.6808584622));
#470=CARTESIAN_POINT($,(44.6424481995,0,58.4266310383));
#471=CARTESIAN_POINT($,(43.9048189337,0,58.1540886252));
#472=CARTESIAN_POINT($,(43.1888551014,0,58.0291622901));
#473=CARTESIAN_POINT($,(42.9524313776,0,58.0027478314));
#474=CARTESIAN_POINT($,(42.7224096661,0,57.9903810602));
#475=CARTESIAN_POINT($,(42.5,0,57.9903810602));
#476=B_SPLINE_CURVE_WITH_KNOTS($,5,(#452,#453,#454,#455,#456,#457,#458,#459,#460,#461,#462,#463,#464,#465,#466,#467,#468,#469,#470,#471,#472,#473,#474,#475),.UNSPECIFIED.,.F.,.F.,(6,3,3,3,3,3,3,6),(0,4.15513162009,7.85828162953,10.7238180471,13.5836589903,16.4911855013,20.3877608671,22.3658107334),.UNSPECIFIED.);
#477=EDGE_CURVE($,#449,#451,#476,.T.);
#478=ORIENTED_EDGE($,$,$,#477,.T.);
#479=CARTESIAN_POINT($,(42.5,0,57.9903810602));
#480=CARTESIAN_POINT($,(42.0328017462,0,57.9903810602));
#481=CARTESIAN_POINT($,(41.5320145329,0,58.0449507403));
#482=CARTESIAN_POINT($,(41.0088769679,0,58.1699633177));
#483=CARTESIAN_POINT($,(40.019938566,0,58.5630671853));
#484=CARTESIAN_POINT($,(39.1190952593,0,59.2483956968));
#485=CARTESIAN_POINT($,(38.7313736682,0,59.635617252));
#486=CARTESIAN_POINT($,(38.1379119722,0,60.4228896845));
#487=CARTESIAN_POINT($,(37.7481596355,0,61.3451917954));
#488=CARTESIAN_POINT($,(37.6220806636,0,61.7671596175));
#489=CARTESIAN_POINT($,(37.4645190085,0,62.6340940238));
#490=CARTESIAN_POINT($,(37.498599238,0,63.5167813627));
#491=CARTESIAN_POINT($,(37.5642514333,0,63.95343173));
#492=CARTESIAN_POINT($,(37.7911542119,0,64.8090231795));
#493=CARTESIAN_POINT($,(38.1928693311,0,65.5861356819));
#494=CARTESIAN_POINT($,(38.4357809149,0,65.9506942416));
#495=CARTESIAN_POINT($,(39.0836987059,0,66.7259300973));
#496=CARTESIAN_POINT($,(39.8753443505,0,67.2999036622));
#497=CARTESIAN_POINT($,(40.3575517948,0,67.5541310783));
#498=CARTESIAN_POINT($,(41.0951810667,0,67.8266734943));
#499=CARTESIAN_POINT($,(41.8111449084,0,67.95159983));
#500=CARTESIAN_POINT($,(42.0475686146,0,67.9780142885));
#501=CARTESIAN_POINT($,(42.2775903302,0,67.9903810602));
#502=CARTESIAN_POINT($,(42.5,0,67.9903810602));
#503=B_SPLINE_CURVE_WITH_KNOTS($,5,(#479,#480,#481,#482,#483,#484,#485,#486,#487,#488,#489,#490,#491,#492,#493,#494,#495,#496,#497,#498,#499,#500,#501,#502),.UNSPECIFIED.,.F.,.F.,(6,3,3,3,3,3,3,6),(0,4.15513165736,7.85828166679,10.7238180644,13.5836590156,16.491185538,20.3877609254,22.3658108266),.UNSPECIFIED.);
#504=EDGE_CURVE($,#451,#449,#503,.T.);
#505=ORIENTED_EDGE($,$,$,#504,.T.);
#506=EDGE_LOOP($,(#478,#505));
#507=FACE_BOUND('',#506,.T.);
#508=CARTESIAN_POINT($,(20,0,55));
#509=VERTEX_POINT($,#508);
#510=CARTESIAN_POINT($,(20,0,45));
#511=VERTEX_POINT($,#510);
#512=CARTESIAN_POINT($,(20,0,55));
#513=CARTESIAN_POINT($,(20.4671982525,0,55));
#514=CARTESIAN_POINT($,(20.9679854642,0,54.9454303202));
#515=CARTESIAN_POINT($,(21.4911230351,0,54.8204177413));
#516=CARTESIAN_POINT($,(22.4800614343,0,54.4273138745));
#517=CARTESIAN_POINT($,(23.38090474,0,53.7419853637));
#518=CARTESIAN_POINT($,(23.768626333,0,53.3547638067));
#519=CARTESIAN_POINT($,(24.3620880288,0,52.5674913739));
#520=CARTESIAN_POINT($,(24.7518403653,0,51.6451892624));
#521=CARTESIAN_POINT($,(24.8779193361,0,51.2232214433));
#522=CARTESIAN_POINT($,(25.0354809914,0,50.3562870372));
#523=CARTESIAN_POINT($,(25.001400762,0,49.4735996986));
#524=CARTESIAN_POINT($,(24.9357485659,0,49.0369493251));
#525=CARTESIAN_POINT($,(24.708845788,0,48.1813578797));
#526=CARTESIAN_POINT($,(24.307130671,0,47.4042453809));
#527=CARTESIAN_POINT($,(24.0642190822,0,47.039686815));
#528=CARTESIAN_POINT($,(23.416301294,0,46.2644509638));
#529=CARTESIAN_POINT($,(22.6246556551,0,45.6904774019));
#530=CARTESIAN_POINT($,(22.1424481995,0,45.436249978));
#531=CARTESIAN_POINT($,(21.4048189351,0,45.1637075654));
#532=CARTESIAN_POINT($,(20.6888551023,0,45.0387812301));
#533=CARTESIAN_POINT($,(20.4524313759,0,45.0123667712));
#534=CARTESIAN_POINT($,(20.2224096652,0,45));
#535=CARTESIAN_POINT($,(20,0,45));
#536=B_SPLINE_CURVE_WITH_KNOTS($,5,(#512,#513,#514,#515,#516,#517,#518,#519,#520,#521,#522,#523,#524,#525,#526,#527,#528,#529,#530,#531,#532,#533,#534,#535),.UNSPECIFIED.,.F.,.F.,(6,3,3,3,3,3,3,6),(0,4.15513164501,7.85828164811,10.7238180535,13.5836589949,16.4911855021,20.3877608686,22.3658107291),.UNSPECIFIED.);
#537=EDGE_CURVE($,#509,#511,#536,.T.);
#538=ORIENTED_EDGE($,$,$,#537,.T.);
#539=CARTESIAN_POINT($,(20,0,45));
#540=CARTESIAN_POINT($,(19.5328017475,0,45));
#541=CARTESIAN_POINT($,(19.0320145358,0,45.0545696798));
#542=CARTESIAN_POINT($,(18.508876965,0,45.1795822587));
#543=CARTESIAN_POINT($,(17.5199385656,0,45.5726861255));
#544=CARTESIAN_POINT($,(16.6190952599,0,46.2580146364));
#545=CARTESIAN_POINT($,(16.2313736672,0,46.645236193));
#546=CARTESIAN_POINT($,(15.6379119712,0,47.432508626));
#547=CARTESIAN_POINT($,(15.2481596346,0,48.3548107377));
#548=CARTESIAN_POINT($,(15.122080664,0,48.7767785566));
#549=CARTESIAN_POINT($,(14.9645190086,0,49.6437129629));
#550=CARTESIAN_POINT($,(14.998599238,0,50.5264003017));
#551=CARTESIAN_POINT($,(15.0642514341,0,50.9630506747));
#552=CARTESIAN_POINT($,(15.2911542119,0,51.8186421202));
#553=CARTESIAN_POINT($,(15.692869329,0,52.5957546191));
#554=CARTESIAN_POINT($,(15.9357809178,0,52.960313185));
#555=CARTESIAN_POINT($,(16.583698706,0,53.7355490363));
#556=CARTESIAN_POINT($,(17.3753443451,0,54.3095225982));
#557=CARTESIAN_POINT($,(17.8575518004,0,54.5637500219));
#558=CARTESIAN_POINT($,(18.5951810654,0,54.8362924348));
#559=CARTESIAN_POINT($,(19.3111448987,0,54.96121877));
#560=CARTESIAN_POINT($,(19.5475686231,0,54.9876332288));
#561=CARTESIAN_POINT($,(19.7775903343,0,55));
#562=CARTESIAN_POINT($,(20,0,55));
#563=B_SPLINE_CURVE_WITH_KNOTS($,5,(#539,#540,#541,#542,#543,#544,#545,#546,#547,#548,#549,#550,#551,#552,#553,#554,#555,#556,#557,#558,#559,#560,#561,#562),.UNSPECIFIED.,.F.,.F.,(6,3,3,3,3,3,3,6),(0,4.15513164518,7.85828164919,10.7238180549,13.583658997,16.491185504,20.3877608712,22.3658107361),.UNSPECIFIED.);
#564=EDGE_CURVE($,#511,#509,#563,.T.);
#565=ORIENTED_EDGE($,$,$,#564,.T.);
#566=EDGE_LOOP($,(#538,#565));
#567=FACE_BOUND('',#566,.T.);
#568=ADVANCED_FACE('',(#387,#447,#507,#567),#362,.T.);
#569=CARTESIAN_POINT($,(0,0,100));
#570=DIRECTION($,(0,0,1));
#571=DIRECTION($,(1,0,-0));
#572=AXIS2_PLACEMENT_3D($,#569,#570,#571);
#573=PLANE($,#572);
#574=ORIENTED_EDGE($,$,$,#279,.T.);
#575=ORIENTED_EDGE($,$,$,#377,.T.);
#576=CARTESIAN_POINT($,(50,10,100));
#577=VERTEX_POINT($,#576);
#578=CARTESIAN_POINT($,(50,-0,100));
#579=DIRECTION($,(0,1,0));
#580=VECTOR($,#579,1);
#581=LINE($,#578,#580);
#582=EDGE_CURVE($,#364,#577,#581,.T.);
#583=ORIENTED_EDGE($,$,$,#582,.T.);
#584=CARTESIAN_POINT($,(10,10,100));
#585=VERTEX_POINT($,#584);
#586=CARTESIAN_POINT($,(50,10,100));
#587=DIRECTION($,(-1,0,0));
#588=VECTOR($,#587,1);
#589=LINE($,#586,#588);
#590=EDGE_CURVE($,#577,#585,#589,.T.);
#591=ORIENTED_EDGE($,$,$,#590,.T.);
#592=CARTESIAN_POINT($,(10,60,100));
#593=VERTEX_POINT($,#592);
#594=CARTESIAN_POINT($,(10,10,100));
#595=DIRECTION($,(0,1,0));
#596=VECTOR($,#595,1);
#597=LINE($,#594,#596);
#598=EDGE_CURVE($,#585,#593,#597,.T.);
#599=ORIENTED_EDGE($,$,$,#598,.T.);
#600=CARTESIAN_POINT($,(10,60,100));
#601=DIRECTION($,(-1,0,0));
#602=VECTOR($,#601,1);
#603=LINE($,#600,#602);
#604=EDGE_CURVE($,#593,#274,#603,.T.);
#605=ORIENTED_EDGE($,$,$,#604,.T.);
#606=EDGE_LOOP($,(#574,#575,#583,#591,#599,#605));
#607=FACE_OUTER_BOUND('',#606,.T.);
#608=ADVANCED_FACE('',(#607),#573,.T.);
#609=CARTESIAN_POINT($,(10,60,100));
#610=DIRECTION($,(0,1,0));
#611=DIRECTION($,(0,-0,1));
#612=AXIS2_PLACEMENT_3D($,#609,#610,#611);
#613=PLANE($,#612);
#614=ORIENTED_EDGE($,$,$,#604,.F.);
#615=CARTESIAN_POINT($,(10,60,-0));
#616=VERTEX_POINT($,#615);
#617=CARTESIAN_POINT($,(10,60,100));
#618=DIRECTION($,(0,0,-1));
#619=VECTOR($,#618,1);
#620=LINE($,#617,#619);
#621=EDGE_CURVE($,#593,#616,#620,.T.);
#622=ORIENTED_EDGE($,$,$,#621,.T.);
#623=CARTESIAN_POINT($,(10,60,-0));
#624=DIRECTION($,(-1,0,0));
#625=VECTOR($,#624,1);
#626=LINE($,#623,#625);
#627=EDGE_CURVE($,#616,#282,#626,.T.);
#628=ORIENTED_EDGE($,$,$,#627,.T.);
#629=ORIENTED_EDGE($,$,$,#287,.F.);
#630=EDGE_LOOP($,(#614,#622,#628,#629));
#631=FACE_OUTER_BOUND('',#630,.T.);
#632=ADVANCED_FACE('',(#631),#613,.T.);
#633=CARTESIAN_POINT($,(0,0,0));
#634=DIRECTION($,(0,0,-1));
#635=DIRECTION($,(-1,0,0));
#636=AXIS2_PLACEMENT_3D($,#633,#634,#635);
#637=PLANE($,#636);
#638=ORIENTED_EDGE($,$,$,#293,.F.);
#639=ORIENTED_EDGE($,$,$,#627,.F.);
#640=CARTESIAN_POINT($,(10,10,0));
#641=VERTEX_POINT($,#640);
#642=CARTESIAN_POINT($,(10,10,0));
#643=DIRECTION($,(0,1,0));
#644=VECTOR($,#643,1);
#645=LINE($,#642,#644);
#646=EDGE_CURVE($,#641,#616,#645,.T.);
#647=ORIENTED_EDGE($,$,$,#646,.F.);
#648=CARTESIAN_POINT($,(50,10,-0));
#649=VERTEX_POINT($,#648);
#650=CARTESIAN_POINT($,(50,10,-0));
#651=DIRECTION($,(-1,0,0));
#652=VECTOR($,#651,1);
#653=LINE($,#650,#652);
#654=EDGE_CURVE($,#649,#641,#653,.T.);
#655=ORIENTED_EDGE($,$,$,#654,.F.);
#656=CARTESIAN_POINT($,(50,0,0));
#657=DIRECTION($,(0,1,0));
#658=VECTOR($,#657,1);
#659=LINE($,#656,#658);
#660=EDGE_CURVE($,#366,#649,#659,.T.);
#661=ORIENTED_EDGE($,$,$,#660,.F.);
#662=ORIENTED_EDGE($,$,$,#384,.F.);
#663=EDGE_LOOP($,(#638,#639,#647,#655,#661,#662));
#664=FACE_OUTER_BOUND('',#663,.T.);
#665=ADVANCED_FACE('',(#664),#637,.T.);
#666=CARTESIAN_POINT($,(10,40,50));
#667=DIRECTION($,(-1,0,0));
#668=DIRECTION($,(0,0,1));
#669=AXIS2_PLACEMENT_3D($,#666,#667,#668);
#670=CYLINDRICAL_SURFACE($,#669,5);
#671=CARTESIAN_POINT($,(10,40,55));
#672=VERTEX_POINT($,#671);
#673=CARTESIAN_POINT($,(10,40,45));
#674=VERTEX_POINT($,#673);
#675=CARTESIAN_POINT($,(10,40,55));
#676=CARTESIAN_POINT($,(10,50,55));
#677=CARTESIAN_POINT($,(10,50,45));
#678=CARTESIAN_POINT($,(10,40,45));
#679=B_SPLINE_CURVE_WITH_KNOTS($,3,(#675,#676,#677,#678),.UNSPECIFIED.,.F.,.F.,(4,4),(0,30),.PIECEWISE_BEZIER_KNOTS.);
#680=EDGE_CURVE($,#672,#674,#679,.T.);
#681=ORIENTED_EDGE($,$,$,#680,.F.);
#682=CARTESIAN_POINT($,(10,40,55));
#683=CARTESIAN_POINT($,(0,40,55));
#684=B_SPLINE_CURVE_WITH_KNOTS($,1,(#682,#683),.UNSPECIFIED.,.F.,.F.,(2,2),(0.00099800399,10.000998004),.PIECEWISE_BEZIER_KNOTS.);
#685=EDGE_CURVE($,#672,#300,#684,.T.);
#686=ORIENTED_EDGE($,$,$,#685,.T.);
#687=ORIENTED_EDGE($,$,$,#326,.F.);
#688=CARTESIAN_POINT($,(10,40,45));
#689=CARTESIAN_POINT($,(0,40,45));
#690=B_SPLINE_CURVE_WITH_KNOTS($,1,(#688,#689),.UNSPECIFIED.,.F.,.F.,(2,2),(0.00099800399,10.000998004),.PIECEWISE_BEZIER_KNOTS.);
#691=EDGE_CURVE($,#674,#298,#690,.T.);
#692=ORIENTED_EDGE($,$,$,#691,.F.);
#693=EDGE_LOOP($,(#681,#686,#687,#692));
#694=FACE_OUTER_BOUND('',#693,.T.);
#695=ADVANCED_FACE('',(#694),#670,.T.);
#696=CARTESIAN_POINT($,(10,40,50));
#697=DIRECTION($,(-1,0,0));
#698=DIRECTION($,(0,0,-1));
#699=AXIS2_PLACEMENT_3D($,#696,#697,#698);
#700=CYLINDRICAL_SURFACE($,#699,5);
#701=CARTESIAN_POINT($,(10,40,45));
#702=CARTESIAN_POINT($,(10,30,45));
#703=CARTESIAN_POINT($,(10,30,55));
#704=CARTESIAN_POINT($,(10,40,55));
#705=B_SPLINE_CURVE_WITH_KNOTS($,3,(#701,#702,#703,#704),.UNSPECIFIED.,.F.,.F.,(4,4),(0,30),.PIECEWISE_BEZIER_KNOTS.);
#706=EDGE_CURVE($,#674,#672,#705,.T.);
#707=ORIENTED_EDGE($,$,$,#706,.F.);
#708=ORIENTED_EDGE($,$,$,#691,.T.);
#709=ORIENTED_EDGE($,$,$,#353,.F.);
#710=ORIENTED_EDGE($,$,$,#685,.F.);
#711=EDGE_LOOP($,(#707,#708,#709,#710));
#712=FACE_OUTER_BOUND('',#711,.T.);
#713=ADVANCED_FACE('',(#712),#700,.T.);
#714=CARTESIAN_POINT($,(50,0,100));
#715=DIRECTION($,(1,0,0));
#716=DIRECTION($,(0,0,-1));
#717=AXIS2_PLACEMENT_3D($,#714,#715,#716);
#718=PLANE($,#717);
#719=CARTESIAN_POINT($,(50,10,100));
#720=DIRECTION($,(0,0,-1));
#721=VECTOR($,#720,1);
#722=LINE($,#719,#721);
#723=EDGE_CURVE($,#577,#649,#722,.T.);
#724=ORIENTED_EDGE($,$,$,#723,.F.);
#725=ORIENTED_EDGE($,$,$,#582,.F.);
#726=ORIENTED_EDGE($,$,$,#371,.T.);
#727=ORIENTED_EDGE($,$,$,#660,.T.);
#728=EDGE_LOOP($,(#724,#725,#726,#727));
#729=FACE_OUTER_BOUND('',#728,.T.);
#730=ADVANCED_FACE('',(#729),#718,.T.);
#731=CARTESIAN_POINT($,(42.5,10,37.00961894));
#732=DIRECTION($,(0,-1,0));
#733=DIRECTION($,(0,0,-1));
#734=AXIS2_PLACEMENT_3D($,#731,#732,#733);
#735=CYLINDRICAL_SURFACE($,#734,5);
#736=CARTESIAN_POINT($,(42.5,10,32.00961894));
#737=VERTEX_POINT($,#736);
#738=CARTESIAN_POINT($,(42.5,10,42.00961894));
#739=VERTEX_POINT($,#738);
#740=CARTESIAN_POINT($,(42.5,10,32.00961894));
#741=CARTESIAN_POINT($,(52.5,10,32.00961894));
#742=CARTESIAN_POINT($,(52.5,10,42.00961894));
#743=CARTESIAN_POINT($,(42.5,10,42.00961894));
#744=B_SPLINE_CURVE_WITH_KNOTS($,3,(#740,#741,#742,#743),.UNSPECIFIED.,.F.,.F.,(4,4),(0,30),.PIECEWISE_BEZIER_KNOTS.);
#745=EDGE_CURVE($,#737,#739,#744,.T.);
#746=ORIENTED_EDGE($,$,$,#745,.F.);
#747=CARTESIAN_POINT($,(42.5,10,32.00961894));
#748=CARTESIAN_POINT($,(42.5,0,32.00961894));
#749=B_SPLINE_CURVE_WITH_KNOTS($,1,(#747,#748),.UNSPECIFIED.,.F.,.F.,(2,2),(0.00099800399,10.000998004),.PIECEWISE_BEZIER_KNOTS.);
#750=EDGE_CURVE($,#737,#391,#749,.T.);
#751=ORIENTED_EDGE($,$,$,#750,.T.);
#752=ORIENTED_EDGE($,$,$,#417,.F.);
#753=CARTESIAN_POINT($,(42.5,10,42.00961894));
#754=CARTESIAN_POINT($,(42.5,0,42.00961894));
#755=B_SPLINE_CURVE_WITH_KNOTS($,1,(#753,#754),.UNSPECIFIED.,.F.,.F.,(2,2),(0.00099800399,10.000998004),.PIECEWISE_BEZIER_KNOTS.);
#756=EDGE_CURVE($,#739,#389,#755,.T.);
#757=ORIENTED_EDGE($,$,$,#756,.F.);
#758=EDGE_LOOP($,(#746,#751,#752,#757));
#759=FACE_OUTER_BOUND('',#758,.T.);
#760=ADVANCED_FACE('',(#759),#735,.T.);
#761=CARTESIAN_POINT($,(42.5,10,37.00961894));
#762=DIRECTION($,(0,-1,0));
#763=DIRECTION($,(0,0,1));
#764=AXIS2_PLACEMENT_3D($,#761,#762,#763);
#765=CYLINDRICAL_SURFACE($,#764,5);
#766=CARTESIAN_POINT($,(42.5,10,42.00961894));
#767=CARTESIAN_POINT($,(32.5,10,42.00961894));
#768=CARTESIAN_POINT($,(32.5,10,32.00961894));
#769=CARTESIAN_POINT($,(42.5,10,32.00961894));
#770=B_SPLINE_CURVE_WITH_KNOTS($,3,(#766,#767,#768,#769),.UNSPECIFIED.,.F.,.F.,(4,4),(0,30),.PIECEWISE_BEZIER_KNOTS.);
#771=EDGE_CURVE($,#739,#737,#770,.T.);
#772=ORIENTED_EDGE($,$,$,#771,.F.);
#773=ORIENTED_EDGE($,$,$,#756,.T.);
#774=ORIENTED_EDGE($,$,$,#444,.F.);
#775=ORIENTED_EDGE($,$,$,#750,.F.);
#776=EDGE_LOOP($,(#772,#773,#774,#775));
#777=FACE_OUTER_BOUND('',#776,.T.);
#778=ADVANCED_FACE('',(#777),#765,.T.);
#779=CARTESIAN_POINT($,(42.5,10,62.99038106));
#780=DIRECTION($,(0,-1,0));
#781=DIRECTION($,(0,0,-1));
#782=AXIS2_PLACEMENT_3D($,#779,#780,#781);
#783=CYLINDRICAL_SURFACE($,#782,5);
#784=CARTESIAN_POINT($,(42.5,10,57.99038106));
#785=VERTEX_POINT($,#784);
#786=CARTESIAN_POINT($,(42.5,10,67.99038106));
#787=VERTEX_POINT($,#786);
#788=CARTESIAN_POINT($,(42.5,10,57.99038106));
#789=CARTESIAN_POINT($,(52.5,10,57.99038106));
#790=CARTESIAN_POINT($,(52.5,10,67.99038106));
#791=CARTESIAN_POINT($,(42.5,10,67.99038106));
#792=B_SPLINE_CURVE_WITH_KNOTS($,3,(#788,#789,#790,#791),.UNSPECIFIED.,.F.,.F.,(4,4),(0,30),.PIECEWISE_BEZIER_KNOTS.);
#793=EDGE_CURVE($,#785,#787,#792,.T.);
#794=ORIENTED_EDGE($,$,$,#793,.F.);
#795=CARTESIAN_POINT($,(42.5,10,57.99038106));
#796=CARTESIAN_POINT($,(42.5,0,57.99038106));
#797=B_SPLINE_CURVE_WITH_KNOTS($,1,(#795,#796),.UNSPECIFIED.,.F.,.F.,(2,2),(0.00099800399,10.000998004),.PIECEWISE_BEZIER_KNOTS.);
#798=EDGE_CURVE($,#785,#451,#797,.T.);
#799=ORIENTED_EDGE($,$,$,#798,.T.);
#800=ORIENTED_EDGE($,$,$,#477,.F.);
#801=CARTESIAN_POINT($,(42.5,10,67.99038106));
#802=CARTESIAN_POINT($,(42.5,0,67.99038106));
#803=B_SPLINE_CURVE_WITH_KNOTS($,1,(#801,#802),.UNSPECIFIED.,.F.,.F.,(2,2),(0.00099800399,10.000998004),.PIECEWISE_BEZIER_KNOTS.);
#804=EDGE_CURVE($,#787,#449,#803,.T.);
#805=ORIENTED_EDGE($,$,$,#804,.F.);
#806=EDGE_LOOP($,(#794,#799,#800,#805));
#807=FACE_OUTER_BOUND('',#806,.T.);
#808=ADVANCED_FACE('',(#807),#783,.T.);
#809=CARTESIAN_POINT($,(42.5,10,62.99038106));
#810=DIRECTION($,(0,-1,0));
#811=DIRECTION($,(0,0,1));
#812=AXIS2_PLACEMENT_3D($,#809,#810,#811);
#813=CYLINDRICAL_SURFACE($,#812,5);
#814=CARTESIAN_POINT($,(42.5,10,67.99038106));
#815=CARTESIAN_POINT($,(32.5,10,67.99038106));
#816=CARTESIAN_POINT($,(32.5,10,57.99038106));
#817=CARTESIAN_POINT($,(42.5,10,57.99038106));
#818=B_SPLINE_CURVE_WITH_KNOTS($,3,(#814,#815,#816,#817),.UNSPECIFIED.,.F.,.F.,(4,4),(0,30),.PIECEWISE_BEZIER_KNOTS.);
#819=EDGE_CURVE($,#787,#785,#818,.T.);
#820=ORIENTED_EDGE($,$,$,#819,.F.);
#821=ORIENTED_EDGE($,$,$,#804,.T.);
#822=ORIENTED_EDGE($,$,$,#504,.F.);
#823=ORIENTED_EDGE($,$,$,#798,.F.);
#824=EDGE_LOOP($,(#820,#821,#822,#823));
#825=FACE_OUTER_BOUND('',#824,.T.);
#826=ADVANCED_FACE('',(#825),#813,.T.);
#827=CARTESIAN_POINT($,(20,10,50));
#828=DIRECTION($,(0,-1,0));
#829=DIRECTION($,(0,0,-1));
#830=AXIS2_PLACEMENT_3D($,#827,#828,#829);
#831=CYLINDRICAL_SURFACE($,#830,5);
#832=CARTESIAN_POINT($,(20,10,45));
#833=VERTEX_POINT($,#832);
#834=CARTESIAN_POINT($,(20,10,55));
#835=VERTEX_POINT($,#834);
#836=CARTESIAN_POINT($,(20,10,45));
#837=CARTESIAN_POINT($,(30,10,45));
#838=CARTESIAN_POINT($,(30,10,55));
#839=CARTESIAN_POINT($,(20,10,55));
#840=B_SPLINE_CURVE_WITH_KNOTS($,3,(#836,#837,#838,#839),.UNSPECIFIED.,.F.,.F.,(4,4),(0,30),.PIECEWISE_BEZIER_KNOTS.);
#841=EDGE_CURVE($,#833,#835,#840,.T.);
#842=ORIENTED_EDGE($,$,$,#841,.F.);
#843=CARTESIAN_POINT($,(20,10,45));
#844=CARTESIAN_POINT($,(20,0,45));
#845=B_SPLINE_CURVE_WITH_KNOTS($,1,(#843,#844),.UNSPECIFIED.,.F.,.F.,(2,2),(0.00099800399,10.000998004),.PIECEWISE_BEZIER_KNOTS.);
#846=EDGE_CURVE($,#833,#511,#845,.T.);
#847=ORIENTED_EDGE($,$,$,#846,.T.);
#848=ORIENTED_EDGE($,$,$,#537,.F.);
#849=CARTESIAN_POINT($,(20,10,55));
#850=CARTESIAN_POINT($,(20,0,55));
#851=B_SPLINE_CURVE_WITH_KNOTS($,1,(#849,#850),.UNSPECIFIED.,.F.,.F.,(2,2),(0.00099800399,10.000998004),.PIECEWISE_BEZIER_KNOTS.);
#852=EDGE_CURVE($,#835,#509,#851,.T.);
#853=ORIENTED_EDGE($,$,$,#852,.F.);
#854=EDGE_LOOP($,(#842,#847,#848,#853));
#855=FACE_OUTER_BOUND('',#854,.T.);
#856=ADVANCED_FACE('',(#855),#831,.T.);
#857=CARTESIAN_POINT($,(20,10,50));
#858=DIRECTION($,(0,-1,0));
#859=DIRECTION($,(0,0,1));
#860=AXIS2_PLACEMENT_3D($,#857,#858,#859);
#861=CYLINDRICAL_SURFACE($,#860,5);
#862=CARTESIAN_POINT($,(20,10,55));
#863=CARTESIAN_POINT($,(10,10,55));
#864=CARTESIAN_POINT($,(10,10,45));
#865=CARTESIAN_POINT($,(20,10,45));
#866=B_SPLINE_CURVE_WITH_KNOTS($,3,(#862,#863,#864,#865),.UNSPECIFIED.,.F.,.F.,(4,4),(0,30),.PIECEWISE_BEZIER_KNOTS.);
#867=EDGE_CURVE($,#835,#833,#866,.T.);
#868=ORIENTED_EDGE($,$,$,#867,.F.);
#869=ORIENTED_EDGE($,$,$,#852,.T.);
#870=ORIENTED_EDGE($,$,$,#564,.F.);
#871=ORIENTED_EDGE($,$,$,#846,.F.);
#872=EDGE_LOOP($,(#868,#869,#870,#871));
#873=FACE_OUTER_BOUND('',#872,.T.);
#874=ADVANCED_FACE('',(#873),#861,.T.);
#875=CARTESIAN_POINT($,(50,10,100));
#876=DIRECTION($,(0,1,0));
#877=DIRECTION($,(0,-0,1));
#878=AXIS2_PLACEMENT_3D($,#875,#876,#877);
#879=PLANE($,#878);
#880=CARTESIAN_POINT($,(10,10,100));
#881=DIRECTION($,(0,0,-1));
#882=VECTOR($,#881,1);
#883=LINE($,#880,#882);
#884=EDGE_CURVE($,#585,#641,#883,.T.);
#885=ORIENTED_EDGE($,$,$,#884,.F.);
#886=ORIENTED_EDGE($,$,$,#590,.F.);
#887=ORIENTED_EDGE($,$,$,#723,.T.);
#888=ORIENTED_EDGE($,$,$,#654,.T.);
#889=EDGE_LOOP($,(#885,#886,#887,#888));
#890=FACE_OUTER_BOUND('',#889,.T.);
#891=ORIENTED_EDGE($,$,$,#745,.T.);
#892=ORIENTED_EDGE($,$,$,#771,.T.);
#893=EDGE_LOOP($,(#891,#892));
#894=FACE_BOUND('',#893,.T.);
#895=ORIENTED_EDGE($,$,$,#793,.T.);
#896=ORIENTED_EDGE($,$,$,#819,.T.);
#897=EDGE_LOOP($,(#895,#896));
#898=FACE_BOUND('',#897,.T.);
#899=ORIENTED_EDGE($,$,$,#841,.T.);
#900=ORIENTED_EDGE($,$,$,#867,.T.);
#901=EDGE_LOOP($,(#899,#900));
#902=FACE_BOUND('',#901,.T.);
#903=ADVANCED_FACE('',(#890,#894,#898,#902),#879,.T.);
#904=CARTESIAN_POINT($,(10,10,100));
#905=DIRECTION($,(1,0,0));
#906=DIRECTION($,(0,0,-1));
#907=AXIS2_PLACEMENT_3D($,#904,#905,#906);
#908=PLANE($,#907);
#909=ORIENTED_EDGE($,$,$,#621,.F.);
#910=ORIENTED_EDGE($,$,$,#598,.F.);
#911=ORIENTED_EDGE($,$,$,#884,.T.);
#912=ORIENTED_EDGE($,$,$,#646,.T.);
#913=EDGE_LOOP($,(#909,#910,#911,#912));
#914=FACE_OUTER_BOUND('',#913,.T.);
#915=ORIENTED_EDGE($,$,$,#680,.T.);
#916=ORIENTED_EDGE($,$,$,#706,.T.);
#917=EDGE_LOOP($,(#915,#916));
#918=FACE_BOUND('',#917,.T.);
#919=ADVANCED_FACE('',(#914,#918),#908,.T.);
#920=CLOSED_SHELL($,(#357,#568,#608,#632,#665,#695,#713,#730,#760,#778,#808,#826,#856,#874,#903,#919));
#921=MANIFOLD_SOLID_BREP('ExternalStep<"components/0002-l_bracket.step">',#920);
#922=APPLICATION_CONTEXT('mechanical design');
#923=PRODUCT_CONTEXT('',#922,'mechanical');
#924=PRODUCT('assembly-definition:3333DC1241C98D66','ExternalStep<"components/0002-l_bracket.step">','Aetheris shared assembly definition',(#923));
#925=PRODUCT_DEFINITION_FORMATION('','',#924);
#926=PRODUCT_DEFINITION_CONTEXT('design',#922,'design');
#927=PRODUCT_DEFINITION('','',#925,#926);
#928=PRODUCT_DEFINITION_SHAPE('','',#927);
#929=(LENGTH_UNIT()NAMED_UNIT(*)SI_UNIT(.MILLI.,.METRE.));
#930=(NAMED_UNIT(*)PLANE_ANGLE_UNIT()SI_UNIT($,.RADIAN.));
#931=(NAMED_UNIT(*)SI_UNIT($,.STERADIAN.)SOLID_ANGLE_UNIT());
#932=(GEOMETRIC_REPRESENTATION_CONTEXT(3)GLOBAL_UNIT_ASSIGNED_CONTEXT((#929,#930,#931))REPRESENTATION_CONTEXT('3','3D'));
#933=SHAPE_REPRESENTATION('ExternalStep<"components/0002-l_bracket.step">',(#921),#932);
#934=SHAPE_DEFINITION_REPRESENTATION(#928,#933);
#935=CARTESIAN_POINT($,(0,0,200));
#936=DIRECTION($,(0,0,1));
#937=DIRECTION($,(1,0,-0));
#938=AXIS2_PLACEMENT_3D($,#935,#936,#937);
#939=PLANE($,#938);
#940=CARTESIAN_POINT($,(5,-0,200));
#941=VERTEX_POINT($,#940);
#942=CARTESIAN_POINT($,(-5,0,200));
#943=VERTEX_POINT($,#942);
#944=CARTESIAN_POINT($,(5,-0,200));
#945=CARTESIAN_POINT($,(5,-0.467198252312,200));
#946=CARTESIAN_POINT($,(4.94543032016,-0.967985463874,200));
#947=CARTESIAN_POINT($,(4.82041774119,-1.49112303535,200));
#948=CARTESIAN_POINT($,(4.42731387443,-2.48006143438,200));
#949=CARTESIAN_POINT($,(3.74198536382,-3.38090473983,200));
#950=CARTESIAN_POINT($,(3.35476380665,-3.76862633308,200));
#951=CARTESIAN_POINT($,(2.56749137395,-4.36208802884,200));
#952=CARTESIAN_POINT($,(1.64518926245,-4.75184036526,200));
#953=CARTESIAN_POINT($,(1.22322144323,-4.87791933608,200));
#954=CARTESIAN_POINT($,(0.356287037014,-5.03548099138,200));
#955=CARTESIAN_POINT($,(-0.52640030158,-5.00140076198,200));
#956=CARTESIAN_POINT($,(-0.963050674765,-4.93574856594,200));
#957=CARTESIAN_POINT($,(-1.81864212033,-4.70884578804,200));
#958=CARTESIAN_POINT($,(-2.59575461931,-4.30713067084,200));
#959=CARTESIAN_POINT($,(-2.9603131848,-4.06421908239,200));
#960=CARTESIAN_POINT($,(-3.73554903634,-3.41630129394,200));
#961=CARTESIAN_POINT($,(-4.3095225984,-2.62465565461,200));
#962=CARTESIAN_POINT($,(-4.56375002186,-2.14244819995,200));
#963=CARTESIAN_POINT($,(-4.8362924348,-1.40481893471,200));
#964=CARTESIAN_POINT($,(-4.96121877006,-0.68885510118,200));
#965=CARTESIAN_POINT($,(-4.98763322877,-0.452431376999,200));
#966=CARTESIAN_POINT($,(-5,-0.222409665749,200));
#967=CARTESIAN_POINT($,(-5,0,200));
#968=B_SPLINE_CURVE_WITH_KNOTS($,5,(#944,#945,#946,#947,#948,#949,#950,#951,#952,#953,#954,#955,#956,#957,#958,#959,#960,#961,#962,#963,#964,#965,#966,#967),.UNSPECIFIED.,.F.,.F.,(6,3,3,3,3,3,3,6),(0,4.15513164387,7.85828164661,10.7238180516,13.5836589935,16.4911855015,20.38776087,22.3658107353),.UNSPECIFIED.);
#969=EDGE_CURVE($,#941,#943,#968,.T.);
#970=ORIENTED_EDGE($,$,$,#969,.F.);
#971=CARTESIAN_POINT($,(-5,0,200));
#972=CARTESIAN_POINT($,(-5,0.467198252312,200));
#973=CARTESIAN_POINT($,(-4.94543032016,0.967985463874,200));
#974=CARTESIAN_POINT($,(-4.82041774119,1.49112303535,200));
#975=CARTESIAN_POINT($,(-4.42731387443,2.48006143438,200));
#976=CARTESIAN_POINT($,(-3.74198536382,3.38090473983,200));
#977=CARTESIAN_POINT($,(-3.35476380665,3.76862633308,200));
#978=CARTESIAN_POINT($,(-2.56749137395,4.36208802884,200));
#979=CARTESIAN_POINT($,(-1.64518926245,4.75184036526,200));
#980=CARTESIAN_POINT($,(-1.22322144323,4.87791933608,200));
#981=CARTESIAN_POINT($,(-0.356287037014,5.03548099138,200));
#982=CARTESIAN_POINT($,(0.52640030158,5.00140076198,200));
#983=CARTESIAN_POINT($,(0.963050674765,4.93574856594,200));
#984=CARTESIAN_POINT($,(1.81864212033,4.70884578804,200));
#985=CARTESIAN_POINT($,(2.59575461931,4.30713067084,200));
#986=CARTESIAN_POINT($,(2.9603131848,4.06421908239,200));
#987=CARTESIAN_POINT($,(3.73554903634,3.41630129394,200));
#988=CARTESIAN_POINT($,(4.3095225984,2.62465565461,200));
#989=CARTESIAN_POINT($,(4.56375002186,2.14244819995,200));
#990=CARTESIAN_POINT($,(4.8362924348,1.40481893471,200));
#991=CARTESIAN_POINT($,(4.96121877006,0.68885510118,200));
#992=CARTESIAN_POINT($,(4.98763322877,0.452431376999,200));
#993=CARTESIAN_POINT($,(5,0.222409665749,200));
#994=CARTESIAN_POINT($,(5,-0,200));
#995=B_SPLINE_CURVE_WITH_KNOTS($,5,(#971,#972,#973,#974,#975,#976,#977,#978,#979,#980,#981,#982,#983,#984,#985,#986,#987,#988,#989,#990,#991,#992,#993,#994),.UNSPECIFIED.,.F.,.F.,(6,3,3,3,3,3,3,6),(0,4.15513164387,7.85828164661,10.7238180516,13.5836589935,16.4911855015,20.38776087,22.3658107353),.UNSPECIFIED.);
#996=EDGE_CURVE($,#943,#941,#995,.T.);
#997=ORIENTED_EDGE($,$,$,#996,.F.);
#998=EDGE_LOOP($,(#970,#997));
#999=FACE_OUTER_BOUND('',#998,.T.);
#1000=ADVANCED_FACE('',(#999),#939,.T.);
#1001=CARTESIAN_POINT($,(0,0,200));
#1002=DIRECTION($,(0,0,-1));
#1003=DIRECTION($,(-1,0,0));
#1004=AXIS2_PLACEMENT_3D($,#1001,#1002,#1003);
#1005=CYLINDRICAL_SURFACE($,#1004,5);
#1006=ORIENTED_EDGE($,$,$,#969,.T.);
#1007=CARTESIAN_POINT($,(-5,-0.000000000000001,0));
#1008=VERTEX_POINT($,#1007);
#1009=CARTESIAN_POINT($,(-5,-0.000000000000001,200));
#1010=CARTESIAN_POINT($,(-5,-0.000000000000001,0));
#1011=B_SPLINE_CURVE_WITH_KNOTS($,1,(#1009,#1010),.UNSPECIFIED.,.F.,.F.,(2,2),(0.00099800399,200.000998004),.PIECEWISE_BEZIER_KNOTS.);
#1012=EDGE_CURVE($,#943,#1008,#1011,.T.);
#1013=ORIENTED_EDGE($,$,$,#1012,.T.);
#1014=CARTESIAN_POINT($,(5,0,0));
#1015=VERTEX_POINT($,#1014);
#1016=CARTESIAN_POINT($,(-5,0,0));
#1017=CARTESIAN_POINT($,(-5,-10,0));
#1018=CARTESIAN_POINT($,(5,-10,0));
#1019=CARTESIAN_POINT($,(5,0,0));
#1020=B_SPLINE_CURVE_WITH_KNOTS($,3,(#1016,#1017,#1018,#1019),.UNSPECIFIED.,.F.,.F.,(4,4),(0,30),.PIECEWISE_BEZIER_KNOTS.);
#1021=EDGE_CURVE($,#1008,#1015,#1020,.T.);
#1022=ORIENTED_EDGE($,$,$,#1021,.T.);
#1023=CARTESIAN_POINT($,(5,-0.000000000000001,200));
#1024=CARTESIAN_POINT($,(5,-0.000000000000001,0));
#1025=B_SPLINE_CURVE_WITH_KNOTS($,1,(#1023,#1024),.UNSPECIFIED.,.F.,.F.,(2,2),(0.00099800399,200.000998004),.PIECEWISE_BEZIER_KNOTS.);
#1026=EDGE_CURVE($,#941,#1015,#1025,.T.);
#1027=ORIENTED_EDGE($,$,$,#1026,.F.);
#1028=EDGE_LOOP($,(#1006,#1013,#1022,#1027));
#1029=FACE_OUTER_BOUND('',#1028,.T.);
#1030=ADVANCED_FACE('',(#1029),#1005,.T.);
#1031=CARTESIAN_POINT($,(0,0,200));
#1032=DIRECTION($,(0,0,-1));
#1033=DIRECTION($,(1,0,0));
#1034=AXIS2_PLACEMENT_3D($,#1031,#1032,#1033);
#1035=CYLINDRICAL_SURFACE($,#1034,5);
#1036=ORIENTED_EDGE($,$,$,#996,.T.);
#1037=ORIENTED_EDGE($,$,$,#1026,.T.);
#1038=CARTESIAN_POINT($,(5,0,0));
#1039=CARTESIAN_POINT($,(5,10,0));
#1040=CARTESIAN_POINT($,(-5,10,0));
#1041=CARTESIAN_POINT($,(-5,0,0));
#1042=B_SPLINE_CURVE_WITH_KNOTS($,3,(#1038,#1039,#1040,#1041),.UNSPECIFIED.,.F.,.F.,(4,4),(0,30),.PIECEWISE_BEZIER_KNOTS.);
#1043=EDGE_CURVE($,#1015,#1008,#1042,.T.);
#1044=ORIENTED_EDGE($,$,$,#1043,.T.);
#1045=ORIENTED_EDGE($,$,$,#1012,.F.);
#1046=EDGE_LOOP($,(#1036,#1037,#1044,#1045));
#1047=FACE_OUTER_BOUND('',#1046,.T.);
#1048=ADVANCED_FACE('',(#1047),#1035,.T.);
#1049=CARTESIAN_POINT($,(0,0,0));
#1050=DIRECTION($,(0,0,-1));
#1051=DIRECTION($,(-1,0,0));
#1052=AXIS2_PLACEMENT_3D($,#1049,#1050,#1051);
#1053=PLANE($,#1052);
#1054=ORIENTED_EDGE($,$,$,#1021,.F.);
#1055=ORIENTED_EDGE($,$,$,#1043,.F.);
#1056=EDGE_LOOP($,(#1054,#1055));
#1057=FACE_OUTER_BOUND('',#1056,.T.);
#1058=ADVANCED_FACE('',(#1057),#1053,.T.);
#1059=CLOSED_SHELL($,(#1000,#1030,#1048,#1058));
#1060=MANIFOLD_SOLID_BREP('ExternalStep<"components/0005-rod.step">',#1059);
#1061=APPLICATION_CONTEXT('mechanical design');
#1062=PRODUCT_CONTEXT('',#1061,'mechanical');
#1063=PRODUCT('assembly-definition:5E432EAC7E07FEB7','ExternalStep<"components/0005-rod.step">','Aetheris shared assembly definition',(#1062));
#1064=PRODUCT_DEFINITION_FORMATION('','',#1063);
#1065=PRODUCT_DEFINITION_CONTEXT('design',#1061,'design');
#1066=PRODUCT_DEFINITION('','',#1064,#1065);
#1067=PRODUCT_DEFINITION_SHAPE('','',#1066);
#1068=(LENGTH_UNIT()NAMED_UNIT(*)SI_UNIT(.MILLI.,.METRE.));
#1069=(NAMED_UNIT(*)PLANE_ANGLE_UNIT()SI_UNIT($,.RADIAN.));
#1070=(NAMED_UNIT(*)SI_UNIT($,.STERADIAN.)SOLID_ANGLE_UNIT());
#1071=(GEOMETRIC_REPRESENTATION_CONTEXT(3)GLOBAL_UNIT_ASSIGNED_CONTEXT((#1068,#1069,#1070))REPRESENTATION_CONTEXT('3','3D'));
#1072=SHAPE_REPRESENTATION('ExternalStep<"components/0005-rod.step">',(#1060),#1071);
#1073=SHAPE_DEFINITION_REPRESENTATION(#1067,#1072);
#1074=CARTESIAN_POINT($,(10,7.5,3));
#1075=DIRECTION($,(0,0,1));
#1076=DIRECTION($,(1,0,-0));
#1077=AXIS2_PLACEMENT_3D($,#1074,#1075,#1076);
#1078=PLANE($,#1077);
#1079=CARTESIAN_POINT($,(20,0,3));
#1080=VERTEX_POINT($,#1079);
#1081=CARTESIAN_POINT($,(-0,-0,3));
#1082=VERTEX_POINT($,#1081);
#1083=CARTESIAN_POINT($,(20,0,3));
#1084=DIRECTION($,(-1,0,0));
#1085=VECTOR($,#1084,1);
#1086=LINE($,#1083,#1085);
#1087=EDGE_CURVE($,#1080,#1082,#1086,.T.);
#1088=ORIENTED_EDGE($,$,$,#1087,.F.);
#1089=CARTESIAN_POINT($,(20,15,3));
#1090=VERTEX_POINT($,#1089);
#1091=CARTESIAN_POINT($,(20,15,3));
#1092=DIRECTION($,(0,-1,0));
#1093=VECTOR($,#1092,1);
#1094=LINE($,#1091,#1093);
#1095=EDGE_CURVE($,#1090,#1080,#1094,.T.);
#1096=ORIENTED_EDGE($,$,$,#1095,.F.);
#1097=CARTESIAN_POINT($,(0,15,3));
#1098=VERTEX_POINT($,#1097);
#1099=CARTESIAN_POINT($,(0,15,3));
#1100=DIRECTION($,(1,0,0));
#1101=VECTOR($,#1100,1);
#1102=LINE($,#1099,#1101);
#1103=EDGE_CURVE($,#1098,#1090,#1102,.T.);
#1104=ORIENTED_EDGE($,$,$,#1103,.F.);
#1105=CARTESIAN_POINT($,(-0,-0,3));
#1106=DIRECTION($,(0,1,0));
#1107=VECTOR($,#1106,1);
#1108=LINE($,#1105,#1107);
#1109=EDGE_CURVE($,#1082,#1098,#1108,.T.);
#1110=ORIENTED_EDGE($,$,$,#1109,.F.);
#1111=EDGE_LOOP($,(#1088,#1096,#1104,#1110));
#1112=FACE_OUTER_BOUND('',#1111,.T.);
#1113=CARTESIAN_POINT($,(5,7.5,3));
#1114=VERTEX_POINT($,#1113);
#1115=CARTESIAN_POINT($,(15,7.5,3));
#1116=VERTEX_POINT($,#1115);
#1117=CARTESIAN_POINT($,(5,7.5,3));
#1118=CARTESIAN_POINT($,(5,7.96719825234,3));
#1119=CARTESIAN_POINT($,(5.05456967986,8.46798546394,3));
#1120=CARTESIAN_POINT($,(5.17958225879,8.9911230353,3));
#1121=CARTESIAN_POINT($,(5.57268612552,9.98006143429,3));
#1122=CARTESIAN_POINT($,(6.25801463611,10.8809047397,3));
#1123=CARTESIAN_POINT($,(6.64523619345,11.2686263331,3));
#1124=CARTESIAN_POINT($,(7.43250862613,11.8620880289,3));
#1125=CARTESIAN_POINT($,(8.35481073757,12.2518403653,3));
#1126=CARTESIAN_POINT($,(8.77677855674,12.3779193361,3));
#1127=CARTESIAN_POINT($,(9.64371296306,12.5354809914,3));
#1128=CARTESIAN_POINT($,(10.5264003018,12.501400762,3));
#1129=CARTESIAN_POINT($,(10.9630506746,12.435748566,3));
#1130=CARTESIAN_POINT($,(11.8186421203,12.2088457881,3));
#1131=CARTESIAN_POINT($,(12.5957546194,11.8071306708,3));
#1132=CARTESIAN_POINT($,(12.9603131848,11.5642190824,3));
#1133=CARTESIAN_POINT($,(13.7355490363,10.916301294,3));
#1134=CARTESIAN_POINT($,(14.3095225983,10.1246556547,3));
#1135=CARTESIAN_POINT($,(14.5637500219,9.64244819984,3));
#1136=CARTESIAN_POINT($,(14.8362924347,8.90481893489,3));
#1137=CARTESIAN_POINT($,(14.96121877,8.18885510165,3));
#1138=CARTESIAN_POINT($,(14.9876332288,7.95243137655,3));
#1139=CARTESIAN_POINT($,(15,7.72240966553,3));
#1140=CARTESIAN_POINT($,(15,7.5,3));
#1141=B_SPLINE_CURVE_WITH_KNOTS($,5,(#1117,#1118,#1119,#1120,#1121,#1122,#1123,#1124,#1125,#1126,#1127,#1128,#1129,#1130,#1131,#1132,#1133,#1134,#1135,#1136,#1137,#1138,#1139,#1140),.UNSPECIFIED.,.F.,.F.,(6,3,3,3,3,3,3,6),(0,4.15513164414,7.85828164644,10.7238180516,13.583658994,16.4911855022,20.3877608702,22.3658107336),.UNSPECIFIED.);
#1142=EDGE_CURVE($,#1114,#1116,#1141,.T.);
#1143=ORIENTED_EDGE($,$,$,#1142,.T.);
#1144=CARTESIAN_POINT($,(15,7.5,3));
#1145=CARTESIAN_POINT($,(15,7.03280174754,3));
#1146=CARTESIAN_POINT($,(14.9454303202,6.53201453581,3));
#1147=CARTESIAN_POINT($,(14.8204177413,6.00887696498,3));
#1148=CARTESIAN_POINT($,(14.4273138745,5.01993856555,3));
#1149=CARTESIAN_POINT($,(13.7419853635,4.11909525976,3));
#1150=CARTESIAN_POINT($,(13.3547638071,3.73137366727,3));
#1151=CARTESIAN_POINT($,(12.5674913741,3.13791197119,3));
#1152=CARTESIAN_POINT($,(11.6451892622,2.74815963462,3));
#1153=CARTESIAN_POINT($,(11.2232214435,2.62208066399,3));
#1154=CARTESIAN_POINT($,(10.3562870372,2.46451900862,3));
#1155=CARTESIAN_POINT($,(9.47359969847,2.49859923799,3));
#1156=CARTESIAN_POINT($,(9.03694932519,2.56425143411,3));
#1157=CARTESIAN_POINT($,(8.18135787977,2.79115421194,3));
#1158=CARTESIAN_POINT($,(7.40424538089,3.19286932902,3));
#1159=CARTESIAN_POINT($,(7.03968681504,3.43578091778,3));
#1160=CARTESIAN_POINT($,(6.26445096378,4.08369870599,3));
#1161=CARTESIAN_POINT($,(5.69047740185,4.87534434499,3));
#1162=CARTESIAN_POINT($,(5.43624997802,5.35755180047,3));
#1163=CARTESIAN_POINT($,(5.1637075653,6.09518106513,3));
#1164=CARTESIAN_POINT($,(5.03878123004,6.81114489813,3));
#1165=CARTESIAN_POINT($,(5.01236677119,7.04756862366,3));
#1166=CARTESIAN_POINT($,(5,7.27759033457,3));
#1167=CARTESIAN_POINT($,(5,7.5,3));
#1168=B_SPLINE_CURVE_WITH_KNOTS($,5,(#1144,#1145,#1146,#1147,#1148,#1149,#1150,#1151,#1152,#1153,#1154,#1155,#1156,#1157,#1158,#1159,#1160,#1161,#1162,#1163,#1164,#1165,#1166,#1167),.UNSPECIFIED.,.F.,.F.,(6,3,3,3,3,3,3,6),(0,4.15513164517,7.85828164968,10.7238180555,13.5836589972,16.4911855043,20.3877608712,22.3658107337),.UNSPECIFIED.);
#1169=EDGE_CURVE($,#1116,#1114,#1168,.T.);
#1170=ORIENTED_EDGE($,$,$,#1169,.T.);
#1171=EDGE_LOOP($,(#1143,#1170));
#1172=FACE_BOUND('',#1171,.T.);
#1173=ADVANCED_FACE('',(#1112,#1172),#1078,.T.);
#1174=CARTESIAN_POINT($,(10,0,0));
#1175=DIRECTION($,(0,-1,0));
#1176=DIRECTION($,(0,0,-1));
#1177=AXIS2_PLACEMENT_3D($,#1174,#1175,#1176);
#1178=PLANE($,#1177);
#1179=CARTESIAN_POINT($,(20,-0,-0));
#1180=VERTEX_POINT($,#1179);
#1181=CARTESIAN_POINT($,(20,-0,-0));
#1182=DIRECTION($,(0,0,1));
#1183=VECTOR($,#1182,1);
#1184=LINE($,#1181,#1183);
#1185=EDGE_CURVE($,#1180,#1080,#1184,.T.);
#1186=ORIENTED_EDGE($,$,$,#1185,.T.);
#1187=ORIENTED_EDGE($,$,$,#1087,.T.);
#1188=CARTESIAN_POINT($,(-0,-0,-0));
#1189=VERTEX_POINT($,#1188);
#1190=CARTESIAN_POINT($,(-0,-0,-0));
#1191=DIRECTION($,(0,0,1));
#1192=VECTOR($,#1191,1);
#1193=LINE($,#1190,#1192);
#1194=EDGE_CURVE($,#1189,#1082,#1193,.T.);
#1195=ORIENTED_EDGE($,$,$,#1194,.F.);
#1196=CARTESIAN_POINT($,(-0,-0,-0));
#1197=DIRECTION($,(1,0,0));
#1198=VECTOR($,#1197,1);
#1199=LINE($,#1196,#1198);
#1200=EDGE_CURVE($,#1189,#1180,#1199,.T.);
#1201=ORIENTED_EDGE($,$,$,#1200,.T.);
#1202=EDGE_LOOP($,(#1186,#1187,#1195,#1201));
#1203=FACE_OUTER_BOUND('',#1202,.T.);
#1204=ADVANCED_FACE('',(#1203),#1178,.T.);
#1205=CARTESIAN_POINT($,(20,7.5,0));
#1206=DIRECTION($,(1,0,0));
#1207=DIRECTION($,(0,0,-1));
#1208=AXIS2_PLACEMENT_3D($,#1205,#1206,#1207);
#1209=PLANE($,#1208);
#1210=CARTESIAN_POINT($,(20,15,-0));
#1211=VERTEX_POINT($,#1210);
#1212=CARTESIAN_POINT($,(20,-0,-0));
#1213=DIRECTION($,(0,1,0));
#1214=VECTOR($,#1213,1);
#1215=LINE($,#1212,#1214);
#1216=EDGE_CURVE($,#1180,#1211,#1215,.T.);
#1217=ORIENTED_EDGE($,$,$,#1216,.T.);
#1218=CARTESIAN_POINT($,(20,15,-0));
#1219=DIRECTION($,(0,0,1));
#1220=VECTOR($,#1219,1);
#1221=LINE($,#1218,#1220);
#1222=EDGE_CURVE($,#1211,#1090,#1221,.T.);
#1223=ORIENTED_EDGE($,$,$,#1222,.T.);
#1224=ORIENTED_EDGE($,$,$,#1095,.T.);
#1225=ORIENTED_EDGE($,$,$,#1185,.F.);
#1226=EDGE_LOOP($,(#1217,#1223,#1224,#1225));
#1227=FACE_OUTER_BOUND('',#1226,.T.);
#1228=ADVANCED_FACE('',(#1227),#1209,.T.);
#1229=CARTESIAN_POINT($,(10,15,0));
#1230=DIRECTION($,(0,1,0));
#1231=DIRECTION($,(0,-0,1));
#1232=AXIS2_PLACEMENT_3D($,#1229,#1230,#1231);
#1233=PLANE($,#1232);
#1234=CARTESIAN_POINT($,(-0,15,-0));
#1235=VERTEX_POINT($,#1234);
#1236=CARTESIAN_POINT($,(-0,15,-0));
#1237=DIRECTION($,(0,0,1));
#1238=VECTOR($,#1237,1);
#1239=LINE($,#1236,#1238);
#1240=EDGE_CURVE($,#1235,#1098,#1239,.T.);
#1241=ORIENTED_EDGE($,$,$,#1240,.T.);
#1242=ORIENTED_EDGE($,$,$,#1103,.T.);
#1243=ORIENTED_EDGE($,$,$,#1222,.F.);
#1244=CARTESIAN_POINT($,(20,15,-0));
#1245=DIRECTION($,(-1,0,0));
#1246=VECTOR($,#1245,1);
#1247=LINE($,#1244,#1246);
#1248=EDGE_CURVE($,#1211,#1235,#1247,.T.);
#1249=ORIENTED_EDGE($,$,$,#1248,.T.);
#1250=EDGE_LOOP($,(#1241,#1242,#1243,#1249));
#1251=FACE_OUTER_BOUND('',#1250,.T.);
#1252=ADVANCED_FACE('',(#1251),#1233,.T.);
#1253=CARTESIAN_POINT($,(0,7.5,0));
#1254=DIRECTION($,(-1,0,0));
#1255=DIRECTION($,(0,0,1));
#1256=AXIS2_PLACEMENT_3D($,#1253,#1254,#1255);
#1257=PLANE($,#1256);
#1258=ORIENTED_EDGE($,$,$,#1194,.T.);
#1259=ORIENTED_EDGE($,$,$,#1109,.T.);
#1260=ORIENTED_EDGE($,$,$,#1240,.F.);
#1261=CARTESIAN_POINT($,(-0,15,-0));
#1262=DIRECTION($,(0,-1,0));
#1263=VECTOR($,#1262,1);
#1264=LINE($,#1261,#1263);
#1265=EDGE_CURVE($,#1235,#1189,#1264,.T.);
#1266=ORIENTED_EDGE($,$,$,#1265,.T.);
#1267=EDGE_LOOP($,(#1258,#1259,#1260,#1266));
#1268=FACE_OUTER_BOUND('',#1267,.T.);
#1269=ADVANCED_FACE('',(#1268),#1257,.T.);
#1270=CARTESIAN_POINT($,(10,7.5,3));
#1271=DIRECTION($,(0,0,-1));
#1272=DIRECTION($,(-1,0,0));
#1273=AXIS2_PLACEMENT_3D($,#1270,#1271,#1272);
#1274=CYLINDRICAL_SURFACE($,#1273,5);
#1275=CARTESIAN_POINT($,(5,7.5,0));
#1276=VERTEX_POINT($,#1275);
#1277=CARTESIAN_POINT($,(15,7.5,0));
#1278=VERTEX_POINT($,#1277);
#1279=CARTESIAN_POINT($,(5,7.5,0));
#1280=CARTESIAN_POINT($,(5,17.5,0));
#1281=CARTESIAN_POINT($,(15,17.5,0));
#1282=CARTESIAN_POINT($,(15,7.5,0));
#1283=B_SPLINE_CURVE_WITH_KNOTS($,3,(#1279,#1280,#1281,#1282),.UNSPECIFIED.,.F.,.F.,(4,4),(0,30),.PIECEWISE_BEZIER_KNOTS.);
#1284=EDGE_CURVE($,#1276,#1278,#1283,.T.);
#1285=ORIENTED_EDGE($,$,$,#1284,.T.);
#1286=CARTESIAN_POINT($,(15,7.5,3));
#1287=CARTESIAN_POINT($,(15,7.5,0));
#1288=B_SPLINE_CURVE_WITH_KNOTS($,1,(#1286,#1287),.UNSPECIFIED.,.F.,.F.,(2,2),(0.00099800399,3.00099800399),.PIECEWISE_BEZIER_KNOTS.);
#1289=EDGE_CURVE($,#1116,#1278,#1288,.T.);
#1290=ORIENTED_EDGE($,$,$,#1289,.F.);
#1291=ORIENTED_EDGE($,$,$,#1142,.F.);
#1292=CARTESIAN_POINT($,(5,7.5,3));
#1293=CARTESIAN_POINT($,(5,7.5,0));
#1294=B_SPLINE_CURVE_WITH_KNOTS($,1,(#1292,#1293),.UNSPECIFIED.,.F.,.F.,(2,2),(0.00099800399,3.00099800399),.PIECEWISE_BEZIER_KNOTS.);
#1295=EDGE_CURVE($,#1114,#1276,#1294,.T.);
#1296=ORIENTED_EDGE($,$,$,#1295,.T.);
#1297=EDGE_LOOP($,(#1285,#1290,#1291,#1296));
#1298=FACE_OUTER_BOUND('',#1297,.T.);
#1299=ADVANCED_FACE('',(#1298),#1274,.T.);
#1300=CARTESIAN_POINT($,(10,7.5,3));
#1301=DIRECTION($,(0,0,-1));
#1302=DIRECTION($,(1,0,0));
#1303=AXIS2_PLACEMENT_3D($,#1300,#1301,#1302);
#1304=CYLINDRICAL_SURFACE($,#1303,5);
#1305=CARTESIAN_POINT($,(15,7.5,0));
#1306=CARTESIAN_POINT($,(15,-2.5,0));
#1307=CARTESIAN_POINT($,(5,-2.5,0));
#1308=CARTESIAN_POINT($,(5,7.5,0));
#1309=B_SPLINE_CURVE_WITH_KNOTS($,3,(#1305,#1306,#1307,#1308),.UNSPECIFIED.,.F.,.F.,(4,4),(0,30),.PIECEWISE_BEZIER_KNOTS.);
#1310=EDGE_CURVE($,#1278,#1276,#1309,.T.);
#1311=ORIENTED_EDGE($,$,$,#1310,.T.);
#1312=ORIENTED_EDGE($,$,$,#1295,.F.);
#1313=ORIENTED_EDGE($,$,$,#1169,.F.);
#1314=ORIENTED_EDGE($,$,$,#1289,.T.);
#1315=EDGE_LOOP($,(#1311,#1312,#1313,#1314));
#1316=FACE_OUTER_BOUND('',#1315,.T.);
#1317=ADVANCED_FACE('',(#1316),#1304,.T.);
#1318=CARTESIAN_POINT($,(10,7.5,0));
#1319=DIRECTION($,(0,0,-1));
#1320=DIRECTION($,(-1,0,0));
#1321=AXIS2_PLACEMENT_3D($,#1318,#1319,#1320);
#1322=PLANE($,#1321);
#1323=ORIENTED_EDGE($,$,$,#1216,.F.);
#1324=ORIENTED_EDGE($,$,$,#1200,.F.);
#1325=ORIENTED_EDGE($,$,$,#1265,.F.);
#1326=ORIENTED_EDGE($,$,$,#1248,.F.);
#1327=EDGE_LOOP($,(#1323,#1324,#1325,#1326));
#1328=FACE_OUTER_BOUND('',#1327,.T.);
#1329=ORIENTED_EDGE($,$,$,#1310,.F.);
#1330=ORIENTED_EDGE($,$,$,#1284,.F.);
#1331=EDGE_LOOP($,(#1329,#1330));
#1332=FACE_BOUND('',#1331,.T.);
#1333=ADVANCED_FACE('',(#1328,#1332),#1322,.T.);
#1334=CLOSED_SHELL($,(#1173,#1204,#1228,#1252,#1269,#1299,#1317,#1333));
#1335=MANIFOLD_SOLID_BREP('ExternalStep<"components/0003-nut.step">',#1334);
#1336=APPLICATION_CONTEXT('mechanical design');
#1337=PRODUCT_CONTEXT('',#1336,'mechanical');
#1338=PRODUCT('assembly-definition:C1CCCB62B6014292','ExternalStep<"components/0003-nut.step">','Aetheris shared assembly definition',(#1337));
#1339=PRODUCT_DEFINITION_FORMATION('','',#1338);
#1340=PRODUCT_DEFINITION_CONTEXT('design',#1336,'design');
#1341=PRODUCT_DEFINITION('','',#1339,#1340);
#1342=PRODUCT_DEFINITION_SHAPE('','',#1341);
#1343=(LENGTH_UNIT()NAMED_UNIT(*)SI_UNIT(.MILLI.,.METRE.));
#1344=(NAMED_UNIT(*)PLANE_ANGLE_UNIT()SI_UNIT($,.RADIAN.));
#1345=(NAMED_UNIT(*)SI_UNIT($,.STERADIAN.)SOLID_ANGLE_UNIT());
#1346=(GEOMETRIC_REPRESENTATION_CONTEXT(3)GLOBAL_UNIT_ASSIGNED_CONTEXT((#1343,#1344,#1345))REPRESENTATION_CONTEXT('3','3D'));
#1347=SHAPE_REPRESENTATION('ExternalStep<"components/0003-nut.step">',(#1335),#1346);
#1348=SHAPE_DEFINITION_REPRESENTATION(#1342,#1347);
#1349=CARTESIAN_POINT($,(90,75,20));
#1350=DIRECTION($,(0,0,1));
#1351=DIRECTION($,(1,0,-0));
#1352=AXIS2_PLACEMENT_3D($,#1349,#1350,#1351);
#1353=PLANE($,#1352);
#1354=CARTESIAN_POINT($,(180,0,20));
#1355=VERTEX_POINT($,#1354);
#1356=CARTESIAN_POINT($,(-0,-0,20));
#1357=VERTEX_POINT($,#1356);
#1358=CARTESIAN_POINT($,(180,0,20));
#1359=DIRECTION($,(-1,0,0));
#1360=VECTOR($,#1359,1);
#1361=LINE($,#1358,#1360);
#1362=EDGE_CURVE($,#1355,#1357,#1361,.T.);
#1363=ORIENTED_EDGE($,$,$,#1362,.F.);
#1364=CARTESIAN_POINT($,(180,150,20));
#1365=VERTEX_POINT($,#1364);
#1366=CARTESIAN_POINT($,(180,150,20));
#1367=DIRECTION($,(0,-1,0));
#1368=VECTOR($,#1367,1);
#1369=LINE($,#1366,#1368);
#1370=EDGE_CURVE($,#1365,#1355,#1369,.T.);
#1371=ORIENTED_EDGE($,$,$,#1370,.F.);
#1372=CARTESIAN_POINT($,(0,150,20));
#1373=VERTEX_POINT($,#1372);
#1374=CARTESIAN_POINT($,(0,150,20));
#1375=DIRECTION($,(1,0,0));
#1376=VECTOR($,#1375,1);
#1377=LINE($,#1374,#1376);
#1378=EDGE_CURVE($,#1373,#1365,#1377,.T.);
#1379=ORIENTED_EDGE($,$,$,#1378,.F.);
#1380=CARTESIAN_POINT($,(-0,-0,20));
#1381=DIRECTION($,(0,1,0));
#1382=VECTOR($,#1381,1);
#1383=LINE($,#1380,#1382);
#1384=EDGE_CURVE($,#1357,#1373,#1383,.T.);
#1385=ORIENTED_EDGE($,$,$,#1384,.F.);
#1386=EDGE_LOOP($,(#1363,#1371,#1379,#1385));
#1387=FACE_OUTER_BOUND('',#1386,.T.);
#1388=CARTESIAN_POINT($,(42.5,87.9903810602,20));
#1389=VERTEX_POINT($,#1388);
#1390=CARTESIAN_POINT($,(52.5,87.9903810602,20));
#1391=VERTEX_POINT($,#1390);
#1392=CARTESIAN_POINT($,(42.5,87.9903810602,20));
#1393=CARTESIAN_POINT($,(42.5,88.4575793138,20));
#1394=CARTESIAN_POINT($,(42.5545696802,88.9583665269,20));
#1395=CARTESIAN_POINT($,(42.6795822577,89.4815040925,20));
#1396=CARTESIAN_POINT($,(43.0726861246,90.4704424936,20));
#1397=CARTESIAN_POINT($,(43.7580146369,91.3712858011,20));
#1398=CARTESIAN_POINT($,(44.1452361926,91.7590073924,20));
#1399=CARTESIAN_POINT($,(44.9325086237,92.3524690876,20));
#1400=CARTESIAN_POINT($,(45.8548107341,92.742221424,20));
#1401=CARTESIAN_POINT($,(46.2767785587,92.8683003968,20));
#1402=CARTESIAN_POINT($,(47.1437129636,93.0258620516,20));
#1403=CARTESIAN_POINT($,(48.0264003005,92.9917818222,20));
#1404=CARTESIAN_POINT($,(48.4630506736,92.9261296265,20));
#1405=CARTESIAN_POINT($,(49.3186421197,92.6992268484,20));
#1406=CARTESIAN_POINT($,(50.0957546192,92.2975117311,20));
#1407=CARTESIAN_POINT($,(50.4603131853,92.0546001422,20));
#1408=CARTESIAN_POINT($,(51.2355490366,91.4066823538,20));
#1409=CARTESIAN_POINT($,(51.8095225986,90.6150367145,20));
#1410=CARTESIAN_POINT($,(52.0637500218,90.13282926,20));
#1411=CARTESIAN_POINT($,(52.336292435,89.3951999942,20));
#1412=CARTESIAN_POINT($,(52.4612187701,88.6792361613,20));
#1413=CARTESIAN_POINT($,(52.4876332288,88.4428124377,20));
#1414=CARTESIAN_POINT($,(52.5,88.2127907262,20));
#1415=CARTESIAN_POINT($,(52.5,87.9903810602,20));
#1416=B_SPLINE_CURVE_WITH_KNOTS($,5,(#1392,#1393,#1394,#1395,#1396,#1397,#1398,#1399,#1400,#1401,#1402,#1403,#1404,#1405,#1406,#1407,#1408,#1409,#1410,#1411,#1412,#1413,#1414,#1415),.UNSPECIFIED.,.F.,.F.,(6,3,3,3,3,3,3,6),(0,4.15513165568,7.85828166216,10.723818054,13.5836589983,16.4911855042,20.3877608737,22.3658107415),.UNSPECIFIED.);
#1417=EDGE_CURVE($,#1389,#1391,#1416,.T.);
#1418=ORIENTED_EDGE($,$,$,#1417,.T.);
#1419=CARTESIAN_POINT($,(52.5,87.9903810602,20));
#1420=CARTESIAN_POINT($,(52.5,87.5231828091,20));
#1421=CARTESIAN_POINT($,(52.4454303204,87.0223955989,20));
#1422=CARTESIAN_POINT($,(52.3204177402,86.4992580219,20));
#1423=CARTESIAN_POINT($,(51.9273138725,85.5103196223,20));
#1424=CARTESIAN_POINT($,(51.2419853611,84.6094763168,20));
#1425=CARTESIAN_POINT($,(50.8547638088,84.2217547299,20));
#1426=CARTESIAN_POINT($,(50.0674913726,83.6282930311,20));
#1427=CARTESIAN_POINT($,(49.1451892572,83.2385406935,20));
#1428=CARTESIAN_POINT($,(48.723221447,83.1124617246,20));
#1429=CARTESIAN_POINT($,(47.8562870386,82.9549000687,20));
#1430=CARTESIAN_POINT($,(46.9735996974,82.9889802983,20));
#1431=CARTESIAN_POINT($,(46.5369493258,83.0546324941,20));
#1432=CARTESIAN_POINT($,(45.6813578799,83.2815352719,20));
#1433=CARTESIAN_POINT($,(44.9042453807,83.6832503895,20));
#1434=CARTESIAN_POINT($,(44.5396868156,83.9261619774,20));
#1435=CARTESIAN_POINT($,(43.7644509637,84.5740797661,20));
#1436=CARTESIAN_POINT($,(43.1904774015,85.3657254057,20));
#1437=CARTESIAN_POINT($,(42.9362499782,85.8479328615,20));
#1438=CARTESIAN_POINT($,(42.6637075666,86.5855621231,20));
#1439=CARTESIAN_POINT($,(42.5387812311,87.3015259544,20));
#1440=CARTESIAN_POINT($,(42.5123667709,87.5379496899,20));
#1441=CARTESIAN_POINT($,(42.5,87.7679713976,20));
#1442=CARTESIAN_POINT($,(42.5,87.9903810602,20));
#1443=B_SPLINE_CURVE_WITH_KNOTS($,5,(#1419,#1420,#1421,#1422,#1423,#1424,#1425,#1426,#1427,#1428,#1429,#1430,#1431,#1432,#1433,#1434,#1435,#1436,#1437,#1438,#1439,#1440,#1441,#1442),.UNSPECIFIED.,.F.,.F.,(6,3,3,3,3,3,3,6),(0,4.15513163241,7.85828165153,10.7238180696,13.583659015,16.4911855247,20.3877608942,22.3658107307),.UNSPECIFIED.);
#1444=EDGE_CURVE($,#1391,#1389,#1443,.T.);
#1445=ORIENTED_EDGE($,$,$,#1444,.T.);
#1446=EDGE_LOOP($,(#1418,#1445));
#1447=FACE_BOUND('',#1446,.T.);
#1448=CARTESIAN_POINT($,(42.5,62.0096189398,20));
#1449=VERTEX_POINT($,#1448);
#1450=CARTESIAN_POINT($,(52.5,62.0096189398,20));
#1451=VERTEX_POINT($,#1450);
#1452=CARTESIAN_POINT($,(42.5,62.0096189398,20));
#1453=CARTESIAN_POINT($,(42.5,62.476817191,20));
#1454=CARTESIAN_POINT($,(42.5545696796,62.9776044013,20));
#1455=CARTESIAN_POINT($,(42.6795822598,63.5007419778,20));
#1456=CARTESIAN_POINT($,(43.0726861274,64.4896803776,20));
#1457=CARTESIAN_POINT($,(43.758014639,65.3905236833,20));
#1458=CARTESIAN_POINT($,(44.1452361911,65.7782452701,20));
#1459=CARTESIAN_POINT($,(44.9325086274,66.3717069689,20));
#1460=CARTESIAN_POINT($,(45.8548107429,66.7614593066,20));
#1461=CARTESIAN_POINT($,(46.2767785529,66.8875382754,20));
#1462=CARTESIAN_POINT($,(47.1437129614,67.0450999313,20));
#1463=CARTESIAN_POINT($,(48.0264003027,67.0110197017,20));
#1464=CARTESIAN_POINT($,(48.4630506741,66.9453675059,20));
#1465=CARTESIAN_POINT($,(49.3186421203,66.718464728,20));
#1466=CARTESIAN_POINT($,(50.0957546196,66.3167496104,20));
#1467=CARTESIAN_POINT($,(50.4603131842,66.0738380227,20));
#1468=CARTESIAN_POINT($,(51.2355490363,65.4259202339,20));
#1469=CARTESIAN_POINT($,(51.8095225986,64.6342745942,20));
#1470=CARTESIAN_POINT($,(52.0637500217,64.1520671386,20));
#1471=CARTESIAN_POINT($,(52.3362924333,63.4144378771,20));
#1472=CARTESIAN_POINT($,(52.4612187689,62.6984740458,20));
#1473=CARTESIAN_POINT($,(52.4876332292,62.46205031,20));
#1474=CARTESIAN_POINT($,(52.5,62.2320286023,20));
#1475=CARTESIAN_POINT($,(52.5,62.0096189398,20));
#1476=B_SPLINE_CURVE_WITH_KNOTS($,5,(#1452,#1453,#1454,#1455,#1456,#1457,#1458,#1459,#1460,#1461,#1462,#1463,#1464,#1465,#1466,#1467,#1468,#1469,#1470,#1471,#1472,#1473,#1474,#1475),.UNSPECIFIED.,.F.,.F.,(6,3,3,3,3,3,3,6),(0,4.15513163339,7.85828165276,10.7238180712,13.5836590167,16.4911855274,20.3877608974,22.3658107333),.UNSPECIFIED.);
#1477=EDGE_CURVE($,#1449,#1451,#1476,.T.);
#1478=ORIENTED_EDGE($,$,$,#1477,.T.);
#1479=CARTESIAN_POINT($,(52.5,62.0096189398,20));
#1480=CARTESIAN_POINT($,(52.5,61.5424206863,20));
#1481=CARTESIAN_POINT($,(52.4454303198,61.0416334732,20));
#1482=CARTESIAN_POINT($,(52.3204177422,60.5184959073,20));
#1483=CARTESIAN_POINT($,(51.9273138753,59.5295575063,20));
#1484=CARTESIAN_POINT($,(51.241985363,58.6287141988,20));
#1485=CARTESIAN_POINT($,(50.8547638076,58.2409926076,20));
#1486=CARTESIAN_POINT($,(50.0674913763,57.6475309124,20));
#1487=CARTESIAN_POINT($,(49.1451892658,57.257778576,20));
#1488=CARTESIAN_POINT($,(48.7232214414,57.1316996033,20));
#1489=CARTESIAN_POINT($,(47.8562870364,56.9741379484,20));
#1490=CARTESIAN_POINT($,(46.9735996995,57.0082181778,20));
#1491=CARTESIAN_POINT($,(46.5369493264,57.0738703735,20));
#1492=CARTESIAN_POINT($,(45.6813578803,57.3007731516,20));
#1493=CARTESIAN_POINT($,(44.9042453808,57.7024882688,20));
#1494=CARTESIAN_POINT($,(44.5396868147,57.9453998579,20));
#1495=CARTESIAN_POINT($,(43.7644509634,58.5933176462,20));
#1496=CARTESIAN_POINT($,(43.1904774014,59.3849632855,20));
#1497=CARTESIAN_POINT($,(42.9362499782,59.8671707401,20));
#1498=CARTESIAN_POINT($,(42.6637075651,60.6048000057,20));
#1499=CARTESIAN_POINT($,(42.5387812299,61.3207638385,20));
#1500=CARTESIAN_POINT($,(42.5123667712,61.5571875624,20));
#1501=CARTESIAN_POINT($,(42.5,61.7872092739,20));
#1502=CARTESIAN_POINT($,(42.5,62.0096189398,20));
#1503=B_SPLINE_CURVE_WITH_KNOTS($,5,(#1479,#1480,#1481,#1482,#1483,#1484,#1485,#1486,#1487,#1488,#1489,#1490,#1491,#1492,#1493,#1494,#1495,#1496,#1497,#1498,#1499,#1500,#1501,#1502),.UNSPECIFIED.,.F.,.F.,(6,3,3,3,3,3,3,6),(0,4.15513165514,7.85828166212,10.7238180543,13.5836589987,16.4911855045,20.3877608737,22.3658107409),.UNSPECIFIED.);
#1504=EDGE_CURVE($,#1451,#1449,#1503,.T.);
#1505=ORIENTED_EDGE($,$,$,#1504,.T.);
#1506=EDGE_LOOP($,(#1478,#1505));
#1507=FACE_BOUND('',#1506,.T.);
#1508=CARTESIAN_POINT($,(127.5,62.0096189398,20));
#1509=VERTEX_POINT($,#1508);
#1510=CARTESIAN_POINT($,(137.5,62.0096189398,20));
#1511=VERTEX_POINT($,#1510);
#1512=CARTESIAN_POINT($,(127.5,62.0096189398,20));
#1513=CARTESIAN_POINT($,(127.5,62.476817191,20));
#1514=CARTESIAN_POINT($,(127.55456968,62.9776044013,20));
#1515=CARTESIAN_POINT($,(127.679582259,63.5007419779,20));
#1516=CARTESIAN_POINT($,(128.072686127,64.4896803774,20));
#1517=CARTESIAN_POINT($,(128.758014639,65.390523683,20));
#1518=CARTESIAN_POINT($,(129.145236192,65.7782452702,20));
#1519=CARTESIAN_POINT($,(129.932508627,66.3717069689,20));
#1520=CARTESIAN_POINT($,(130.854810743,66.7614593064,20));
#1521=CARTESIAN_POINT($,(131.276778553,66.8875382755,20));
#1522=CARTESIAN_POINT($,(132.143712962,67.0450999313,20));
#1523=CARTESIAN_POINT($,(133.026400303,67.0110197017,20));
#1524=CARTESIAN_POINT($,(133.463050674,66.9453675059,20));
#1525=CARTESIAN_POINT($,(134.31864212,66.718464728,20));
#1526=CARTESIAN_POINT($,(135.09575462,66.3167496104,20));
#1527=CARTESIAN_POINT($,(135.460313186,66.0738380209,20));
#1528=CARTESIAN_POINT($,(136.235549037,65.4259202334,20));
#1529=CARTESIAN_POINT($,(136.809522598,64.6342745955,20));
#1530=CARTESIAN_POINT($,(137.063750023,64.1520671352,20));
#1531=CARTESIAN_POINT($,(137.336292434,63.4144378745,20));
#1532=CARTESIAN_POINT($,(137.461218769,62.6984740442,20));
#1533=CARTESIAN_POINT($,(137.487633229,62.4620503115,20));
#1534=CARTESIAN_POINT($,(137.5,62.232028603,20));
#1535=CARTESIAN_POINT($,(137.5,62.0096189398,20));
#1536=B_SPLINE_CURVE_WITH_KNOTS($,5,(#1512,#1513,#1514,#1515,#1516,#1517,#1518,#1519,#1520,#1521,#1522,#1523,#1524,#1525,#1526,#1527,#1528,#1529,#1530,#1531,#1532,#1533,#1534,#1535),.UNSPECIFIED.,.F.,.F.,(6,3,3,3,3,3,3,6),(0,4.15513163359,7.85828165183,10.7238180689,13.5836590139,16.4911855248,20.3877608811,22.3658107236),.UNSPECIFIED.);
#1537=EDGE_CURVE($,#1509,#1511,#1536,.T.);
#1538=ORIENTED_EDGE($,$,$,#1537,.T.);
#1539=CARTESIAN_POINT($,(137.5,62.0096189398,20));
#1540=CARTESIAN_POINT($,(137.5,61.5424206871,20));
#1541=CARTESIAN_POINT($,(137.44543032,61.0416334749,20));
#1542=CARTESIAN_POINT($,(137.320417741,60.5184959056,20));
#1543=CARTESIAN_POINT($,(136.927313875,59.5295575063,20));
#1544=CARTESIAN_POINT($,(136.241985364,58.6287142002,20));
#1545=CARTESIAN_POINT($,(135.854763806,58.2409926065,20));
#1546=CARTESIAN_POINT($,(135.067491375,57.6475309115,20));
#1547=CARTESIAN_POINT($,(134.145189264,57.2577785753,20));
#1548=CARTESIAN_POINT($,(133.723221441,57.1316996035,20));
#1549=CARTESIAN_POINT($,(132.856287036,56.9741379484,20));
#1550=CARTESIAN_POINT($,(131.973599699,57.0082181778,20));
#1551=CARTESIAN_POINT($,(131.536949325,57.0738703738,20));
#1552=CARTESIAN_POINT($,(130.681357879,57.300773152,20));
#1553=CARTESIAN_POINT($,(129.90424538,57.7024882694,20));
#1554=CARTESIAN_POINT($,(129.539686814,57.945399859,20));
#1555=CARTESIAN_POINT($,(128.764450962,58.5933176475,20));
#1556=CARTESIAN_POINT($,(128.1904774,59.3849632871,20));
#1557=CARTESIAN_POINT($,(127.93624998,59.8671707404,20));
#1558=CARTESIAN_POINT($,(127.663707566,60.6048000098,20));
#1559=CARTESIAN_POINT($,(127.53878123,61.3207638459,20));
#1560=CARTESIAN_POINT($,(127.512366772,61.5571875554,20));
#1561=CARTESIAN_POINT($,(127.5,61.7872092705,20));
#1562=CARTESIAN_POINT($,(127.5,62.0096189398,20));
#1563=B_SPLINE_CURVE_WITH_KNOTS($,5,(#1539,#1540,#1541,#1542,#1543,#1544,#1545,#1546,#1547,#1548,#1549,#1550,#1551,#1552,#1553,#1554,#1555,#1556,#1557,#1558,#1559,#1560,#1561,#1562),.UNSPECIFIED.,.F.,.F.,(6,3,3,3,3,3,3,6),(0,4.15513164798,7.85828164866,10.7238180467,13.583658987,16.4911854966,20.3877608643,22.3658107618),.UNSPECIFIED.);
#1564=EDGE_CURVE($,#1511,#1509,#1563,.T.);
#1565=ORIENTED_EDGE($,$,$,#1564,.T.);
#1566=EDGE_LOOP($,(#1538,#1565));
#1567=FACE_BOUND('',#1566,.T.);
#1568=CARTESIAN_POINT($,(127.5,87.9903810602,20));
#1569=VERTEX_POINT($,#1568);
#1570=CARTESIAN_POINT($,(137.5,87.9903810602,20));
#1571=VERTEX_POINT($,#1570);
#1572=CARTESIAN_POINT($,(127.5,87.9903810602,20));
#1573=CARTESIAN_POINT($,(127.5,88.457579313,20));
#1574=CARTESIAN_POINT($,(127.55456968,88.9583665253,20));
#1575=CARTESIAN_POINT($,(127.679582259,89.4815040941,20));
#1576=CARTESIAN_POINT($,(128.072686125,90.4704424936,20));
#1577=CARTESIAN_POINT($,(128.758014636,91.3712857996,20));
#1578=CARTESIAN_POINT($,(129.145236194,91.7590073937,20));
#1579=CARTESIAN_POINT($,(129.932508626,92.3524690889,20));
#1580=CARTESIAN_POINT($,(130.854810737,92.7422214252,20));
#1581=CARTESIAN_POINT($,(131.276778557,92.8683003963,20));
#1582=CARTESIAN_POINT($,(132.143712963,93.0258620515,20));
#1583=CARTESIAN_POINT($,(133.026400301,92.9917818222,20));
#1584=CARTESIAN_POINT($,(133.463050675,92.9261296262,20));
#1585=CARTESIAN_POINT($,(134.31864212,92.6992268482,20));
#1586=CARTESIAN_POINT($,(135.095754619,92.2975117311,20));
#1587=CARTESIAN_POINT($,(135.460313185,92.0546001422,20));
#1588=CARTESIAN_POINT($,(136.235549037,91.4066823535,20));
#1589=CARTESIAN_POINT($,(136.809522599,90.6150367138,20));
#1590=CARTESIAN_POINT($,(137.063750022,90.1328292589,20));
#1591=CARTESIAN_POINT($,(137.336292433,89.3951999961,20));
#1592=CARTESIAN_POINT($,(137.461218769,88.679236166,20));
#1593=CARTESIAN_POINT($,(137.487633229,88.4428124314,20));
#1594=CARTESIAN_POINT($,(137.5,88.2127907231,20));
#1595=CARTESIAN_POINT($,(137.5,87.9903810602,20));
#1596=B_SPLINE_CURVE_WITH_KNOTS($,5,(#1572,#1573,#1574,#1575,#1576,#1577,#1578,#1579,#1580,#1581,#1582,#1583,#1584,#1585,#1586,#1587,#1588,#1589,#1590,#1591,#1592,#1593,#1594,#1595),.UNSPECIFIED.,.F.,.F.,(6,3,3,3,3,3,3,6),(0,4.15513164903,7.85828164914,10.7238180511,13.5836589913,16.4911854971,20.3877608695,22.3658107102),.UNSPECIFIED.);
#1597=EDGE_CURVE($,#1569,#1571,#1596,.T.);
#1598=ORIENTED_EDGE($,$,$,#1597,.T.);
#1599=CARTESIAN_POINT($,(137.5,87.9903810602,20));
#1600=CARTESIAN_POINT($,(137.5,87.5231828091,20));
#1601=CARTESIAN_POINT($,(137.44543032,87.022395599,20));
#1602=CARTESIAN_POINT($,(137.320417741,86.4992580219,20));
#1603=CARTESIAN_POINT($,(136.927313873,85.5103196227,20));
#1604=CARTESIAN_POINT($,(136.241985361,84.6094763174,20));
#1605=CARTESIAN_POINT($,(135.854763808,84.2217547294,20));
#1606=CARTESIAN_POINT($,(135.067491372,83.628293031,20));
#1607=CARTESIAN_POINT($,(134.145189257,83.2385406936,20));
#1608=CARTESIAN_POINT($,(133.723221447,83.1124617245,20));
#1609=CARTESIAN_POINT($,(132.856287038,82.9549000687,20));
#1610=CARTESIAN_POINT($,(131.973599697,82.9889802983,20));
#1611=CARTESIAN_POINT($,(131.536949326,83.0546324941,20));
#1612=CARTESIAN_POINT($,(130.681357879,83.2815352721,20));
#1613=CARTESIAN_POINT($,(129.904245379,83.6832503902,20));
#1614=CARTESIAN_POINT($,(129.539686815,83.9261619783,20));
#1615=CARTESIAN_POINT($,(128.764450964,84.5740797663,20));
#1616=CARTESIAN_POINT($,(128.190477401,85.365725405,20));
#1617=CARTESIAN_POINT($,(127.936249977,85.8479328643,20));
#1618=CARTESIAN_POINT($,(127.663707566,86.5855621255,20));
#1619=CARTESIAN_POINT($,(127.538781231,87.3015259565,20));
#1620=CARTESIAN_POINT($,(127.512366771,87.5379496879,20));
#1621=CARTESIAN_POINT($,(127.5,87.7679713967,20));
#1622=CARTESIAN_POINT($,(127.5,87.9903810602,20));
#1623=B_SPLINE_CURVE_WITH_KNOTS($,5,(#1599,#1600,#1601,#1602,#1603,#1604,#1605,#1606,#1607,#1608,#1609,#1610,#1611,#1612,#1613,#1614,#1615,#1616,#1617,#1618,#1619,#1620,#1621,#1622),.UNSPECIFIED.,.F.,.F.,(6,3,3,3,3,3,3,6),(0,4.15513163251,7.85828164883,10.7238180658,13.583659012,16.491185527,20.3877608853,22.3658107303),.UNSPECIFIED.);
#1624=EDGE_CURVE($,#1571,#1569,#1623,.T.);
#1625=ORIENTED_EDGE($,$,$,#1624,.T.);
#1626=EDGE_LOOP($,(#1598,#1625));
#1627=FACE_BOUND('',#1626,.T.);
#1628=CARTESIAN_POINT($,(20,75,20));
#1629=VERTEX_POINT($,#1628);
#1630=CARTESIAN_POINT($,(30,75,20));
#1631=VERTEX_POINT($,#1630);
#1632=CARTESIAN_POINT($,(20,75,20));
#1633=CARTESIAN_POINT($,(20,75.4671982525,20));
#1634=CARTESIAN_POINT($,(20.0545696798,75.9679854641,20));
#1635=CARTESIAN_POINT($,(20.1795822587,76.4911230351,20));
#1636=CARTESIAN_POINT($,(20.5726861255,77.4800614343,20));
#1637=CARTESIAN_POINT($,(21.2580146363,78.38090474,20));
#1638=CARTESIAN_POINT($,(21.6452361932,78.7686263329,20));
#1639=CARTESIAN_POINT($,(22.4325086248,79.3620880279,20));
#1640=CARTESIAN_POINT($,(23.3548107347,79.7518403641,20));
#1641=CARTESIAN_POINT($,(23.7767785579,79.8779193366,20));
#1642=CARTESIAN_POINT($,(24.6437129635,80.0354809915,20));
#1643=CARTESIAN_POINT($,(25.5264003015,80.0014007619,20));
#1644=CARTESIAN_POINT($,(25.9630506731,79.9357485663,20));
#1645=CARTESIAN_POINT($,(26.8186421194,79.7088457885,20));
#1646=CARTESIAN_POINT($,(27.595754619,79.307130671,20));
#1647=CARTESIAN_POINT($,(27.9603131851,79.0642190821,20));
#1648=CARTESIAN_POINT($,(28.7355490362,78.416301294,20));
#1649=CARTESIAN_POINT($,(29.309522598,77.6246556552,20));
#1650=CARTESIAN_POINT($,(29.5637500221,77.1424481994,20));
#1651=CARTESIAN_POINT($,(29.8362924346,76.4048189351,20));
#1652=CARTESIAN_POINT($,(29.9612187699,75.6888551024,20));
#1653=CARTESIAN_POINT($,(29.9876332288,75.4524313758,20));
#1654=CARTESIAN_POINT($,(30,75.2224096652,20));
#1655=CARTESIAN_POINT($,(30,75,20));
#1656=B_SPLINE_CURVE_WITH_KNOTS($,5,(#1632,#1633,#1634,#1635,#1636,#1637,#1638,#1639,#1640,#1641,#1642,#1643,#1644,#1645,#1646,#1647,#1648,#1649,#1650,#1651,#1652,#1653,#1654,#1655),.UNSPECIFIED.,.F.,.F.,(6,3,3,3,3,3,3,6),(0,4.15513164484,7.85828164824,10.7238180433,13.5836589908,16.4911854976,20.3877608637,22.365810724),.UNSPECIFIED.);
#1657=EDGE_CURVE($,#1629,#1631,#1656,.T.);
#1658=ORIENTED_EDGE($,$,$,#1657,.T.);
#1659=CARTESIAN_POINT($,(30,75,20));
#1660=CARTESIAN_POINT($,(30,74.5328017475,20));
#1661=CARTESIAN_POINT($,(29.9454303202,74.0320145358,20));
#1662=CARTESIAN_POINT($,(29.8204177413,73.5088769651,20));
#1663=CARTESIAN_POINT($,(29.4273138745,72.5199385656,20));
#1664=CARTESIAN_POINT($,(28.7419853635,71.6190952598,20));
#1665=CARTESIAN_POINT($,(28.354763807,71.2313736673,20));
#1666=CARTESIAN_POINT($,(27.5674913754,70.6379119722,20));
#1667=CARTESIAN_POINT($,(26.6451892654,70.2481596359,20));
#1668=CARTESIAN_POINT($,(26.2232214419,70.1220806634,20));
#1669=CARTESIAN_POINT($,(25.3562870364,69.9645190085,20));
#1670=CARTESIAN_POINT($,(24.4735996985,69.9985992381,20));
#1671=CARTESIAN_POINT($,(24.0369493269,70.0642514337,20));
#1672=CARTESIAN_POINT($,(23.1813578806,70.2911542115,20));
#1673=CARTESIAN_POINT($,(22.4042453811,70.6928693289,20));
#1674=CARTESIAN_POINT($,(22.0396868149,70.9357809179,20));
#1675=CARTESIAN_POINT($,(21.2644509637,71.5836987061,20));
#1676=CARTESIAN_POINT($,(20.6904774017,72.3753443451,20));
#1677=CARTESIAN_POINT($,(20.4362499781,72.8575518004,20));
#1678=CARTESIAN_POINT($,(20.1637075652,73.5951810654,20));
#1679=CARTESIAN_POINT($,(20.03878123,74.3111448986,20));
#1680=CARTESIAN_POINT($,(20.0123667712,74.5475686232,20));
#1681=CARTESIAN_POINT($,(20,74.7775903343,20));
#1682=CARTESIAN_POINT($,(20,75,20));
#1683=B_SPLINE_CURVE_WITH_KNOTS($,5,(#1659,#1660,#1661,#1662,#1663,#1664,#1665,#1666,#1667,#1668,#1669,#1670,#1671,#1672,#1673,#1674,#1675,#1676,#1677,#1678,#1679,#1680,#1681,#1682),.UNSPECIFIED.,.F.,.F.,(6,3,3,3,3,3,3,6),(0,4.15513164535,7.85828164977,10.7238180444,13.583658992,16.4911854986,20.3877608659,22.3658107305),.UNSPECIFIED.);
#1684=EDGE_CURVE($,#1631,#1629,#1683,.T.);
#1685=ORIENTED_EDGE($,$,$,#1684,.T.);
#1686=EDGE_LOOP($,(#1658,#1685));
#1687=FACE_BOUND('',#1686,.T.);
#1688=CARTESIAN_POINT($,(150,75,20));
#1689=VERTEX_POINT($,#1688);
#1690=CARTESIAN_POINT($,(160,75,20));
#1691=VERTEX_POINT($,#1690);
#1692=CARTESIAN_POINT($,(150,75,20));
#1693=CARTESIAN_POINT($,(150,75.4671982525,20));
#1694=CARTESIAN_POINT($,(150.05456968,75.9679854642,20));
#1695=CARTESIAN_POINT($,(150.179582259,76.491123035,20));
#1696=CARTESIAN_POINT($,(150.572686125,77.4800614342,20));
#1697=CARTESIAN_POINT($,(151.258014636,78.3809047395,20));
#1698=CARTESIAN_POINT($,(151.645236194,78.7686263332,20));
#1699=CARTESIAN_POINT($,(152.432508626,79.3620880288,20));
#1700=CARTESIAN_POINT($,(153.354810737,79.7518403651,20));
#1701=CARTESIAN_POINT($,(153.776778557,79.8779193362,20));
#1702=CARTESIAN_POINT($,(154.643712964,80.0354809914,20));
#1703=CARTESIAN_POINT($,(155.526400302,80.0014007619,20));
#1704=CARTESIAN_POINT($,(155.963050674,79.9357485661,20));
#1705=CARTESIAN_POINT($,(156.818642121,79.708845788,20));
#1706=CARTESIAN_POINT($,(157.595754621,79.30713067,20));
#1707=CARTESIAN_POINT($,(157.960313185,79.0642190816,20));
#1708=CARTESIAN_POINT($,(158.735549036,78.4163012945,20));
#1709=CARTESIAN_POINT($,(159.309522597,77.624655657,20));
#1710=CARTESIAN_POINT($,(159.563750023,77.1424481935,20));
#1711=CARTESIAN_POINT($,(159.836292434,76.4048189324,20));
#1712=CARTESIAN_POINT($,(159.961218769,75.688855103,20));
#1713=CARTESIAN_POINT($,(159.987633229,75.4524313736,20));
#1714=CARTESIAN_POINT($,(160,75.2224096641,20));
#1715=CARTESIAN_POINT($,(160,75,20));
#1716=B_SPLINE_CURVE_WITH_KNOTS($,5,(#1692,#1693,#1694,#1695,#1696,#1697,#1698,#1699,#1700,#1701,#1702,#1703,#1704,#1705,#1706,#1707,#1708,#1709,#1710,#1711,#1712,#1713,#1714,#1715),.UNSPECIFIED.,.F.,.F.,(6,3,3,3,3,3,3,6),(0,4.15513164503,7.85828164656,10.7238180501,13.5836589945,16.4911855081,20.3877608582,22.3658107087),.UNSPECIFIED.);
#1717=EDGE_CURVE($,#1689,#1691,#1716,.T.);
#1718=ORIENTED_EDGE($,$,$,#1717,.T.);
#1719=CARTESIAN_POINT($,(160,75,20));
#1720=CARTESIAN_POINT($,(160,74.5328017475,20));
#1721=CARTESIAN_POINT($,(159.94543032,74.0320145358,20));
#1722=CARTESIAN_POINT($,(159.820417741,73.5088769651,20));
#1723=CARTESIAN_POINT($,(159.427313875,72.5199385658,20));
#1724=CARTESIAN_POINT($,(158.741985364,71.6190952602,20));
#1725=CARTESIAN_POINT($,(158.354763806,71.2313736669,20));
#1726=CARTESIAN_POINT($,(157.567491374,70.6379119712,20));
#1727=CARTESIAN_POINT($,(156.645189263,70.2481596349,20));
#1728=CARTESIAN_POINT($,(156.223221443,70.1220806638,20));
#1729=CARTESIAN_POINT($,(155.356287037,69.9645190086,20));
#1730=CARTESIAN_POINT($,(154.473599699,69.9985992381,20));
#1731=CARTESIAN_POINT($,(154.036949325,70.064251434,20));
#1732=CARTESIAN_POINT($,(153.181357879,70.2911542121,20));
#1733=CARTESIAN_POINT($,(152.40424538,70.6928693296,20));
#1734=CARTESIAN_POINT($,(152.039686814,70.9357809188,20));
#1735=CARTESIAN_POINT($,(151.264450963,71.5836987066,20));
#1736=CARTESIAN_POINT($,(150.690477401,72.3753443448,20));
#1737=CARTESIAN_POINT($,(150.436249977,72.8575518045,20));
#1738=CARTESIAN_POINT($,(150.163707566,73.5951810656,20));
#1739=CARTESIAN_POINT($,(150.038781231,74.3111448952,20));
#1740=CARTESIAN_POINT($,(150.012366771,74.5475686283,20));
#1741=CARTESIAN_POINT($,(150,74.7775903368,20));
#1742=CARTESIAN_POINT($,(150,75,20));
#1743=B_SPLINE_CURVE_WITH_KNOTS($,5,(#1719,#1720,#1721,#1722,#1723,#1724,#1725,#1726,#1727,#1728,#1729,#1730,#1731,#1732,#1733,#1734,#1735,#1736,#1737,#1738,#1739,#1740,#1741,#1742),.UNSPECIFIED.,.F.,.F.,(6,3,3,3,3,3,3,6),(0,4.15513164529,7.85828164788,10.7238180522,13.5836589941,16.4911855053,20.3877608633,22.3658107059),.UNSPECIFIED.);
#1744=EDGE_CURVE($,#1691,#1689,#1743,.T.);
#1745=ORIENTED_EDGE($,$,$,#1744,.T.);
#1746=EDGE_LOOP($,(#1718,#1745));
#1747=FACE_BOUND('',#1746,.T.);
#1748=ADVANCED_FACE('',(#1387,#1447,#1507,#1567,#1627,#1687,#1747),#1353,.T.);
#1749=CARTESIAN_POINT($,(90,0,0));
#1750=DIRECTION($,(0,-1,0));
#1751=DIRECTION($,(0,0,-1));
#1752=AXIS2_PLACEMENT_3D($,#1749,#1750,#1751);
#1753=PLANE($,#1752);
#1754=CARTESIAN_POINT($,(180,-0,-0));
#1755=VERTEX_POINT($,#1754);
#1756=CARTESIAN_POINT($,(180,-0,-0));
#1757=DIRECTION($,(0,0,1));
#1758=VECTOR($,#1757,1);
#1759=LINE($,#1756,#1758);
#1760=EDGE_CURVE($,#1755,#1355,#1759,.T.);
#1761=ORIENTED_EDGE($,$,$,#1760,.T.);
#1762=ORIENTED_EDGE($,$,$,#1362,.T.);
#1763=CARTESIAN_POINT($,(-0,-0,-0));
#1764=VERTEX_POINT($,#1763);
#1765=CARTESIAN_POINT($,(-0,-0,-0));
#1766=DIRECTION($,(0,0,1));
#1767=VECTOR($,#1766,1);
#1768=LINE($,#1765,#1767);
#1769=EDGE_CURVE($,#1764,#1357,#1768,.T.);
#1770=ORIENTED_EDGE($,$,$,#1769,.F.);
#1771=CARTESIAN_POINT($,(-0,-0,-0));
#1772=DIRECTION($,(1,0,0));
#1773=VECTOR($,#1772,1);
#1774=LINE($,#1771,#1773);
#1775=EDGE_CURVE($,#1764,#1755,#1774,.T.);
#1776=ORIENTED_EDGE($,$,$,#1775,.T.);
#1777=EDGE_LOOP($,(#1761,#1762,#1770,#1776));
#1778=FACE_OUTER_BOUND('',#1777,.T.);
#1779=ADVANCED_FACE('',(#1778),#1753,.T.);
#1780=CARTESIAN_POINT($,(180,75,0));
#1781=DIRECTION($,(1,0,0));
#1782=DIRECTION($,(0,0,-1));
#1783=AXIS2_PLACEMENT_3D($,#1780,#1781,#1782);
#1784=PLANE($,#1783);
#1785=CARTESIAN_POINT($,(180,150,-0));
#1786=VERTEX_POINT($,#1785);
#1787=CARTESIAN_POINT($,(180,-0,-0));
#1788=DIRECTION($,(0,1,0));
#1789=VECTOR($,#1788,1);
#1790=LINE($,#1787,#1789);
#1791=EDGE_CURVE($,#1755,#1786,#1790,.T.);
#1792=ORIENTED_EDGE($,$,$,#1791,.T.);
#1793=CARTESIAN_POINT($,(180,150,-0));
#1794=DIRECTION($,(0,0,1));
#1795=VECTOR($,#1794,1);
#1796=LINE($,#1793,#1795);
#1797=EDGE_CURVE($,#1786,#1365,#1796,.T.);
#1798=ORIENTED_EDGE($,$,$,#1797,.T.);
#1799=ORIENTED_EDGE($,$,$,#1370,.T.);
#1800=ORIENTED_EDGE($,$,$,#1760,.F.);
#1801=EDGE_LOOP($,(#1792,#1798,#1799,#1800));
#1802=FACE_OUTER_BOUND('',#1801,.T.);
#1803=ADVANCED_FACE('',(#1802),#1784,.T.);
#1804=CARTESIAN_POINT($,(90,150,0));
#1805=DIRECTION($,(0,1,0));
#1806=DIRECTION($,(0,-0,1));
#1807=AXIS2_PLACEMENT_3D($,#1804,#1805,#1806);
#1808=PLANE($,#1807);
#1809=CARTESIAN_POINT($,(-0,150,-0));
#1810=VERTEX_POINT($,#1809);
#1811=CARTESIAN_POINT($,(-0,150,-0));
#1812=DIRECTION($,(0,0,1));
#1813=VECTOR($,#1812,1);
#1814=LINE($,#1811,#1813);
#1815=EDGE_CURVE($,#1810,#1373,#1814,.T.);
#1816=ORIENTED_EDGE($,$,$,#1815,.T.);
#1817=ORIENTED_EDGE($,$,$,#1378,.T.);
#1818=ORIENTED_EDGE($,$,$,#1797,.F.);
#1819=CARTESIAN_POINT($,(180,150,-0));
#1820=DIRECTION($,(-1,0,0));
#1821=VECTOR($,#1820,1);
#1822=LINE($,#1819,#1821);
#1823=EDGE_CURVE($,#1786,#1810,#1822,.T.);
#1824=ORIENTED_EDGE($,$,$,#1823,.T.);
#1825=EDGE_LOOP($,(#1816,#1817,#1818,#1824));
#1826=FACE_OUTER_BOUND('',#1825,.T.);
#1827=ADVANCED_FACE('',(#1826),#1808,.T.);
#1828=CARTESIAN_POINT($,(0,75,0));
#1829=DIRECTION($,(-1,0,0));
#1830=DIRECTION($,(0,0,1));
#1831=AXIS2_PLACEMENT_3D($,#1828,#1829,#1830);
#1832=PLANE($,#1831);
#1833=ORIENTED_EDGE($,$,$,#1769,.T.);
#1834=ORIENTED_EDGE($,$,$,#1384,.T.);
#1835=ORIENTED_EDGE($,$,$,#1815,.F.);
#1836=CARTESIAN_POINT($,(-0,150,-0));
#1837=DIRECTION($,(0,-1,0));
#1838=VECTOR($,#1837,1);
#1839=LINE($,#1836,#1838);
#1840=EDGE_CURVE($,#1810,#1764,#1839,.T.);
#1841=ORIENTED_EDGE($,$,$,#1840,.T.);
#1842=EDGE_LOOP($,(#1833,#1834,#1835,#1841));
#1843=FACE_OUTER_BOUND('',#1842,.T.);
#1844=ADVANCED_FACE('',(#1843),#1832,.T.);
#1845=CARTESIAN_POINT($,(47.5,87.99038106,20));
#1846=DIRECTION($,(0,0,-1));
#1847=DIRECTION($,(-1,0,0));
#1848=AXIS2_PLACEMENT_3D($,#1845,#1846,#1847);
#1849=CYLINDRICAL_SURFACE($,#1848,5);
#1850=CARTESIAN_POINT($,(42.5,87.99038106,0));
#1851=VERTEX_POINT($,#1850);
#1852=CARTESIAN_POINT($,(52.5,87.99038106,0));
#1853=VERTEX_POINT($,#1852);
#1854=CARTESIAN_POINT($,(42.5,87.99038106,0));
#1855=CARTESIAN_POINT($,(42.5,97.99038106,0));
#1856=CARTESIAN_POINT($,(52.5,97.99038106,0));
#1857=CARTESIAN_POINT($,(52.5,87.99038106,0));
#1858=B_SPLINE_CURVE_WITH_KNOTS($,3,(#1854,#1855,#1856,#1857),.UNSPECIFIED.,.F.,.F.,(4,4),(0,30),.PIECEWISE_BEZIER_KNOTS.);
#1859=EDGE_CURVE($,#1851,#1853,#1858,.T.);
#1860=ORIENTED_EDGE($,$,$,#1859,.T.);
#1861=CARTESIAN_POINT($,(52.5,87.99038106,20));
#1862=CARTESIAN_POINT($,(52.5,87.99038106,0));
#1863=B_SPLINE_CURVE_WITH_KNOTS($,1,(#1861,#1862),.UNSPECIFIED.,.F.,.F.,(2,2),(0.00099800399,20.000998004),.PIECEWISE_BEZIER_KNOTS.);
#1864=EDGE_CURVE($,#1391,#1853,#1863,.T.);
#1865=ORIENTED_EDGE($,$,$,#1864,.F.);
#1866=ORIENTED_EDGE($,$,$,#1417,.F.);
#1867=CARTESIAN_POINT($,(42.5,87.99038106,20));
#1868=CARTESIAN_POINT($,(42.5,87.99038106,0));
#1869=B_SPLINE_CURVE_WITH_KNOTS($,1,(#1867,#1868),.UNSPECIFIED.,.F.,.F.,(2,2),(0.00099800399,20.000998004),.PIECEWISE_BEZIER_KNOTS.);
#1870=EDGE_CURVE($,#1389,#1851,#1869,.T.);
#1871=ORIENTED_EDGE($,$,$,#1870,.T.);
#1872=EDGE_LOOP($,(#1860,#1865,#1866,#1871));
#1873=FACE_OUTER_BOUND('',#1872,.T.);
#1874=ADVANCED_FACE('',(#1873),#1849,.T.);
#1875=CARTESIAN_POINT($,(47.5,87.99038106,20));
#1876=DIRECTION($,(0,0,-1));
#1877=DIRECTION($,(1,0,0));
#1878=AXIS2_PLACEMENT_3D($,#1875,#1876,#1877);
#1879=CYLINDRICAL_SURFACE($,#1878,5);
#1880=CARTESIAN_POINT($,(52.5,87.99038106,0));
#1881=CARTESIAN_POINT($,(52.5,77.99038106,0));
#1882=CARTESIAN_POINT($,(42.5,77.99038106,0));
#1883=CARTESIAN_POINT($,(42.5,87.99038106,0));
#1884=B_SPLINE_CURVE_WITH_KNOTS($,3,(#1880,#1881,#1882,#1883),.UNSPECIFIED.,.F.,.F.,(4,4),(0,30),.PIECEWISE_BEZIER_KNOTS.);
#1885=EDGE_CURVE($,#1853,#1851,#1884,.T.);
#1886=ORIENTED_EDGE($,$,$,#1885,.T.);
#1887=ORIENTED_EDGE($,$,$,#1870,.F.);
#1888=ORIENTED_EDGE($,$,$,#1444,.F.);
#1889=ORIENTED_EDGE($,$,$,#1864,.T.);
#1890=EDGE_LOOP($,(#1886,#1887,#1888,#1889));
#1891=FACE_OUTER_BOUND('',#1890,.T.);
#1892=ADVANCED_FACE('',(#1891),#1879,.T.);
#1893=CARTESIAN_POINT($,(47.5,62.00961894,20));
#1894=DIRECTION($,(0,0,-1));
#1895=DIRECTION($,(-1,0,0));
#1896=AXIS2_PLACEMENT_3D($,#1893,#1894,#1895);
#1897=CYLINDRICAL_SURFACE($,#1896,5);
#1898=CARTESIAN_POINT($,(42.5,62.00961894,0));
#1899=VERTEX_POINT($,#1898);
#1900=CARTESIAN_POINT($,(52.5,62.00961894,0));
#1901=VERTEX_POINT($,#1900);
#1902=CARTESIAN_POINT($,(42.5,62.00961894,0));
#1903=CARTESIAN_POINT($,(42.5,72.00961894,0));
#1904=CARTESIAN_POINT($,(52.5,72.00961894,0));
#1905=CARTESIAN_POINT($,(52.5,62.00961894,0));
#1906=B_SPLINE_CURVE_WITH_KNOTS($,3,(#1902,#1903,#1904,#1905),.UNSPECIFIED.,.F.,.F.,(4,4),(0,30),.PIECEWISE_BEZIER_KNOTS.);
#1907=EDGE_CURVE($,#1899,#1901,#1906,.T.);
#1908=ORIENTED_EDGE($,$,$,#1907,.T.);
#1909=CARTESIAN_POINT($,(52.5,62.00961894,20));
#1910=CARTESIAN_POINT($,(52.5,62.00961894,0));
#1911=B_SPLINE_CURVE_WITH_KNOTS($,1,(#1909,#1910),.UNSPECIFIED.,.F.,.F.,(2,2),(0.00099800399,20.000998004),.PIECEWISE_BEZIER_KNOTS.);
#1912=EDGE_CURVE($,#1451,#1901,#1911,.T.);
#1913=ORIENTED_EDGE($,$,$,#1912,.F.);
#1914=ORIENTED_EDGE($,$,$,#1477,.F.);
#1915=CARTESIAN_POINT($,(42.5,62.00961894,20));
#1916=CARTESIAN_POINT($,(42.5,62.00961894,0));
#1917=B_SPLINE_CURVE_WITH_KNOTS($,1,(#1915,#1916),.UNSPECIFIED.,.F.,.F.,(2,2),(0.00099800399,20.000998004),.PIECEWISE_BEZIER_KNOTS.);
#1918=EDGE_CURVE($,#1449,#1899,#1917,.T.);
#1919=ORIENTED_EDGE($,$,$,#1918,.T.);
#1920=EDGE_LOOP($,(#1908,#1913,#1914,#1919));
#1921=FACE_OUTER_BOUND('',#1920,.T.);
#1922=ADVANCED_FACE('',(#1921),#1897,.T.);
#1923=CARTESIAN_POINT($,(47.5,62.00961894,20));
#1924=DIRECTION($,(0,0,-1));
#1925=DIRECTION($,(1,0,0));
#1926=AXIS2_PLACEMENT_3D($,#1923,#1924,#1925);
#1927=CYLINDRICAL_SURFACE($,#1926,5);
#1928=CARTESIAN_POINT($,(52.5,62.00961894,0));
#1929=CARTESIAN_POINT($,(52.5,52.00961894,0));
#1930=CARTESIAN_POINT($,(42.5,52.00961894,0));
#1931=CARTESIAN_POINT($,(42.5,62.00961894,0));
#1932=B_SPLINE_CURVE_WITH_KNOTS($,3,(#1928,#1929,#1930,#1931),.UNSPECIFIED.,.F.,.F.,(4,4),(0,30),.PIECEWISE_BEZIER_KNOTS.);
#1933=EDGE_CURVE($,#1901,#1899,#1932,.T.);
#1934=ORIENTED_EDGE($,$,$,#1933,.T.);
#1935=ORIENTED_EDGE($,$,$,#1918,.F.);
#1936=ORIENTED_EDGE($,$,$,#1504,.F.);
#1937=ORIENTED_EDGE($,$,$,#1912,.T.);
#1938=EDGE_LOOP($,(#1934,#1935,#1936,#1937));
#1939=FACE_OUTER_BOUND('',#1938,.T.);
#1940=ADVANCED_FACE('',(#1939),#1927,.T.);
#1941=CARTESIAN_POINT($,(132.5,62.00961894,20));
#1942=DIRECTION($,(0,0,-1));
#1943=DIRECTION($,(-1,0,0));
#1944=AXIS2_PLACEMENT_3D($,#1941,#1942,#1943);
#1945=CYLINDRICAL_SURFACE($,#1944,5);
#1946=CARTESIAN_POINT($,(127.5,62.00961894,0));
#1947=VERTEX_POINT($,#1946);
#1948=CARTESIAN_POINT($,(137.5,62.00961894,0));
#1949=VERTEX_POINT($,#1948);
#1950=CARTESIAN_POINT($,(127.5,62.00961894,0));
#1951=CARTESIAN_POINT($,(127.5,72.00961894,0));
#1952=CARTESIAN_POINT($,(137.5,72.00961894,0));
#1953=CARTESIAN_POINT($,(137.5,62.00961894,0));
#1954=B_SPLINE_CURVE_WITH_KNOTS($,3,(#1950,#1951,#1952,#1953),.UNSPECIFIED.,.F.,.F.,(4,4),(0,30),.PIECEWISE_BEZIER_KNOTS.);
#1955=EDGE_CURVE($,#1947,#1949,#1954,.T.);
#1956=ORIENTED_EDGE($,$,$,#1955,.T.);
#1957=CARTESIAN_POINT($,(137.5,62.00961894,20));
#1958=CARTESIAN_POINT($,(137.5,62.00961894,0));
#1959=B_SPLINE_CURVE_WITH_KNOTS($,1,(#1957,#1958),.UNSPECIFIED.,.F.,.F.,(2,2),(0.00099800399,20.000998004),.PIECEWISE_BEZIER_KNOTS.);
#1960=EDGE_CURVE($,#1511,#1949,#1959,.T.);
#1961=ORIENTED_EDGE($,$,$,#1960,.F.);
#1962=ORIENTED_EDGE($,$,$,#1537,.F.);
#1963=CARTESIAN_POINT($,(127.5,62.00961894,20));
#1964=CARTESIAN_POINT($,(127.5,62.00961894,0));
#1965=B_SPLINE_CURVE_WITH_KNOTS($,1,(#1963,#1964),.UNSPECIFIED.,.F.,.F.,(2,2),(0.00099800399,20.000998004),.PIECEWISE_BEZIER_KNOTS.);
#1966=EDGE_CURVE($,#1509,#1947,#1965,.T.);
#1967=ORIENTED_EDGE($,$,$,#1966,.T.);
#1968=EDGE_LOOP($,(#1956,#1961,#1962,#1967));
#1969=FACE_OUTER_BOUND('',#1968,.T.);
#1970=ADVANCED_FACE('',(#1969),#1945,.T.);
#1971=CARTESIAN_POINT($,(132.5,62.00961894,20));
#1972=DIRECTION($,(0,0,-1));
#1973=DIRECTION($,(1,0,0));
#1974=AXIS2_PLACEMENT_3D($,#1971,#1972,#1973);
#1975=CYLINDRICAL_SURFACE($,#1974,5);
#1976=CARTESIAN_POINT($,(137.5,62.00961894,0));
#1977=CARTESIAN_POINT($,(137.5,52.00961894,0));
#1978=CARTESIAN_POINT($,(127.5,52.00961894,0));
#1979=CARTESIAN_POINT($,(127.5,62.00961894,0));
#1980=B_SPLINE_CURVE_WITH_KNOTS($,3,(#1976,#1977,#1978,#1979),.UNSPECIFIED.,.F.,.F.,(4,4),(0,30),.PIECEWISE_BEZIER_KNOTS.);
#1981=EDGE_CURVE($,#1949,#1947,#1980,.T.);
#1982=ORIENTED_EDGE($,$,$,#1981,.T.);
#1983=ORIENTED_EDGE($,$,$,#1966,.F.);
#1984=ORIENTED_EDGE($,$,$,#1564,.F.);
#1985=ORIENTED_EDGE($,$,$,#1960,.T.);
#1986=EDGE_LOOP($,(#1982,#1983,#1984,#1985));
#1987=FACE_OUTER_BOUND('',#1986,.T.);
#1988=ADVANCED_FACE('',(#1987),#1975,.T.);
#1989=CARTESIAN_POINT($,(132.5,87.99038106,20));
#1990=DIRECTION($,(0,0,-1));
#1991=DIRECTION($,(-1,0,0));
#1992=AXIS2_PLACEMENT_3D($,#1989,#1990,#1991);
#1993=CYLINDRICAL_SURFACE($,#1992,5);
#1994=CARTESIAN_POINT($,(127.5,87.99038106,0));
#1995=VERTEX_POINT($,#1994);
#1996=CARTESIAN_POINT($,(137.5,87.99038106,0));
#1997=VERTEX_POINT($,#1996);
#1998=CARTESIAN_POINT($,(127.5,87.99038106,0));
#1999=CARTESIAN_POINT($,(127.5,97.99038106,0));
#2000=CARTESIAN_POINT($,(137.5,97.99038106,0));
#2001=CARTESIAN_POINT($,(137.5,87.99038106,0));
#2002=B_SPLINE_CURVE_WITH_KNOTS($,3,(#1998,#1999,#2000,#2001),.UNSPECIFIED.,.F.,.F.,(4,4),(0,30),.PIECEWISE_BEZIER_KNOTS.);
#2003=EDGE_CURVE($,#1995,#1997,#2002,.T.);
#2004=ORIENTED_EDGE($,$,$,#2003,.T.);
#2005=CARTESIAN_POINT($,(137.5,87.99038106,20));
#2006=CARTESIAN_POINT($,(137.5,87.99038106,0));
#2007=B_SPLINE_CURVE_WITH_KNOTS($,1,(#2005,#2006),.UNSPECIFIED.,.F.,.F.,(2,2),(0.00099800399,20.000998004),.PIECEWISE_BEZIER_KNOTS.);
#2008=EDGE_CURVE($,#1571,#1997,#2007,.T.);
#2009=ORIENTED_EDGE($,$,$,#2008,.F.);
#2010=ORIENTED_EDGE($,$,$,#1597,.F.);
#2011=CARTESIAN_POINT($,(127.5,87.99038106,20));
#2012=CARTESIAN_POINT($,(127.5,87.99038106,0));
#2013=B_SPLINE_CURVE_WITH_KNOTS($,1,(#2011,#2012),.UNSPECIFIED.,.F.,.F.,(2,2),(0.00099800399,20.000998004),.PIECEWISE_BEZIER_KNOTS.);
#2014=EDGE_CURVE($,#1569,#1995,#2013,.T.);
#2015=ORIENTED_EDGE($,$,$,#2014,.T.);
#2016=EDGE_LOOP($,(#2004,#2009,#2010,#2015));
#2017=FACE_OUTER_BOUND('',#2016,.T.);
#2018=ADVANCED_FACE('',(#2017),#1993,.T.);
#2019=CARTESIAN_POINT($,(132.5,87.99038106,20));
#2020=DIRECTION($,(0,0,-1));
#2021=DIRECTION($,(1,0,0));
#2022=AXIS2_PLACEMENT_3D($,#2019,#2020,#2021);
#2023=CYLINDRICAL_SURFACE($,#2022,5);
#2024=CARTESIAN_POINT($,(137.5,87.99038106,0));
#2025=CARTESIAN_POINT($,(137.5,77.99038106,0));
#2026=CARTESIAN_POINT($,(127.5,77.99038106,0));
#2027=CARTESIAN_POINT($,(127.5,87.99038106,0));
#2028=B_SPLINE_CURVE_WITH_KNOTS($,3,(#2024,#2025,#2026,#2027),.UNSPECIFIED.,.F.,.F.,(4,4),(0,30),.PIECEWISE_BEZIER_KNOTS.);
#2029=EDGE_CURVE($,#1997,#1995,#2028,.T.);
#2030=ORIENTED_EDGE($,$,$,#2029,.T.);
#2031=ORIENTED_EDGE($,$,$,#2014,.F.);
#2032=ORIENTED_EDGE($,$,$,#1624,.F.);
#2033=ORIENTED_EDGE($,$,$,#2008,.T.);
#2034=EDGE_LOOP($,(#2030,#2031,#2032,#2033));
#2035=FACE_OUTER_BOUND('',#2034,.T.);
#2036=ADVANCED_FACE('',(#2035),#2023,.T.);
#2037=CARTESIAN_POINT($,(25,75,20));
#2038=DIRECTION($,(0,0,-1));
#2039=DIRECTION($,(-1,0,0));
#2040=AXIS2_PLACEMENT_3D($,#2037,#2038,#2039);
#2041=CYLINDRICAL_SURFACE($,#2040,5);
#2042=CARTESIAN_POINT($,(20,75,0));
#2043=VERTEX_POINT($,#2042);
#2044=CARTESIAN_POINT($,(30,75,0));
#2045=VERTEX_POINT($,#2044);
#2046=CARTESIAN_POINT($,(20,75,0));
#2047=CARTESIAN_POINT($,(20,85,0));
#2048=CARTESIAN_POINT($,(30,85,0));
#2049=CARTESIAN_POINT($,(30,75,0));
#2050=B_SPLINE_CURVE_WITH_KNOTS($,3,(#2046,#2047,#2048,#2049),.UNSPECIFIED.,.F.,.F.,(4,4),(0,30),.PIECEWISE_BEZIER_KNOTS.);
#2051=EDGE_CURVE($,#2043,#2045,#2050,.T.);
#2052=ORIENTED_EDGE($,$,$,#2051,.T.);
#2053=CARTESIAN_POINT($,(30,75,20));
#2054=CARTESIAN_POINT($,(30,75,0));
#2055=B_SPLINE_CURVE_WITH_KNOTS($,1,(#2053,#2054),.UNSPECIFIED.,.F.,.F.,(2,2),(0.00099800399,20.000998004),.PIECEWISE_BEZIER_KNOTS.);
#2056=EDGE_CURVE($,#1631,#2045,#2055,.T.);
#2057=ORIENTED_EDGE($,$,$,#2056,.F.);
#2058=ORIENTED_EDGE($,$,$,#1657,.F.);
#2059=CARTESIAN_POINT($,(20,75,20));
#2060=CARTESIAN_POINT($,(20,75,0));
#2061=B_SPLINE_CURVE_WITH_KNOTS($,1,(#2059,#2060),.UNSPECIFIED.,.F.,.F.,(2,2),(0.00099800399,20.000998004),.PIECEWISE_BEZIER_KNOTS.);
#2062=EDGE_CURVE($,#1629,#2043,#2061,.T.);
#2063=ORIENTED_EDGE($,$,$,#2062,.T.);
#2064=EDGE_LOOP($,(#2052,#2057,#2058,#2063));
#2065=FACE_OUTER_BOUND('',#2064,.T.);
#2066=ADVANCED_FACE('',(#2065),#2041,.T.);
#2067=CARTESIAN_POINT($,(25,75,20));
#2068=DIRECTION($,(0,0,-1));
#2069=DIRECTION($,(1,0,0));
#2070=AXIS2_PLACEMENT_3D($,#2067,#2068,#2069);
#2071=CYLINDRICAL_SURFACE($,#2070,5);
#2072=CARTESIAN_POINT($,(30,75,0));
#2073=CARTESIAN_POINT($,(30,65,0));
#2074=CARTESIAN_POINT($,(20,65,0));
#2075=CARTESIAN_POINT($,(20,75,0));
#2076=B_SPLINE_CURVE_WITH_KNOTS($,3,(#2072,#2073,#2074,#2075),.UNSPECIFIED.,.F.,.F.,(4,4),(0,30),.PIECEWISE_BEZIER_KNOTS.);
#2077=EDGE_CURVE($,#2045,#2043,#2076,.T.);
#2078=ORIENTED_EDGE($,$,$,#2077,.T.);
#2079=ORIENTED_EDGE($,$,$,#2062,.F.);
#2080=ORIENTED_EDGE($,$,$,#1684,.F.);
#2081=ORIENTED_EDGE($,$,$,#2056,.T.);
#2082=EDGE_LOOP($,(#2078,#2079,#2080,#2081));
#2083=FACE_OUTER_BOUND('',#2082,.T.);
#2084=ADVANCED_FACE('',(#2083),#2071,.T.);
#2085=CARTESIAN_POINT($,(155,75,20));
#2086=DIRECTION($,(0,0,-1));
#2087=DIRECTION($,(-1,0,0));
#2088=AXIS2_PLACEMENT_3D($,#2085,#2086,#2087);
#2089=CYLINDRICAL_SURFACE($,#2088,5);
#2090=CARTESIAN_POINT($,(150,75,0));
#2091=VERTEX_POINT($,#2090);
#2092=CARTESIAN_POINT($,(160,75,0));
#2093=VERTEX_POINT($,#2092);
#2094=CARTESIAN_POINT($,(150,75,0));
#2095=CARTESIAN_POINT($,(150,85,0));
#2096=CARTESIAN_POINT($,(160,85,0));
#2097=CARTESIAN_POINT($,(160,75,0));
#2098=B_SPLINE_CURVE_WITH_KNOTS($,3,(#2094,#2095,#2096,#2097),.UNSPECIFIED.,.F.,.F.,(4,4),(0,30),.PIECEWISE_BEZIER_KNOTS.);
#2099=EDGE_CURVE($,#2091,#2093,#2098,.T.);
#2100=ORIENTED_EDGE($,$,$,#2099,.T.);
#2101=CARTESIAN_POINT($,(160,75,20));
#2102=CARTESIAN_POINT($,(160,75,0));
#2103=B_SPLINE_CURVE_WITH_KNOTS($,1,(#2101,#2102),.UNSPECIFIED.,.F.,.F.,(2,2),(0.00099800399,20.000998004),.PIECEWISE_BEZIER_KNOTS.);
#2104=EDGE_CURVE($,#1691,#2093,#2103,.T.);
#2105=ORIENTED_EDGE($,$,$,#2104,.F.);
#2106=ORIENTED_EDGE($,$,$,#1717,.F.);
#2107=CARTESIAN_POINT($,(150,75,20));
#2108=CARTESIAN_POINT($,(150,75,0));
#2109=B_SPLINE_CURVE_WITH_KNOTS($,1,(#2107,#2108),.UNSPECIFIED.,.F.,.F.,(2,2),(0.00099800399,20.000998004),.PIECEWISE_BEZIER_KNOTS.);
#2110=EDGE_CURVE($,#1689,#2091,#2109,.T.);
#2111=ORIENTED_EDGE($,$,$,#2110,.T.);
#2112=EDGE_LOOP($,(#2100,#2105,#2106,#2111));
#2113=FACE_OUTER_BOUND('',#2112,.T.);
#2114=ADVANCED_FACE('',(#2113),#2089,.T.);
#2115=CARTESIAN_POINT($,(155,75,20));
#2116=DIRECTION($,(0,0,-1));
#2117=DIRECTION($,(1,0,0));
#2118=AXIS2_PLACEMENT_3D($,#2115,#2116,#2117);
#2119=CYLINDRICAL_SURFACE($,#2118,5);
#2120=CARTESIAN_POINT($,(160,75,0));
#2121=CARTESIAN_POINT($,(160,65,0));
#2122=CARTESIAN_POINT($,(150,65,0));
#2123=CARTESIAN_POINT($,(150,75,0));
#2124=B_SPLINE_CURVE_WITH_KNOTS($,3,(#2120,#2121,#2122,#2123),.UNSPECIFIED.,.F.,.F.,(4,4),(0,30),.PIECEWISE_BEZIER_KNOTS.);
#2125=EDGE_CURVE($,#2093,#2091,#2124,.T.);
#2126=ORIENTED_EDGE($,$,$,#2125,.T.);
#2127=ORIENTED_EDGE($,$,$,#2110,.F.);
#2128=ORIENTED_EDGE($,$,$,#1744,.F.);
#2129=ORIENTED_EDGE($,$,$,#2104,.T.);
#2130=EDGE_LOOP($,(#2126,#2127,#2128,#2129));
#2131=FACE_OUTER_BOUND('',#2130,.T.);
#2132=ADVANCED_FACE('',(#2131),#2119,.T.);
#2133=CARTESIAN_POINT($,(90,75,0));
#2134=DIRECTION($,(0,0,-1));
#2135=DIRECTION($,(-1,0,0));
#2136=AXIS2_PLACEMENT_3D($,#2133,#2134,#2135);
#2137=PLANE($,#2136);
#2138=ORIENTED_EDGE($,$,$,#1791,.F.);
#2139=ORIENTED_EDGE($,$,$,#1775,.F.);
#2140=ORIENTED_EDGE($,$,$,#1840,.F.);
#2141=ORIENTED_EDGE($,$,$,#1823,.F.);
#2142=EDGE_LOOP($,(#2138,#2139,#2140,#2141));
#2143=FACE_OUTER_BOUND('',#2142,.T.);
#2144=ORIENTED_EDGE($,$,$,#1885,.F.);
#2145=ORIENTED_EDGE($,$,$,#1859,.F.);
#2146=EDGE_LOOP($,(#2144,#2145));
#2147=FACE_BOUND('',#2146,.T.);
#2148=ORIENTED_EDGE($,$,$,#1933,.F.);
#2149=ORIENTED_EDGE($,$,$,#1907,.F.);
#2150=EDGE_LOOP($,(#2148,#2149));
#2151=FACE_BOUND('',#2150,.T.);
#2152=ORIENTED_EDGE($,$,$,#1981,.F.);
#2153=ORIENTED_EDGE($,$,$,#1955,.F.);
#2154=EDGE_LOOP($,(#2152,#2153));
#2155=FACE_BOUND('',#2154,.T.);
#2156=ORIENTED_EDGE($,$,$,#2029,.F.);
#2157=ORIENTED_EDGE($,$,$,#2003,.F.);
#2158=EDGE_LOOP($,(#2156,#2157));
#2159=FACE_BOUND('',#2158,.T.);
#2160=ORIENTED_EDGE($,$,$,#2077,.F.);
#2161=ORIENTED_EDGE($,$,$,#2051,.F.);
#2162=EDGE_LOOP($,(#2160,#2161));
#2163=FACE_BOUND('',#2162,.T.);
#2164=ORIENTED_EDGE($,$,$,#2125,.F.);
#2165=ORIENTED_EDGE($,$,$,#2099,.F.);
#2166=EDGE_LOOP($,(#2164,#2165));
#2167=FACE_BOUND('',#2166,.T.);
#2168=ADVANCED_FACE('',(#2143,#2147,#2151,#2155,#2159,#2163,#2167),#2137,.T.);
#2169=CLOSED_SHELL($,(#1748,#1779,#1803,#1827,#1844,#1874,#1892,#1922,#1940,#1970,#1988,#2018,#2036,#2066,#2084,#2114,#2132,#2168));
#2170=MANIFOLD_SOLID_BREP('ExternalStep<"components/0004-plate.step">',#2169);
#2171=APPLICATION_CONTEXT('mechanical design');
#2172=PRODUCT_CONTEXT('',#2171,'mechanical');
#2173=PRODUCT('assembly-definition:E5C892945BE6754B','ExternalStep<"components/0004-plate.step">','Aetheris shared assembly definition',(#2172));
#2174=PRODUCT_DEFINITION_FORMATION('','',#2173);
#2175=PRODUCT_DEFINITION_CONTEXT('design',#2171,'design');
#2176=PRODUCT_DEFINITION('','',#2174,#2175);
#2177=PRODUCT_DEFINITION_SHAPE('','',#2176);
#2178=(LENGTH_UNIT()NAMED_UNIT(*)SI_UNIT(.MILLI.,.METRE.));
#2179=(NAMED_UNIT(*)PLANE_ANGLE_UNIT()SI_UNIT($,.RADIAN.));
#2180=(NAMED_UNIT(*)SI_UNIT($,.STERADIAN.)SOLID_ANGLE_UNIT());
#2181=(GEOMETRIC_REPRESENTATION_CONTEXT(3)GLOBAL_UNIT_ASSIGNED_CONTEXT((#2178,#2179,#2180))REPRESENTATION_CONTEXT('3','3D'));
#2182=SHAPE_REPRESENTATION('ExternalStep<"components/0004-plate.step">',(#2170),#2181);
#2183=SHAPE_DEFINITION_REPRESENTATION(#2177,#2182);
#2184=APPLICATION_CONTEXT('mechanical design');
#2185=PRODUCT_CONTEXT('',#2184,'mechanical');
#2186=PRODUCT_DEFINITION_CONTEXT('design',#2184,'design');
#2187=(LENGTH_UNIT()NAMED_UNIT(*)SI_UNIT(.MILLI.,.METRE.));
#2188=(NAMED_UNIT(*)PLANE_ANGLE_UNIT()SI_UNIT($,.RADIAN.));
#2189=(NAMED_UNIT(*)SI_UNIT($,.STERADIAN.)SOLID_ANGLE_UNIT());
#2190=(GEOMETRIC_REPRESENTATION_CONTEXT(3)GLOBAL_UNIT_ASSIGNED_CONTEXT((#2187,#2188,#2189))REPRESENTATION_CONTEXT('3','3D'));
#2191=PRODUCT('assembly-instance:ImportedAssembly','ImportedAssembly','Aetheris assembly product',(#2185));
#2192=PRODUCT_DEFINITION_FORMATION('','',#2191);
#2193=PRODUCT_DEFINITION('assembly-instance:ImportedAssembly','',#2192,#2186);
#2194=PRODUCT_DEFINITION_SHAPE('','',#2193);
#2195=SHAPE_REPRESENTATION('ImportedAssembly',(),#2190);
#2196=SHAPE_DEFINITION_REPRESENTATION(#2194,#2195);
#2197=PRODUCT('assembly-instance:ImportedAssembly._16','_16','Aetheris assembly product',(#2185));
#2198=PRODUCT_DEFINITION_FORMATION('','',#2197);
#2199=PRODUCT_DEFINITION('assembly-instance:ImportedAssembly._16','',#2198,#2186);
#2200=PRODUCT_DEFINITION_SHAPE('','',#2199);
#2201=SHAPE_REPRESENTATION('_16',(),#2190);
#2202=SHAPE_DEFINITION_REPRESENTATION(#2200,#2201);
#2203=PRODUCT('assembly-instance:ImportedAssembly._27','_27','Aetheris assembly product',(#2185));
#2204=PRODUCT_DEFINITION_FORMATION('','',#2203);
#2205=PRODUCT_DEFINITION('assembly-instance:ImportedAssembly._27','',#2204,#2186);
#2206=PRODUCT_DEFINITION_SHAPE('','',#2205);
#2207=SHAPE_REPRESENTATION('_27',(),#2190);
#2208=SHAPE_DEFINITION_REPRESENTATION(#2206,#2207);
#2209=PRODUCT('assembly-instance:ImportedAssembly._27._19','_19','Aetheris assembly product',(#2185));
#2210=PRODUCT_DEFINITION_FORMATION('','',#2209);
#2211=PRODUCT_DEFINITION('assembly-instance:ImportedAssembly._27._19','',#2210,#2186);
#2212=PRODUCT_DEFINITION_SHAPE('','',#2211);
#2213=SHAPE_REPRESENTATION('_19',(),#2190);
#2214=SHAPE_DEFINITION_REPRESENTATION(#2212,#2213);
#2215=PRODUCT('assembly-instance:ImportedAssembly._27._22','_22','Aetheris assembly product',(#2185));
#2216=PRODUCT_DEFINITION_FORMATION('','',#2215);
#2217=PRODUCT_DEFINITION('assembly-instance:ImportedAssembly._27._22','',#2216,#2186);
#2218=PRODUCT_DEFINITION_SHAPE('','',#2217);
#2219=SHAPE_REPRESENTATION('_22',(),#2190);
#2220=SHAPE_DEFINITION_REPRESENTATION(#2218,#2219);
#2221=PRODUCT('assembly-instance:ImportedAssembly._27._25','_25','Aetheris assembly product',(#2185));
#2222=PRODUCT_DEFINITION_FORMATION('','',#2221);
#2223=PRODUCT_DEFINITION('assembly-instance:ImportedAssembly._27._25','',#2222,#2186);
#2224=PRODUCT_DEFINITION_SHAPE('','',#2223);
#2225=SHAPE_REPRESENTATION('_25',(),#2190);
#2226=SHAPE_DEFINITION_REPRESENTATION(#2224,#2225);
#2227=PRODUCT('assembly-instance:ImportedAssembly._39','_39','Aetheris assembly product',(#2185));
#2228=PRODUCT_DEFINITION_FORMATION('','',#2227);
#2229=PRODUCT_DEFINITION('assembly-instance:ImportedAssembly._39','',#2228,#2186);
#2230=PRODUCT_DEFINITION_SHAPE('','',#2229);
#2231=SHAPE_REPRESENTATION('_39',(),#2190);
#2232=SHAPE_DEFINITION_REPRESENTATION(#2230,#2231);
#2233=PRODUCT('assembly-instance:ImportedAssembly._39._31','_31','Aetheris assembly product',(#2185));
#2234=PRODUCT_DEFINITION_FORMATION('','',#2233);
#2235=PRODUCT_DEFINITION('assembly-instance:ImportedAssembly._39._31','',#2234,#2186);
#2236=PRODUCT_DEFINITION_SHAPE('','',#2235);
#2237=SHAPE_REPRESENTATION('_31',(),#2190);
#2238=SHAPE_DEFINITION_REPRESENTATION(#2236,#2237);
#2239=PRODUCT('assembly-instance:ImportedAssembly._39._34','_34','Aetheris assembly product',(#2185));
#2240=PRODUCT_DEFINITION_FORMATION('','',#2239);
#2241=PRODUCT_DEFINITION('assembly-instance:ImportedAssembly._39._34','',#2240,#2186);
#2242=PRODUCT_DEFINITION_SHAPE('','',#2241);
#2243=SHAPE_REPRESENTATION('_34',(),#2190);
#2244=SHAPE_DEFINITION_REPRESENTATION(#2242,#2243);
#2245=PRODUCT('assembly-instance:ImportedAssembly._39._37','_37','Aetheris assembly product',(#2185));
#2246=PRODUCT_DEFINITION_FORMATION('','',#2245);
#2247=PRODUCT_DEFINITION('assembly-instance:ImportedAssembly._39._37','',#2246,#2186);
#2248=PRODUCT_DEFINITION_SHAPE('','',#2247);
#2249=SHAPE_REPRESENTATION('_37',(),#2190);
#2250=SHAPE_DEFINITION_REPRESENTATION(#2248,#2249);
#2251=CARTESIAN_POINT('',(0.,0.,0.));
#2252=AXIS2_PLACEMENT_3D('',#2251,$,$);
#2253=NEXT_ASSEMBLY_USAGE_OCCURRENCE('assembly-instance:ImportedAssembly._16','_16','',#2193,#2199,$);
#2254=PRODUCT_DEFINITION_SHAPE('','',#2253);
#2255=CARTESIAN_POINT('',(-10,75,60));
#2256=DIRECTION('',(1,0,0));
#2257=DIRECTION('',(0,0,-1));
#2258=AXIS2_PLACEMENT_3D('',#2255,#2256,#2257);
#2259=ITEM_DEFINED_TRANSFORMATION('assembly-instance:ImportedAssembly._16','Aetheris rigid occurrence transform',#2252,#2258);
#2260=REPRESENTATION_RELATIONSHIP_WITH_TRANSFORMATION('assembly-instance:ImportedAssembly._16','',#2195,#2201,#2259);
#2261=CONTEXT_DEPENDENT_SHAPE_REPRESENTATION(#2260,#2254);
#2262=NEXT_ASSEMBLY_USAGE_OCCURRENCE('assembly-instance:ImportedAssembly._16._13','_13','',#2199,#1341,$);
#2263=PRODUCT_DEFINITION_SHAPE('','',#2262);
#2264=CARTESIAN_POINT('',(-10,-7.5,185));
#2265=DIRECTION('',(-0,0,1));
#2266=DIRECTION('',(1,0,0));
#2267=AXIS2_PLACEMENT_3D('',#2264,#2265,#2266);
#2268=ITEM_DEFINED_TRANSFORMATION('assembly-instance:ImportedAssembly._16._13','Aetheris rigid occurrence transform',#2252,#2267);
#2269=REPRESENTATION_RELATIONSHIP_WITH_TRANSFORMATION('assembly-instance:ImportedAssembly._16._13','',#2201,#1347,#2268);
#2270=CONTEXT_DEPENDENT_SHAPE_REPRESENTATION(#2269,#2263);
#2271=NEXT_ASSEMBLY_USAGE_OCCURRENCE('assembly-instance:ImportedAssembly._16._14','_14','',#2199,#1341,$);
#2272=PRODUCT_DEFINITION_SHAPE('','',#2271);
#2273=CARTESIAN_POINT('',(-10,-7.5,12));
#2274=DIRECTION('',(-0,0,1));
#2275=DIRECTION('',(1,0,0));
#2276=AXIS2_PLACEMENT_3D('',#2273,#2274,#2275);
#2277=ITEM_DEFINED_TRANSFORMATION('assembly-instance:ImportedAssembly._16._14','Aetheris rigid occurrence transform',#2252,#2276);
#2278=REPRESENTATION_RELATIONSHIP_WITH_TRANSFORMATION('assembly-instance:ImportedAssembly._16._14','',#2201,#1347,#2277);
#2279=CONTEXT_DEPENDENT_SHAPE_REPRESENTATION(#2278,#2272);
#2280=NEXT_ASSEMBLY_USAGE_OCCURRENCE('assembly-instance:ImportedAssembly._16._15','_15','',#2199,#1066,$);
#2281=PRODUCT_DEFINITION_SHAPE('','',#2280);
#2282=CARTESIAN_POINT('',(0,0,0.000000000000002));
#2283=DIRECTION('',(-0,0,1));
#2284=DIRECTION('',(1,0,0));
#2285=AXIS2_PLACEMENT_3D('',#2282,#2283,#2284);
#2286=ITEM_DEFINED_TRANSFORMATION('assembly-instance:ImportedAssembly._16._15','Aetheris rigid occurrence transform',#2252,#2285);
#2287=REPRESENTATION_RELATIONSHIP_WITH_TRANSFORMATION('assembly-instance:ImportedAssembly._16._15','',#2201,#1072,#2286);
#2288=CONTEXT_DEPENDENT_SHAPE_REPRESENTATION(#2287,#2281);
#2289=NEXT_ASSEMBLY_USAGE_OCCURRENCE('assembly-instance:ImportedAssembly._27','_27','',#2193,#2205,$);
#2290=PRODUCT_DEFINITION_SHAPE('','',#2289);
#2291=CARTESIAN_POINT('',(5,125,20));
#2292=DIRECTION('',(0,0,1));
#2293=DIRECTION('',(1,0,0));
#2294=AXIS2_PLACEMENT_3D('',#2291,#2292,#2293);
#2295=ITEM_DEFINED_TRANSFORMATION('assembly-instance:ImportedAssembly._27','Aetheris rigid occurrence transform',#2252,#2294);
#2296=REPRESENTATION_RELATIONSHIP_WITH_TRANSFORMATION('assembly-instance:ImportedAssembly._27','',#2195,#2207,#2295);
#2297=CONTEXT_DEPENDENT_SHAPE_REPRESENTATION(#2296,#2290);
#2298=NEXT_ASSEMBLY_USAGE_OCCURRENCE('assembly-instance:ImportedAssembly._27._19','_19','',#2205,#2211,$);
#2299=PRODUCT_DEFINITION_SHAPE('','',#2298);
#2300=CARTESIAN_POINT('',(27.5,-40,0));
#2301=DIRECTION('',(0,0,1));
#2302=DIRECTION('',(1,0,0));
#2303=AXIS2_PLACEMENT_3D('',#2300,#2301,#2302);
#2304=ITEM_DEFINED_TRANSFORMATION('assembly-instance:ImportedAssembly._27._19','Aetheris rigid occurrence transform',#2252,#2303);
#2305=REPRESENTATION_RELATIONSHIP_WITH_TRANSFORMATION('assembly-instance:ImportedAssembly._27._19','',#2207,#2213,#2304);
#2306=CONTEXT_DEPENDENT_SHAPE_REPRESENTATION(#2305,#2299);
#2307=NEXT_ASSEMBLY_USAGE_OCCURRENCE('assembly-instance:ImportedAssembly._27._19._17','_17','',#2211,#250,$);
#2308=PRODUCT_DEFINITION_SHAPE('','',#2307);
#2309=CARTESIAN_POINT('',(-7.5,-10,13));
#2310=DIRECTION('',(0,0,-1));
#2311=DIRECTION('',(0,-1,0));
#2312=AXIS2_PLACEMENT_3D('',#2309,#2310,#2311);
#2313=ITEM_DEFINED_TRANSFORMATION('assembly-instance:ImportedAssembly._27._19._17','Aetheris rigid occurrence transform',#2252,#2312);
#2314=REPRESENTATION_RELATIONSHIP_WITH_TRANSFORMATION('assembly-instance:ImportedAssembly._27._19._17','',#2213,#256,#2313);
#2315=CONTEXT_DEPENDENT_SHAPE_REPRESENTATION(#2314,#2308);
#2316=NEXT_ASSEMBLY_USAGE_OCCURRENCE('assembly-instance:ImportedAssembly._27._19._18','_18','',#2211,#1341,$);
#2317=PRODUCT_DEFINITION_SHAPE('','',#2316);
#2318=CARTESIAN_POINT('',(2.5,-17.5,-20));
#2319=DIRECTION('',(0,0,-1));
#2320=DIRECTION('',(-1,0,0));
#2321=AXIS2_PLACEMENT_3D('',#2318,#2319,#2320);
#2322=ITEM_DEFINED_TRANSFORMATION('assembly-instance:ImportedAssembly._27._19._18','Aetheris rigid occurrence transform',#2252,#2321);
#2323=REPRESENTATION_RELATIONSHIP_WITH_TRANSFORMATION('assembly-instance:ImportedAssembly._27._19._18','',#2213,#1347,#2322);
#2324=CONTEXT_DEPENDENT_SHAPE_REPRESENTATION(#2323,#2317);
#2325=NEXT_ASSEMBLY_USAGE_OCCURRENCE('assembly-instance:ImportedAssembly._27._22','_22','',#2205,#2217,$);
#2326=PRODUCT_DEFINITION_SHAPE('','',#2325);
#2327=CARTESIAN_POINT('',(50,-52.9903793334961,0));
#2328=DIRECTION('',(0,0,1));
#2329=DIRECTION('',(1,0,0));
#2330=AXIS2_PLACEMENT_3D('',#2327,#2328,#2329);
#2331=ITEM_DEFINED_TRANSFORMATION('assembly-instance:ImportedAssembly._27._22','Aetheris rigid occurrence transform',#2252,#2330);
#2332=REPRESENTATION_RELATIONSHIP_WITH_TRANSFORMATION('assembly-instance:ImportedAssembly._27._22','',#2207,#2219,#2331);
#2333=CONTEXT_DEPENDENT_SHAPE_REPRESENTATION(#2332,#2326);
#2334=NEXT_ASSEMBLY_USAGE_OCCURRENCE('assembly-instance:ImportedAssembly._27._22._20','_20','',#2217,#250,$);
#2335=PRODUCT_DEFINITION_SHAPE('','',#2334);
#2336=CARTESIAN_POINT('',(-7.50000000000001,-10,13));
#2337=DIRECTION('',(0,0,-1));
#2338=DIRECTION('',(0,-1,0));
#2339=AXIS2_PLACEMENT_3D('',#2336,#2337,#2338);
#2340=ITEM_DEFINED_TRANSFORMATION('assembly-instance:ImportedAssembly._27._22._20','Aetheris rigid occurrence transform',#2252,#2339);
#2341=REPRESENTATION_RELATIONSHIP_WITH_TRANSFORMATION('assembly-instance:ImportedAssembly._27._22._20','',#2219,#256,#2340);
#2342=CONTEXT_DEPENDENT_SHAPE_REPRESENTATION(#2341,#2335);
#2343=NEXT_ASSEMBLY_USAGE_OCCURRENCE('assembly-instance:ImportedAssembly._27._22._21','_21','',#2217,#1341,$);
#2344=PRODUCT_DEFINITION_SHAPE('','',#2343);
#2345=CARTESIAN_POINT('',(2.49999999999999,-17.5,-20));
#2346=DIRECTION('',(0,0,-1));
#2347=DIRECTION('',(-1,0,0));
#2348=AXIS2_PLACEMENT_3D('',#2345,#2346,#2347);
#2349=ITEM_DEFINED_TRANSFORMATION('assembly-instance:ImportedAssembly._27._22._21','Aetheris rigid occurrence transform',#2252,#2348);
#2350=REPRESENTATION_RELATIONSHIP_WITH_TRANSFORMATION('assembly-instance:ImportedAssembly._27._22._21','',#2219,#1347,#2349);
#2351=CONTEXT_DEPENDENT_SHAPE_REPRESENTATION(#2350,#2344);
#2352=NEXT_ASSEMBLY_USAGE_OCCURRENCE('assembly-instance:ImportedAssembly._27._25','_25','',#2205,#2223,$);
#2353=PRODUCT_DEFINITION_SHAPE('','',#2352);
#2354=CARTESIAN_POINT('',(50,-27.0096206665039,0));
#2355=DIRECTION('',(0,0,1));
#2356=DIRECTION('',(1,0,0));
#2357=AXIS2_PLACEMENT_3D('',#2354,#2355,#2356);
#2358=ITEM_DEFINED_TRANSFORMATION('assembly-instance:ImportedAssembly._27._25','Aetheris rigid occurrence transform',#2252,#2357);
#2359=REPRESENTATION_RELATIONSHIP_WITH_TRANSFORMATION('assembly-instance:ImportedAssembly._27._25','',#2207,#2225,#2358);
#2360=CONTEXT_DEPENDENT_SHAPE_REPRESENTATION(#2359,#2353);
#2361=NEXT_ASSEMBLY_USAGE_OCCURRENCE('assembly-instance:ImportedAssembly._27._25._23','_23','',#2223,#250,$);
#2362=PRODUCT_DEFINITION_SHAPE('','',#2361);
#2363=CARTESIAN_POINT('',(-7.5,-10,13));
#2364=DIRECTION('',(0,0,-1));
#2365=DIRECTION('',(0,-1,-0));
#2366=AXIS2_PLACEMENT_3D('',#2363,#2364,#2365);
#2367=ITEM_DEFINED_TRANSFORMATION('assembly-instance:ImportedAssembly._27._25._23','Aetheris rigid occurrence transform',#2252,#2366);
#2368=REPRESENTATION_RELATIONSHIP_WITH_TRANSFORMATION('assembly-instance:ImportedAssembly._27._25._23','',#2225,#256,#2367);
#2369=CONTEXT_DEPENDENT_SHAPE_REPRESENTATION(#2368,#2362);
#2370=NEXT_ASSEMBLY_USAGE_OCCURRENCE('assembly-instance:ImportedAssembly._27._25._24','_24','',#2223,#1341,$);
#2371=PRODUCT_DEFINITION_SHAPE('','',#2370);
#2372=CARTESIAN_POINT('',(2.5,-17.5,-20));
#2373=DIRECTION('',(0,0,-1));
#2374=DIRECTION('',(-1,0,0));
#2375=AXIS2_PLACEMENT_3D('',#2372,#2373,#2374);
#2376=ITEM_DEFINED_TRANSFORMATION('assembly-instance:ImportedAssembly._27._25._24','Aetheris rigid occurrence transform',#2252,#2375);
#2377=REPRESENTATION_RELATIONSHIP_WITH_TRANSFORMATION('assembly-instance:ImportedAssembly._27._25._24','',#2225,#1347,#2376);
#2378=CONTEXT_DEPENDENT_SHAPE_REPRESENTATION(#2377,#2371);
#2379=NEXT_ASSEMBLY_USAGE_OCCURRENCE('assembly-instance:ImportedAssembly._27._26','_26','',#2205,#927,$);
#2380=PRODUCT_DEFINITION_SHAPE('','',#2379);
#2381=CARTESIAN_POINT('',(0,0,0));
#2382=DIRECTION('',(0,-1,0));
#2383=DIRECTION('',(1,0,0));
#2384=AXIS2_PLACEMENT_3D('',#2381,#2382,#2383);
#2385=ITEM_DEFINED_TRANSFORMATION('assembly-instance:ImportedAssembly._27._26','Aetheris rigid occurrence transform',#2252,#2384);
#2386=REPRESENTATION_RELATIONSHIP_WITH_TRANSFORMATION('assembly-instance:ImportedAssembly._27._26','',#2207,#933,#2385);
#2387=CONTEXT_DEPENDENT_SHAPE_REPRESENTATION(#2386,#2380);
#2388=NEXT_ASSEMBLY_USAGE_OCCURRENCE('assembly-instance:ImportedAssembly._28','_28','',#2193,#2176,$);
#2389=PRODUCT_DEFINITION_SHAPE('','',#2388);
#2390=CARTESIAN_POINT('',(0,0,0));
#2391=DIRECTION('',(0,0,1));
#2392=DIRECTION('',(1,0,0));
#2393=AXIS2_PLACEMENT_3D('',#2390,#2391,#2392);
#2394=ITEM_DEFINED_TRANSFORMATION('assembly-instance:ImportedAssembly._28','Aetheris rigid occurrence transform',#2252,#2393);
#2395=REPRESENTATION_RELATIONSHIP_WITH_TRANSFORMATION('assembly-instance:ImportedAssembly._28','',#2195,#2182,#2394);
#2396=CONTEXT_DEPENDENT_SHAPE_REPRESENTATION(#2395,#2389);
#2397=NEXT_ASSEMBLY_USAGE_OCCURRENCE('assembly-instance:ImportedAssembly._39','_39','',#2193,#2229,$);
#2398=PRODUCT_DEFINITION_SHAPE('','',#2397);
#2399=CARTESIAN_POINT('',(175,25,20));
#2400=DIRECTION('',(0,0,1));
#2401=DIRECTION('',(-1,0,0));
#2402=AXIS2_PLACEMENT_3D('',#2399,#2400,#2401);
#2403=ITEM_DEFINED_TRANSFORMATION('assembly-instance:ImportedAssembly._39','Aetheris rigid occurrence transform',#2252,#2402);
#2404=REPRESENTATION_RELATIONSHIP_WITH_TRANSFORMATION('assembly-instance:ImportedAssembly._39','',#2195,#2231,#2403);
#2405=CONTEXT_DEPENDENT_SHAPE_REPRESENTATION(#2404,#2398);
#2406=NEXT_ASSEMBLY_USAGE_OCCURRENCE('assembly-instance:ImportedAssembly._39._31','_31','',#2229,#2235,$);
#2407=PRODUCT_DEFINITION_SHAPE('','',#2406);
#2408=CARTESIAN_POINT('',(27.5,-40,0));
#2409=DIRECTION('',(0,0,1));
#2410=DIRECTION('',(1,0,0));
#2411=AXIS2_PLACEMENT_3D('',#2408,#2409,#2410);
#2412=ITEM_DEFINED_TRANSFORMATION('assembly-instance:ImportedAssembly._39._31','Aetheris rigid occurrence transform',#2252,#2411);
#2413=REPRESENTATION_RELATIONSHIP_WITH_TRANSFORMATION('assembly-instance:ImportedAssembly._39._31','',#2231,#2237,#2412);
#2414=CONTEXT_DEPENDENT_SHAPE_REPRESENTATION(#2413,#2407);
#2415=NEXT_ASSEMBLY_USAGE_OCCURRENCE('assembly-instance:ImportedAssembly._39._31._29','_29','',#2235,#250,$);
#2416=PRODUCT_DEFINITION_SHAPE('','',#2415);
#2417=CARTESIAN_POINT('',(-7.5,-10,13));
#2418=DIRECTION('',(0,0,-1));
#2419=DIRECTION('',(0,-1,0));
#2420=AXIS2_PLACEMENT_3D('',#2417,#2418,#2419);
#2421=ITEM_DEFINED_TRANSFORMATION('assembly-instance:ImportedAssembly._39._31._29','Aetheris rigid occurrence transform',#2252,#2420);
#2422=REPRESENTATION_RELATIONSHIP_WITH_TRANSFORMATION('assembly-instance:ImportedAssembly._39._31._29','',#2237,#256,#2421);
#2423=CONTEXT_DEPENDENT_SHAPE_REPRESENTATION(#2422,#2416);
#2424=NEXT_ASSEMBLY_USAGE_OCCURRENCE('assembly-instance:ImportedAssembly._39._31._30','_30','',#2235,#1341,$);
#2425=PRODUCT_DEFINITION_SHAPE('','',#2424);
#2426=CARTESIAN_POINT('',(2.5,-17.5,-20));
#2427=DIRECTION('',(0,0,-1));
#2428=DIRECTION('',(-1,0,0));
#2429=AXIS2_PLACEMENT_3D('',#2426,#2427,#2428);
#2430=ITEM_DEFINED_TRANSFORMATION('assembly-instance:ImportedAssembly._39._31._30','Aetheris rigid occurrence transform',#2252,#2429);
#2431=REPRESENTATION_RELATIONSHIP_WITH_TRANSFORMATION('assembly-instance:ImportedAssembly._39._31._30','',#2237,#1347,#2430);
#2432=CONTEXT_DEPENDENT_SHAPE_REPRESENTATION(#2431,#2425);
#2433=NEXT_ASSEMBLY_USAGE_OCCURRENCE('assembly-instance:ImportedAssembly._39._34','_34','',#2229,#2241,$);
#2434=PRODUCT_DEFINITION_SHAPE('','',#2433);
#2435=CARTESIAN_POINT('',(50,-52.9903793334961,0));
#2436=DIRECTION('',(0,0,1));
#2437=DIRECTION('',(1,0,0));
#2438=AXIS2_PLACEMENT_3D('',#2435,#2436,#2437);
#2439=ITEM_DEFINED_TRANSFORMATION('assembly-instance:ImportedAssembly._39._34','Aetheris rigid occurrence transform',#2252,#2438);
#2440=REPRESENTATION_RELATIONSHIP_WITH_TRANSFORMATION('assembly-instance:ImportedAssembly._39._34','',#2231,#2243,#2439);
#2441=CONTEXT_DEPENDENT_SHAPE_REPRESENTATION(#2440,#2434);
#2442=NEXT_ASSEMBLY_USAGE_OCCURRENCE('assembly-instance:ImportedAssembly._39._34._32','_32','',#2241,#250,$);
#2443=PRODUCT_DEFINITION_SHAPE('','',#2442);
#2444=CARTESIAN_POINT('',(-7.5,-10,13));
#2445=DIRECTION('',(0,0,-1));
#2446=DIRECTION('',(0,-1,0));
#2447=AXIS2_PLACEMENT_3D('',#2444,#2445,#2446);
#2448=ITEM_DEFINED_TRANSFORMATION('assembly-instance:ImportedAssembly._39._34._32','Aetheris rigid occurrence transform',#2252,#2447);
#2449=REPRESENTATION_RELATIONSHIP_WITH_TRANSFORMATION('assembly-instance:ImportedAssembly._39._34._32','',#2243,#256,#2448);
#2450=CONTEXT_DEPENDENT_SHAPE_REPRESENTATION(#2449,#2443);
#2451=NEXT_ASSEMBLY_USAGE_OCCURRENCE('assembly-instance:ImportedAssembly._39._34._33','_33','',#2241,#1341,$);
#2452=PRODUCT_DEFINITION_SHAPE('','',#2451);
#2453=CARTESIAN_POINT('',(2.5,-17.5,-20));
#2454=DIRECTION('',(0,0,-1));
#2455=DIRECTION('',(-1,0,0));
#2456=AXIS2_PLACEMENT_3D('',#2453,#2454,#2455);
#2457=ITEM_DEFINED_TRANSFORMATION('assembly-instance:ImportedAssembly._39._34._33','Aetheris rigid occurrence transform',#2252,#2456);
#2458=REPRESENTATION_RELATIONSHIP_WITH_TRANSFORMATION('assembly-instance:ImportedAssembly._39._34._33','',#2243,#1347,#2457);
#2459=CONTEXT_DEPENDENT_SHAPE_REPRESENTATION(#2458,#2452);
#2460=NEXT_ASSEMBLY_USAGE_OCCURRENCE('assembly-instance:ImportedAssembly._39._37','_37','',#2229,#2247,$);
#2461=PRODUCT_DEFINITION_SHAPE('','',#2460);
#2462=CARTESIAN_POINT('',(50,-27.0096206665039,0));
#2463=DIRECTION('',(0,0,1));
#2464=DIRECTION('',(1,0,0));
#2465=AXIS2_PLACEMENT_3D('',#2462,#2463,#2464);
#2466=ITEM_DEFINED_TRANSFORMATION('assembly-instance:ImportedAssembly._39._37','Aetheris rigid occurrence transform',#2252,#2465);
#2467=REPRESENTATION_RELATIONSHIP_WITH_TRANSFORMATION('assembly-instance:ImportedAssembly._39._37','',#2231,#2249,#2466);
#2468=CONTEXT_DEPENDENT_SHAPE_REPRESENTATION(#2467,#2461);
#2469=NEXT_ASSEMBLY_USAGE_OCCURRENCE('assembly-instance:ImportedAssembly._39._37._35','_35','',#2247,#250,$);
#2470=PRODUCT_DEFINITION_SHAPE('','',#2469);
#2471=CARTESIAN_POINT('',(-7.5,-10,13));
#2472=DIRECTION('',(0,0,-1));
#2473=DIRECTION('',(0,-1,0));
#2474=AXIS2_PLACEMENT_3D('',#2471,#2472,#2473);
#2475=ITEM_DEFINED_TRANSFORMATION('assembly-instance:ImportedAssembly._39._37._35','Aetheris rigid occurrence transform',#2252,#2474);
#2476=REPRESENTATION_RELATIONSHIP_WITH_TRANSFORMATION('assembly-instance:ImportedAssembly._39._37._35','',#2249,#256,#2475);
#2477=CONTEXT_DEPENDENT_SHAPE_REPRESENTATION(#2476,#2470);
#2478=NEXT_ASSEMBLY_USAGE_OCCURRENCE('assembly-instance:ImportedAssembly._39._37._36','_36','',#2247,#1341,$);
#2479=PRODUCT_DEFINITION_SHAPE('','',#2478);
#2480=CARTESIAN_POINT('',(2.5,-17.5,-20));
#2481=DIRECTION('',(0,0,-1));
#2482=DIRECTION('',(-1,0,0));
#2483=AXIS2_PLACEMENT_3D('',#2480,#2481,#2482);
#2484=ITEM_DEFINED_TRANSFORMATION('assembly-instance:ImportedAssembly._39._37._36','Aetheris rigid occurrence transform',#2252,#2483);
#2485=REPRESENTATION_RELATIONSHIP_WITH_TRANSFORMATION('assembly-instance:ImportedAssembly._39._37._36','',#2249,#1347,#2484);
#2486=CONTEXT_DEPENDENT_SHAPE_REPRESENTATION(#2485,#2479);
#2487=NEXT_ASSEMBLY_USAGE_OCCURRENCE('assembly-instance:ImportedAssembly._39._38','_38','',#2229,#927,$);
#2488=PRODUCT_DEFINITION_SHAPE('','',#2487);
#2489=CARTESIAN_POINT('',(0,0,0));
#2490=DIRECTION('',(0,-1,0));
#2491=DIRECTION('',(1,0,0));
#2492=AXIS2_PLACEMENT_3D('',#2489,#2490,#2491);
#2493=ITEM_DEFINED_TRANSFORMATION('assembly-instance:ImportedAssembly._39._38','Aetheris rigid occurrence transform',#2252,#2492);
#2494=REPRESENTATION_RELATIONSHIP_WITH_TRANSFORMATION('assembly-instance:ImportedAssembly._39._38','',#2231,#933,#2493);
#2495=CONTEXT_DEPENDENT_SHAPE_REPRESENTATION(#2494,#2488);
ENDSEC;
END-ISO-10303-21;
