ISO-10303-21;
HEADER;
FILE_DESCRIPTION(('Aetheris AP242 subset export'),'2;1');
FILE_NAME('aetheris_export.step','1970-01-01T00:00:00',('Aetheris'),('Aetheris'),'Aetheris.Kernel','Aetheris.Kernel','');
FILE_SCHEMA(('AP242_MANAGED_MODEL_BASED_3D_ENGINEERING_MIM_LF'));
ENDSEC;
DATA;
#1=CARTESIAN_POINT($,(0,0,0));
#2=DIRECTION($,(0,0,-1));
#3=DIRECTION($,(1,0,0));
#4=AXIS2_PLACEMENT_3D($,#1,#2,#3);
#5=PLANE($,#4);
#6=CARTESIAN_POINT($,(402.049250442503,384.246340354245,0));
#7=VERTEX_POINT($,#6);
#8=CARTESIAN_POINT($,(353.535250442309,384.246340354245,0));
#9=VERTEX_POINT($,#8);
#10=CARTESIAN_POINT($,(402.049250442503,384.246340354245,0));
#11=DIRECTION($,(-1,0,0));
#12=VECTOR($,#11,1);
#13=LINE($,#10,#12);
#14=EDGE_CURVE($,#7,#9,#13,.T.);
#15=ORIENTED_EDGE($,$,$,#14,.T.);
#16=CARTESIAN_POINT($,(347.799880354098,384.246340354245,0));
#17=VERTEX_POINT($,#16);
#18=CARTESIAN_POINT($,(353.535250442309,384.246340354245,0));
#19=DIRECTION($,(-1,0,0));
#20=VECTOR($,#19,1);
#21=LINE($,#18,#20);
#22=EDGE_CURVE($,#9,#17,#21,.T.);
#23=ORIENTED_EDGE($,$,$,#22,.T.);
#24=CARTESIAN_POINT($,(335.201480354048,384.246340354245,0));
#25=VERTEX_POINT($,#24);
#26=CARTESIAN_POINT($,(347.799880354098,384.246340354245,0));
#27=DIRECTION($,(-1,0,0));
#28=VECTOR($,#27,1);
#29=LINE($,#26,#28);
#30=EDGE_CURVE($,#17,#25,#29,.T.);
#31=ORIENTED_EDGE($,$,$,#30,.T.);
#32=CARTESIAN_POINT($,(335.201480354048,447.7463403545,0));
#33=VERTEX_POINT($,#32);
#34=CARTESIAN_POINT($,(335.201480354048,384.246340354245,0));
#35=DIRECTION($,(0,1,0));
#36=VECTOR($,#35,1);
#37=LINE($,#34,#36);
#38=EDGE_CURVE($,#25,#33,#37,.T.);
#39=ORIENTED_EDGE($,$,$,#38,.T.);
#40=CARTESIAN_POINT($,(350.44148035411,462.98634035456,-0));
#41=VERTEX_POINT($,#40);
#42=CARTESIAN_POINT($,(335.201480354048,447.7463403545,0));
#43=DIRECTION($,(0.707106781186573,0.707106781186522,0));
#44=VECTOR($,#43,1);
#45=LINE($,#42,#44);
#46=EDGE_CURVE($,#33,#41,#45,.T.);
#47=ORIENTED_EDGE($,$,$,#46,.T.);
#48=CARTESIAN_POINT($,(350.44148035411,492.681480354679,-0));
#49=VERTEX_POINT($,#48);
#50=CARTESIAN_POINT($,(350.44148035411,462.98634035456,-0));
#51=DIRECTION($,(0,1,0));
#52=VECTOR($,#51,1);
#53=LINE($,#50,#52);
#54=EDGE_CURVE($,#41,#49,#53,.T.);
#55=ORIENTED_EDGE($,$,$,#54,.T.);
#56=CARTESIAN_POINT($,(337.741480354058,505.38148035473,-0));
#57=VERTEX_POINT($,#56);
#58=CARTESIAN_POINT($,(350.44148035411,492.681480354679,-0));
#59=DIRECTION($,(-0.707106781186552,0.707106781186543,0));
#60=VECTOR($,#59,1);
#61=LINE($,#58,#60);
#62=EDGE_CURVE($,#49,#57,#61,.T.);
#63=ORIENTED_EDGE($,$,$,#62,.T.);
#64=CARTESIAN_POINT($,(318.691480353983,505.38148035473,0));
#65=VERTEX_POINT($,#64);
#66=CARTESIAN_POINT($,(337.741480354058,505.38148035473,-0));
#67=DIRECTION($,(-1,0,0));
#68=VECTOR($,#67,1);
#69=LINE($,#66,#68);
#70=EDGE_CURVE($,#57,#65,#69,.T.);
#71=ORIENTED_EDGE($,$,$,#70,.T.);
#72=CARTESIAN_POINT($,(307.220740177563,505.38148035473,0));
#73=VERTEX_POINT($,#72);
#74=CARTESIAN_POINT($,(318.691480353983,505.38148035473,0));
#75=DIRECTION($,(-1,0,0));
#76=VECTOR($,#75,1);
#77=LINE($,#74,#76);
#78=EDGE_CURVE($,#65,#73,#77,.T.);
#79=ORIENTED_EDGE($,$,$,#78,.T.);
#80=CARTESIAN_POINT($,(298.330740177527,505.38148035473,0));
#81=VERTEX_POINT($,#80);
#82=CARTESIAN_POINT($,(307.220740177563,505.38148035473,0));
#83=DIRECTION($,(-1,0,0));
#84=VECTOR($,#83,1);
#85=LINE($,#82,#84);
#86=EDGE_CURVE($,#73,#81,#85,.T.);
#87=ORIENTED_EDGE($,$,$,#86,.T.);
#88=CARTESIAN_POINT($,(298.330740177527,507.283940354737,0));
#89=VERTEX_POINT($,#88);
#90=CARTESIAN_POINT($,(298.330740177527,505.38148035473,0));
#91=DIRECTION($,(0,1,0));
#92=VECTOR($,#91,1);
#93=LINE($,#90,#92);
#94=EDGE_CURVE($,#81,#89,#93,.T.);
#95=ORIENTED_EDGE($,$,$,#94,.T.);
#96=CARTESIAN_POINT($,(298.330740177527,518.754680531157,0));
#97=VERTEX_POINT($,#96);
#98=CARTESIAN_POINT($,(298.330740177527,507.283940354737,0));
#99=DIRECTION($,(0,1,0));
#100=VECTOR($,#99,1);
#101=LINE($,#98,#100);
#102=EDGE_CURVE($,#89,#97,#101,.T.);
#103=ORIENTED_EDGE($,$,$,#102,.T.);
#104=CARTESIAN_POINT($,(298.330740177527,531.325140531207,0));
#105=VERTEX_POINT($,#104);
#106=CARTESIAN_POINT($,(298.330740177527,518.754680531157,0));
#107=DIRECTION($,(0,1,0));
#108=VECTOR($,#107,1);
#109=LINE($,#106,#108);
#110=EDGE_CURVE($,#97,#105,#109,.T.);
#111=ORIENTED_EDGE($,$,$,#110,.T.);
#112=CARTESIAN_POINT($,(307.220740177563,531.325140531207,-0));
#113=VERTEX_POINT($,#112);
#114=CARTESIAN_POINT($,(298.330740177527,531.325140531207,0));
#115=DIRECTION($,(1,0,0));
#116=VECTOR($,#115,1);
#117=LINE($,#114,#116);
#118=EDGE_CURVE($,#105,#113,#117,.T.);
#119=ORIENTED_EDGE($,$,$,#118,.T.);
#120=CARTESIAN_POINT($,(307.220740177563,580.347140531403,0));
#121=VERTEX_POINT($,#120);
#122=CARTESIAN_POINT($,(307.220740177563,531.325140531207,-0));
#123=DIRECTION($,(0,1,0));
#124=VECTOR($,#123,1);
#125=LINE($,#122,#124);
#126=EDGE_CURVE($,#113,#121,#125,.T.);
#127=ORIENTED_EDGE($,$,$,#126,.T.);
#128=CARTESIAN_POINT($,(307.220740177563,591.817880707823,0));
#129=VERTEX_POINT($,#128);
#130=CARTESIAN_POINT($,(307.220740177563,580.347140531403,0));
#131=DIRECTION($,(0,1,0));
#132=VECTOR($,#131,1);
#133=LINE($,#130,#132);
#134=EDGE_CURVE($,#121,#129,#133,.T.);
#135=ORIENTED_EDGE($,$,$,#134,.T.);
#136=CARTESIAN_POINT($,(307.220740177563,622.597600707946,-0));
#137=VERTEX_POINT($,#136);
#138=CARTESIAN_POINT($,(307.220740177563,591.817880707823,0));
#139=DIRECTION($,(0,1,0));
#140=VECTOR($,#139,1);
#141=LINE($,#138,#140);
#142=EDGE_CURVE($,#129,#137,#141,.T.);
#143=ORIENTED_EDGE($,$,$,#142,.T.);
#144=CARTESIAN_POINT($,(294.520740177512,635.297600707997,-0));
#145=VERTEX_POINT($,#144);
#146=CARTESIAN_POINT($,(307.220740177563,622.597600707946,-0));
#147=DIRECTION($,(-0.707106781186549,0.707106781186546,0));
#148=VECTOR($,#147,1);
#149=LINE($,#146,#148);
#150=EDGE_CURVE($,#137,#145,#149,.T.);
#151=ORIENTED_EDGE($,$,$,#150,.T.);
#152=CARTESIAN_POINT($,(250.070740177334,635.297600707997,-0));
#153=VERTEX_POINT($,#152);
#154=CARTESIAN_POINT($,(294.520740177512,635.297600707997,-0));
#155=DIRECTION($,(-1,0,0));
#156=VECTOR($,#155,1);
#157=LINE($,#154,#156);
#158=EDGE_CURVE($,#145,#153,#157,.T.);
#159=ORIENTED_EDGE($,$,$,#158,.T.);
#160=CARTESIAN_POINT($,(250.070740177334,609.897600707896,0));
#161=VERTEX_POINT($,#160);
#162=CARTESIAN_POINT($,(250.070740177334,635.297600707997,-0));
#163=DIRECTION($,(0,-1,0));
#164=VECTOR($,#163,1);
#165=LINE($,#162,#164);
#166=EDGE_CURVE($,#153,#161,#165,.T.);
#167=ORIENTED_EDGE($,$,$,#166,.T.);
#168=CARTESIAN_POINT($,(243.720740177309,603.54760070787,0));
#169=VERTEX_POINT($,#168);
#170=CARTESIAN_POINT($,(250.070740177334,609.897600707896,0));
#171=DIRECTION($,(-0.707106781186541,-0.707106781186554,0));
#172=VECTOR($,#171,1);
#173=LINE($,#170,#172);
#174=EDGE_CURVE($,#161,#169,#173,.T.);
#175=ORIENTED_EDGE($,$,$,#174,.T.);
#176=CARTESIAN_POINT($,(129.420740176852,603.54760070787,0));
#177=VERTEX_POINT($,#176);
#178=CARTESIAN_POINT($,(243.720740177309,603.54760070787,0));
#179=DIRECTION($,(-1,0,0));
#180=VECTOR($,#179,1);
#181=LINE($,#178,#180);
#182=EDGE_CURVE($,#169,#177,#181,.T.);
#183=ORIENTED_EDGE($,$,$,#182,.T.);
#184=CARTESIAN_POINT($,(123.070740176826,609.897600707896,0));
#185=VERTEX_POINT($,#184);
#186=CARTESIAN_POINT($,(129.420740176852,603.54760070787,0));
#187=DIRECTION($,(-0.707106781186576,0.707106781186519,0));
#188=VECTOR($,#187,1);
#189=LINE($,#186,#188);
#190=EDGE_CURVE($,#177,#185,#189,.T.);
#191=ORIENTED_EDGE($,$,$,#190,.T.);
#192=CARTESIAN_POINT($,(123.070740176826,635.297600707997,-0));
#193=VERTEX_POINT($,#192);
#194=CARTESIAN_POINT($,(123.070740176826,609.897600707896,0));
#195=DIRECTION($,(0,1,0));
#196=VECTOR($,#195,1);
#197=LINE($,#194,#196);
#198=EDGE_CURVE($,#185,#193,#197,.T.);
#199=ORIENTED_EDGE($,$,$,#198,.T.);
#200=CARTESIAN_POINT($,(78.6207401766488,635.297600707997,-0));
#201=VERTEX_POINT($,#200);
#202=CARTESIAN_POINT($,(123.070740176826,635.297600707997,-0));
#203=DIRECTION($,(-1,0,0));
#204=VECTOR($,#203,1);
#205=LINE($,#202,#204);
#206=EDGE_CURVE($,#193,#201,#205,.T.);
#207=ORIENTED_EDGE($,$,$,#206,.T.);
#208=CARTESIAN_POINT($,(65.9207401765977,622.597600707946,-0));
#209=VERTEX_POINT($,#208);
#210=CARTESIAN_POINT($,(78.6207401766488,635.297600707997,-0));
#211=DIRECTION($,(-0.707106781186555,-0.70710678118654,0));
#212=VECTOR($,#211,1);
#213=LINE($,#210,#212);
#214=EDGE_CURVE($,#201,#209,#213,.T.);
#215=ORIENTED_EDGE($,$,$,#214,.T.);
#216=CARTESIAN_POINT($,(65.9207401765977,591.817880707823,0));
#217=VERTEX_POINT($,#216);
#218=CARTESIAN_POINT($,(65.9207401765977,622.597600707946,-0));
#219=DIRECTION($,(0,-1,0));
#220=VECTOR($,#219,1);
#221=LINE($,#218,#220);
#222=EDGE_CURVE($,#209,#217,#221,.T.);
#223=ORIENTED_EDGE($,$,$,#222,.T.);
#224=CARTESIAN_POINT($,(65.9207401765977,580.347140531404,0));
#225=VERTEX_POINT($,#224);
#226=CARTESIAN_POINT($,(65.9207401765977,591.817880707823,0));
#227=DIRECTION($,(0,-1,0));
#228=VECTOR($,#227,1);
#229=LINE($,#226,#228);
#230=EDGE_CURVE($,#217,#225,#229,.T.);
#231=ORIENTED_EDGE($,$,$,#230,.T.);
#232=CARTESIAN_POINT($,(65.9207401765977,531.325140531207,-0));
#233=VERTEX_POINT($,#232);
#234=CARTESIAN_POINT($,(65.9207401765977,580.347140531404,0));
#235=DIRECTION($,(0,-1,0));
#236=VECTOR($,#235,1);
#237=LINE($,#234,#236);
#238=EDGE_CURVE($,#225,#233,#237,.T.);
#239=ORIENTED_EDGE($,$,$,#238,.T.);
#240=CARTESIAN_POINT($,(74.8107401766327,531.325140531207,0));
#241=VERTEX_POINT($,#240);
#242=CARTESIAN_POINT($,(65.9207401765977,531.325140531207,-0));
#243=DIRECTION($,(1,0,0));
#244=VECTOR($,#243,1);
#245=LINE($,#242,#244);
#246=EDGE_CURVE($,#233,#241,#245,.T.);
#247=ORIENTED_EDGE($,$,$,#246,.T.);
#248=CARTESIAN_POINT($,(74.8107401766327,518.754680531157,0));
#249=VERTEX_POINT($,#248);
#250=CARTESIAN_POINT($,(74.8107401766327,531.325140531207,0));
#251=DIRECTION($,(0,-1,0));
#252=VECTOR($,#251,1);
#253=LINE($,#250,#252);
#254=EDGE_CURVE($,#241,#249,#253,.T.);
#255=ORIENTED_EDGE($,$,$,#254,.T.);
#256=CARTESIAN_POINT($,(74.8107401766327,507.283940354737,0));
#257=VERTEX_POINT($,#256);
#258=CARTESIAN_POINT($,(74.8107401766327,518.754680531157,0));
#259=DIRECTION($,(0,-1,0));
#260=VECTOR($,#259,1);
#261=LINE($,#258,#260);
#262=EDGE_CURVE($,#249,#257,#261,.T.);
#263=ORIENTED_EDGE($,$,$,#262,.T.);
#264=CARTESIAN_POINT($,(74.8107401766327,505.38148035473,0));
#265=VERTEX_POINT($,#264);
#266=CARTESIAN_POINT($,(74.8107401766327,507.283940354737,0));
#267=DIRECTION($,(0,-1,0));
#268=VECTOR($,#267,1);
#269=LINE($,#266,#268);
#270=EDGE_CURVE($,#257,#265,#269,.T.);
#271=ORIENTED_EDGE($,$,$,#270,.T.);
#272=CARTESIAN_POINT($,(65.9207401765977,505.38148035473,0));
#273=VERTEX_POINT($,#272);
#274=CARTESIAN_POINT($,(74.8107401766327,505.38148035473,0));
#275=DIRECTION($,(-1,0,0));
#276=VECTOR($,#275,1);
#277=LINE($,#274,#276);
#278=EDGE_CURVE($,#265,#273,#277,.T.);
#279=ORIENTED_EDGE($,$,$,#278,.T.);
#280=CARTESIAN_POINT($,(54.450000000178,505.38148035473,0));
#281=VERTEX_POINT($,#280);
#282=CARTESIAN_POINT($,(65.9207401765977,505.38148035473,0));
#283=DIRECTION($,(-1,0,0));
#284=VECTOR($,#283,1);
#285=LINE($,#282,#284);
#286=EDGE_CURVE($,#273,#281,#285,.T.);
#287=ORIENTED_EDGE($,$,$,#286,.T.);
#288=CARTESIAN_POINT($,(35.400000000102,505.38148035473,-0));
#289=VERTEX_POINT($,#288);
#290=CARTESIAN_POINT($,(54.450000000178,505.38148035473,0));
#291=DIRECTION($,(-1,0,0));
#292=VECTOR($,#291,1);
#293=LINE($,#290,#292);
#294=EDGE_CURVE($,#281,#289,#293,.T.);
#295=ORIENTED_EDGE($,$,$,#294,.T.);
#296=CARTESIAN_POINT($,(10,479.981480354628,-0));
#297=VERTEX_POINT($,#296);
#298=CARTESIAN_POINT($,(35.400000000102,505.38148035473,-0));
#299=DIRECTION($,(-0.707106781186553,-0.707106781186542,0));
#300=VECTOR($,#299,1);
#301=LINE($,#298,#300);
#302=EDGE_CURVE($,#289,#297,#301,.T.);
#303=ORIENTED_EDGE($,$,$,#302,.T.);
#304=CARTESIAN_POINT($,(10,165.31612035337,-0));
#305=VERTEX_POINT($,#304);
#306=CARTESIAN_POINT($,(10,479.981480354628,-0));
#307=DIRECTION($,(0,-1,0));
#308=VECTOR($,#307,1);
#309=LINE($,#306,#308);
#310=EDGE_CURVE($,#297,#305,#309,.T.);
#311=ORIENTED_EDGE($,$,$,#310,.T.);
#312=CARTESIAN_POINT($,(35.400000000102,139.916120353268,-0));
#313=VERTEX_POINT($,#312);
#314=CARTESIAN_POINT($,(10,165.31612035337,-0));
#315=DIRECTION($,(0.707106781186548,-0.707106781186548,0));
#316=VECTOR($,#315,1);
#317=LINE($,#314,#316);
#318=EDGE_CURVE($,#305,#313,#317,.T.);
#319=ORIENTED_EDGE($,$,$,#318,.T.);
#320=CARTESIAN_POINT($,(54.450000000178,139.916120353268,0));
#321=VERTEX_POINT($,#320);
#322=CARTESIAN_POINT($,(35.400000000102,139.916120353268,-0));
#323=DIRECTION($,(1,0,0));
#324=VECTOR($,#323,1);
#325=LINE($,#322,#324);
#326=EDGE_CURVE($,#313,#321,#325,.T.);
#327=ORIENTED_EDGE($,$,$,#326,.T.);
#328=CARTESIAN_POINT($,(65.9207401765977,139.916120353268,0));
#329=VERTEX_POINT($,#328);
#330=CARTESIAN_POINT($,(54.450000000178,139.916120353268,0));
#331=DIRECTION($,(1,0,0));
#332=VECTOR($,#331,1);
#333=LINE($,#330,#332);
#334=EDGE_CURVE($,#321,#329,#333,.T.);
#335=ORIENTED_EDGE($,$,$,#334,.T.);
#336=CARTESIAN_POINT($,(74.8107401766327,139.916120353268,0));
#337=VERTEX_POINT($,#336);
#338=CARTESIAN_POINT($,(65.9207401765977,139.916120353268,0));
#339=DIRECTION($,(1,0,0));
#340=VECTOR($,#339,1);
#341=LINE($,#338,#340);
#342=EDGE_CURVE($,#329,#337,#341,.T.);
#343=ORIENTED_EDGE($,$,$,#342,.T.);
#344=CARTESIAN_POINT($,(74.8107401766327,138.983940353265,0));
#345=VERTEX_POINT($,#344);
#346=CARTESIAN_POINT($,(74.8107401766327,139.916120353268,0));
#347=DIRECTION($,(0,-1,0));
#348=VECTOR($,#347,1);
#349=LINE($,#346,#348);
#350=EDGE_CURVE($,#337,#345,#349,.T.);
#351=ORIENTED_EDGE($,$,$,#350,.T.);
#352=CARTESIAN_POINT($,(74.8107401766327,127.513200176844,0));
#353=VERTEX_POINT($,#352);
#354=CARTESIAN_POINT($,(74.8107401766327,138.983940353265,0));
#355=DIRECTION($,(0,-1,0));
#356=VECTOR($,#355,1);
#357=LINE($,#354,#356);
#358=EDGE_CURVE($,#345,#353,#357,.T.);
#359=ORIENTED_EDGE($,$,$,#358,.T.);
#360=CARTESIAN_POINT($,(74.8107401766327,114.942740176794,0));
#361=VERTEX_POINT($,#360);
#362=CARTESIAN_POINT($,(74.8107401766327,127.513200176844,0));
#363=DIRECTION($,(0,-1,0));
#364=VECTOR($,#363,1);
#365=LINE($,#362,#364);
#366=EDGE_CURVE($,#353,#361,#365,.T.);
#367=ORIENTED_EDGE($,$,$,#366,.T.);
#368=CARTESIAN_POINT($,(65.9207401765977,114.942740176794,-0));
#369=VERTEX_POINT($,#368);
#370=CARTESIAN_POINT($,(74.8107401766327,114.942740176794,0));
#371=DIRECTION($,(-1,0,0));
#372=VECTOR($,#371,1);
#373=LINE($,#370,#372);
#374=EDGE_CURVE($,#361,#369,#373,.T.);
#375=ORIENTED_EDGE($,$,$,#374,.T.);
#376=CARTESIAN_POINT($,(65.9207401765977,65.9207401765977,0));
#377=VERTEX_POINT($,#376);
#378=CARTESIAN_POINT($,(65.9207401765977,114.942740176794,-0));
#379=DIRECTION($,(0,-1,0));
#380=VECTOR($,#379,1);
#381=LINE($,#378,#380);
#382=EDGE_CURVE($,#369,#377,#381,.T.);
#383=ORIENTED_EDGE($,$,$,#382,.T.);
#384=CARTESIAN_POINT($,(65.9207401765977,54.450000000178,0));
#385=VERTEX_POINT($,#384);
#386=CARTESIAN_POINT($,(65.9207401765977,65.9207401765977,0));
#387=DIRECTION($,(0,-1,0));
#388=VECTOR($,#387,1);
#389=LINE($,#386,#388);
#390=EDGE_CURVE($,#377,#385,#389,.T.);
#391=ORIENTED_EDGE($,$,$,#390,.T.);
#392=CARTESIAN_POINT($,(65.9207401765977,22.700000000051,-0));
#393=VERTEX_POINT($,#392);
#394=CARTESIAN_POINT($,(65.9207401765977,54.450000000178,0));
#395=DIRECTION($,(0,-1,0));
#396=VECTOR($,#395,1);
#397=LINE($,#394,#396);
#398=EDGE_CURVE($,#385,#393,#397,.T.);
#399=ORIENTED_EDGE($,$,$,#398,.T.);
#400=CARTESIAN_POINT($,(78.6207401766488,10,-0));
#401=VERTEX_POINT($,#400);
#402=CARTESIAN_POINT($,(65.9207401765977,22.700000000051,-0));
#403=DIRECTION($,(0.707106781186548,-0.707106781186547,0));
#404=VECTOR($,#403,1);
#405=LINE($,#402,#404);
#406=EDGE_CURVE($,#393,#401,#405,.T.);
#407=ORIENTED_EDGE($,$,$,#406,.T.);
#408=CARTESIAN_POINT($,(116.720740176801,10,-0));
#409=VERTEX_POINT($,#408);
#410=CARTESIAN_POINT($,(78.6207401766488,10,-0));
#411=DIRECTION($,(1,0,0));
#412=VECTOR($,#411,1);
#413=LINE($,#410,#412);
#414=EDGE_CURVE($,#401,#409,#413,.T.);
#415=ORIENTED_EDGE($,$,$,#414,.T.);
#416=CARTESIAN_POINT($,(123.070740176826,16.350000000026,-0));
#417=VERTEX_POINT($,#416);
#418=CARTESIAN_POINT($,(116.720740176801,10,-0));
#419=DIRECTION($,(0.707106781186491,0.707106781186605,0));
#420=VECTOR($,#419,1);
#421=LINE($,#418,#420);
#422=EDGE_CURVE($,#409,#417,#421,.T.);
#423=ORIENTED_EDGE($,$,$,#422,.T.);
#424=CARTESIAN_POINT($,(123.070740176826,35.400000000102,0));
#425=VERTEX_POINT($,#424);
#426=CARTESIAN_POINT($,(123.070740176826,16.350000000026,-0));
#427=DIRECTION($,(0,1,0));
#428=VECTOR($,#427,1);
#429=LINE($,#426,#428);
#430=EDGE_CURVE($,#417,#425,#429,.T.);
#431=ORIENTED_EDGE($,$,$,#430,.T.);
#432=CARTESIAN_POINT($,(129.420740176852,41.750000000127,0));
#433=VERTEX_POINT($,#432);
#434=CARTESIAN_POINT($,(123.070740176826,35.400000000102,0));
#435=DIRECTION($,(0.707106781186605,0.707106781186491,0));
#436=VECTOR($,#435,1);
#437=LINE($,#434,#436);
#438=EDGE_CURVE($,#425,#433,#437,.T.);
#439=ORIENTED_EDGE($,$,$,#438,.T.);
#440=CARTESIAN_POINT($,(243.720740177309,41.750000000127,0));
#441=VERTEX_POINT($,#440);
#442=CARTESIAN_POINT($,(129.420740176852,41.750000000127,0));
#443=DIRECTION($,(1,0,0));
#444=VECTOR($,#443,1);
#445=LINE($,#442,#444);
#446=EDGE_CURVE($,#433,#441,#445,.T.);
#447=ORIENTED_EDGE($,$,$,#446,.T.);
#448=CARTESIAN_POINT($,(250.070740177334,35.400000000102,0));
#449=VERTEX_POINT($,#448);
#450=CARTESIAN_POINT($,(243.720740177309,41.750000000127,0));
#451=DIRECTION($,(0.70710678118657,-0.707106781186525,0));
#452=VECTOR($,#451,1);
#453=LINE($,#450,#452);
#454=EDGE_CURVE($,#441,#449,#453,.T.);
#455=ORIENTED_EDGE($,$,$,#454,.T.);
#456=CARTESIAN_POINT($,(250.070740177334,16.350000000026,-0));
#457=VERTEX_POINT($,#456);
#458=CARTESIAN_POINT($,(250.070740177334,35.400000000102,0));
#459=DIRECTION($,(0,-1,0));
#460=VECTOR($,#459,1);
#461=LINE($,#458,#460);
#462=EDGE_CURVE($,#449,#457,#461,.T.);
#463=ORIENTED_EDGE($,$,$,#462,.T.);
#464=CARTESIAN_POINT($,(256.42074017736,10,-0));
#465=VERTEX_POINT($,#464);
#466=CARTESIAN_POINT($,(250.070740177334,16.350000000026,-0));
#467=DIRECTION($,(0.707106781186516,-0.707106781186579,0));
#468=VECTOR($,#467,1);
#469=LINE($,#466,#468);
#470=EDGE_CURVE($,#457,#465,#469,.T.);
#471=ORIENTED_EDGE($,$,$,#470,.T.);
#472=CARTESIAN_POINT($,(294.520740177512,10,-0));
#473=VERTEX_POINT($,#472);
#474=CARTESIAN_POINT($,(256.42074017736,10,-0));
#475=DIRECTION($,(1,0,0));
#476=VECTOR($,#475,1);
#477=LINE($,#474,#476);
#478=EDGE_CURVE($,#465,#473,#477,.T.);
#479=ORIENTED_EDGE($,$,$,#478,.T.);
#480=CARTESIAN_POINT($,(307.220740177563,22.700000000051,-0));
#481=VERTEX_POINT($,#480);
#482=CARTESIAN_POINT($,(294.520740177512,10,-0));
#483=DIRECTION($,(0.707106781186543,0.707106781186552,0));
#484=VECTOR($,#483,1);
#485=LINE($,#482,#484);
#486=EDGE_CURVE($,#473,#481,#485,.T.);
#487=ORIENTED_EDGE($,$,$,#486,.T.);
#488=CARTESIAN_POINT($,(307.220740177563,54.450000000178,0));
#489=VERTEX_POINT($,#488);
#490=CARTESIAN_POINT($,(307.220740177563,22.700000000051,-0));
#491=DIRECTION($,(0,1,0));
#492=VECTOR($,#491,1);
#493=LINE($,#490,#492);
#494=EDGE_CURVE($,#481,#489,#493,.T.);
#495=ORIENTED_EDGE($,$,$,#494,.T.);
#496=CARTESIAN_POINT($,(307.220740177563,65.9207401765977,0));
#497=VERTEX_POINT($,#496);
#498=CARTESIAN_POINT($,(307.220740177563,54.450000000178,0));
#499=DIRECTION($,(0,1,0));
#500=VECTOR($,#499,1);
#501=LINE($,#498,#500);
#502=EDGE_CURVE($,#489,#497,#501,.T.);
#503=ORIENTED_EDGE($,$,$,#502,.T.);
#504=CARTESIAN_POINT($,(307.220740177563,114.942740176794,-0));
#505=VERTEX_POINT($,#504);
#506=CARTESIAN_POINT($,(307.220740177563,65.9207401765977,0));
#507=DIRECTION($,(0,1,0));
#508=VECTOR($,#507,1);
#509=LINE($,#506,#508);
#510=EDGE_CURVE($,#497,#505,#509,.T.);
#511=ORIENTED_EDGE($,$,$,#510,.T.);
#512=CARTESIAN_POINT($,(298.330740177527,114.942740176794,0));
#513=VERTEX_POINT($,#512);
#514=CARTESIAN_POINT($,(307.220740177563,114.942740176794,-0));
#515=DIRECTION($,(-1,0,0));
#516=VECTOR($,#515,1);
#517=LINE($,#514,#516);
#518=EDGE_CURVE($,#505,#513,#517,.T.);
#519=ORIENTED_EDGE($,$,$,#518,.T.);
#520=CARTESIAN_POINT($,(298.330740177527,127.513200176844,0));
#521=VERTEX_POINT($,#520);
#522=CARTESIAN_POINT($,(298.330740177527,114.942740176794,0));
#523=DIRECTION($,(-0.000000000000005,1,0));
#524=VECTOR($,#523,1);
#525=LINE($,#522,#524);
#526=EDGE_CURVE($,#513,#521,#525,.T.);
#527=ORIENTED_EDGE($,$,$,#526,.T.);
#528=CARTESIAN_POINT($,(298.330740177527,138.983940353264,0));
#529=VERTEX_POINT($,#528);
#530=CARTESIAN_POINT($,(298.330740177527,127.513200176844,0));
#531=DIRECTION($,(0,1,0));
#532=VECTOR($,#531,1);
#533=LINE($,#530,#532);
#534=EDGE_CURVE($,#521,#529,#533,.T.);
#535=ORIENTED_EDGE($,$,$,#534,.T.);
#536=CARTESIAN_POINT($,(298.330740177527,139.916120353268,0));
#537=VERTEX_POINT($,#536);
#538=CARTESIAN_POINT($,(298.330740177527,138.983940353264,0));
#539=DIRECTION($,(0,1,0));
#540=VECTOR($,#539,1);
#541=LINE($,#538,#540);
#542=EDGE_CURVE($,#529,#537,#541,.T.);
#543=ORIENTED_EDGE($,$,$,#542,.T.);
#544=CARTESIAN_POINT($,(307.220740177563,139.916120353268,0));
#545=VERTEX_POINT($,#544);
#546=CARTESIAN_POINT($,(298.330740177527,139.916120353268,0));
#547=DIRECTION($,(1,0,0));
#548=VECTOR($,#547,1);
#549=LINE($,#546,#548);
#550=EDGE_CURVE($,#537,#545,#549,.T.);
#551=ORIENTED_EDGE($,$,$,#550,.T.);
#552=CARTESIAN_POINT($,(318.691480353982,139.916120353268,0));
#553=VERTEX_POINT($,#552);
#554=CARTESIAN_POINT($,(307.220740177563,139.916120353268,0));
#555=DIRECTION($,(1,0,0));
#556=VECTOR($,#555,1);
#557=LINE($,#554,#556);
#558=EDGE_CURVE($,#545,#553,#557,.T.);
#559=ORIENTED_EDGE($,$,$,#558,.T.);
#560=CARTESIAN_POINT($,(337.741480354059,139.916120353268,-0));
#561=VERTEX_POINT($,#560);
#562=CARTESIAN_POINT($,(318.691480353982,139.916120353268,0));
#563=DIRECTION($,(1,0,0));
#564=VECTOR($,#563,1);
#565=LINE($,#562,#564);
#566=EDGE_CURVE($,#553,#561,#565,.T.);
#567=ORIENTED_EDGE($,$,$,#566,.T.);
#568=CARTESIAN_POINT($,(350.44148035411,152.616120353319,-0));
#569=VERTEX_POINT($,#568);
#570=CARTESIAN_POINT($,(337.741480354059,139.916120353268,-0));
#571=DIRECTION($,(0.707106781186548,0.707106781186548,0));
#572=VECTOR($,#571,1);
#573=LINE($,#570,#572);
#574=EDGE_CURVE($,#561,#569,#573,.T.);
#575=ORIENTED_EDGE($,$,$,#574,.T.);
#576=CARTESIAN_POINT($,(350.44148035411,178.506340353423,-0));
#577=VERTEX_POINT($,#576);
#578=CARTESIAN_POINT($,(350.44148035411,152.616120353319,-0));
#579=DIRECTION($,(0,1,0));
#580=VECTOR($,#579,1);
#581=LINE($,#578,#580);
#582=EDGE_CURVE($,#569,#577,#581,.T.);
#583=ORIENTED_EDGE($,$,$,#582,.T.);
#584=CARTESIAN_POINT($,(335.201480354048,193.746340353484,0));
#585=VERTEX_POINT($,#584);
#586=CARTESIAN_POINT($,(350.44148035411,178.506340353423,-0));
#587=DIRECTION($,(-0.707106781186548,0.707106781186548,0));
#588=VECTOR($,#587,1);
#589=LINE($,#586,#588);
#590=EDGE_CURVE($,#577,#585,#589,.T.);
#591=ORIENTED_EDGE($,$,$,#590,.T.);
#592=CARTESIAN_POINT($,(335.201480354048,257.246340353738,0));
#593=VERTEX_POINT($,#592);
#594=CARTESIAN_POINT($,(335.201480354048,193.746340353484,0));
#595=DIRECTION($,(0,1,0));
#596=VECTOR($,#595,1);
#597=LINE($,#594,#596);
#598=EDGE_CURVE($,#585,#593,#597,.T.);
#599=ORIENTED_EDGE($,$,$,#598,.T.);
#600=CARTESIAN_POINT($,(347.799880354098,257.246340353738,0));
#601=VERTEX_POINT($,#600);
#602=CARTESIAN_POINT($,(335.201480354048,257.246340353738,0));
#603=DIRECTION($,(1,0,0));
#604=VECTOR($,#603,1);
#605=LINE($,#602,#604);
#606=EDGE_CURVE($,#593,#601,#605,.T.);
#607=ORIENTED_EDGE($,$,$,#606,.T.);
#608=CARTESIAN_POINT($,(353.535250442308,257.246340353738,0));
#609=VERTEX_POINT($,#608);
#610=CARTESIAN_POINT($,(347.799880354098,257.246340353738,0));
#611=DIRECTION($,(1,0,0));
#612=VECTOR($,#611,1);
#613=LINE($,#610,#612);
#614=EDGE_CURVE($,#601,#609,#613,.T.);
#615=ORIENTED_EDGE($,$,$,#614,.T.);
#616=CARTESIAN_POINT($,(402.049250442503,257.246340353738,-0));
#617=VERTEX_POINT($,#616);
#618=CARTESIAN_POINT($,(353.535250442308,257.246340353738,0));
#619=DIRECTION($,(1,0,0));
#620=VECTOR($,#619,1);
#621=LINE($,#618,#620);
#622=EDGE_CURVE($,#609,#617,#621,.T.);
#623=ORIENTED_EDGE($,$,$,#622,.T.);
#624=CARTESIAN_POINT($,(414.749250442553,269.946340353788,-0));
#625=VERTEX_POINT($,#624);
#626=CARTESIAN_POINT($,(402.049250442503,257.246340353738,-0));
#627=DIRECTION($,(0.707106781186568,0.707106781186527,0));
#628=VECTOR($,#627,1);
#629=LINE($,#626,#628);
#630=EDGE_CURVE($,#617,#625,#629,.T.);
#631=ORIENTED_EDGE($,$,$,#630,.T.);
#632=CARTESIAN_POINT($,(414.749250442553,371.546340354195,-0));
#633=VERTEX_POINT($,#632);
#634=CARTESIAN_POINT($,(414.749250442553,269.946340353788,-0));
#635=DIRECTION($,(0,1,0));
#636=VECTOR($,#635,1);
#637=LINE($,#634,#636);
#638=EDGE_CURVE($,#625,#633,#637,.T.);
#639=ORIENTED_EDGE($,$,$,#638,.T.);
#640=CARTESIAN_POINT($,(414.749250442553,371.546340354195,-0));
#641=DIRECTION($,(-0.707106781186565,0.70710678118653,0));
#642=VECTOR($,#641,1);
#643=LINE($,#640,#642);
#644=EDGE_CURVE($,#633,#7,#643,.T.);
#645=ORIENTED_EDGE($,$,$,#644,.T.);
#646=EDGE_LOOP($,(#15,#23,#31,#39,#47,#55,#63,#71,#79,#87,#95,#103,#111,#119,#127,#135,#143,#151,#159,#167,#175,#183,#191,#199,#207,#215,#223,#231,#239,#247,#255,#263,#271,#279,#287,#295,#303,#311,#319,#327,#335,#343,#351,#359,#367,#375,#383,#391,#399,#407,#415,#423,#431,#439,#447,#455,#463,#471,#479,#487,#495,#503,#511,#519,#527,#535,#543,#551,#559,#567,#575,#583,#591,#599,#607,#615,#623,#631,#639,#645));
#647=FACE_OUTER_BOUND('',#646,.T.);
#648=CARTESIAN_POINT($,(107.678340176765,354.398800354126,-0));
#649=VERTEX_POINT($,#648);
#650=CARTESIAN_POINT($,(126.728340176841,354.398800354126,0));
#651=VERTEX_POINT($,#650);
#652=CARTESIAN_POINT($,(107.678340176765,354.398800354126,-0));
#653=DIRECTION($,(1,0,0));
#654=VECTOR($,#653,1);
#655=LINE($,#652,#654);
#656=EDGE_CURVE($,#649,#651,#655,.T.);
#657=ORIENTED_EDGE($,$,$,#656,.F.);
#658=CARTESIAN_POINT($,(107.678340176765,443.298800354482,-0));
#659=VERTEX_POINT($,#658);
#660=CARTESIAN_POINT($,(107.678340176765,443.298800354482,-0));
#661=DIRECTION($,(0,-1,0));
#662=VECTOR($,#661,1);
#663=LINE($,#660,#662);
#664=EDGE_CURVE($,#659,#649,#663,.T.);
#665=ORIENTED_EDGE($,$,$,#664,.F.);
#666=CARTESIAN_POINT($,(126.728340176841,443.298800354482,-0));
#667=VERTEX_POINT($,#666);
#668=CARTESIAN_POINT($,(126.728340176841,443.298800354482,-0));
#669=DIRECTION($,(-1,0,0));
#670=VECTOR($,#669,1);
#671=LINE($,#668,#670);
#672=EDGE_CURVE($,#667,#659,#671,.T.);
#673=ORIENTED_EDGE($,$,$,#672,.F.);
#674=CARTESIAN_POINT($,(126.728340176841,354.398800354126,0));
#675=DIRECTION($,(0,1,0));
#676=VECTOR($,#675,1);
#677=LINE($,#674,#676);
#678=EDGE_CURVE($,#651,#667,#677,.T.);
#679=ORIENTED_EDGE($,$,$,#678,.F.);
#680=EDGE_LOOP($,(#657,#665,#673,#679));
#681=FACE_BOUND('',#680,.T.);
#682=CARTESIAN_POINT($,(190.228340177095,443.298800354482,-0));
#683=VERTEX_POINT($,#682);
#684=CARTESIAN_POINT($,(171.178340177019,443.298800354482,0));
#685=VERTEX_POINT($,#684);
#686=CARTESIAN_POINT($,(190.228340177095,443.298800354482,-0));
#687=DIRECTION($,(-1,0,0));
#688=VECTOR($,#687,1);
#689=LINE($,#686,#688);
#690=EDGE_CURVE($,#683,#685,#689,.T.);
#691=ORIENTED_EDGE($,$,$,#690,.F.);
#692=CARTESIAN_POINT($,(190.228340177095,354.398800354126,-0));
#693=VERTEX_POINT($,#692);
#694=CARTESIAN_POINT($,(190.228340177095,354.398800354126,-0));
#695=DIRECTION($,(0,1,0));
#696=VECTOR($,#695,1);
#697=LINE($,#694,#696);
#698=EDGE_CURVE($,#693,#683,#697,.T.);
#699=ORIENTED_EDGE($,$,$,#698,.F.);
#700=CARTESIAN_POINT($,(171.178340177019,354.398800354126,-0));
#701=VERTEX_POINT($,#700);
#702=CARTESIAN_POINT($,(171.178340177019,354.398800354126,-0));
#703=DIRECTION($,(1,0,0));
#704=VECTOR($,#703,1);
#705=LINE($,#702,#704);
#706=EDGE_CURVE($,#701,#693,#705,.T.);
#707=ORIENTED_EDGE($,$,$,#706,.F.);
#708=CARTESIAN_POINT($,(171.178340177019,443.298800354482,0));
#709=DIRECTION($,(0,-1,0));
#710=VECTOR($,#709,1);
#711=LINE($,#708,#710);
#712=EDGE_CURVE($,#685,#701,#711,.T.);
#713=ORIENTED_EDGE($,$,$,#712,.F.);
#714=EDGE_LOOP($,(#691,#699,#707,#713));
#715=FACE_BOUND('',#714,.T.);
#716=ADVANCED_FACE('',(#647,#681,#715),#5,.T.);
#717=CARTESIAN_POINT($,(0,0,1.905));
#718=DIRECTION($,(0,0,1));
#719=DIRECTION($,(1,0,0));
#720=AXIS2_PLACEMENT_3D($,#717,#718,#719);
#721=PLANE($,#720);
#722=CARTESIAN_POINT($,(402.049250442503,384.246340354245,1.905));
#723=VERTEX_POINT($,#722);
#724=CARTESIAN_POINT($,(353.535250442309,384.246340354245,1.905));
#725=VERTEX_POINT($,#724);
#726=CARTESIAN_POINT($,(402.049250442503,384.246340354245,1.905));
#727=DIRECTION($,(-1,0,0));
#728=VECTOR($,#727,1);
#729=LINE($,#726,#728);
#730=EDGE_CURVE($,#723,#725,#729,.T.);
#731=ORIENTED_EDGE($,$,$,#730,.T.);
#732=CARTESIAN_POINT($,(347.799880354098,384.246340354245,1.905));
#733=VERTEX_POINT($,#732);
#734=CARTESIAN_POINT($,(353.535250442309,384.246340354245,1.905));
#735=DIRECTION($,(-1,0,0));
#736=VECTOR($,#735,1);
#737=LINE($,#734,#736);
#738=EDGE_CURVE($,#725,#733,#737,.T.);
#739=ORIENTED_EDGE($,$,$,#738,.T.);
#740=CARTESIAN_POINT($,(335.201480354048,384.246340354245,1.905));
#741=VERTEX_POINT($,#740);
#742=CARTESIAN_POINT($,(347.799880354098,384.246340354245,1.905));
#743=DIRECTION($,(-1,0,0));
#744=VECTOR($,#743,1);
#745=LINE($,#742,#744);
#746=EDGE_CURVE($,#733,#741,#745,.T.);
#747=ORIENTED_EDGE($,$,$,#746,.T.);
#748=CARTESIAN_POINT($,(335.201480354048,447.7463403545,1.905));
#749=VERTEX_POINT($,#748);
#750=CARTESIAN_POINT($,(335.201480354048,384.246340354245,1.905));
#751=DIRECTION($,(0,1,0));
#752=VECTOR($,#751,1);
#753=LINE($,#750,#752);
#754=EDGE_CURVE($,#741,#749,#753,.T.);
#755=ORIENTED_EDGE($,$,$,#754,.T.);
#756=CARTESIAN_POINT($,(350.44148035411,462.98634035456,1.905));
#757=VERTEX_POINT($,#756);
#758=CARTESIAN_POINT($,(335.201480354048,447.7463403545,1.905));
#759=DIRECTION($,(0.707106781186573,0.707106781186522,0));
#760=VECTOR($,#759,1);
#761=LINE($,#758,#760);
#762=EDGE_CURVE($,#749,#757,#761,.T.);
#763=ORIENTED_EDGE($,$,$,#762,.T.);
#764=CARTESIAN_POINT($,(350.44148035411,492.681480354679,1.905));
#765=VERTEX_POINT($,#764);
#766=CARTESIAN_POINT($,(350.44148035411,462.98634035456,1.905));
#767=DIRECTION($,(0,1,0));
#768=VECTOR($,#767,1);
#769=LINE($,#766,#768);
#770=EDGE_CURVE($,#757,#765,#769,.T.);
#771=ORIENTED_EDGE($,$,$,#770,.T.);
#772=CARTESIAN_POINT($,(337.741480354058,505.38148035473,1.905));
#773=VERTEX_POINT($,#772);
#774=CARTESIAN_POINT($,(350.44148035411,492.681480354679,1.905));
#775=DIRECTION($,(-0.707106781186552,0.707106781186543,0));
#776=VECTOR($,#775,1);
#777=LINE($,#774,#776);
#778=EDGE_CURVE($,#765,#773,#777,.T.);
#779=ORIENTED_EDGE($,$,$,#778,.T.);
#780=CARTESIAN_POINT($,(318.691480353983,505.38148035473,1.905));
#781=VERTEX_POINT($,#780);
#782=CARTESIAN_POINT($,(337.741480354058,505.38148035473,1.905));
#783=DIRECTION($,(-1,0,0));
#784=VECTOR($,#783,1);
#785=LINE($,#782,#784);
#786=EDGE_CURVE($,#773,#781,#785,.T.);
#787=ORIENTED_EDGE($,$,$,#786,.T.);
#788=CARTESIAN_POINT($,(307.220740177563,505.38148035473,1.905));
#789=VERTEX_POINT($,#788);
#790=CARTESIAN_POINT($,(318.691480353983,505.38148035473,1.905));
#791=DIRECTION($,(-1,0,0));
#792=VECTOR($,#791,1);
#793=LINE($,#790,#792);
#794=EDGE_CURVE($,#781,#789,#793,.T.);
#795=ORIENTED_EDGE($,$,$,#794,.T.);
#796=CARTESIAN_POINT($,(298.330740177527,505.38148035473,1.905));
#797=VERTEX_POINT($,#796);
#798=CARTESIAN_POINT($,(307.220740177563,505.38148035473,1.905));
#799=DIRECTION($,(-1,0,0));
#800=VECTOR($,#799,1);
#801=LINE($,#798,#800);
#802=EDGE_CURVE($,#789,#797,#801,.T.);
#803=ORIENTED_EDGE($,$,$,#802,.T.);
#804=CARTESIAN_POINT($,(298.330740177527,507.283940354737,1.905));
#805=VERTEX_POINT($,#804);
#806=CARTESIAN_POINT($,(298.330740177527,505.38148035473,1.905));
#807=DIRECTION($,(0,1,0));
#808=VECTOR($,#807,1);
#809=LINE($,#806,#808);
#810=EDGE_CURVE($,#797,#805,#809,.T.);
#811=ORIENTED_EDGE($,$,$,#810,.T.);
#812=CARTESIAN_POINT($,(298.330740177527,518.754680531157,1.905));
#813=VERTEX_POINT($,#812);
#814=CARTESIAN_POINT($,(298.330740177527,507.283940354737,1.905));
#815=DIRECTION($,(0,1,0));
#816=VECTOR($,#815,1);
#817=LINE($,#814,#816);
#818=EDGE_CURVE($,#805,#813,#817,.T.);
#819=ORIENTED_EDGE($,$,$,#818,.T.);
#820=CARTESIAN_POINT($,(298.330740177527,531.325140531207,1.905));
#821=VERTEX_POINT($,#820);
#822=CARTESIAN_POINT($,(298.330740177527,518.754680531157,1.905));
#823=DIRECTION($,(0,1,0));
#824=VECTOR($,#823,1);
#825=LINE($,#822,#824);
#826=EDGE_CURVE($,#813,#821,#825,.T.);
#827=ORIENTED_EDGE($,$,$,#826,.T.);
#828=CARTESIAN_POINT($,(307.220740177563,531.325140531207,1.905));
#829=VERTEX_POINT($,#828);
#830=CARTESIAN_POINT($,(298.330740177527,531.325140531207,1.905));
#831=DIRECTION($,(1,0,0));
#832=VECTOR($,#831,1);
#833=LINE($,#830,#832);
#834=EDGE_CURVE($,#821,#829,#833,.T.);
#835=ORIENTED_EDGE($,$,$,#834,.T.);
#836=CARTESIAN_POINT($,(307.220740177563,580.347140531403,1.905));
#837=VERTEX_POINT($,#836);
#838=CARTESIAN_POINT($,(307.220740177563,531.325140531207,1.905));
#839=DIRECTION($,(0,1,0));
#840=VECTOR($,#839,1);
#841=LINE($,#838,#840);
#842=EDGE_CURVE($,#829,#837,#841,.T.);
#843=ORIENTED_EDGE($,$,$,#842,.T.);
#844=CARTESIAN_POINT($,(307.220740177563,591.817880707823,1.905));
#845=VERTEX_POINT($,#844);
#846=CARTESIAN_POINT($,(307.220740177563,580.347140531403,1.905));
#847=DIRECTION($,(0,1,0));
#848=VECTOR($,#847,1);
#849=LINE($,#846,#848);
#850=EDGE_CURVE($,#837,#845,#849,.T.);
#851=ORIENTED_EDGE($,$,$,#850,.T.);
#852=CARTESIAN_POINT($,(307.220740177563,622.597600707946,1.905));
#853=VERTEX_POINT($,#852);
#854=CARTESIAN_POINT($,(307.220740177563,591.817880707823,1.905));
#855=DIRECTION($,(0,1,0));
#856=VECTOR($,#855,1);
#857=LINE($,#854,#856);
#858=EDGE_CURVE($,#845,#853,#857,.T.);
#859=ORIENTED_EDGE($,$,$,#858,.T.);
#860=CARTESIAN_POINT($,(294.520740177512,635.297600707997,1.905));
#861=VERTEX_POINT($,#860);
#862=CARTESIAN_POINT($,(307.220740177563,622.597600707946,1.905));
#863=DIRECTION($,(-0.707106781186549,0.707106781186546,0));
#864=VECTOR($,#863,1);
#865=LINE($,#862,#864);
#866=EDGE_CURVE($,#853,#861,#865,.T.);
#867=ORIENTED_EDGE($,$,$,#866,.T.);
#868=CARTESIAN_POINT($,(250.070740177334,635.297600707997,1.905));
#869=VERTEX_POINT($,#868);
#870=CARTESIAN_POINT($,(294.520740177512,635.297600707997,1.905));
#871=DIRECTION($,(-1,0,0));
#872=VECTOR($,#871,1);
#873=LINE($,#870,#872);
#874=EDGE_CURVE($,#861,#869,#873,.T.);
#875=ORIENTED_EDGE($,$,$,#874,.T.);
#876=CARTESIAN_POINT($,(250.070740177334,609.897600707896,1.905));
#877=VERTEX_POINT($,#876);
#878=CARTESIAN_POINT($,(250.070740177334,635.297600707997,1.905));
#879=DIRECTION($,(0,-1,0));
#880=VECTOR($,#879,1);
#881=LINE($,#878,#880);
#882=EDGE_CURVE($,#869,#877,#881,.T.);
#883=ORIENTED_EDGE($,$,$,#882,.T.);
#884=CARTESIAN_POINT($,(243.720740177309,603.54760070787,1.905));
#885=VERTEX_POINT($,#884);
#886=CARTESIAN_POINT($,(250.070740177334,609.897600707896,1.905));
#887=DIRECTION($,(-0.707106781186541,-0.707106781186554,0));
#888=VECTOR($,#887,1);
#889=LINE($,#886,#888);
#890=EDGE_CURVE($,#877,#885,#889,.T.);
#891=ORIENTED_EDGE($,$,$,#890,.T.);
#892=CARTESIAN_POINT($,(129.420740176852,603.54760070787,1.905));
#893=VERTEX_POINT($,#892);
#894=CARTESIAN_POINT($,(243.720740177309,603.54760070787,1.905));
#895=DIRECTION($,(-1,0,0));
#896=VECTOR($,#895,1);
#897=LINE($,#894,#896);
#898=EDGE_CURVE($,#885,#893,#897,.T.);
#899=ORIENTED_EDGE($,$,$,#898,.T.);
#900=CARTESIAN_POINT($,(123.070740176826,609.897600707896,1.905));
#901=VERTEX_POINT($,#900);
#902=CARTESIAN_POINT($,(129.420740176852,603.54760070787,1.905));
#903=DIRECTION($,(-0.707106781186576,0.707106781186519,0));
#904=VECTOR($,#903,1);
#905=LINE($,#902,#904);
#906=EDGE_CURVE($,#893,#901,#905,.T.);
#907=ORIENTED_EDGE($,$,$,#906,.T.);
#908=CARTESIAN_POINT($,(123.070740176826,635.297600707997,1.905));
#909=VERTEX_POINT($,#908);
#910=CARTESIAN_POINT($,(123.070740176826,609.897600707896,1.905));
#911=DIRECTION($,(0,1,0));
#912=VECTOR($,#911,1);
#913=LINE($,#910,#912);
#914=EDGE_CURVE($,#901,#909,#913,.T.);
#915=ORIENTED_EDGE($,$,$,#914,.T.);
#916=CARTESIAN_POINT($,(78.6207401766488,635.297600707997,1.905));
#917=VERTEX_POINT($,#916);
#918=CARTESIAN_POINT($,(123.070740176826,635.297600707997,1.905));
#919=DIRECTION($,(-1,0,0));
#920=VECTOR($,#919,1);
#921=LINE($,#918,#920);
#922=EDGE_CURVE($,#909,#917,#921,.T.);
#923=ORIENTED_EDGE($,$,$,#922,.T.);
#924=CARTESIAN_POINT($,(65.9207401765977,622.597600707946,1.905));
#925=VERTEX_POINT($,#924);
#926=CARTESIAN_POINT($,(78.6207401766488,635.297600707997,1.905));
#927=DIRECTION($,(-0.707106781186555,-0.70710678118654,0));
#928=VECTOR($,#927,1);
#929=LINE($,#926,#928);
#930=EDGE_CURVE($,#917,#925,#929,.T.);
#931=ORIENTED_EDGE($,$,$,#930,.T.);
#932=CARTESIAN_POINT($,(65.9207401765977,591.817880707823,1.905));
#933=VERTEX_POINT($,#932);
#934=CARTESIAN_POINT($,(65.9207401765977,622.597600707946,1.905));
#935=DIRECTION($,(0,-1,0));
#936=VECTOR($,#935,1);
#937=LINE($,#934,#936);
#938=EDGE_CURVE($,#925,#933,#937,.T.);
#939=ORIENTED_EDGE($,$,$,#938,.T.);
#940=CARTESIAN_POINT($,(65.9207401765977,580.347140531404,1.905));
#941=VERTEX_POINT($,#940);
#942=CARTESIAN_POINT($,(65.9207401765977,591.817880707823,1.905));
#943=DIRECTION($,(0,-1,0));
#944=VECTOR($,#943,1);
#945=LINE($,#942,#944);
#946=EDGE_CURVE($,#933,#941,#945,.T.);
#947=ORIENTED_EDGE($,$,$,#946,.T.);
#948=CARTESIAN_POINT($,(65.9207401765977,531.325140531207,1.905));
#949=VERTEX_POINT($,#948);
#950=CARTESIAN_POINT($,(65.9207401765977,580.347140531404,1.905));
#951=DIRECTION($,(0,-1,0));
#952=VECTOR($,#951,1);
#953=LINE($,#950,#952);
#954=EDGE_CURVE($,#941,#949,#953,.T.);
#955=ORIENTED_EDGE($,$,$,#954,.T.);
#956=CARTESIAN_POINT($,(74.8107401766327,531.325140531207,1.905));
#957=VERTEX_POINT($,#956);
#958=CARTESIAN_POINT($,(65.9207401765977,531.325140531207,1.905));
#959=DIRECTION($,(1,0,0));
#960=VECTOR($,#959,1);
#961=LINE($,#958,#960);
#962=EDGE_CURVE($,#949,#957,#961,.T.);
#963=ORIENTED_EDGE($,$,$,#962,.T.);
#964=CARTESIAN_POINT($,(74.8107401766327,518.754680531157,1.905));
#965=VERTEX_POINT($,#964);
#966=CARTESIAN_POINT($,(74.8107401766327,531.325140531207,1.905));
#967=DIRECTION($,(0,-1,0));
#968=VECTOR($,#967,1);
#969=LINE($,#966,#968);
#970=EDGE_CURVE($,#957,#965,#969,.T.);
#971=ORIENTED_EDGE($,$,$,#970,.T.);
#972=CARTESIAN_POINT($,(74.8107401766327,507.283940354737,1.905));
#973=VERTEX_POINT($,#972);
#974=CARTESIAN_POINT($,(74.8107401766327,518.754680531157,1.905));
#975=DIRECTION($,(0,-1,0));
#976=VECTOR($,#975,1);
#977=LINE($,#974,#976);
#978=EDGE_CURVE($,#965,#973,#977,.T.);
#979=ORIENTED_EDGE($,$,$,#978,.T.);
#980=CARTESIAN_POINT($,(74.8107401766327,505.38148035473,1.905));
#981=VERTEX_POINT($,#980);
#982=CARTESIAN_POINT($,(74.8107401766327,507.283940354737,1.905));
#983=DIRECTION($,(0,-1,0));
#984=VECTOR($,#983,1);
#985=LINE($,#982,#984);
#986=EDGE_CURVE($,#973,#981,#985,.T.);
#987=ORIENTED_EDGE($,$,$,#986,.T.);
#988=CARTESIAN_POINT($,(65.9207401765977,505.38148035473,1.905));
#989=VERTEX_POINT($,#988);
#990=CARTESIAN_POINT($,(74.8107401766327,505.38148035473,1.905));
#991=DIRECTION($,(-1,0,0));
#992=VECTOR($,#991,1);
#993=LINE($,#990,#992);
#994=EDGE_CURVE($,#981,#989,#993,.T.);
#995=ORIENTED_EDGE($,$,$,#994,.T.);
#996=CARTESIAN_POINT($,(54.450000000178,505.38148035473,1.905));
#997=VERTEX_POINT($,#996);
#998=CARTESIAN_POINT($,(65.9207401765977,505.38148035473,1.905));
#999=DIRECTION($,(-1,0,0));
#1000=VECTOR($,#999,1);
#1001=LINE($,#998,#1000);
#1002=EDGE_CURVE($,#989,#997,#1001,.T.);
#1003=ORIENTED_EDGE($,$,$,#1002,.T.);
#1004=CARTESIAN_POINT($,(35.400000000102,505.38148035473,1.905));
#1005=VERTEX_POINT($,#1004);
#1006=CARTESIAN_POINT($,(54.450000000178,505.38148035473,1.905));
#1007=DIRECTION($,(-1,0,0));
#1008=VECTOR($,#1007,1);
#1009=LINE($,#1006,#1008);
#1010=EDGE_CURVE($,#997,#1005,#1009,.T.);
#1011=ORIENTED_EDGE($,$,$,#1010,.T.);
#1012=CARTESIAN_POINT($,(10,479.981480354628,1.905));
#1013=VERTEX_POINT($,#1012);
#1014=CARTESIAN_POINT($,(35.400000000102,505.38148035473,1.905));
#1015=DIRECTION($,(-0.707106781186553,-0.707106781186542,0));
#1016=VECTOR($,#1015,1);
#1017=LINE($,#1014,#1016);
#1018=EDGE_CURVE($,#1005,#1013,#1017,.T.);
#1019=ORIENTED_EDGE($,$,$,#1018,.T.);
#1020=CARTESIAN_POINT($,(10,165.31612035337,1.905));
#1021=VERTEX_POINT($,#1020);
#1022=CARTESIAN_POINT($,(10,479.981480354628,1.905));
#1023=DIRECTION($,(0,-1,0));
#1024=VECTOR($,#1023,1);
#1025=LINE($,#1022,#1024);
#1026=EDGE_CURVE($,#1013,#1021,#1025,.T.);
#1027=ORIENTED_EDGE($,$,$,#1026,.T.);
#1028=CARTESIAN_POINT($,(35.400000000102,139.916120353268,1.905));
#1029=VERTEX_POINT($,#1028);
#1030=CARTESIAN_POINT($,(10,165.31612035337,1.905));
#1031=DIRECTION($,(0.707106781186548,-0.707106781186548,0));
#1032=VECTOR($,#1031,1);
#1033=LINE($,#1030,#1032);
#1034=EDGE_CURVE($,#1021,#1029,#1033,.T.);
#1035=ORIENTED_EDGE($,$,$,#1034,.T.);
#1036=CARTESIAN_POINT($,(54.450000000178,139.916120353268,1.905));
#1037=VERTEX_POINT($,#1036);
#1038=CARTESIAN_POINT($,(35.400000000102,139.916120353268,1.905));
#1039=DIRECTION($,(1,0,0));
#1040=VECTOR($,#1039,1);
#1041=LINE($,#1038,#1040);
#1042=EDGE_CURVE($,#1029,#1037,#1041,.T.);
#1043=ORIENTED_EDGE($,$,$,#1042,.T.);
#1044=CARTESIAN_POINT($,(65.9207401765977,139.916120353268,1.905));
#1045=VERTEX_POINT($,#1044);
#1046=CARTESIAN_POINT($,(54.450000000178,139.916120353268,1.905));
#1047=DIRECTION($,(1,0,0));
#1048=VECTOR($,#1047,1);
#1049=LINE($,#1046,#1048);
#1050=EDGE_CURVE($,#1037,#1045,#1049,.T.);
#1051=ORIENTED_EDGE($,$,$,#1050,.T.);
#1052=CARTESIAN_POINT($,(74.8107401766327,139.916120353268,1.905));
#1053=VERTEX_POINT($,#1052);
#1054=CARTESIAN_POINT($,(65.9207401765977,139.916120353268,1.905));
#1055=DIRECTION($,(1,0,0));
#1056=VECTOR($,#1055,1);
#1057=LINE($,#1054,#1056);
#1058=EDGE_CURVE($,#1045,#1053,#1057,.T.);
#1059=ORIENTED_EDGE($,$,$,#1058,.T.);
#1060=CARTESIAN_POINT($,(74.8107401766327,138.983940353265,1.905));
#1061=VERTEX_POINT($,#1060);
#1062=CARTESIAN_POINT($,(74.8107401766327,139.916120353268,1.905));
#1063=DIRECTION($,(0,-1,0));
#1064=VECTOR($,#1063,1);
#1065=LINE($,#1062,#1064);
#1066=EDGE_CURVE($,#1053,#1061,#1065,.T.);
#1067=ORIENTED_EDGE($,$,$,#1066,.T.);
#1068=CARTESIAN_POINT($,(74.8107401766327,127.513200176844,1.905));
#1069=VERTEX_POINT($,#1068);
#1070=CARTESIAN_POINT($,(74.8107401766327,138.983940353265,1.905));
#1071=DIRECTION($,(0,-1,0));
#1072=VECTOR($,#1071,1);
#1073=LINE($,#1070,#1072);
#1074=EDGE_CURVE($,#1061,#1069,#1073,.T.);
#1075=ORIENTED_EDGE($,$,$,#1074,.T.);
#1076=CARTESIAN_POINT($,(74.8107401766327,114.942740176794,1.905));
#1077=VERTEX_POINT($,#1076);
#1078=CARTESIAN_POINT($,(74.8107401766327,127.513200176844,1.905));
#1079=DIRECTION($,(0,-1,0));
#1080=VECTOR($,#1079,1);
#1081=LINE($,#1078,#1080);
#1082=EDGE_CURVE($,#1069,#1077,#1081,.T.);
#1083=ORIENTED_EDGE($,$,$,#1082,.T.);
#1084=CARTESIAN_POINT($,(65.9207401765977,114.942740176794,1.905));
#1085=VERTEX_POINT($,#1084);
#1086=CARTESIAN_POINT($,(74.8107401766327,114.942740176794,1.905));
#1087=DIRECTION($,(-1,0,0));
#1088=VECTOR($,#1087,1);
#1089=LINE($,#1086,#1088);
#1090=EDGE_CURVE($,#1077,#1085,#1089,.T.);
#1091=ORIENTED_EDGE($,$,$,#1090,.T.);
#1092=CARTESIAN_POINT($,(65.9207401765977,65.9207401765977,1.905));
#1093=VERTEX_POINT($,#1092);
#1094=CARTESIAN_POINT($,(65.9207401765977,114.942740176794,1.905));
#1095=DIRECTION($,(0,-1,0));
#1096=VECTOR($,#1095,1);
#1097=LINE($,#1094,#1096);
#1098=EDGE_CURVE($,#1085,#1093,#1097,.T.);
#1099=ORIENTED_EDGE($,$,$,#1098,.T.);
#1100=CARTESIAN_POINT($,(65.9207401765977,54.450000000178,1.905));
#1101=VERTEX_POINT($,#1100);
#1102=CARTESIAN_POINT($,(65.9207401765977,65.9207401765977,1.905));
#1103=DIRECTION($,(0,-1,0));
#1104=VECTOR($,#1103,1);
#1105=LINE($,#1102,#1104);
#1106=EDGE_CURVE($,#1093,#1101,#1105,.T.);
#1107=ORIENTED_EDGE($,$,$,#1106,.T.);
#1108=CARTESIAN_POINT($,(65.9207401765977,22.700000000051,1.905));
#1109=VERTEX_POINT($,#1108);
#1110=CARTESIAN_POINT($,(65.9207401765977,54.450000000178,1.905));
#1111=DIRECTION($,(0,-1,0));
#1112=VECTOR($,#1111,1);
#1113=LINE($,#1110,#1112);
#1114=EDGE_CURVE($,#1101,#1109,#1113,.T.);
#1115=ORIENTED_EDGE($,$,$,#1114,.T.);
#1116=CARTESIAN_POINT($,(78.6207401766488,10,1.905));
#1117=VERTEX_POINT($,#1116);
#1118=CARTESIAN_POINT($,(65.9207401765977,22.700000000051,1.905));
#1119=DIRECTION($,(0.707106781186548,-0.707106781186547,0));
#1120=VECTOR($,#1119,1);
#1121=LINE($,#1118,#1120);
#1122=EDGE_CURVE($,#1109,#1117,#1121,.T.);
#1123=ORIENTED_EDGE($,$,$,#1122,.T.);
#1124=CARTESIAN_POINT($,(116.720740176801,10,1.905));
#1125=VERTEX_POINT($,#1124);
#1126=CARTESIAN_POINT($,(78.6207401766488,10,1.905));
#1127=DIRECTION($,(1,0,0));
#1128=VECTOR($,#1127,1);
#1129=LINE($,#1126,#1128);
#1130=EDGE_CURVE($,#1117,#1125,#1129,.T.);
#1131=ORIENTED_EDGE($,$,$,#1130,.T.);
#1132=CARTESIAN_POINT($,(123.070740176826,16.350000000026,1.905));
#1133=VERTEX_POINT($,#1132);
#1134=CARTESIAN_POINT($,(116.720740176801,10,1.905));
#1135=DIRECTION($,(0.707106781186491,0.707106781186605,0));
#1136=VECTOR($,#1135,1);
#1137=LINE($,#1134,#1136);
#1138=EDGE_CURVE($,#1125,#1133,#1137,.T.);
#1139=ORIENTED_EDGE($,$,$,#1138,.T.);
#1140=CARTESIAN_POINT($,(123.070740176826,35.400000000102,1.905));
#1141=VERTEX_POINT($,#1140);
#1142=CARTESIAN_POINT($,(123.070740176826,16.350000000026,1.905));
#1143=DIRECTION($,(0,1,0));
#1144=VECTOR($,#1143,1);
#1145=LINE($,#1142,#1144);
#1146=EDGE_CURVE($,#1133,#1141,#1145,.T.);
#1147=ORIENTED_EDGE($,$,$,#1146,.T.);
#1148=CARTESIAN_POINT($,(129.420740176852,41.750000000127,1.905));
#1149=VERTEX_POINT($,#1148);
#1150=CARTESIAN_POINT($,(123.070740176826,35.400000000102,1.905));
#1151=DIRECTION($,(0.707106781186605,0.707106781186491,0));
#1152=VECTOR($,#1151,1);
#1153=LINE($,#1150,#1152);
#1154=EDGE_CURVE($,#1141,#1149,#1153,.T.);
#1155=ORIENTED_EDGE($,$,$,#1154,.T.);
#1156=CARTESIAN_POINT($,(243.720740177309,41.750000000127,1.905));
#1157=VERTEX_POINT($,#1156);
#1158=CARTESIAN_POINT($,(129.420740176852,41.750000000127,1.905));
#1159=DIRECTION($,(1,0,0));
#1160=VECTOR($,#1159,1);
#1161=LINE($,#1158,#1160);
#1162=EDGE_CURVE($,#1149,#1157,#1161,.T.);
#1163=ORIENTED_EDGE($,$,$,#1162,.T.);
#1164=CARTESIAN_POINT($,(250.070740177334,35.400000000102,1.905));
#1165=VERTEX_POINT($,#1164);
#1166=CARTESIAN_POINT($,(243.720740177309,41.750000000127,1.905));
#1167=DIRECTION($,(0.70710678118657,-0.707106781186525,0));
#1168=VECTOR($,#1167,1);
#1169=LINE($,#1166,#1168);
#1170=EDGE_CURVE($,#1157,#1165,#1169,.T.);
#1171=ORIENTED_EDGE($,$,$,#1170,.T.);
#1172=CARTESIAN_POINT($,(250.070740177334,16.350000000026,1.905));
#1173=VERTEX_POINT($,#1172);
#1174=CARTESIAN_POINT($,(250.070740177334,35.400000000102,1.905));
#1175=DIRECTION($,(0,-1,0));
#1176=VECTOR($,#1175,1);
#1177=LINE($,#1174,#1176);
#1178=EDGE_CURVE($,#1165,#1173,#1177,.T.);
#1179=ORIENTED_EDGE($,$,$,#1178,.T.);
#1180=CARTESIAN_POINT($,(256.42074017736,10,1.905));
#1181=VERTEX_POINT($,#1180);
#1182=CARTESIAN_POINT($,(250.070740177334,16.350000000026,1.905));
#1183=DIRECTION($,(0.707106781186516,-0.707106781186579,0));
#1184=VECTOR($,#1183,1);
#1185=LINE($,#1182,#1184);
#1186=EDGE_CURVE($,#1173,#1181,#1185,.T.);
#1187=ORIENTED_EDGE($,$,$,#1186,.T.);
#1188=CARTESIAN_POINT($,(294.520740177512,10,1.905));
#1189=VERTEX_POINT($,#1188);
#1190=CARTESIAN_POINT($,(256.42074017736,10,1.905));
#1191=DIRECTION($,(1,0,0));
#1192=VECTOR($,#1191,1);
#1193=LINE($,#1190,#1192);
#1194=EDGE_CURVE($,#1181,#1189,#1193,.T.);
#1195=ORIENTED_EDGE($,$,$,#1194,.T.);
#1196=CARTESIAN_POINT($,(307.220740177563,22.700000000051,1.905));
#1197=VERTEX_POINT($,#1196);
#1198=CARTESIAN_POINT($,(294.520740177512,10,1.905));
#1199=DIRECTION($,(0.707106781186543,0.707106781186552,0));
#1200=VECTOR($,#1199,1);
#1201=LINE($,#1198,#1200);
#1202=EDGE_CURVE($,#1189,#1197,#1201,.T.);
#1203=ORIENTED_EDGE($,$,$,#1202,.T.);
#1204=CARTESIAN_POINT($,(307.220740177563,54.450000000178,1.905));
#1205=VERTEX_POINT($,#1204);
#1206=CARTESIAN_POINT($,(307.220740177563,22.700000000051,1.905));
#1207=DIRECTION($,(0,1,0));
#1208=VECTOR($,#1207,1);
#1209=LINE($,#1206,#1208);
#1210=EDGE_CURVE($,#1197,#1205,#1209,.T.);
#1211=ORIENTED_EDGE($,$,$,#1210,.T.);
#1212=CARTESIAN_POINT($,(307.220740177563,65.9207401765977,1.905));
#1213=VERTEX_POINT($,#1212);
#1214=CARTESIAN_POINT($,(307.220740177563,54.450000000178,1.905));
#1215=DIRECTION($,(0,1,0));
#1216=VECTOR($,#1215,1);
#1217=LINE($,#1214,#1216);
#1218=EDGE_CURVE($,#1205,#1213,#1217,.T.);
#1219=ORIENTED_EDGE($,$,$,#1218,.T.);
#1220=CARTESIAN_POINT($,(307.220740177563,114.942740176794,1.905));
#1221=VERTEX_POINT($,#1220);
#1222=CARTESIAN_POINT($,(307.220740177563,65.9207401765977,1.905));
#1223=DIRECTION($,(0,1,0));
#1224=VECTOR($,#1223,1);
#1225=LINE($,#1222,#1224);
#1226=EDGE_CURVE($,#1213,#1221,#1225,.T.);
#1227=ORIENTED_EDGE($,$,$,#1226,.T.);
#1228=CARTESIAN_POINT($,(298.330740177527,114.942740176794,1.905));
#1229=VERTEX_POINT($,#1228);
#1230=CARTESIAN_POINT($,(307.220740177563,114.942740176794,1.905));
#1231=DIRECTION($,(-1,0,0));
#1232=VECTOR($,#1231,1);
#1233=LINE($,#1230,#1232);
#1234=EDGE_CURVE($,#1221,#1229,#1233,.T.);
#1235=ORIENTED_EDGE($,$,$,#1234,.T.);
#1236=CARTESIAN_POINT($,(298.330740177527,127.513200176844,1.905));
#1237=VERTEX_POINT($,#1236);
#1238=CARTESIAN_POINT($,(298.330740177527,114.942740176794,1.905));
#1239=DIRECTION($,(-0.000000000000005,1,0));
#1240=VECTOR($,#1239,1);
#1241=LINE($,#1238,#1240);
#1242=EDGE_CURVE($,#1229,#1237,#1241,.T.);
#1243=ORIENTED_EDGE($,$,$,#1242,.T.);
#1244=CARTESIAN_POINT($,(298.330740177527,138.983940353264,1.905));
#1245=VERTEX_POINT($,#1244);
#1246=CARTESIAN_POINT($,(298.330740177527,127.513200176844,1.905));
#1247=DIRECTION($,(0,1,0));
#1248=VECTOR($,#1247,1);
#1249=LINE($,#1246,#1248);
#1250=EDGE_CURVE($,#1237,#1245,#1249,.T.);
#1251=ORIENTED_EDGE($,$,$,#1250,.T.);
#1252=CARTESIAN_POINT($,(298.330740177527,139.916120353268,1.905));
#1253=VERTEX_POINT($,#1252);
#1254=CARTESIAN_POINT($,(298.330740177527,138.983940353264,1.905));
#1255=DIRECTION($,(0,1,0));
#1256=VECTOR($,#1255,1);
#1257=LINE($,#1254,#1256);
#1258=EDGE_CURVE($,#1245,#1253,#1257,.T.);
#1259=ORIENTED_EDGE($,$,$,#1258,.T.);
#1260=CARTESIAN_POINT($,(307.220740177563,139.916120353268,1.905));
#1261=VERTEX_POINT($,#1260);
#1262=CARTESIAN_POINT($,(298.330740177527,139.916120353268,1.905));
#1263=DIRECTION($,(1,0,0));
#1264=VECTOR($,#1263,1);
#1265=LINE($,#1262,#1264);
#1266=EDGE_CURVE($,#1253,#1261,#1265,.T.);
#1267=ORIENTED_EDGE($,$,$,#1266,.T.);
#1268=CARTESIAN_POINT($,(318.691480353982,139.916120353268,1.905));
#1269=VERTEX_POINT($,#1268);
#1270=CARTESIAN_POINT($,(307.220740177563,139.916120353268,1.905));
#1271=DIRECTION($,(1,0,0));
#1272=VECTOR($,#1271,1);
#1273=LINE($,#1270,#1272);
#1274=EDGE_CURVE($,#1261,#1269,#1273,.T.);
#1275=ORIENTED_EDGE($,$,$,#1274,.T.);
#1276=CARTESIAN_POINT($,(337.741480354059,139.916120353268,1.905));
#1277=VERTEX_POINT($,#1276);
#1278=CARTESIAN_POINT($,(318.691480353982,139.916120353268,1.905));
#1279=DIRECTION($,(1,0,0));
#1280=VECTOR($,#1279,1);
#1281=LINE($,#1278,#1280);
#1282=EDGE_CURVE($,#1269,#1277,#1281,.T.);
#1283=ORIENTED_EDGE($,$,$,#1282,.T.);
#1284=CARTESIAN_POINT($,(350.44148035411,152.616120353319,1.905));
#1285=VERTEX_POINT($,#1284);
#1286=CARTESIAN_POINT($,(337.741480354059,139.916120353268,1.905));
#1287=DIRECTION($,(0.707106781186548,0.707106781186548,0));
#1288=VECTOR($,#1287,1);
#1289=LINE($,#1286,#1288);
#1290=EDGE_CURVE($,#1277,#1285,#1289,.T.);
#1291=ORIENTED_EDGE($,$,$,#1290,.T.);
#1292=CARTESIAN_POINT($,(350.44148035411,178.506340353423,1.905));
#1293=VERTEX_POINT($,#1292);
#1294=CARTESIAN_POINT($,(350.44148035411,152.616120353319,1.905));
#1295=DIRECTION($,(0,1,0));
#1296=VECTOR($,#1295,1);
#1297=LINE($,#1294,#1296);
#1298=EDGE_CURVE($,#1285,#1293,#1297,.T.);
#1299=ORIENTED_EDGE($,$,$,#1298,.T.);
#1300=CARTESIAN_POINT($,(335.201480354048,193.746340353484,1.905));
#1301=VERTEX_POINT($,#1300);
#1302=CARTESIAN_POINT($,(350.44148035411,178.506340353423,1.905));
#1303=DIRECTION($,(-0.707106781186548,0.707106781186548,0));
#1304=VECTOR($,#1303,1);
#1305=LINE($,#1302,#1304);
#1306=EDGE_CURVE($,#1293,#1301,#1305,.T.);
#1307=ORIENTED_EDGE($,$,$,#1306,.T.);
#1308=CARTESIAN_POINT($,(335.201480354048,257.246340353738,1.905));
#1309=VERTEX_POINT($,#1308);
#1310=CARTESIAN_POINT($,(335.201480354048,193.746340353484,1.905));
#1311=DIRECTION($,(0,1,0));
#1312=VECTOR($,#1311,1);
#1313=LINE($,#1310,#1312);
#1314=EDGE_CURVE($,#1301,#1309,#1313,.T.);
#1315=ORIENTED_EDGE($,$,$,#1314,.T.);
#1316=CARTESIAN_POINT($,(347.799880354098,257.246340353738,1.905));
#1317=VERTEX_POINT($,#1316);
#1318=CARTESIAN_POINT($,(335.201480354048,257.246340353738,1.905));
#1319=DIRECTION($,(1,0,0));
#1320=VECTOR($,#1319,1);
#1321=LINE($,#1318,#1320);
#1322=EDGE_CURVE($,#1309,#1317,#1321,.T.);
#1323=ORIENTED_EDGE($,$,$,#1322,.T.);
#1324=CARTESIAN_POINT($,(353.535250442308,257.246340353738,1.905));
#1325=VERTEX_POINT($,#1324);
#1326=CARTESIAN_POINT($,(347.799880354098,257.246340353738,1.905));
#1327=DIRECTION($,(1,0,0));
#1328=VECTOR($,#1327,1);
#1329=LINE($,#1326,#1328);
#1330=EDGE_CURVE($,#1317,#1325,#1329,.T.);
#1331=ORIENTED_EDGE($,$,$,#1330,.T.);
#1332=CARTESIAN_POINT($,(402.049250442503,257.246340353738,1.905));
#1333=VERTEX_POINT($,#1332);
#1334=CARTESIAN_POINT($,(353.535250442308,257.246340353738,1.905));
#1335=DIRECTION($,(1,0,0));
#1336=VECTOR($,#1335,1);
#1337=LINE($,#1334,#1336);
#1338=EDGE_CURVE($,#1325,#1333,#1337,.T.);
#1339=ORIENTED_EDGE($,$,$,#1338,.T.);
#1340=CARTESIAN_POINT($,(414.749250442553,269.946340353788,1.905));
#1341=VERTEX_POINT($,#1340);
#1342=CARTESIAN_POINT($,(402.049250442503,257.246340353738,1.905));
#1343=DIRECTION($,(0.707106781186568,0.707106781186527,0));
#1344=VECTOR($,#1343,1);
#1345=LINE($,#1342,#1344);
#1346=EDGE_CURVE($,#1333,#1341,#1345,.T.);
#1347=ORIENTED_EDGE($,$,$,#1346,.T.);
#1348=CARTESIAN_POINT($,(414.749250442553,371.546340354195,1.905));
#1349=VERTEX_POINT($,#1348);
#1350=CARTESIAN_POINT($,(414.749250442553,269.946340353788,1.905));
#1351=DIRECTION($,(0,1,0));
#1352=VECTOR($,#1351,1);
#1353=LINE($,#1350,#1352);
#1354=EDGE_CURVE($,#1341,#1349,#1353,.T.);
#1355=ORIENTED_EDGE($,$,$,#1354,.T.);
#1356=CARTESIAN_POINT($,(414.749250442553,371.546340354195,1.905));
#1357=DIRECTION($,(-0.707106781186565,0.70710678118653,0));
#1358=VECTOR($,#1357,1);
#1359=LINE($,#1356,#1358);
#1360=EDGE_CURVE($,#1349,#723,#1359,.T.);
#1361=ORIENTED_EDGE($,$,$,#1360,.T.);
#1362=EDGE_LOOP($,(#731,#739,#747,#755,#763,#771,#779,#787,#795,#803,#811,#819,#827,#835,#843,#851,#859,#867,#875,#883,#891,#899,#907,#915,#923,#931,#939,#947,#955,#963,#971,#979,#987,#995,#1003,#1011,#1019,#1027,#1035,#1043,#1051,#1059,#1067,#1075,#1083,#1091,#1099,#1107,#1115,#1123,#1131,#1139,#1147,#1155,#1163,#1171,#1179,#1187,#1195,#1203,#1211,#1219,#1227,#1235,#1243,#1251,#1259,#1267,#1275,#1283,#1291,#1299,#1307,#1315,#1323,#1331,#1339,#1347,#1355,#1361));
#1363=FACE_OUTER_BOUND('',#1362,.T.);
#1364=CARTESIAN_POINT($,(107.678340176765,354.398800354126,1.905));
#1365=VERTEX_POINT($,#1364);
#1366=CARTESIAN_POINT($,(126.728340176841,354.398800354126,1.905));
#1367=VERTEX_POINT($,#1366);
#1368=CARTESIAN_POINT($,(107.678340176765,354.398800354126,1.905));
#1369=DIRECTION($,(1,0,0));
#1370=VECTOR($,#1369,1);
#1371=LINE($,#1368,#1370);
#1372=EDGE_CURVE($,#1365,#1367,#1371,.T.);
#1373=ORIENTED_EDGE($,$,$,#1372,.F.);
#1374=CARTESIAN_POINT($,(107.678340176765,443.298800354482,1.905));
#1375=VERTEX_POINT($,#1374);
#1376=CARTESIAN_POINT($,(107.678340176765,443.298800354482,1.905));
#1377=DIRECTION($,(0,-1,0));
#1378=VECTOR($,#1377,1);
#1379=LINE($,#1376,#1378);
#1380=EDGE_CURVE($,#1375,#1365,#1379,.T.);
#1381=ORIENTED_EDGE($,$,$,#1380,.F.);
#1382=CARTESIAN_POINT($,(126.728340176841,443.298800354482,1.905));
#1383=VERTEX_POINT($,#1382);
#1384=CARTESIAN_POINT($,(126.728340176841,443.298800354482,1.905));
#1385=DIRECTION($,(-1,0,0));
#1386=VECTOR($,#1385,1);
#1387=LINE($,#1384,#1386);
#1388=EDGE_CURVE($,#1383,#1375,#1387,.T.);
#1389=ORIENTED_EDGE($,$,$,#1388,.F.);
#1390=CARTESIAN_POINT($,(126.728340176841,354.398800354126,1.905));
#1391=DIRECTION($,(0,1,0));
#1392=VECTOR($,#1391,1);
#1393=LINE($,#1390,#1392);
#1394=EDGE_CURVE($,#1367,#1383,#1393,.T.);
#1395=ORIENTED_EDGE($,$,$,#1394,.F.);
#1396=EDGE_LOOP($,(#1373,#1381,#1389,#1395));
#1397=FACE_BOUND('',#1396,.T.);
#1398=CARTESIAN_POINT($,(190.228340177095,443.298800354482,1.905));
#1399=VERTEX_POINT($,#1398);
#1400=CARTESIAN_POINT($,(171.178340177019,443.298800354482,1.905));
#1401=VERTEX_POINT($,#1400);
#1402=CARTESIAN_POINT($,(190.228340177095,443.298800354482,1.905));
#1403=DIRECTION($,(-1,0,0));
#1404=VECTOR($,#1403,1);
#1405=LINE($,#1402,#1404);
#1406=EDGE_CURVE($,#1399,#1401,#1405,.T.);
#1407=ORIENTED_EDGE($,$,$,#1406,.F.);
#1408=CARTESIAN_POINT($,(190.228340177095,354.398800354126,1.905));
#1409=VERTEX_POINT($,#1408);
#1410=CARTESIAN_POINT($,(190.228340177095,354.398800354126,1.905));
#1411=DIRECTION($,(0,1,0));
#1412=VECTOR($,#1411,1);
#1413=LINE($,#1410,#1412);
#1414=EDGE_CURVE($,#1409,#1399,#1413,.T.);
#1415=ORIENTED_EDGE($,$,$,#1414,.F.);
#1416=CARTESIAN_POINT($,(171.178340177019,354.398800354126,1.905));
#1417=VERTEX_POINT($,#1416);
#1418=CARTESIAN_POINT($,(171.178340177019,354.398800354126,1.905));
#1419=DIRECTION($,(1,0,0));
#1420=VECTOR($,#1419,1);
#1421=LINE($,#1418,#1420);
#1422=EDGE_CURVE($,#1417,#1409,#1421,.T.);
#1423=ORIENTED_EDGE($,$,$,#1422,.F.);
#1424=CARTESIAN_POINT($,(171.178340177019,443.298800354482,1.905));
#1425=DIRECTION($,(0,-1,0));
#1426=VECTOR($,#1425,1);
#1427=LINE($,#1424,#1426);
#1428=EDGE_CURVE($,#1401,#1417,#1427,.T.);
#1429=ORIENTED_EDGE($,$,$,#1428,.F.);
#1430=EDGE_LOOP($,(#1407,#1415,#1423,#1429));
#1431=FACE_BOUND('',#1430,.T.);
#1432=ADVANCED_FACE('',(#1363,#1397,#1431),#721,.T.);
#1433=CARTESIAN_POINT($,(402.049250442503,384.246340354245,0));
#1434=DIRECTION($,(0,1,0));
#1435=DIRECTION($,(0,0,1));
#1436=AXIS2_PLACEMENT_3D($,#1433,#1434,#1435);
#1437=PLANE($,#1436);
#1438=ORIENTED_EDGE($,$,$,#14,.T.);
#1439=CARTESIAN_POINT($,(353.535250442309,384.246340354245,0));
#1440=DIRECTION($,(0,0,1));
#1441=VECTOR($,#1440,1);
#1442=LINE($,#1439,#1441);
#1443=EDGE_CURVE($,#9,#725,#1442,.T.);
#1444=ORIENTED_EDGE($,$,$,#1443,.T.);
#1445=ORIENTED_EDGE($,$,$,#730,.F.);
#1446=CARTESIAN_POINT($,(402.049250442503,384.246340354245,0));
#1447=DIRECTION($,(0,0,1));
#1448=VECTOR($,#1447,1);
#1449=LINE($,#1446,#1448);
#1450=EDGE_CURVE($,#7,#723,#1449,.T.);
#1451=ORIENTED_EDGE($,$,$,#1450,.F.);
#1452=EDGE_LOOP($,(#1438,#1444,#1445,#1451));
#1453=FACE_OUTER_BOUND('',#1452,.T.);
#1454=ADVANCED_FACE('',(#1453),#1437,.T.);
#1455=CARTESIAN_POINT($,(353.535250442308,384.246340354245,0));
#1456=DIRECTION($,(0,1,0));
#1457=DIRECTION($,(0,0,1));
#1458=AXIS2_PLACEMENT_3D($,#1455,#1456,#1457);
#1459=PLANE($,#1458);
#1460=ORIENTED_EDGE($,$,$,#22,.T.);
#1461=CARTESIAN_POINT($,(347.799880354098,384.246340354245,0));
#1462=DIRECTION($,(0,0,1));
#1463=VECTOR($,#1462,1);
#1464=LINE($,#1461,#1463);
#1465=EDGE_CURVE($,#17,#733,#1464,.T.);
#1466=ORIENTED_EDGE($,$,$,#1465,.T.);
#1467=ORIENTED_EDGE($,$,$,#738,.F.);
#1468=ORIENTED_EDGE($,$,$,#1443,.F.);
#1469=EDGE_LOOP($,(#1460,#1466,#1467,#1468));
#1470=FACE_OUTER_BOUND('',#1469,.T.);
#1471=ADVANCED_FACE('',(#1470),#1459,.T.);
#1472=CARTESIAN_POINT($,(347.799880354098,384.246340354245,0));
#1473=DIRECTION($,(0,1,0));
#1474=DIRECTION($,(0,0,1));
#1475=AXIS2_PLACEMENT_3D($,#1472,#1473,#1474);
#1476=PLANE($,#1475);
#1477=ORIENTED_EDGE($,$,$,#30,.T.);
#1478=CARTESIAN_POINT($,(335.201480354048,384.246340354245,0));
#1479=DIRECTION($,(0,0,1));
#1480=VECTOR($,#1479,1);
#1481=LINE($,#1478,#1480);
#1482=EDGE_CURVE($,#25,#741,#1481,.T.);
#1483=ORIENTED_EDGE($,$,$,#1482,.T.);
#1484=ORIENTED_EDGE($,$,$,#746,.F.);
#1485=ORIENTED_EDGE($,$,$,#1465,.F.);
#1486=EDGE_LOOP($,(#1477,#1483,#1484,#1485));
#1487=FACE_OUTER_BOUND('',#1486,.T.);
#1488=ADVANCED_FACE('',(#1487),#1476,.T.);
#1489=CARTESIAN_POINT($,(335.201480354048,384.246340354245,0));
#1490=DIRECTION($,(1,0,0));
#1491=DIRECTION($,(0,0,1));
#1492=AXIS2_PLACEMENT_3D($,#1489,#1490,#1491);
#1493=PLANE($,#1492);
#1494=ORIENTED_EDGE($,$,$,#38,.T.);
#1495=CARTESIAN_POINT($,(335.201480354048,447.7463403545,0));
#1496=DIRECTION($,(0,0,1));
#1497=VECTOR($,#1496,1);
#1498=LINE($,#1495,#1497);
#1499=EDGE_CURVE($,#33,#749,#1498,.T.);
#1500=ORIENTED_EDGE($,$,$,#1499,.T.);
#1501=ORIENTED_EDGE($,$,$,#754,.F.);
#1502=ORIENTED_EDGE($,$,$,#1482,.F.);
#1503=EDGE_LOOP($,(#1494,#1500,#1501,#1502));
#1504=FACE_OUTER_BOUND('',#1503,.T.);
#1505=ADVANCED_FACE('',(#1504),#1493,.T.);
#1506=CARTESIAN_POINT($,(335.201480354048,447.7463403545,0));
#1507=DIRECTION($,(0.707106781186522,-0.707106781186573,0));
#1508=DIRECTION($,(0,0,1));
#1509=AXIS2_PLACEMENT_3D($,#1506,#1507,#1508);
#1510=PLANE($,#1509);
#1511=ORIENTED_EDGE($,$,$,#46,.T.);
#1512=CARTESIAN_POINT($,(350.44148035411,462.98634035456,-0));
#1513=DIRECTION($,(0,0,1));
#1514=VECTOR($,#1513,1);
#1515=LINE($,#1512,#1514);
#1516=EDGE_CURVE($,#41,#757,#1515,.T.);
#1517=ORIENTED_EDGE($,$,$,#1516,.T.);
#1518=ORIENTED_EDGE($,$,$,#762,.F.);
#1519=ORIENTED_EDGE($,$,$,#1499,.F.);
#1520=EDGE_LOOP($,(#1511,#1517,#1518,#1519));
#1521=FACE_OUTER_BOUND('',#1520,.T.);
#1522=ADVANCED_FACE('',(#1521),#1510,.T.);
#1523=CARTESIAN_POINT($,(350.44148035411,462.98634035456,0));
#1524=DIRECTION($,(1,0,0));
#1525=DIRECTION($,(0,0,1));
#1526=AXIS2_PLACEMENT_3D($,#1523,#1524,#1525);
#1527=PLANE($,#1526);
#1528=ORIENTED_EDGE($,$,$,#54,.T.);
#1529=CARTESIAN_POINT($,(350.44148035411,492.681480354679,-0));
#1530=DIRECTION($,(0,0,1));
#1531=VECTOR($,#1530,1);
#1532=LINE($,#1529,#1531);
#1533=EDGE_CURVE($,#49,#765,#1532,.T.);
#1534=ORIENTED_EDGE($,$,$,#1533,.T.);
#1535=ORIENTED_EDGE($,$,$,#770,.F.);
#1536=ORIENTED_EDGE($,$,$,#1516,.F.);
#1537=EDGE_LOOP($,(#1528,#1534,#1535,#1536));
#1538=FACE_OUTER_BOUND('',#1537,.T.);
#1539=ADVANCED_FACE('',(#1538),#1527,.T.);
#1540=CARTESIAN_POINT($,(350.44148035411,492.681480354679,0));
#1541=DIRECTION($,(0.707106781186543,0.707106781186552,0));
#1542=DIRECTION($,(0,0,1));
#1543=AXIS2_PLACEMENT_3D($,#1540,#1541,#1542);
#1544=PLANE($,#1543);
#1545=ORIENTED_EDGE($,$,$,#62,.T.);
#1546=CARTESIAN_POINT($,(337.741480354058,505.38148035473,-0));
#1547=DIRECTION($,(0,0,1));
#1548=VECTOR($,#1547,1);
#1549=LINE($,#1546,#1548);
#1550=EDGE_CURVE($,#57,#773,#1549,.T.);
#1551=ORIENTED_EDGE($,$,$,#1550,.T.);
#1552=ORIENTED_EDGE($,$,$,#778,.F.);
#1553=ORIENTED_EDGE($,$,$,#1533,.F.);
#1554=EDGE_LOOP($,(#1545,#1551,#1552,#1553));
#1555=FACE_OUTER_BOUND('',#1554,.T.);
#1556=ADVANCED_FACE('',(#1555),#1544,.T.);
#1557=CARTESIAN_POINT($,(337.741480354058,505.38148035473,0));
#1558=DIRECTION($,(0,1,0));
#1559=DIRECTION($,(0,0,1));
#1560=AXIS2_PLACEMENT_3D($,#1557,#1558,#1559);
#1561=PLANE($,#1560);
#1562=ORIENTED_EDGE($,$,$,#70,.T.);
#1563=CARTESIAN_POINT($,(318.691480353983,505.38148035473,0));
#1564=DIRECTION($,(0,0,1));
#1565=VECTOR($,#1564,1);
#1566=LINE($,#1563,#1565);
#1567=EDGE_CURVE($,#65,#781,#1566,.T.);
#1568=ORIENTED_EDGE($,$,$,#1567,.T.);
#1569=ORIENTED_EDGE($,$,$,#786,.F.);
#1570=ORIENTED_EDGE($,$,$,#1550,.F.);
#1571=EDGE_LOOP($,(#1562,#1568,#1569,#1570));
#1572=FACE_OUTER_BOUND('',#1571,.T.);
#1573=ADVANCED_FACE('',(#1572),#1561,.T.);
#1574=CARTESIAN_POINT($,(318.691480353982,505.38148035473,0));
#1575=DIRECTION($,(0,1,0));
#1576=DIRECTION($,(0,0,1));
#1577=AXIS2_PLACEMENT_3D($,#1574,#1575,#1576);
#1578=PLANE($,#1577);
#1579=ORIENTED_EDGE($,$,$,#78,.T.);
#1580=CARTESIAN_POINT($,(307.220740177563,505.38148035473,0));
#1581=DIRECTION($,(0,0,1));
#1582=VECTOR($,#1581,1);
#1583=LINE($,#1580,#1582);
#1584=EDGE_CURVE($,#73,#789,#1583,.T.);
#1585=ORIENTED_EDGE($,$,$,#1584,.T.);
#1586=ORIENTED_EDGE($,$,$,#794,.F.);
#1587=ORIENTED_EDGE($,$,$,#1567,.F.);
#1588=EDGE_LOOP($,(#1579,#1585,#1586,#1587));
#1589=FACE_OUTER_BOUND('',#1588,.T.);
#1590=ADVANCED_FACE('',(#1589),#1578,.T.);
#1591=CARTESIAN_POINT($,(307.220740177563,505.38148035473,0));
#1592=DIRECTION($,(0,1,0));
#1593=DIRECTION($,(0,0,1));
#1594=AXIS2_PLACEMENT_3D($,#1591,#1592,#1593);
#1595=PLANE($,#1594);
#1596=ORIENTED_EDGE($,$,$,#86,.T.);
#1597=CARTESIAN_POINT($,(298.330740177527,505.38148035473,0));
#1598=DIRECTION($,(0,0,1));
#1599=VECTOR($,#1598,1);
#1600=LINE($,#1597,#1599);
#1601=EDGE_CURVE($,#81,#797,#1600,.T.);
#1602=ORIENTED_EDGE($,$,$,#1601,.T.);
#1603=ORIENTED_EDGE($,$,$,#802,.F.);
#1604=ORIENTED_EDGE($,$,$,#1584,.F.);
#1605=EDGE_LOOP($,(#1596,#1602,#1603,#1604));
#1606=FACE_OUTER_BOUND('',#1605,.T.);
#1607=ADVANCED_FACE('',(#1606),#1595,.T.);
#1608=CARTESIAN_POINT($,(298.330740177527,505.38148035473,0));
#1609=DIRECTION($,(1,0,0));
#1610=DIRECTION($,(0,0,1));
#1611=AXIS2_PLACEMENT_3D($,#1608,#1609,#1610);
#1612=PLANE($,#1611);
#1613=ORIENTED_EDGE($,$,$,#94,.T.);
#1614=CARTESIAN_POINT($,(298.330740177527,507.283940354737,0));
#1615=DIRECTION($,(0,0,1));
#1616=VECTOR($,#1615,1);
#1617=LINE($,#1614,#1616);
#1618=EDGE_CURVE($,#89,#805,#1617,.T.);
#1619=ORIENTED_EDGE($,$,$,#1618,.T.);
#1620=ORIENTED_EDGE($,$,$,#810,.F.);
#1621=ORIENTED_EDGE($,$,$,#1601,.F.);
#1622=EDGE_LOOP($,(#1613,#1619,#1620,#1621));
#1623=FACE_OUTER_BOUND('',#1622,.T.);
#1624=ADVANCED_FACE('',(#1623),#1612,.T.);
#1625=CARTESIAN_POINT($,(298.330740177527,507.283940354737,0));
#1626=DIRECTION($,(1,0,0));
#1627=DIRECTION($,(0,0,1));
#1628=AXIS2_PLACEMENT_3D($,#1625,#1626,#1627);
#1629=PLANE($,#1628);
#1630=ORIENTED_EDGE($,$,$,#102,.T.);
#1631=CARTESIAN_POINT($,(298.330740177527,518.754680531157,0));
#1632=DIRECTION($,(0,0,1));
#1633=VECTOR($,#1632,1);
#1634=LINE($,#1631,#1633);
#1635=EDGE_CURVE($,#97,#813,#1634,.T.);
#1636=ORIENTED_EDGE($,$,$,#1635,.T.);
#1637=ORIENTED_EDGE($,$,$,#818,.F.);
#1638=ORIENTED_EDGE($,$,$,#1618,.F.);
#1639=EDGE_LOOP($,(#1630,#1636,#1637,#1638));
#1640=FACE_OUTER_BOUND('',#1639,.T.);
#1641=ADVANCED_FACE('',(#1640),#1629,.T.);
#1642=CARTESIAN_POINT($,(298.330740177527,518.754680531157,0));
#1643=DIRECTION($,(1,0,0));
#1644=DIRECTION($,(0,0,1));
#1645=AXIS2_PLACEMENT_3D($,#1642,#1643,#1644);
#1646=PLANE($,#1645);
#1647=ORIENTED_EDGE($,$,$,#110,.T.);
#1648=CARTESIAN_POINT($,(298.330740177527,531.325140531207,0));
#1649=DIRECTION($,(0,0,1));
#1650=VECTOR($,#1649,1);
#1651=LINE($,#1648,#1650);
#1652=EDGE_CURVE($,#105,#821,#1651,.T.);
#1653=ORIENTED_EDGE($,$,$,#1652,.T.);
#1654=ORIENTED_EDGE($,$,$,#826,.F.);
#1655=ORIENTED_EDGE($,$,$,#1635,.F.);
#1656=EDGE_LOOP($,(#1647,#1653,#1654,#1655));
#1657=FACE_OUTER_BOUND('',#1656,.T.);
#1658=ADVANCED_FACE('',(#1657),#1646,.T.);
#1659=CARTESIAN_POINT($,(298.330740177527,531.325140531207,0));
#1660=DIRECTION($,(0,-1,0));
#1661=DIRECTION($,(0,0,1));
#1662=AXIS2_PLACEMENT_3D($,#1659,#1660,#1661);
#1663=PLANE($,#1662);
#1664=ORIENTED_EDGE($,$,$,#118,.T.);
#1665=CARTESIAN_POINT($,(307.220740177563,531.325140531207,-0));
#1666=DIRECTION($,(0,0,1));
#1667=VECTOR($,#1666,1);
#1668=LINE($,#1665,#1667);
#1669=EDGE_CURVE($,#113,#829,#1668,.T.);
#1670=ORIENTED_EDGE($,$,$,#1669,.T.);
#1671=ORIENTED_EDGE($,$,$,#834,.F.);
#1672=ORIENTED_EDGE($,$,$,#1652,.F.);
#1673=EDGE_LOOP($,(#1664,#1670,#1671,#1672));
#1674=FACE_OUTER_BOUND('',#1673,.T.);
#1675=ADVANCED_FACE('',(#1674),#1663,.T.);
#1676=CARTESIAN_POINT($,(307.220740177563,531.325140531207,0));
#1677=DIRECTION($,(1,0,0));
#1678=DIRECTION($,(0,0,1));
#1679=AXIS2_PLACEMENT_3D($,#1676,#1677,#1678);
#1680=PLANE($,#1679);
#1681=ORIENTED_EDGE($,$,$,#126,.T.);
#1682=CARTESIAN_POINT($,(307.220740177563,580.347140531403,0));
#1683=DIRECTION($,(0,0,1));
#1684=VECTOR($,#1683,1);
#1685=LINE($,#1682,#1684);
#1686=EDGE_CURVE($,#121,#837,#1685,.T.);
#1687=ORIENTED_EDGE($,$,$,#1686,.T.);
#1688=ORIENTED_EDGE($,$,$,#842,.F.);
#1689=ORIENTED_EDGE($,$,$,#1669,.F.);
#1690=EDGE_LOOP($,(#1681,#1687,#1688,#1689));
#1691=FACE_OUTER_BOUND('',#1690,.T.);
#1692=ADVANCED_FACE('',(#1691),#1680,.T.);
#1693=CARTESIAN_POINT($,(307.220740177563,580.347140531404,0));
#1694=DIRECTION($,(1,0,0));
#1695=DIRECTION($,(0,0,1));
#1696=AXIS2_PLACEMENT_3D($,#1693,#1694,#1695);
#1697=PLANE($,#1696);
#1698=ORIENTED_EDGE($,$,$,#134,.T.);
#1699=CARTESIAN_POINT($,(307.220740177563,591.817880707823,0));
#1700=DIRECTION($,(0,0,1));
#1701=VECTOR($,#1700,1);
#1702=LINE($,#1699,#1701);
#1703=EDGE_CURVE($,#129,#845,#1702,.T.);
#1704=ORIENTED_EDGE($,$,$,#1703,.T.);
#1705=ORIENTED_EDGE($,$,$,#850,.F.);
#1706=ORIENTED_EDGE($,$,$,#1686,.F.);
#1707=EDGE_LOOP($,(#1698,#1704,#1705,#1706));
#1708=FACE_OUTER_BOUND('',#1707,.T.);
#1709=ADVANCED_FACE('',(#1708),#1697,.T.);
#1710=CARTESIAN_POINT($,(307.220740177563,591.817880707823,0));
#1711=DIRECTION($,(1,0,0));
#1712=DIRECTION($,(0,0,1));
#1713=AXIS2_PLACEMENT_3D($,#1710,#1711,#1712);
#1714=PLANE($,#1713);
#1715=ORIENTED_EDGE($,$,$,#142,.T.);
#1716=CARTESIAN_POINT($,(307.220740177563,622.597600707946,-0));
#1717=DIRECTION($,(0,0,1));
#1718=VECTOR($,#1717,1);
#1719=LINE($,#1716,#1718);
#1720=EDGE_CURVE($,#137,#853,#1719,.T.);
#1721=ORIENTED_EDGE($,$,$,#1720,.T.);
#1722=ORIENTED_EDGE($,$,$,#858,.F.);
#1723=ORIENTED_EDGE($,$,$,#1703,.F.);
#1724=EDGE_LOOP($,(#1715,#1721,#1722,#1723));
#1725=FACE_OUTER_BOUND('',#1724,.T.);
#1726=ADVANCED_FACE('',(#1725),#1714,.T.);
#1727=CARTESIAN_POINT($,(307.220740177563,622.597600707946,0));
#1728=DIRECTION($,(0.707106781186546,0.707106781186549,0));
#1729=DIRECTION($,(0,0,1));
#1730=AXIS2_PLACEMENT_3D($,#1727,#1728,#1729);
#1731=PLANE($,#1730);
#1732=ORIENTED_EDGE($,$,$,#150,.T.);
#1733=CARTESIAN_POINT($,(294.520740177512,635.297600707997,-0));
#1734=DIRECTION($,(0,0,1));
#1735=VECTOR($,#1734,1);
#1736=LINE($,#1733,#1735);
#1737=EDGE_CURVE($,#145,#861,#1736,.T.);
#1738=ORIENTED_EDGE($,$,$,#1737,.T.);
#1739=ORIENTED_EDGE($,$,$,#866,.F.);
#1740=ORIENTED_EDGE($,$,$,#1720,.F.);
#1741=EDGE_LOOP($,(#1732,#1738,#1739,#1740));
#1742=FACE_OUTER_BOUND('',#1741,.T.);
#1743=ADVANCED_FACE('',(#1742),#1731,.T.);
#1744=CARTESIAN_POINT($,(294.520740177512,635.297600707997,0));
#1745=DIRECTION($,(0,1,0));
#1746=DIRECTION($,(0,0,1));
#1747=AXIS2_PLACEMENT_3D($,#1744,#1745,#1746);
#1748=PLANE($,#1747);
#1749=ORIENTED_EDGE($,$,$,#158,.T.);
#1750=CARTESIAN_POINT($,(250.070740177334,635.297600707997,-0));
#1751=DIRECTION($,(0,0,1));
#1752=VECTOR($,#1751,1);
#1753=LINE($,#1750,#1752);
#1754=EDGE_CURVE($,#153,#869,#1753,.T.);
#1755=ORIENTED_EDGE($,$,$,#1754,.T.);
#1756=ORIENTED_EDGE($,$,$,#874,.F.);
#1757=ORIENTED_EDGE($,$,$,#1737,.F.);
#1758=EDGE_LOOP($,(#1749,#1755,#1756,#1757));
#1759=FACE_OUTER_BOUND('',#1758,.T.);
#1760=ADVANCED_FACE('',(#1759),#1748,.T.);
#1761=CARTESIAN_POINT($,(250.070740177334,635.297600707997,0));
#1762=DIRECTION($,(-1,0,0));
#1763=DIRECTION($,(0,0,1));
#1764=AXIS2_PLACEMENT_3D($,#1761,#1762,#1763);
#1765=PLANE($,#1764);
#1766=ORIENTED_EDGE($,$,$,#166,.T.);
#1767=CARTESIAN_POINT($,(250.070740177334,609.897600707896,0));
#1768=DIRECTION($,(0,0,1));
#1769=VECTOR($,#1768,1);
#1770=LINE($,#1767,#1769);
#1771=EDGE_CURVE($,#161,#877,#1770,.T.);
#1772=ORIENTED_EDGE($,$,$,#1771,.T.);
#1773=ORIENTED_EDGE($,$,$,#882,.F.);
#1774=ORIENTED_EDGE($,$,$,#1754,.F.);
#1775=EDGE_LOOP($,(#1766,#1772,#1773,#1774));
#1776=FACE_OUTER_BOUND('',#1775,.T.);
#1777=ADVANCED_FACE('',(#1776),#1765,.T.);
#1778=CARTESIAN_POINT($,(250.070740177334,609.897600707896,0));
#1779=DIRECTION($,(-0.707106781186554,0.707106781186541,0));
#1780=DIRECTION($,(0,0,1));
#1781=AXIS2_PLACEMENT_3D($,#1778,#1779,#1780);
#1782=PLANE($,#1781);
#1783=ORIENTED_EDGE($,$,$,#174,.T.);
#1784=CARTESIAN_POINT($,(243.720740177309,603.54760070787,0));
#1785=DIRECTION($,(0,0,1));
#1786=VECTOR($,#1785,1);
#1787=LINE($,#1784,#1786);
#1788=EDGE_CURVE($,#169,#885,#1787,.T.);
#1789=ORIENTED_EDGE($,$,$,#1788,.T.);
#1790=ORIENTED_EDGE($,$,$,#890,.F.);
#1791=ORIENTED_EDGE($,$,$,#1771,.F.);
#1792=EDGE_LOOP($,(#1783,#1789,#1790,#1791));
#1793=FACE_OUTER_BOUND('',#1792,.T.);
#1794=ADVANCED_FACE('',(#1793),#1782,.T.);
#1795=CARTESIAN_POINT($,(243.720740177309,603.54760070787,0));
#1796=DIRECTION($,(0,1,0));
#1797=DIRECTION($,(0,0,1));
#1798=AXIS2_PLACEMENT_3D($,#1795,#1796,#1797);
#1799=PLANE($,#1798);
#1800=ORIENTED_EDGE($,$,$,#182,.T.);
#1801=CARTESIAN_POINT($,(129.420740176852,603.54760070787,0));
#1802=DIRECTION($,(0,0,1));
#1803=VECTOR($,#1802,1);
#1804=LINE($,#1801,#1803);
#1805=EDGE_CURVE($,#177,#893,#1804,.T.);
#1806=ORIENTED_EDGE($,$,$,#1805,.T.);
#1807=ORIENTED_EDGE($,$,$,#898,.F.);
#1808=ORIENTED_EDGE($,$,$,#1788,.F.);
#1809=EDGE_LOOP($,(#1800,#1806,#1807,#1808));
#1810=FACE_OUTER_BOUND('',#1809,.T.);
#1811=ADVANCED_FACE('',(#1810),#1799,.T.);
#1812=CARTESIAN_POINT($,(129.420740176852,603.54760070787,0));
#1813=DIRECTION($,(0.707106781186519,0.707106781186576,0));
#1814=DIRECTION($,(0,0,1));
#1815=AXIS2_PLACEMENT_3D($,#1812,#1813,#1814);
#1816=PLANE($,#1815);
#1817=ORIENTED_EDGE($,$,$,#190,.T.);
#1818=CARTESIAN_POINT($,(123.070740176826,609.897600707896,0));
#1819=DIRECTION($,(0,0,1));
#1820=VECTOR($,#1819,1);
#1821=LINE($,#1818,#1820);
#1822=EDGE_CURVE($,#185,#901,#1821,.T.);
#1823=ORIENTED_EDGE($,$,$,#1822,.T.);
#1824=ORIENTED_EDGE($,$,$,#906,.F.);
#1825=ORIENTED_EDGE($,$,$,#1805,.F.);
#1826=EDGE_LOOP($,(#1817,#1823,#1824,#1825));
#1827=FACE_OUTER_BOUND('',#1826,.T.);
#1828=ADVANCED_FACE('',(#1827),#1816,.T.);
#1829=CARTESIAN_POINT($,(123.070740176826,609.897600707896,0));
#1830=DIRECTION($,(1,0,0));
#1831=DIRECTION($,(0,0,1));
#1832=AXIS2_PLACEMENT_3D($,#1829,#1830,#1831);
#1833=PLANE($,#1832);
#1834=ORIENTED_EDGE($,$,$,#198,.T.);
#1835=CARTESIAN_POINT($,(123.070740176826,635.297600707997,-0));
#1836=DIRECTION($,(0,0,1));
#1837=VECTOR($,#1836,1);
#1838=LINE($,#1835,#1837);
#1839=EDGE_CURVE($,#193,#909,#1838,.T.);
#1840=ORIENTED_EDGE($,$,$,#1839,.T.);
#1841=ORIENTED_EDGE($,$,$,#914,.F.);
#1842=ORIENTED_EDGE($,$,$,#1822,.F.);
#1843=EDGE_LOOP($,(#1834,#1840,#1841,#1842));
#1844=FACE_OUTER_BOUND('',#1843,.T.);
#1845=ADVANCED_FACE('',(#1844),#1833,.T.);
#1846=CARTESIAN_POINT($,(123.070740176826,635.297600707997,0));
#1847=DIRECTION($,(0,1,0));
#1848=DIRECTION($,(0,0,1));
#1849=AXIS2_PLACEMENT_3D($,#1846,#1847,#1848);
#1850=PLANE($,#1849);
#1851=ORIENTED_EDGE($,$,$,#206,.T.);
#1852=CARTESIAN_POINT($,(78.6207401766488,635.297600707997,-0));
#1853=DIRECTION($,(0,0,1));
#1854=VECTOR($,#1853,1);
#1855=LINE($,#1852,#1854);
#1856=EDGE_CURVE($,#201,#917,#1855,.T.);
#1857=ORIENTED_EDGE($,$,$,#1856,.T.);
#1858=ORIENTED_EDGE($,$,$,#922,.F.);
#1859=ORIENTED_EDGE($,$,$,#1839,.F.);
#1860=EDGE_LOOP($,(#1851,#1857,#1858,#1859));
#1861=FACE_OUTER_BOUND('',#1860,.T.);
#1862=ADVANCED_FACE('',(#1861),#1850,.T.);
#1863=CARTESIAN_POINT($,(78.6207401766488,635.297600707997,0));
#1864=DIRECTION($,(-0.70710678118654,0.707106781186555,0));
#1865=DIRECTION($,(0,0,1));
#1866=AXIS2_PLACEMENT_3D($,#1863,#1864,#1865);
#1867=PLANE($,#1866);
#1868=ORIENTED_EDGE($,$,$,#214,.T.);
#1869=CARTESIAN_POINT($,(65.9207401765977,622.597600707946,-0));
#1870=DIRECTION($,(0,0,1));
#1871=VECTOR($,#1870,1);
#1872=LINE($,#1869,#1871);
#1873=EDGE_CURVE($,#209,#925,#1872,.T.);
#1874=ORIENTED_EDGE($,$,$,#1873,.T.);
#1875=ORIENTED_EDGE($,$,$,#930,.F.);
#1876=ORIENTED_EDGE($,$,$,#1856,.F.);
#1877=EDGE_LOOP($,(#1868,#1874,#1875,#1876));
#1878=FACE_OUTER_BOUND('',#1877,.T.);
#1879=ADVANCED_FACE('',(#1878),#1867,.T.);
#1880=CARTESIAN_POINT($,(65.9207401765977,622.597600707946,0));
#1881=DIRECTION($,(-1,0,0));
#1882=DIRECTION($,(0,0,1));
#1883=AXIS2_PLACEMENT_3D($,#1880,#1881,#1882);
#1884=PLANE($,#1883);
#1885=ORIENTED_EDGE($,$,$,#222,.T.);
#1886=CARTESIAN_POINT($,(65.9207401765977,591.817880707823,0));
#1887=DIRECTION($,(0,0,1));
#1888=VECTOR($,#1887,1);
#1889=LINE($,#1886,#1888);
#1890=EDGE_CURVE($,#217,#933,#1889,.T.);
#1891=ORIENTED_EDGE($,$,$,#1890,.T.);
#1892=ORIENTED_EDGE($,$,$,#938,.F.);
#1893=ORIENTED_EDGE($,$,$,#1873,.F.);
#1894=EDGE_LOOP($,(#1885,#1891,#1892,#1893));
#1895=FACE_OUTER_BOUND('',#1894,.T.);
#1896=ADVANCED_FACE('',(#1895),#1884,.T.);
#1897=CARTESIAN_POINT($,(65.9207401765977,591.817880707823,0));
#1898=DIRECTION($,(-1,0,0));
#1899=DIRECTION($,(0,0,1));
#1900=AXIS2_PLACEMENT_3D($,#1897,#1898,#1899);
#1901=PLANE($,#1900);
#1902=ORIENTED_EDGE($,$,$,#230,.T.);
#1903=CARTESIAN_POINT($,(65.9207401765977,580.347140531404,0));
#1904=DIRECTION($,(0,0,1));
#1905=VECTOR($,#1904,1);
#1906=LINE($,#1903,#1905);
#1907=EDGE_CURVE($,#225,#941,#1906,.T.);
#1908=ORIENTED_EDGE($,$,$,#1907,.T.);
#1909=ORIENTED_EDGE($,$,$,#946,.F.);
#1910=ORIENTED_EDGE($,$,$,#1890,.F.);
#1911=EDGE_LOOP($,(#1902,#1908,#1909,#1910));
#1912=FACE_OUTER_BOUND('',#1911,.T.);
#1913=ADVANCED_FACE('',(#1912),#1901,.T.);
#1914=CARTESIAN_POINT($,(65.9207401765977,580.347140531403,0));
#1915=DIRECTION($,(-1,0,0));
#1916=DIRECTION($,(0,0,1));
#1917=AXIS2_PLACEMENT_3D($,#1914,#1915,#1916);
#1918=PLANE($,#1917);
#1919=ORIENTED_EDGE($,$,$,#238,.T.);
#1920=CARTESIAN_POINT($,(65.9207401765977,531.325140531207,-0));
#1921=DIRECTION($,(0,0,1));
#1922=VECTOR($,#1921,1);
#1923=LINE($,#1920,#1922);
#1924=EDGE_CURVE($,#233,#949,#1923,.T.);
#1925=ORIENTED_EDGE($,$,$,#1924,.T.);
#1926=ORIENTED_EDGE($,$,$,#954,.F.);
#1927=ORIENTED_EDGE($,$,$,#1907,.F.);
#1928=EDGE_LOOP($,(#1919,#1925,#1926,#1927));
#1929=FACE_OUTER_BOUND('',#1928,.T.);
#1930=ADVANCED_FACE('',(#1929),#1918,.T.);
#1931=CARTESIAN_POINT($,(65.9207401765977,531.325140531207,0));
#1932=DIRECTION($,(0,-1,0));
#1933=DIRECTION($,(0,0,1));
#1934=AXIS2_PLACEMENT_3D($,#1931,#1932,#1933);
#1935=PLANE($,#1934);
#1936=ORIENTED_EDGE($,$,$,#246,.T.);
#1937=CARTESIAN_POINT($,(74.8107401766327,531.325140531207,0));
#1938=DIRECTION($,(0,0,1));
#1939=VECTOR($,#1938,1);
#1940=LINE($,#1937,#1939);
#1941=EDGE_CURVE($,#241,#957,#1940,.T.);
#1942=ORIENTED_EDGE($,$,$,#1941,.T.);
#1943=ORIENTED_EDGE($,$,$,#962,.F.);
#1944=ORIENTED_EDGE($,$,$,#1924,.F.);
#1945=EDGE_LOOP($,(#1936,#1942,#1943,#1944));
#1946=FACE_OUTER_BOUND('',#1945,.T.);
#1947=ADVANCED_FACE('',(#1946),#1935,.T.);
#1948=CARTESIAN_POINT($,(74.8107401766327,531.325140531207,0));
#1949=DIRECTION($,(-1,0,0));
#1950=DIRECTION($,(0,0,1));
#1951=AXIS2_PLACEMENT_3D($,#1948,#1949,#1950);
#1952=PLANE($,#1951);
#1953=ORIENTED_EDGE($,$,$,#254,.T.);
#1954=CARTESIAN_POINT($,(74.8107401766327,518.754680531157,0));
#1955=DIRECTION($,(0,0,1));
#1956=VECTOR($,#1955,1);
#1957=LINE($,#1954,#1956);
#1958=EDGE_CURVE($,#249,#965,#1957,.T.);
#1959=ORIENTED_EDGE($,$,$,#1958,.T.);
#1960=ORIENTED_EDGE($,$,$,#970,.F.);
#1961=ORIENTED_EDGE($,$,$,#1941,.F.);
#1962=EDGE_LOOP($,(#1953,#1959,#1960,#1961));
#1963=FACE_OUTER_BOUND('',#1962,.T.);
#1964=ADVANCED_FACE('',(#1963),#1952,.T.);
#1965=CARTESIAN_POINT($,(74.8107401766327,518.754680531157,0));
#1966=DIRECTION($,(-1,0,0));
#1967=DIRECTION($,(0,0,1));
#1968=AXIS2_PLACEMENT_3D($,#1965,#1966,#1967);
#1969=PLANE($,#1968);
#1970=ORIENTED_EDGE($,$,$,#262,.T.);
#1971=CARTESIAN_POINT($,(74.8107401766327,507.283940354737,0));
#1972=DIRECTION($,(0,0,1));
#1973=VECTOR($,#1972,1);
#1974=LINE($,#1971,#1973);
#1975=EDGE_CURVE($,#257,#973,#1974,.T.);
#1976=ORIENTED_EDGE($,$,$,#1975,.T.);
#1977=ORIENTED_EDGE($,$,$,#978,.F.);
#1978=ORIENTED_EDGE($,$,$,#1958,.F.);
#1979=EDGE_LOOP($,(#1970,#1976,#1977,#1978));
#1980=FACE_OUTER_BOUND('',#1979,.T.);
#1981=ADVANCED_FACE('',(#1980),#1969,.T.);
#1982=CARTESIAN_POINT($,(74.8107401766327,507.283940354737,0));
#1983=DIRECTION($,(-1,0,0));
#1984=DIRECTION($,(0,0,1));
#1985=AXIS2_PLACEMENT_3D($,#1982,#1983,#1984);
#1986=PLANE($,#1985);
#1987=ORIENTED_EDGE($,$,$,#270,.T.);
#1988=CARTESIAN_POINT($,(74.8107401766327,505.38148035473,0));
#1989=DIRECTION($,(0,0,1));
#1990=VECTOR($,#1989,1);
#1991=LINE($,#1988,#1990);
#1992=EDGE_CURVE($,#265,#981,#1991,.T.);
#1993=ORIENTED_EDGE($,$,$,#1992,.T.);
#1994=ORIENTED_EDGE($,$,$,#986,.F.);
#1995=ORIENTED_EDGE($,$,$,#1975,.F.);
#1996=EDGE_LOOP($,(#1987,#1993,#1994,#1995));
#1997=FACE_OUTER_BOUND('',#1996,.T.);
#1998=ADVANCED_FACE('',(#1997),#1986,.T.);
#1999=CARTESIAN_POINT($,(74.8107401766327,505.38148035473,0));
#2000=DIRECTION($,(0,1,0));
#2001=DIRECTION($,(0,0,1));
#2002=AXIS2_PLACEMENT_3D($,#1999,#2000,#2001);
#2003=PLANE($,#2002);
#2004=ORIENTED_EDGE($,$,$,#278,.T.);
#2005=CARTESIAN_POINT($,(65.9207401765977,505.38148035473,0));
#2006=DIRECTION($,(0,0,1));
#2007=VECTOR($,#2006,1);
#2008=LINE($,#2005,#2007);
#2009=EDGE_CURVE($,#273,#989,#2008,.T.);
#2010=ORIENTED_EDGE($,$,$,#2009,.T.);
#2011=ORIENTED_EDGE($,$,$,#994,.F.);
#2012=ORIENTED_EDGE($,$,$,#1992,.F.);
#2013=EDGE_LOOP($,(#2004,#2010,#2011,#2012));
#2014=FACE_OUTER_BOUND('',#2013,.T.);
#2015=ADVANCED_FACE('',(#2014),#2003,.T.);
#2016=CARTESIAN_POINT($,(65.9207401765977,505.38148035473,0));
#2017=DIRECTION($,(0,1,0));
#2018=DIRECTION($,(0,0,1));
#2019=AXIS2_PLACEMENT_3D($,#2016,#2017,#2018);
#2020=PLANE($,#2019);
#2021=ORIENTED_EDGE($,$,$,#286,.T.);
#2022=CARTESIAN_POINT($,(54.450000000178,505.38148035473,0));
#2023=DIRECTION($,(0,0,1));
#2024=VECTOR($,#2023,1);
#2025=LINE($,#2022,#2024);
#2026=EDGE_CURVE($,#281,#997,#2025,.T.);
#2027=ORIENTED_EDGE($,$,$,#2026,.T.);
#2028=ORIENTED_EDGE($,$,$,#1002,.F.);
#2029=ORIENTED_EDGE($,$,$,#2009,.F.);
#2030=EDGE_LOOP($,(#2021,#2027,#2028,#2029));
#2031=FACE_OUTER_BOUND('',#2030,.T.);
#2032=ADVANCED_FACE('',(#2031),#2020,.T.);
#2033=CARTESIAN_POINT($,(54.450000000178,505.38148035473,0));
#2034=DIRECTION($,(0,1,0));
#2035=DIRECTION($,(0,0,1));
#2036=AXIS2_PLACEMENT_3D($,#2033,#2034,#2035);
#2037=PLANE($,#2036);
#2038=ORIENTED_EDGE($,$,$,#294,.T.);
#2039=CARTESIAN_POINT($,(35.400000000102,505.38148035473,-0));
#2040=DIRECTION($,(0,0,1));
#2041=VECTOR($,#2040,1);
#2042=LINE($,#2039,#2041);
#2043=EDGE_CURVE($,#289,#1005,#2042,.T.);
#2044=ORIENTED_EDGE($,$,$,#2043,.T.);
#2045=ORIENTED_EDGE($,$,$,#1010,.F.);
#2046=ORIENTED_EDGE($,$,$,#2026,.F.);
#2047=EDGE_LOOP($,(#2038,#2044,#2045,#2046));
#2048=FACE_OUTER_BOUND('',#2047,.T.);
#2049=ADVANCED_FACE('',(#2048),#2037,.T.);
#2050=CARTESIAN_POINT($,(35.400000000102,505.38148035473,0));
#2051=DIRECTION($,(-0.707106781186542,0.707106781186553,0));
#2052=DIRECTION($,(0,0,1));
#2053=AXIS2_PLACEMENT_3D($,#2050,#2051,#2052);
#2054=PLANE($,#2053);
#2055=ORIENTED_EDGE($,$,$,#302,.T.);
#2056=CARTESIAN_POINT($,(10,479.981480354628,-0));
#2057=DIRECTION($,(0,0,1));
#2058=VECTOR($,#2057,1);
#2059=LINE($,#2056,#2058);
#2060=EDGE_CURVE($,#297,#1013,#2059,.T.);
#2061=ORIENTED_EDGE($,$,$,#2060,.T.);
#2062=ORIENTED_EDGE($,$,$,#1018,.F.);
#2063=ORIENTED_EDGE($,$,$,#2043,.F.);
#2064=EDGE_LOOP($,(#2055,#2061,#2062,#2063));
#2065=FACE_OUTER_BOUND('',#2064,.T.);
#2066=ADVANCED_FACE('',(#2065),#2054,.T.);
#2067=CARTESIAN_POINT($,(10,479.981480354628,0));
#2068=DIRECTION($,(-1,0,0));
#2069=DIRECTION($,(0,0,1));
#2070=AXIS2_PLACEMENT_3D($,#2067,#2068,#2069);
#2071=PLANE($,#2070);
#2072=ORIENTED_EDGE($,$,$,#310,.T.);
#2073=CARTESIAN_POINT($,(10,165.31612035337,-0));
#2074=DIRECTION($,(0,0,1));
#2075=VECTOR($,#2074,1);
#2076=LINE($,#2073,#2075);
#2077=EDGE_CURVE($,#305,#1021,#2076,.T.);
#2078=ORIENTED_EDGE($,$,$,#2077,.T.);
#2079=ORIENTED_EDGE($,$,$,#1026,.F.);
#2080=ORIENTED_EDGE($,$,$,#2060,.F.);
#2081=EDGE_LOOP($,(#2072,#2078,#2079,#2080));
#2082=FACE_OUTER_BOUND('',#2081,.T.);
#2083=ADVANCED_FACE('',(#2082),#2071,.T.);
#2084=CARTESIAN_POINT($,(10,165.31612035337,0));
#2085=DIRECTION($,(-0.707106781186547,-0.707106781186547,0));
#2086=DIRECTION($,(0,0,1));
#2087=AXIS2_PLACEMENT_3D($,#2084,#2085,#2086);
#2088=PLANE($,#2087);
#2089=ORIENTED_EDGE($,$,$,#318,.T.);
#2090=CARTESIAN_POINT($,(35.400000000102,139.916120353268,-0));
#2091=DIRECTION($,(0,0,1));
#2092=VECTOR($,#2091,1);
#2093=LINE($,#2090,#2092);
#2094=EDGE_CURVE($,#313,#1029,#2093,.T.);
#2095=ORIENTED_EDGE($,$,$,#2094,.T.);
#2096=ORIENTED_EDGE($,$,$,#1034,.F.);
#2097=ORIENTED_EDGE($,$,$,#2077,.F.);
#2098=EDGE_LOOP($,(#2089,#2095,#2096,#2097));
#2099=FACE_OUTER_BOUND('',#2098,.T.);
#2100=ADVANCED_FACE('',(#2099),#2088,.T.);
#2101=CARTESIAN_POINT($,(35.400000000102,139.916120353268,0));
#2102=DIRECTION($,(0,-1,0));
#2103=DIRECTION($,(0,0,1));
#2104=AXIS2_PLACEMENT_3D($,#2101,#2102,#2103);
#2105=PLANE($,#2104);
#2106=ORIENTED_EDGE($,$,$,#326,.T.);
#2107=CARTESIAN_POINT($,(54.450000000178,139.916120353268,0));
#2108=DIRECTION($,(0,0,1));
#2109=VECTOR($,#2108,1);
#2110=LINE($,#2107,#2109);
#2111=EDGE_CURVE($,#321,#1037,#2110,.T.);
#2112=ORIENTED_EDGE($,$,$,#2111,.T.);
#2113=ORIENTED_EDGE($,$,$,#1042,.F.);
#2114=ORIENTED_EDGE($,$,$,#2094,.F.);
#2115=EDGE_LOOP($,(#2106,#2112,#2113,#2114));
#2116=FACE_OUTER_BOUND('',#2115,.T.);
#2117=ADVANCED_FACE('',(#2116),#2105,.T.);
#2118=CARTESIAN_POINT($,(54.450000000178,139.916120353268,0));
#2119=DIRECTION($,(0,-1,0));
#2120=DIRECTION($,(0,0,1));
#2121=AXIS2_PLACEMENT_3D($,#2118,#2119,#2120);
#2122=PLANE($,#2121);
#2123=ORIENTED_EDGE($,$,$,#334,.T.);
#2124=CARTESIAN_POINT($,(65.9207401765977,139.916120353268,0));
#2125=DIRECTION($,(0,0,1));
#2126=VECTOR($,#2125,1);
#2127=LINE($,#2124,#2126);
#2128=EDGE_CURVE($,#329,#1045,#2127,.T.);
#2129=ORIENTED_EDGE($,$,$,#2128,.T.);
#2130=ORIENTED_EDGE($,$,$,#1050,.F.);
#2131=ORIENTED_EDGE($,$,$,#2111,.F.);
#2132=EDGE_LOOP($,(#2123,#2129,#2130,#2131));
#2133=FACE_OUTER_BOUND('',#2132,.T.);
#2134=ADVANCED_FACE('',(#2133),#2122,.T.);
#2135=CARTESIAN_POINT($,(65.9207401765977,139.916120353268,0));
#2136=DIRECTION($,(0,-1,0));
#2137=DIRECTION($,(0,0,1));
#2138=AXIS2_PLACEMENT_3D($,#2135,#2136,#2137);
#2139=PLANE($,#2138);
#2140=ORIENTED_EDGE($,$,$,#342,.T.);
#2141=CARTESIAN_POINT($,(74.8107401766327,139.916120353268,0));
#2142=DIRECTION($,(0,0,1));
#2143=VECTOR($,#2142,1);
#2144=LINE($,#2141,#2143);
#2145=EDGE_CURVE($,#337,#1053,#2144,.T.);
#2146=ORIENTED_EDGE($,$,$,#2145,.T.);
#2147=ORIENTED_EDGE($,$,$,#1058,.F.);
#2148=ORIENTED_EDGE($,$,$,#2128,.F.);
#2149=EDGE_LOOP($,(#2140,#2146,#2147,#2148));
#2150=FACE_OUTER_BOUND('',#2149,.T.);
#2151=ADVANCED_FACE('',(#2150),#2139,.T.);
#2152=CARTESIAN_POINT($,(74.8107401766327,139.916120353268,0));
#2153=DIRECTION($,(-1,0,0));
#2154=DIRECTION($,(0,0,1));
#2155=AXIS2_PLACEMENT_3D($,#2152,#2153,#2154);
#2156=PLANE($,#2155);
#2157=ORIENTED_EDGE($,$,$,#350,.T.);
#2158=CARTESIAN_POINT($,(74.8107401766327,138.983940353265,0));
#2159=DIRECTION($,(0,0,1));
#2160=VECTOR($,#2159,1);
#2161=LINE($,#2158,#2160);
#2162=EDGE_CURVE($,#345,#1061,#2161,.T.);
#2163=ORIENTED_EDGE($,$,$,#2162,.T.);
#2164=ORIENTED_EDGE($,$,$,#1066,.F.);
#2165=ORIENTED_EDGE($,$,$,#2145,.F.);
#2166=EDGE_LOOP($,(#2157,#2163,#2164,#2165));
#2167=FACE_OUTER_BOUND('',#2166,.T.);
#2168=ADVANCED_FACE('',(#2167),#2156,.T.);
#2169=CARTESIAN_POINT($,(74.8107401766327,138.983940353264,0));
#2170=DIRECTION($,(-1,0,0));
#2171=DIRECTION($,(0,0,1));
#2172=AXIS2_PLACEMENT_3D($,#2169,#2170,#2171);
#2173=PLANE($,#2172);
#2174=ORIENTED_EDGE($,$,$,#358,.T.);
#2175=CARTESIAN_POINT($,(74.8107401766327,127.513200176844,0));
#2176=DIRECTION($,(0,0,1));
#2177=VECTOR($,#2176,1);
#2178=LINE($,#2175,#2177);
#2179=EDGE_CURVE($,#353,#1069,#2178,.T.);
#2180=ORIENTED_EDGE($,$,$,#2179,.T.);
#2181=ORIENTED_EDGE($,$,$,#1074,.F.);
#2182=ORIENTED_EDGE($,$,$,#2162,.F.);
#2183=EDGE_LOOP($,(#2174,#2180,#2181,#2182));
#2184=FACE_OUTER_BOUND('',#2183,.T.);
#2185=ADVANCED_FACE('',(#2184),#2173,.T.);
#2186=CARTESIAN_POINT($,(74.8107401766327,127.513200176844,0));
#2187=DIRECTION($,(-1,0,0));
#2188=DIRECTION($,(0,0,1));
#2189=AXIS2_PLACEMENT_3D($,#2186,#2187,#2188);
#2190=PLANE($,#2189);
#2191=ORIENTED_EDGE($,$,$,#366,.T.);
#2192=CARTESIAN_POINT($,(74.8107401766327,114.942740176794,0));
#2193=DIRECTION($,(0,0,1));
#2194=VECTOR($,#2193,1);
#2195=LINE($,#2192,#2194);
#2196=EDGE_CURVE($,#361,#1077,#2195,.T.);
#2197=ORIENTED_EDGE($,$,$,#2196,.T.);
#2198=ORIENTED_EDGE($,$,$,#1082,.F.);
#2199=ORIENTED_EDGE($,$,$,#2179,.F.);
#2200=EDGE_LOOP($,(#2191,#2197,#2198,#2199));
#2201=FACE_OUTER_BOUND('',#2200,.T.);
#2202=ADVANCED_FACE('',(#2201),#2190,.T.);
#2203=CARTESIAN_POINT($,(74.8107401766327,114.942740176794,0));
#2204=DIRECTION($,(0,1,0));
#2205=DIRECTION($,(0,0,1));
#2206=AXIS2_PLACEMENT_3D($,#2203,#2204,#2205);
#2207=PLANE($,#2206);
#2208=ORIENTED_EDGE($,$,$,#374,.T.);
#2209=CARTESIAN_POINT($,(65.9207401765977,114.942740176794,-0));
#2210=DIRECTION($,(0,0,1));
#2211=VECTOR($,#2210,1);
#2212=LINE($,#2209,#2211);
#2213=EDGE_CURVE($,#369,#1085,#2212,.T.);
#2214=ORIENTED_EDGE($,$,$,#2213,.T.);
#2215=ORIENTED_EDGE($,$,$,#1090,.F.);
#2216=ORIENTED_EDGE($,$,$,#2196,.F.);
#2217=EDGE_LOOP($,(#2208,#2214,#2215,#2216));
#2218=FACE_OUTER_BOUND('',#2217,.T.);
#2219=ADVANCED_FACE('',(#2218),#2207,.T.);
#2220=CARTESIAN_POINT($,(65.9207401765977,114.942740176794,0));
#2221=DIRECTION($,(-1,0,0));
#2222=DIRECTION($,(0,0,1));
#2223=AXIS2_PLACEMENT_3D($,#2220,#2221,#2222);
#2224=PLANE($,#2223);
#2225=ORIENTED_EDGE($,$,$,#382,.T.);
#2226=CARTESIAN_POINT($,(65.9207401765977,65.9207401765977,0));
#2227=DIRECTION($,(0,0,1));
#2228=VECTOR($,#2227,1);
#2229=LINE($,#2226,#2228);
#2230=EDGE_CURVE($,#377,#1093,#2229,.T.);
#2231=ORIENTED_EDGE($,$,$,#2230,.T.);
#2232=ORIENTED_EDGE($,$,$,#1098,.F.);
#2233=ORIENTED_EDGE($,$,$,#2213,.F.);
#2234=EDGE_LOOP($,(#2225,#2231,#2232,#2233));
#2235=FACE_OUTER_BOUND('',#2234,.T.);
#2236=ADVANCED_FACE('',(#2235),#2224,.T.);
#2237=CARTESIAN_POINT($,(65.9207401765977,65.9207401765977,0));
#2238=DIRECTION($,(-1,0,0));
#2239=DIRECTION($,(0,0,1));
#2240=AXIS2_PLACEMENT_3D($,#2237,#2238,#2239);
#2241=PLANE($,#2240);
#2242=ORIENTED_EDGE($,$,$,#390,.T.);
#2243=CARTESIAN_POINT($,(65.9207401765977,54.450000000178,0));
#2244=DIRECTION($,(0,0,1));
#2245=VECTOR($,#2244,1);
#2246=LINE($,#2243,#2245);
#2247=EDGE_CURVE($,#385,#1101,#2246,.T.);
#2248=ORIENTED_EDGE($,$,$,#2247,.T.);
#2249=ORIENTED_EDGE($,$,$,#1106,.F.);
#2250=ORIENTED_EDGE($,$,$,#2230,.F.);
#2251=EDGE_LOOP($,(#2242,#2248,#2249,#2250));
#2252=FACE_OUTER_BOUND('',#2251,.T.);
#2253=ADVANCED_FACE('',(#2252),#2241,.T.);
#2254=CARTESIAN_POINT($,(65.9207401765977,54.450000000178,0));
#2255=DIRECTION($,(-1,0,0));
#2256=DIRECTION($,(0,0,1));
#2257=AXIS2_PLACEMENT_3D($,#2254,#2255,#2256);
#2258=PLANE($,#2257);
#2259=ORIENTED_EDGE($,$,$,#398,.T.);
#2260=CARTESIAN_POINT($,(65.9207401765977,22.700000000051,-0));
#2261=DIRECTION($,(0,0,1));
#2262=VECTOR($,#2261,1);
#2263=LINE($,#2260,#2262);
#2264=EDGE_CURVE($,#393,#1109,#2263,.T.);
#2265=ORIENTED_EDGE($,$,$,#2264,.T.);
#2266=ORIENTED_EDGE($,$,$,#1114,.F.);
#2267=ORIENTED_EDGE($,$,$,#2247,.F.);
#2268=EDGE_LOOP($,(#2259,#2265,#2266,#2267));
#2269=FACE_OUTER_BOUND('',#2268,.T.);
#2270=ADVANCED_FACE('',(#2269),#2258,.T.);
#2271=CARTESIAN_POINT($,(65.9207401765977,22.700000000051,0));
#2272=DIRECTION($,(-0.707106781186547,-0.707106781186548,0));
#2273=DIRECTION($,(0,0,1));
#2274=AXIS2_PLACEMENT_3D($,#2271,#2272,#2273);
#2275=PLANE($,#2274);
#2276=ORIENTED_EDGE($,$,$,#406,.T.);
#2277=CARTESIAN_POINT($,(78.6207401766488,10,-0));
#2278=DIRECTION($,(0,0,1));
#2279=VECTOR($,#2278,1);
#2280=LINE($,#2277,#2279);
#2281=EDGE_CURVE($,#401,#1117,#2280,.T.);
#2282=ORIENTED_EDGE($,$,$,#2281,.T.);
#2283=ORIENTED_EDGE($,$,$,#1122,.F.);
#2284=ORIENTED_EDGE($,$,$,#2264,.F.);
#2285=EDGE_LOOP($,(#2276,#2282,#2283,#2284));
#2286=FACE_OUTER_BOUND('',#2285,.T.);
#2287=ADVANCED_FACE('',(#2286),#2275,.T.);
#2288=CARTESIAN_POINT($,(78.6207401766488,10,0));
#2289=DIRECTION($,(0,-1,0));
#2290=DIRECTION($,(0,0,1));
#2291=AXIS2_PLACEMENT_3D($,#2288,#2289,#2290);
#2292=PLANE($,#2291);
#2293=ORIENTED_EDGE($,$,$,#414,.T.);
#2294=CARTESIAN_POINT($,(116.720740176801,10,-0));
#2295=DIRECTION($,(0,0,1));
#2296=VECTOR($,#2295,1);
#2297=LINE($,#2294,#2296);
#2298=EDGE_CURVE($,#409,#1125,#2297,.T.);
#2299=ORIENTED_EDGE($,$,$,#2298,.T.);
#2300=ORIENTED_EDGE($,$,$,#1130,.F.);
#2301=ORIENTED_EDGE($,$,$,#2281,.F.);
#2302=EDGE_LOOP($,(#2293,#2299,#2300,#2301));
#2303=FACE_OUTER_BOUND('',#2302,.T.);
#2304=ADVANCED_FACE('',(#2303),#2292,.T.);
#2305=CARTESIAN_POINT($,(116.720740176801,10,0));
#2306=DIRECTION($,(0.707106781186605,-0.707106781186491,0));
#2307=DIRECTION($,(0,0,1));
#2308=AXIS2_PLACEMENT_3D($,#2305,#2306,#2307);
#2309=PLANE($,#2308);
#2310=ORIENTED_EDGE($,$,$,#422,.T.);
#2311=CARTESIAN_POINT($,(123.070740176826,16.350000000026,-0));
#2312=DIRECTION($,(0,0,1));
#2313=VECTOR($,#2312,1);
#2314=LINE($,#2311,#2313);
#2315=EDGE_CURVE($,#417,#1133,#2314,.T.);
#2316=ORIENTED_EDGE($,$,$,#2315,.T.);
#2317=ORIENTED_EDGE($,$,$,#1138,.F.);
#2318=ORIENTED_EDGE($,$,$,#2298,.F.);
#2319=EDGE_LOOP($,(#2310,#2316,#2317,#2318));
#2320=FACE_OUTER_BOUND('',#2319,.T.);
#2321=ADVANCED_FACE('',(#2320),#2309,.T.);
#2322=CARTESIAN_POINT($,(123.070740176826,16.350000000026,0));
#2323=DIRECTION($,(1,0,0));
#2324=DIRECTION($,(0,0,1));
#2325=AXIS2_PLACEMENT_3D($,#2322,#2323,#2324);
#2326=PLANE($,#2325);
#2327=ORIENTED_EDGE($,$,$,#430,.T.);
#2328=CARTESIAN_POINT($,(123.070740176826,35.400000000102,0));
#2329=DIRECTION($,(0,0,1));
#2330=VECTOR($,#2329,1);
#2331=LINE($,#2328,#2330);
#2332=EDGE_CURVE($,#425,#1141,#2331,.T.);
#2333=ORIENTED_EDGE($,$,$,#2332,.T.);
#2334=ORIENTED_EDGE($,$,$,#1146,.F.);
#2335=ORIENTED_EDGE($,$,$,#2315,.F.);
#2336=EDGE_LOOP($,(#2327,#2333,#2334,#2335));
#2337=FACE_OUTER_BOUND('',#2336,.T.);
#2338=ADVANCED_FACE('',(#2337),#2326,.T.);
#2339=CARTESIAN_POINT($,(123.070740176826,35.400000000102,0));
#2340=DIRECTION($,(0.707106781186491,-0.707106781186605,0));
#2341=DIRECTION($,(0,0,1));
#2342=AXIS2_PLACEMENT_3D($,#2339,#2340,#2341);
#2343=PLANE($,#2342);
#2344=ORIENTED_EDGE($,$,$,#438,.T.);
#2345=CARTESIAN_POINT($,(129.420740176852,41.750000000127,0));
#2346=DIRECTION($,(0,0,1));
#2347=VECTOR($,#2346,1);
#2348=LINE($,#2345,#2347);
#2349=EDGE_CURVE($,#433,#1149,#2348,.T.);
#2350=ORIENTED_EDGE($,$,$,#2349,.T.);
#2351=ORIENTED_EDGE($,$,$,#1154,.F.);
#2352=ORIENTED_EDGE($,$,$,#2332,.F.);
#2353=EDGE_LOOP($,(#2344,#2350,#2351,#2352));
#2354=FACE_OUTER_BOUND('',#2353,.T.);
#2355=ADVANCED_FACE('',(#2354),#2343,.T.);
#2356=CARTESIAN_POINT($,(129.420740176852,41.750000000127,0));
#2357=DIRECTION($,(0,-1,0));
#2358=DIRECTION($,(0,0,1));
#2359=AXIS2_PLACEMENT_3D($,#2356,#2357,#2358);
#2360=PLANE($,#2359);
#2361=ORIENTED_EDGE($,$,$,#446,.T.);
#2362=CARTESIAN_POINT($,(243.720740177309,41.750000000127,0));
#2363=DIRECTION($,(0,0,1));
#2364=VECTOR($,#2363,1);
#2365=LINE($,#2362,#2364);
#2366=EDGE_CURVE($,#441,#1157,#2365,.T.);
#2367=ORIENTED_EDGE($,$,$,#2366,.T.);
#2368=ORIENTED_EDGE($,$,$,#1162,.F.);
#2369=ORIENTED_EDGE($,$,$,#2349,.F.);
#2370=EDGE_LOOP($,(#2361,#2367,#2368,#2369));
#2371=FACE_OUTER_BOUND('',#2370,.T.);
#2372=ADVANCED_FACE('',(#2371),#2360,.T.);
#2373=CARTESIAN_POINT($,(243.720740177309,41.750000000127,0));
#2374=DIRECTION($,(-0.707106781186525,-0.70710678118657,0));
#2375=DIRECTION($,(0,0,1));
#2376=AXIS2_PLACEMENT_3D($,#2373,#2374,#2375);
#2377=PLANE($,#2376);
#2378=ORIENTED_EDGE($,$,$,#454,.T.);
#2379=CARTESIAN_POINT($,(250.070740177334,35.400000000102,0));
#2380=DIRECTION($,(0,0,1));
#2381=VECTOR($,#2380,1);
#2382=LINE($,#2379,#2381);
#2383=EDGE_CURVE($,#449,#1165,#2382,.T.);
#2384=ORIENTED_EDGE($,$,$,#2383,.T.);
#2385=ORIENTED_EDGE($,$,$,#1170,.F.);
#2386=ORIENTED_EDGE($,$,$,#2366,.F.);
#2387=EDGE_LOOP($,(#2378,#2384,#2385,#2386));
#2388=FACE_OUTER_BOUND('',#2387,.T.);
#2389=ADVANCED_FACE('',(#2388),#2377,.T.);
#2390=CARTESIAN_POINT($,(250.070740177334,35.400000000102,0));
#2391=DIRECTION($,(-1,0,0));
#2392=DIRECTION($,(0,0,1));
#2393=AXIS2_PLACEMENT_3D($,#2390,#2391,#2392);
#2394=PLANE($,#2393);
#2395=ORIENTED_EDGE($,$,$,#462,.T.);
#2396=CARTESIAN_POINT($,(250.070740177334,16.350000000026,-0));
#2397=DIRECTION($,(0,0,1));
#2398=VECTOR($,#2397,1);
#2399=LINE($,#2396,#2398);
#2400=EDGE_CURVE($,#457,#1173,#2399,.T.);
#2401=ORIENTED_EDGE($,$,$,#2400,.T.);
#2402=ORIENTED_EDGE($,$,$,#1178,.F.);
#2403=ORIENTED_EDGE($,$,$,#2383,.F.);
#2404=EDGE_LOOP($,(#2395,#2401,#2402,#2403));
#2405=FACE_OUTER_BOUND('',#2404,.T.);
#2406=ADVANCED_FACE('',(#2405),#2394,.T.);
#2407=CARTESIAN_POINT($,(250.070740177334,16.350000000026,0));
#2408=DIRECTION($,(-0.707106781186579,-0.707106781186516,0));
#2409=DIRECTION($,(0,0,1));
#2410=AXIS2_PLACEMENT_3D($,#2407,#2408,#2409);
#2411=PLANE($,#2410);
#2412=ORIENTED_EDGE($,$,$,#470,.T.);
#2413=CARTESIAN_POINT($,(256.42074017736,10,-0));
#2414=DIRECTION($,(0,0,1));
#2415=VECTOR($,#2414,1);
#2416=LINE($,#2413,#2415);
#2417=EDGE_CURVE($,#465,#1181,#2416,.T.);
#2418=ORIENTED_EDGE($,$,$,#2417,.T.);
#2419=ORIENTED_EDGE($,$,$,#1186,.F.);
#2420=ORIENTED_EDGE($,$,$,#2400,.F.);
#2421=EDGE_LOOP($,(#2412,#2418,#2419,#2420));
#2422=FACE_OUTER_BOUND('',#2421,.T.);
#2423=ADVANCED_FACE('',(#2422),#2411,.T.);
#2424=CARTESIAN_POINT($,(256.42074017736,10,0));
#2425=DIRECTION($,(0,-1,0));
#2426=DIRECTION($,(0,0,1));
#2427=AXIS2_PLACEMENT_3D($,#2424,#2425,#2426);
#2428=PLANE($,#2427);
#2429=ORIENTED_EDGE($,$,$,#478,.T.);
#2430=CARTESIAN_POINT($,(294.520740177512,10,-0));
#2431=DIRECTION($,(0,0,1));
#2432=VECTOR($,#2431,1);
#2433=LINE($,#2430,#2432);
#2434=EDGE_CURVE($,#473,#1189,#2433,.T.);
#2435=ORIENTED_EDGE($,$,$,#2434,.T.);
#2436=ORIENTED_EDGE($,$,$,#1194,.F.);
#2437=ORIENTED_EDGE($,$,$,#2417,.F.);
#2438=EDGE_LOOP($,(#2429,#2435,#2436,#2437));
#2439=FACE_OUTER_BOUND('',#2438,.T.);
#2440=ADVANCED_FACE('',(#2439),#2428,.T.);
#2441=CARTESIAN_POINT($,(294.520740177512,10,0));
#2442=DIRECTION($,(0.707106781186552,-0.707106781186543,0));
#2443=DIRECTION($,(0,0,1));
#2444=AXIS2_PLACEMENT_3D($,#2441,#2442,#2443);
#2445=PLANE($,#2444);
#2446=ORIENTED_EDGE($,$,$,#486,.T.);
#2447=CARTESIAN_POINT($,(307.220740177563,22.700000000051,-0));
#2448=DIRECTION($,(0,0,1));
#2449=VECTOR($,#2448,1);
#2450=LINE($,#2447,#2449);
#2451=EDGE_CURVE($,#481,#1197,#2450,.T.);
#2452=ORIENTED_EDGE($,$,$,#2451,.T.);
#2453=ORIENTED_EDGE($,$,$,#1202,.F.);
#2454=ORIENTED_EDGE($,$,$,#2434,.F.);
#2455=EDGE_LOOP($,(#2446,#2452,#2453,#2454));
#2456=FACE_OUTER_BOUND('',#2455,.T.);
#2457=ADVANCED_FACE('',(#2456),#2445,.T.);
#2458=CARTESIAN_POINT($,(307.220740177563,22.700000000051,0));
#2459=DIRECTION($,(1,0,0));
#2460=DIRECTION($,(0,0,1));
#2461=AXIS2_PLACEMENT_3D($,#2458,#2459,#2460);
#2462=PLANE($,#2461);
#2463=ORIENTED_EDGE($,$,$,#494,.T.);
#2464=CARTESIAN_POINT($,(307.220740177563,54.450000000178,0));
#2465=DIRECTION($,(0,0,1));
#2466=VECTOR($,#2465,1);
#2467=LINE($,#2464,#2466);
#2468=EDGE_CURVE($,#489,#1205,#2467,.T.);
#2469=ORIENTED_EDGE($,$,$,#2468,.T.);
#2470=ORIENTED_EDGE($,$,$,#1210,.F.);
#2471=ORIENTED_EDGE($,$,$,#2451,.F.);
#2472=EDGE_LOOP($,(#2463,#2469,#2470,#2471));
#2473=FACE_OUTER_BOUND('',#2472,.T.);
#2474=ADVANCED_FACE('',(#2473),#2462,.T.);
#2475=CARTESIAN_POINT($,(307.220740177563,54.450000000178,0));
#2476=DIRECTION($,(1,0,0));
#2477=DIRECTION($,(0,0,1));
#2478=AXIS2_PLACEMENT_3D($,#2475,#2476,#2477);
#2479=PLANE($,#2478);
#2480=ORIENTED_EDGE($,$,$,#502,.T.);
#2481=CARTESIAN_POINT($,(307.220740177563,65.9207401765977,0));
#2482=DIRECTION($,(0,0,1));
#2483=VECTOR($,#2482,1);
#2484=LINE($,#2481,#2483);
#2485=EDGE_CURVE($,#497,#1213,#2484,.T.);
#2486=ORIENTED_EDGE($,$,$,#2485,.T.);
#2487=ORIENTED_EDGE($,$,$,#1218,.F.);
#2488=ORIENTED_EDGE($,$,$,#2468,.F.);
#2489=EDGE_LOOP($,(#2480,#2486,#2487,#2488));
#2490=FACE_OUTER_BOUND('',#2489,.T.);
#2491=ADVANCED_FACE('',(#2490),#2479,.T.);
#2492=CARTESIAN_POINT($,(307.220740177563,65.9207401765977,0));
#2493=DIRECTION($,(1,0,0));
#2494=DIRECTION($,(0,0,1));
#2495=AXIS2_PLACEMENT_3D($,#2492,#2493,#2494);
#2496=PLANE($,#2495);
#2497=ORIENTED_EDGE($,$,$,#510,.T.);
#2498=CARTESIAN_POINT($,(307.220740177563,114.942740176794,-0));
#2499=DIRECTION($,(0,0,1));
#2500=VECTOR($,#2499,1);
#2501=LINE($,#2498,#2500);
#2502=EDGE_CURVE($,#505,#1221,#2501,.T.);
#2503=ORIENTED_EDGE($,$,$,#2502,.T.);
#2504=ORIENTED_EDGE($,$,$,#1226,.F.);
#2505=ORIENTED_EDGE($,$,$,#2485,.F.);
#2506=EDGE_LOOP($,(#2497,#2503,#2504,#2505));
#2507=FACE_OUTER_BOUND('',#2506,.T.);
#2508=ADVANCED_FACE('',(#2507),#2496,.T.);
#2509=CARTESIAN_POINT($,(307.220740177563,114.942740176794,0));
#2510=DIRECTION($,(0,1,0));
#2511=DIRECTION($,(0,0,1));
#2512=AXIS2_PLACEMENT_3D($,#2509,#2510,#2511);
#2513=PLANE($,#2512);
#2514=ORIENTED_EDGE($,$,$,#518,.T.);
#2515=CARTESIAN_POINT($,(298.330740177527,114.942740176794,0));
#2516=DIRECTION($,(0,0,1));
#2517=VECTOR($,#2516,1);
#2518=LINE($,#2515,#2517);
#2519=EDGE_CURVE($,#513,#1229,#2518,.T.);
#2520=ORIENTED_EDGE($,$,$,#2519,.T.);
#2521=ORIENTED_EDGE($,$,$,#1234,.F.);
#2522=ORIENTED_EDGE($,$,$,#2502,.F.);
#2523=EDGE_LOOP($,(#2514,#2520,#2521,#2522));
#2524=FACE_OUTER_BOUND('',#2523,.T.);
#2525=ADVANCED_FACE('',(#2524),#2513,.T.);
#2526=CARTESIAN_POINT($,(298.330740177527,114.942740176794,0));
#2527=DIRECTION($,(1,0.000000000000005,0));
#2528=DIRECTION($,(0,0,1));
#2529=AXIS2_PLACEMENT_3D($,#2526,#2527,#2528);
#2530=PLANE($,#2529);
#2531=ORIENTED_EDGE($,$,$,#526,.T.);
#2532=CARTESIAN_POINT($,(298.330740177527,127.513200176844,0));
#2533=DIRECTION($,(0,0,1));
#2534=VECTOR($,#2533,1);
#2535=LINE($,#2532,#2534);
#2536=EDGE_CURVE($,#521,#1237,#2535,.T.);
#2537=ORIENTED_EDGE($,$,$,#2536,.T.);
#2538=ORIENTED_EDGE($,$,$,#1242,.F.);
#2539=ORIENTED_EDGE($,$,$,#2519,.F.);
#2540=EDGE_LOOP($,(#2531,#2537,#2538,#2539));
#2541=FACE_OUTER_BOUND('',#2540,.T.);
#2542=ADVANCED_FACE('',(#2541),#2530,.T.);
#2543=CARTESIAN_POINT($,(298.330740177527,127.513200176844,0));
#2544=DIRECTION($,(1,0,0));
#2545=DIRECTION($,(0,0,1));
#2546=AXIS2_PLACEMENT_3D($,#2543,#2544,#2545);
#2547=PLANE($,#2546);
#2548=ORIENTED_EDGE($,$,$,#534,.T.);
#2549=CARTESIAN_POINT($,(298.330740177527,138.983940353264,0));
#2550=DIRECTION($,(0,0,1));
#2551=VECTOR($,#2550,1);
#2552=LINE($,#2549,#2551);
#2553=EDGE_CURVE($,#529,#1245,#2552,.T.);
#2554=ORIENTED_EDGE($,$,$,#2553,.T.);
#2555=ORIENTED_EDGE($,$,$,#1250,.F.);
#2556=ORIENTED_EDGE($,$,$,#2536,.F.);
#2557=EDGE_LOOP($,(#2548,#2554,#2555,#2556));
#2558=FACE_OUTER_BOUND('',#2557,.T.);
#2559=ADVANCED_FACE('',(#2558),#2547,.T.);
#2560=CARTESIAN_POINT($,(298.330740177527,138.983940353265,0));
#2561=DIRECTION($,(1,0,0));
#2562=DIRECTION($,(0,0,1));
#2563=AXIS2_PLACEMENT_3D($,#2560,#2561,#2562);
#2564=PLANE($,#2563);
#2565=ORIENTED_EDGE($,$,$,#542,.T.);
#2566=CARTESIAN_POINT($,(298.330740177527,139.916120353268,0));
#2567=DIRECTION($,(0,0,1));
#2568=VECTOR($,#2567,1);
#2569=LINE($,#2566,#2568);
#2570=EDGE_CURVE($,#537,#1253,#2569,.T.);
#2571=ORIENTED_EDGE($,$,$,#2570,.T.);
#2572=ORIENTED_EDGE($,$,$,#1258,.F.);
#2573=ORIENTED_EDGE($,$,$,#2553,.F.);
#2574=EDGE_LOOP($,(#2565,#2571,#2572,#2573));
#2575=FACE_OUTER_BOUND('',#2574,.T.);
#2576=ADVANCED_FACE('',(#2575),#2564,.T.);
#2577=CARTESIAN_POINT($,(298.330740177527,139.916120353268,0));
#2578=DIRECTION($,(0,-1,0));
#2579=DIRECTION($,(0,0,1));
#2580=AXIS2_PLACEMENT_3D($,#2577,#2578,#2579);
#2581=PLANE($,#2580);
#2582=ORIENTED_EDGE($,$,$,#550,.T.);
#2583=CARTESIAN_POINT($,(307.220740177563,139.916120353268,0));
#2584=DIRECTION($,(0,0,1));
#2585=VECTOR($,#2584,1);
#2586=LINE($,#2583,#2585);
#2587=EDGE_CURVE($,#545,#1261,#2586,.T.);
#2588=ORIENTED_EDGE($,$,$,#2587,.T.);
#2589=ORIENTED_EDGE($,$,$,#1266,.F.);
#2590=ORIENTED_EDGE($,$,$,#2570,.F.);
#2591=EDGE_LOOP($,(#2582,#2588,#2589,#2590));
#2592=FACE_OUTER_BOUND('',#2591,.T.);
#2593=ADVANCED_FACE('',(#2592),#2581,.T.);
#2594=CARTESIAN_POINT($,(307.220740177563,139.916120353268,0));
#2595=DIRECTION($,(0,-1,0));
#2596=DIRECTION($,(0,0,1));
#2597=AXIS2_PLACEMENT_3D($,#2594,#2595,#2596);
#2598=PLANE($,#2597);
#2599=ORIENTED_EDGE($,$,$,#558,.T.);
#2600=CARTESIAN_POINT($,(318.691480353982,139.916120353268,0));
#2601=DIRECTION($,(0,0,1));
#2602=VECTOR($,#2601,1);
#2603=LINE($,#2600,#2602);
#2604=EDGE_CURVE($,#553,#1269,#2603,.T.);
#2605=ORIENTED_EDGE($,$,$,#2604,.T.);
#2606=ORIENTED_EDGE($,$,$,#1274,.F.);
#2607=ORIENTED_EDGE($,$,$,#2587,.F.);
#2608=EDGE_LOOP($,(#2599,#2605,#2606,#2607));
#2609=FACE_OUTER_BOUND('',#2608,.T.);
#2610=ADVANCED_FACE('',(#2609),#2598,.T.);
#2611=CARTESIAN_POINT($,(318.691480353983,139.916120353268,0));
#2612=DIRECTION($,(0,-1,0));
#2613=DIRECTION($,(0,0,1));
#2614=AXIS2_PLACEMENT_3D($,#2611,#2612,#2613);
#2615=PLANE($,#2614);
#2616=ORIENTED_EDGE($,$,$,#566,.T.);
#2617=CARTESIAN_POINT($,(337.741480354059,139.916120353268,-0));
#2618=DIRECTION($,(0,0,1));
#2619=VECTOR($,#2618,1);
#2620=LINE($,#2617,#2619);
#2621=EDGE_CURVE($,#561,#1277,#2620,.T.);
#2622=ORIENTED_EDGE($,$,$,#2621,.T.);
#2623=ORIENTED_EDGE($,$,$,#1282,.F.);
#2624=ORIENTED_EDGE($,$,$,#2604,.F.);
#2625=EDGE_LOOP($,(#2616,#2622,#2623,#2624));
#2626=FACE_OUTER_BOUND('',#2625,.T.);
#2627=ADVANCED_FACE('',(#2626),#2615,.T.);
#2628=CARTESIAN_POINT($,(337.741480354058,139.916120353268,0));
#2629=DIRECTION($,(0.707106781186547,-0.707106781186547,0));
#2630=DIRECTION($,(0,0,1));
#2631=AXIS2_PLACEMENT_3D($,#2628,#2629,#2630);
#2632=PLANE($,#2631);
#2633=ORIENTED_EDGE($,$,$,#574,.T.);
#2634=CARTESIAN_POINT($,(350.44148035411,152.616120353319,-0));
#2635=DIRECTION($,(0,0,1));
#2636=VECTOR($,#2635,1);
#2637=LINE($,#2634,#2636);
#2638=EDGE_CURVE($,#569,#1285,#2637,.T.);
#2639=ORIENTED_EDGE($,$,$,#2638,.T.);
#2640=ORIENTED_EDGE($,$,$,#1290,.F.);
#2641=ORIENTED_EDGE($,$,$,#2621,.F.);
#2642=EDGE_LOOP($,(#2633,#2639,#2640,#2641));
#2643=FACE_OUTER_BOUND('',#2642,.T.);
#2644=ADVANCED_FACE('',(#2643),#2632,.T.);
#2645=CARTESIAN_POINT($,(350.44148035411,152.616120353319,0));
#2646=DIRECTION($,(1,0,0));
#2647=DIRECTION($,(0,0,1));
#2648=AXIS2_PLACEMENT_3D($,#2645,#2646,#2647);
#2649=PLANE($,#2648);
#2650=ORIENTED_EDGE($,$,$,#582,.T.);
#2651=CARTESIAN_POINT($,(350.44148035411,178.506340353423,-0));
#2652=DIRECTION($,(0,0,1));
#2653=VECTOR($,#2652,1);
#2654=LINE($,#2651,#2653);
#2655=EDGE_CURVE($,#577,#1293,#2654,.T.);
#2656=ORIENTED_EDGE($,$,$,#2655,.T.);
#2657=ORIENTED_EDGE($,$,$,#1298,.F.);
#2658=ORIENTED_EDGE($,$,$,#2638,.F.);
#2659=EDGE_LOOP($,(#2650,#2656,#2657,#2658));
#2660=FACE_OUTER_BOUND('',#2659,.T.);
#2661=ADVANCED_FACE('',(#2660),#2649,.T.);
#2662=CARTESIAN_POINT($,(350.44148035411,178.506340353423,0));
#2663=DIRECTION($,(0.707106781186548,0.707106781186548,0));
#2664=DIRECTION($,(0,0,1));
#2665=AXIS2_PLACEMENT_3D($,#2662,#2663,#2664);
#2666=PLANE($,#2665);
#2667=ORIENTED_EDGE($,$,$,#590,.T.);
#2668=CARTESIAN_POINT($,(335.201480354048,193.746340353484,0));
#2669=DIRECTION($,(0,0,1));
#2670=VECTOR($,#2669,1);
#2671=LINE($,#2668,#2670);
#2672=EDGE_CURVE($,#585,#1301,#2671,.T.);
#2673=ORIENTED_EDGE($,$,$,#2672,.T.);
#2674=ORIENTED_EDGE($,$,$,#1306,.F.);
#2675=ORIENTED_EDGE($,$,$,#2655,.F.);
#2676=EDGE_LOOP($,(#2667,#2673,#2674,#2675));
#2677=FACE_OUTER_BOUND('',#2676,.T.);
#2678=ADVANCED_FACE('',(#2677),#2666,.T.);
#2679=CARTESIAN_POINT($,(335.201480354048,193.746340353484,0));
#2680=DIRECTION($,(1,0,0));
#2681=DIRECTION($,(0,0,1));
#2682=AXIS2_PLACEMENT_3D($,#2679,#2680,#2681);
#2683=PLANE($,#2682);
#2684=ORIENTED_EDGE($,$,$,#598,.T.);
#2685=CARTESIAN_POINT($,(335.201480354048,257.246340353738,0));
#2686=DIRECTION($,(0,0,1));
#2687=VECTOR($,#2686,1);
#2688=LINE($,#2685,#2687);
#2689=EDGE_CURVE($,#593,#1309,#2688,.T.);
#2690=ORIENTED_EDGE($,$,$,#2689,.T.);
#2691=ORIENTED_EDGE($,$,$,#1314,.F.);
#2692=ORIENTED_EDGE($,$,$,#2672,.F.);
#2693=EDGE_LOOP($,(#2684,#2690,#2691,#2692));
#2694=FACE_OUTER_BOUND('',#2693,.T.);
#2695=ADVANCED_FACE('',(#2694),#2683,.T.);
#2696=CARTESIAN_POINT($,(335.201480354048,257.246340353738,0));
#2697=DIRECTION($,(0,-1,0));
#2698=DIRECTION($,(0,0,1));
#2699=AXIS2_PLACEMENT_3D($,#2696,#2697,#2698);
#2700=PLANE($,#2699);
#2701=ORIENTED_EDGE($,$,$,#606,.T.);
#2702=CARTESIAN_POINT($,(347.799880354098,257.246340353738,0));
#2703=DIRECTION($,(0,0,1));
#2704=VECTOR($,#2703,1);
#2705=LINE($,#2702,#2704);
#2706=EDGE_CURVE($,#601,#1317,#2705,.T.);
#2707=ORIENTED_EDGE($,$,$,#2706,.T.);
#2708=ORIENTED_EDGE($,$,$,#1322,.F.);
#2709=ORIENTED_EDGE($,$,$,#2689,.F.);
#2710=EDGE_LOOP($,(#2701,#2707,#2708,#2709));
#2711=FACE_OUTER_BOUND('',#2710,.T.);
#2712=ADVANCED_FACE('',(#2711),#2700,.T.);
#2713=CARTESIAN_POINT($,(347.799880354098,257.246340353738,0));
#2714=DIRECTION($,(0,-1,0));
#2715=DIRECTION($,(0,0,1));
#2716=AXIS2_PLACEMENT_3D($,#2713,#2714,#2715);
#2717=PLANE($,#2716);
#2718=ORIENTED_EDGE($,$,$,#614,.T.);
#2719=CARTESIAN_POINT($,(353.535250442308,257.246340353738,0));
#2720=DIRECTION($,(0,0,1));
#2721=VECTOR($,#2720,1);
#2722=LINE($,#2719,#2721);
#2723=EDGE_CURVE($,#609,#1325,#2722,.T.);
#2724=ORIENTED_EDGE($,$,$,#2723,.T.);
#2725=ORIENTED_EDGE($,$,$,#1330,.F.);
#2726=ORIENTED_EDGE($,$,$,#2706,.F.);
#2727=EDGE_LOOP($,(#2718,#2724,#2725,#2726));
#2728=FACE_OUTER_BOUND('',#2727,.T.);
#2729=ADVANCED_FACE('',(#2728),#2717,.T.);
#2730=CARTESIAN_POINT($,(353.535250442309,257.246340353738,0));
#2731=DIRECTION($,(0,-1,0));
#2732=DIRECTION($,(0,0,1));
#2733=AXIS2_PLACEMENT_3D($,#2730,#2731,#2732);
#2734=PLANE($,#2733);
#2735=ORIENTED_EDGE($,$,$,#622,.T.);
#2736=CARTESIAN_POINT($,(402.049250442503,257.246340353738,-0));
#2737=DIRECTION($,(0,0,1));
#2738=VECTOR($,#2737,1);
#2739=LINE($,#2736,#2738);
#2740=EDGE_CURVE($,#617,#1333,#2739,.T.);
#2741=ORIENTED_EDGE($,$,$,#2740,.T.);
#2742=ORIENTED_EDGE($,$,$,#1338,.F.);
#2743=ORIENTED_EDGE($,$,$,#2723,.F.);
#2744=EDGE_LOOP($,(#2735,#2741,#2742,#2743));
#2745=FACE_OUTER_BOUND('',#2744,.T.);
#2746=ADVANCED_FACE('',(#2745),#2734,.T.);
#2747=CARTESIAN_POINT($,(402.049250442503,257.246340353738,0));
#2748=DIRECTION($,(0.707106781186527,-0.707106781186568,0));
#2749=DIRECTION($,(0,0,1));
#2750=AXIS2_PLACEMENT_3D($,#2747,#2748,#2749);
#2751=PLANE($,#2750);
#2752=ORIENTED_EDGE($,$,$,#630,.T.);
#2753=CARTESIAN_POINT($,(414.749250442553,269.946340353788,-0));
#2754=DIRECTION($,(0,0,1));
#2755=VECTOR($,#2754,1);
#2756=LINE($,#2753,#2755);
#2757=EDGE_CURVE($,#625,#1341,#2756,.T.);
#2758=ORIENTED_EDGE($,$,$,#2757,.T.);
#2759=ORIENTED_EDGE($,$,$,#1346,.F.);
#2760=ORIENTED_EDGE($,$,$,#2740,.F.);
#2761=EDGE_LOOP($,(#2752,#2758,#2759,#2760));
#2762=FACE_OUTER_BOUND('',#2761,.T.);
#2763=ADVANCED_FACE('',(#2762),#2751,.T.);
#2764=CARTESIAN_POINT($,(414.749250442553,269.946340353788,0));
#2765=DIRECTION($,(1,0,0));
#2766=DIRECTION($,(0,0,1));
#2767=AXIS2_PLACEMENT_3D($,#2764,#2765,#2766);
#2768=PLANE($,#2767);
#2769=ORIENTED_EDGE($,$,$,#638,.T.);
#2770=CARTESIAN_POINT($,(414.749250442553,371.546340354195,-0));
#2771=DIRECTION($,(0,0,1));
#2772=VECTOR($,#2771,1);
#2773=LINE($,#2770,#2772);
#2774=EDGE_CURVE($,#633,#1349,#2773,.T.);
#2775=ORIENTED_EDGE($,$,$,#2774,.T.);
#2776=ORIENTED_EDGE($,$,$,#1354,.F.);
#2777=ORIENTED_EDGE($,$,$,#2757,.F.);
#2778=EDGE_LOOP($,(#2769,#2775,#2776,#2777));
#2779=FACE_OUTER_BOUND('',#2778,.T.);
#2780=ADVANCED_FACE('',(#2779),#2768,.T.);
#2781=CARTESIAN_POINT($,(414.749250442553,371.546340354195,0));
#2782=DIRECTION($,(0.70710678118653,0.707106781186565,0));
#2783=DIRECTION($,(0,0,1));
#2784=AXIS2_PLACEMENT_3D($,#2781,#2782,#2783);
#2785=PLANE($,#2784);
#2786=ORIENTED_EDGE($,$,$,#644,.T.);
#2787=ORIENTED_EDGE($,$,$,#1450,.T.);
#2788=ORIENTED_EDGE($,$,$,#1360,.F.);
#2789=ORIENTED_EDGE($,$,$,#2774,.F.);
#2790=EDGE_LOOP($,(#2786,#2787,#2788,#2789));
#2791=FACE_OUTER_BOUND('',#2790,.T.);
#2792=ADVANCED_FACE('',(#2791),#2785,.T.);
#2793=CARTESIAN_POINT($,(126.728340176841,354.398800354126,0));
#2794=DIRECTION($,(-1,0,0));
#2795=DIRECTION($,(0,0,1));
#2796=AXIS2_PLACEMENT_3D($,#2793,#2794,#2795);
#2797=PLANE($,#2796);
#2798=ORIENTED_EDGE($,$,$,#678,.T.);
#2799=CARTESIAN_POINT($,(126.728340176841,443.298800354482,-0));
#2800=DIRECTION($,(0,0,1));
#2801=VECTOR($,#2800,1);
#2802=LINE($,#2799,#2801);
#2803=EDGE_CURVE($,#667,#1383,#2802,.T.);
#2804=ORIENTED_EDGE($,$,$,#2803,.T.);
#2805=ORIENTED_EDGE($,$,$,#1394,.F.);
#2806=CARTESIAN_POINT($,(126.728340176841,354.398800354126,0));
#2807=DIRECTION($,(0,0,1));
#2808=VECTOR($,#2807,1);
#2809=LINE($,#2806,#2808);
#2810=EDGE_CURVE($,#651,#1367,#2809,.T.);
#2811=ORIENTED_EDGE($,$,$,#2810,.F.);
#2812=EDGE_LOOP($,(#2798,#2804,#2805,#2811));
#2813=FACE_OUTER_BOUND('',#2812,.T.);
#2814=ADVANCED_FACE('',(#2813),#2797,.T.);
#2815=CARTESIAN_POINT($,(126.728340176841,443.298800354482,0));
#2816=DIRECTION($,(0,-1,0));
#2817=DIRECTION($,(0,0,1));
#2818=AXIS2_PLACEMENT_3D($,#2815,#2816,#2817);
#2819=PLANE($,#2818);
#2820=ORIENTED_EDGE($,$,$,#672,.T.);
#2821=CARTESIAN_POINT($,(107.678340176765,443.298800354482,-0));
#2822=DIRECTION($,(0,0,1));
#2823=VECTOR($,#2822,1);
#2824=LINE($,#2821,#2823);
#2825=EDGE_CURVE($,#659,#1375,#2824,.T.);
#2826=ORIENTED_EDGE($,$,$,#2825,.T.);
#2827=ORIENTED_EDGE($,$,$,#1388,.F.);
#2828=ORIENTED_EDGE($,$,$,#2803,.F.);
#2829=EDGE_LOOP($,(#2820,#2826,#2827,#2828));
#2830=FACE_OUTER_BOUND('',#2829,.T.);
#2831=ADVANCED_FACE('',(#2830),#2819,.T.);
#2832=CARTESIAN_POINT($,(107.678340176765,443.298800354482,0));
#2833=DIRECTION($,(1,0,0));
#2834=DIRECTION($,(0,0,1));
#2835=AXIS2_PLACEMENT_3D($,#2832,#2833,#2834);
#2836=PLANE($,#2835);
#2837=ORIENTED_EDGE($,$,$,#664,.T.);
#2838=CARTESIAN_POINT($,(107.678340176765,354.398800354126,-0));
#2839=DIRECTION($,(0,0,1));
#2840=VECTOR($,#2839,1);
#2841=LINE($,#2838,#2840);
#2842=EDGE_CURVE($,#649,#1365,#2841,.T.);
#2843=ORIENTED_EDGE($,$,$,#2842,.T.);
#2844=ORIENTED_EDGE($,$,$,#1380,.F.);
#2845=ORIENTED_EDGE($,$,$,#2825,.F.);
#2846=EDGE_LOOP($,(#2837,#2843,#2844,#2845));
#2847=FACE_OUTER_BOUND('',#2846,.T.);
#2848=ADVANCED_FACE('',(#2847),#2836,.T.);
#2849=CARTESIAN_POINT($,(107.678340176765,354.398800354126,0));
#2850=DIRECTION($,(0,1,0));
#2851=DIRECTION($,(0,0,1));
#2852=AXIS2_PLACEMENT_3D($,#2849,#2850,#2851);
#2853=PLANE($,#2852);
#2854=ORIENTED_EDGE($,$,$,#656,.T.);
#2855=ORIENTED_EDGE($,$,$,#2810,.T.);
#2856=ORIENTED_EDGE($,$,$,#1372,.F.);
#2857=ORIENTED_EDGE($,$,$,#2842,.F.);
#2858=EDGE_LOOP($,(#2854,#2855,#2856,#2857));
#2859=FACE_OUTER_BOUND('',#2858,.T.);
#2860=ADVANCED_FACE('',(#2859),#2853,.T.);
#2861=CARTESIAN_POINT($,(171.178340177019,443.298800354482,0));
#2862=DIRECTION($,(1,0,0));
#2863=DIRECTION($,(0,0,1));
#2864=AXIS2_PLACEMENT_3D($,#2861,#2862,#2863);
#2865=PLANE($,#2864);
#2866=ORIENTED_EDGE($,$,$,#712,.T.);
#2867=CARTESIAN_POINT($,(171.178340177019,354.398800354126,-0));
#2868=DIRECTION($,(0,0,1));
#2869=VECTOR($,#2868,1);
#2870=LINE($,#2867,#2869);
#2871=EDGE_CURVE($,#701,#1417,#2870,.T.);
#2872=ORIENTED_EDGE($,$,$,#2871,.T.);
#2873=ORIENTED_EDGE($,$,$,#1428,.F.);
#2874=CARTESIAN_POINT($,(171.178340177019,443.298800354482,0));
#2875=DIRECTION($,(0,0,1));
#2876=VECTOR($,#2875,1);
#2877=LINE($,#2874,#2876);
#2878=EDGE_CURVE($,#685,#1401,#2877,.T.);
#2879=ORIENTED_EDGE($,$,$,#2878,.F.);
#2880=EDGE_LOOP($,(#2866,#2872,#2873,#2879));
#2881=FACE_OUTER_BOUND('',#2880,.T.);
#2882=ADVANCED_FACE('',(#2881),#2865,.T.);
#2883=CARTESIAN_POINT($,(171.178340177019,354.398800354126,0));
#2884=DIRECTION($,(0,1,0));
#2885=DIRECTION($,(0,0,1));
#2886=AXIS2_PLACEMENT_3D($,#2883,#2884,#2885);
#2887=PLANE($,#2886);
#2888=ORIENTED_EDGE($,$,$,#706,.T.);
#2889=CARTESIAN_POINT($,(190.228340177095,354.398800354126,-0));
#2890=DIRECTION($,(0,0,1));
#2891=VECTOR($,#2890,1);
#2892=LINE($,#2889,#2891);
#2893=EDGE_CURVE($,#693,#1409,#2892,.T.);
#2894=ORIENTED_EDGE($,$,$,#2893,.T.);
#2895=ORIENTED_EDGE($,$,$,#1422,.F.);
#2896=ORIENTED_EDGE($,$,$,#2871,.F.);
#2897=EDGE_LOOP($,(#2888,#2894,#2895,#2896));
#2898=FACE_OUTER_BOUND('',#2897,.T.);
#2899=ADVANCED_FACE('',(#2898),#2887,.T.);
#2900=CARTESIAN_POINT($,(190.228340177095,354.398800354126,0));
#2901=DIRECTION($,(-1,0,0));
#2902=DIRECTION($,(0,0,1));
#2903=AXIS2_PLACEMENT_3D($,#2900,#2901,#2902);
#2904=PLANE($,#2903);
#2905=ORIENTED_EDGE($,$,$,#698,.T.);
#2906=CARTESIAN_POINT($,(190.228340177095,443.298800354482,-0));
#2907=DIRECTION($,(0,0,1));
#2908=VECTOR($,#2907,1);
#2909=LINE($,#2906,#2908);
#2910=EDGE_CURVE($,#683,#1399,#2909,.T.);
#2911=ORIENTED_EDGE($,$,$,#2910,.T.);
#2912=ORIENTED_EDGE($,$,$,#1414,.F.);
#2913=ORIENTED_EDGE($,$,$,#2893,.F.);
#2914=EDGE_LOOP($,(#2905,#2911,#2912,#2913));
#2915=FACE_OUTER_BOUND('',#2914,.T.);
#2916=ADVANCED_FACE('',(#2915),#2904,.T.);
#2917=CARTESIAN_POINT($,(190.228340177095,443.298800354482,0));
#2918=DIRECTION($,(0,-1,0));
#2919=DIRECTION($,(0,0,1));
#2920=AXIS2_PLACEMENT_3D($,#2917,#2918,#2919);
#2921=PLANE($,#2920);
#2922=ORIENTED_EDGE($,$,$,#690,.T.);
#2923=ORIENTED_EDGE($,$,$,#2878,.T.);
#2924=ORIENTED_EDGE($,$,$,#1406,.F.);
#2925=ORIENTED_EDGE($,$,$,#2910,.F.);
#2926=EDGE_LOOP($,(#2922,#2923,#2924,#2925));
#2927=FACE_OUTER_BOUND('',#2926,.T.);
#2928=ADVANCED_FACE('',(#2927),#2921,.T.);
#2929=CLOSED_SHELL($,(#716,#1432,#1454,#1471,#1488,#1505,#1522,#1539,#1556,#1573,#1590,#1607,#1624,#1641,#1658,#1675,#1692,#1709,#1726,#1743,#1760,#1777,#1794,#1811,#1828,#1845,#1862,#1879,#1896,#1913,#1930,#1947,#1964,#1981,#1998,#2015,#2032,#2049,#2066,#2083,#2100,#2117,#2134,#2151,#2168,#2185,#2202,#2219,#2236,#2253,#2270,#2287,#2304,#2321,#2338,#2355,#2372,#2389,#2406,#2423,#2440,#2457,#2474,#2491,#2508,#2525,#2542,#2559,#2576,#2593,#2610,#2627,#2644,#2661,#2678,#2695,#2712,#2729,#2746,#2763,#2780,#2792,#2814,#2831,#2848,#2860,#2882,#2899,#2916,#2928));
#2930=MANIFOLD_SOLID_BREP('sheetmetal-Ctc03 flat pattern',#2929);
#2931=APPLICATION_CONTEXT('mechanical design');
#2932=PRODUCT_CONTEXT('',#2931,'mechanical');
#2933=PRODUCT('sheetmetal_Ctc03_flat','sheetmetal-Ctc03 flat pattern','',(#2932));
#2934=PRODUCT_DEFINITION_FORMATION('','',#2933);
#2935=PRODUCT_DEFINITION_CONTEXT('design',#2931,'design');
#2936=PRODUCT_DEFINITION('','',#2934,#2935);
#2937=PRODUCT_DEFINITION_SHAPE('','',#2936);
#2938=(LENGTH_UNIT()NAMED_UNIT(*)SI_UNIT(.MILLI.,.METRE.));
#2939=(NAMED_UNIT(*)PLANE_ANGLE_UNIT()SI_UNIT($,.RADIAN.));
#2940=(NAMED_UNIT(*)SI_UNIT($,.STERADIAN.)SOLID_ANGLE_UNIT());
#2941=(GEOMETRIC_REPRESENTATION_CONTEXT(3)GLOBAL_UNIT_ASSIGNED_CONTEXT((#2938,#2939,#2940))REPRESENTATION_CONTEXT('3','3D'));
#2942=SHAPE_REPRESENTATION('sheetmetal-Ctc03 flat pattern',(#2930),#2941);
#2943=SHAPE_DEFINITION_REPRESENTATION(#2937,#2942);
ENDSEC;
END-ISO-10303-21;
