ISO-10303-21;
HEADER;
FILE_DESCRIPTION(('Aetheris AP242 subset export'),'2;1');
FILE_NAME('aetheris_export.step','1970-01-01T00:00:00',('Aetheris'),('Aetheris'),'Aetheris.Kernel','Aetheris.Kernel','');
FILE_SCHEMA(('AP242_MANAGED_MODEL_BASED_3D_ENGINEERING_MIM_LF'));
ENDSEC;
DATA;
#1=CARTESIAN_POINT($,(0,0,0));
#2=CARTESIAN_POINT($,(0,0,0.421875));
#3=CARTESIAN_POINT($,(0,0,0.84375));
#4=CARTESIAN_POINT($,(0,0,1.265625));
#5=CARTESIAN_POINT($,(0,0,1.6875));
#6=CARTESIAN_POINT($,(0,0,2.109375));
#7=CARTESIAN_POINT($,(0,0,2.53125));
#8=CARTESIAN_POINT($,(0,0,2.953125));
#9=CARTESIAN_POINT($,(0,0,3.375));
#10=CARTESIAN_POINT($,(0,0,3.796875));
#11=CARTESIAN_POINT($,(0,0,4.21875));
#12=CARTESIAN_POINT($,(-0,0,4.640625));
#13=CARTESIAN_POINT($,(-0,0,5.0625));
#14=CARTESIAN_POINT($,(-0,0,5.484375));
#15=CARTESIAN_POINT($,(-0,0,5.90625));
#16=CARTESIAN_POINT($,(-0,0,6.328125));
#17=CARTESIAN_POINT($,(-0,0,6.75));
#18=CARTESIAN_POINT($,(-0,0,7.171875));
#19=CARTESIAN_POINT($,(-0,0,7.59375));
#20=CARTESIAN_POINT($,(-0,0,8.015625));
#21=CARTESIAN_POINT($,(-0,0,8.4375));
#22=CARTESIAN_POINT($,(-0,0,8.859375));
#23=CARTESIAN_POINT($,(-0,-0,9.28125));
#24=CARTESIAN_POINT($,(-0,-0,9.703125));
#25=CARTESIAN_POINT($,(-0,-0,10.125));
#26=CARTESIAN_POINT($,(-0,-0,10.546875));
#27=CARTESIAN_POINT($,(-0,-0,10.96875));
#28=CARTESIAN_POINT($,(-0,-0,11.390625));
#29=CARTESIAN_POINT($,(-0,-0,11.8125));
#30=CARTESIAN_POINT($,(-0,-0,12.234375));
#31=CARTESIAN_POINT($,(-0,-0,12.65625));
#32=CARTESIAN_POINT($,(-0,-0,13.078125));
#33=CARTESIAN_POINT($,(-0,-0,13.5));
#34=CARTESIAN_POINT($,(1,0,0));
#35=CARTESIAN_POINT($,(0.989176509964781,0.146730474455362,0.421875));
#36=CARTESIAN_POINT($,(0.956940335732209,0.290284677254462,0.84375));
#37=CARTESIAN_POINT($,(0.903989293123443,0.427555093430282,1.265625));
#38=CARTESIAN_POINT($,(0.831469612302545,0.555570233019602,1.6875));
#39=CARTESIAN_POINT($,(0.740951125354959,0.671558954847018,2.109375));
#40=CARTESIAN_POINT($,(0.634393284163645,0.773010453362737,2.53125));
#41=CARTESIAN_POINT($,(0.514102744193222,0.857728610000272,2.953125));
#42=CARTESIAN_POINT($,(0.38268343236509,0.923879532511287,3.375));
#43=CARTESIAN_POINT($,(0.242980179903264,0.970031253194544,3.796875));
#44=CARTESIAN_POINT($,(0.098017140329561,0.995184726672197,4.21875));
#45=CARTESIAN_POINT($,(-0.049067674327418,0.998795456205172,4.640625));
#46=CARTESIAN_POINT($,(-0.195090322016128,0.98078528040323,5.0625));
#47=CARTESIAN_POINT($,(-0.33688985339222,0.941544065183021,5.484375));
#48=CARTESIAN_POINT($,(-0.471396736825998,0.881921264348355,5.90625));
#49=CARTESIAN_POINT($,(-0.595699304492433,0.803207531480645,6.328125));
#50=CARTESIAN_POINT($,(-0.707106781186547,0.707106781186548,6.75));
#51=CARTESIAN_POINT($,(-0.803207531480645,0.595699304492433,7.171875));
#52=CARTESIAN_POINT($,(-0.881921264348355,0.471396736825998,7.59375));
#53=CARTESIAN_POINT($,(-0.941544065183021,0.33688985339222,8.015625));
#54=CARTESIAN_POINT($,(-0.98078528040323,0.195090322016129,8.4375));
#55=CARTESIAN_POINT($,(-0.998795456205172,0.049067674327418,8.859375));
#56=CARTESIAN_POINT($,(-0.995184726672197,-0.098017140329561,9.28125));
#57=CARTESIAN_POINT($,(-0.970031253194544,-0.242980179903264,9.703125));
#58=CARTESIAN_POINT($,(-0.923879532511287,-0.38268343236509,10.125));
#59=CARTESIAN_POINT($,(-0.857728610000272,-0.514102744193222,10.546875));
#60=CARTESIAN_POINT($,(-0.773010453362737,-0.634393284163645,10.96875));
#61=CARTESIAN_POINT($,(-0.671558954847019,-0.740951125354959,11.390625));
#62=CARTESIAN_POINT($,(-0.555570233019602,-0.831469612302545,11.8125));
#63=CARTESIAN_POINT($,(-0.427555093430282,-0.903989293123443,12.234375));
#64=CARTESIAN_POINT($,(-0.290284677254462,-0.956940335732209,12.65625));
#65=CARTESIAN_POINT($,(-0.146730474455362,-0.989176509964781,13.078125));
#66=CARTESIAN_POINT($,(-0,-1,13.5));
#67=CARTESIAN_POINT($,(2,0,0));
#68=CARTESIAN_POINT($,(1.97835301992956,0.293460948910723,0.421875));
#69=CARTESIAN_POINT($,(1.91388067146442,0.580569354508925,0.84375));
#70=CARTESIAN_POINT($,(1.80797858624689,0.855110186860564,1.265625));
#71=CARTESIAN_POINT($,(1.66293922460509,1.1111404660392,1.6875));
#72=CARTESIAN_POINT($,(1.48190225070992,1.34311790969404,2.109375));
#73=CARTESIAN_POINT($,(1.26878656832729,1.54602090672547,2.53125));
#74=CARTESIAN_POINT($,(1.02820548838644,1.71545722000054,2.953125));
#75=CARTESIAN_POINT($,(0.76536686473018,1.84775906502257,3.375));
#76=CARTESIAN_POINT($,(0.485960359806528,1.94006250638909,3.796875));
#77=CARTESIAN_POINT($,(0.196034280659122,1.99036945334439,4.21875));
#78=CARTESIAN_POINT($,(-0.098135348654836,1.99759091241034,4.640625));
#79=CARTESIAN_POINT($,(-0.390180644032256,1.96157056080646,5.0625));
#80=CARTESIAN_POINT($,(-0.67377970678444,1.88308813036604,5.484375));
#81=CARTESIAN_POINT($,(-0.942793473651995,1.76384252869671,5.90625));
#82=CARTESIAN_POINT($,(-1.19139860898487,1.60641506296129,6.328125));
#83=CARTESIAN_POINT($,(-1.41421356237309,1.4142135623731,6.75));
#84=CARTESIAN_POINT($,(-1.60641506296129,1.19139860898487,7.171875));
#85=CARTESIAN_POINT($,(-1.76384252869671,0.942793473651996,7.59375));
#86=CARTESIAN_POINT($,(-1.88308813036604,0.673779706784441,8.015625));
#87=CARTESIAN_POINT($,(-1.96157056080646,0.390180644032257,8.4375));
#88=CARTESIAN_POINT($,(-1.99759091241034,0.098135348654836,8.859375));
#89=CARTESIAN_POINT($,(-1.99036945334439,-0.196034280659121,9.28125));
#90=CARTESIAN_POINT($,(-1.94006250638909,-0.485960359806528,9.703125));
#91=CARTESIAN_POINT($,(-1.84775906502257,-0.765366864730179,10.125));
#92=CARTESIAN_POINT($,(-1.71545722000054,-1.02820548838644,10.546875));
#93=CARTESIAN_POINT($,(-1.54602090672547,-1.26878656832729,10.96875));
#94=CARTESIAN_POINT($,(-1.34311790969404,-1.48190225070992,11.390625));
#95=CARTESIAN_POINT($,(-1.1111404660392,-1.66293922460509,11.8125));
#96=CARTESIAN_POINT($,(-0.855110186860565,-1.80797858624689,12.234375));
#97=CARTESIAN_POINT($,(-0.580569354508925,-1.91388067146442,12.65625));
#98=CARTESIAN_POINT($,(-0.293460948910725,-1.97835301992956,13.078125));
#99=CARTESIAN_POINT($,(-0,-2,13.5));
#100=CARTESIAN_POINT($,(3,0,0));
#101=CARTESIAN_POINT($,(2.96752952989434,0.440191423366085,0.421875));
#102=CARTESIAN_POINT($,(2.87082100719663,0.870854031763387,0.84375));
#103=CARTESIAN_POINT($,(2.71196787937033,1.28266528029085,1.265625));
#104=CARTESIAN_POINT($,(2.49440883690764,1.66671069905881,1.6875));
#105=CARTESIAN_POINT($,(2.22285337606488,2.01467686454105,2.109375));
#106=CARTESIAN_POINT($,(1.90317985249094,2.31903136008821,2.53125));
#107=CARTESIAN_POINT($,(1.54230823257967,2.57318583000082,2.953125));
#108=CARTESIAN_POINT($,(1.14805029709527,2.77163859753386,3.375));
#109=CARTESIAN_POINT($,(0.728940539709792,2.91009375958363,3.796875));
#110=CARTESIAN_POINT($,(0.294051420988682,2.98555418001659,4.21875));
#111=CARTESIAN_POINT($,(-0.147203022982254,2.99638636861552,4.640625));
#112=CARTESIAN_POINT($,(-0.585270966048385,2.94235584120969,5.0625));
#113=CARTESIAN_POINT($,(-1.01066956017666,2.82463219554906,5.484375));
#114=CARTESIAN_POINT($,(-1.41419021047799,2.64576379304507,5.90625));
#115=CARTESIAN_POINT($,(-1.7870979134773,2.40962259444193,6.328125));
#116=CARTESIAN_POINT($,(-2.12132034355964,2.12132034355964,6.75));
#117=CARTESIAN_POINT($,(-2.40962259444193,1.7870979134773,7.171875));
#118=CARTESIAN_POINT($,(-2.64576379304506,1.41419021047799,7.59375));
#119=CARTESIAN_POINT($,(-2.82463219554906,1.01066956017666,8.015625));
#120=CARTESIAN_POINT($,(-2.94235584120969,0.585270966048386,8.4375));
#121=CARTESIAN_POINT($,(-2.99638636861552,0.147203022982254,8.859375));
#122=CARTESIAN_POINT($,(-2.98555418001659,-0.294051420988682,9.28125));
#123=CARTESIAN_POINT($,(-2.91009375958363,-0.728940539709791,9.703125));
#124=CARTESIAN_POINT($,(-2.77163859753386,-1.14805029709527,10.125));
#125=CARTESIAN_POINT($,(-2.57318583000082,-1.54230823257966,10.546875));
#126=CARTESIAN_POINT($,(-2.31903136008821,-1.90317985249094,10.96875));
#127=CARTESIAN_POINT($,(-2.01467686454106,-2.22285337606488,11.390625));
#128=CARTESIAN_POINT($,(-1.66671069905881,-2.49440883690764,11.8125));
#129=CARTESIAN_POINT($,(-1.28266528029085,-2.71196787937033,12.234375));
#130=CARTESIAN_POINT($,(-0.870854031763387,-2.87082100719663,12.65625));
#131=CARTESIAN_POINT($,(-0.440191423366087,-2.96752952989434,13.078125));
#132=CARTESIAN_POINT($,(-0.000000000000001,-3,13.5));
#133=CARTESIAN_POINT($,(4,0,0));
#134=CARTESIAN_POINT($,(3.95670603985912,0.586921897821447,0.421875));
#135=CARTESIAN_POINT($,(3.82776134292884,1.16113870901785,0.84375));
#136=CARTESIAN_POINT($,(3.61595717249377,1.71022037372113,1.265625));
#137=CARTESIAN_POINT($,(3.32587844921018,2.22228093207841,1.6875));
#138=CARTESIAN_POINT($,(2.96380450141984,2.68623581938807,2.109375));
#139=CARTESIAN_POINT($,(2.53757313665458,3.09204181345095,2.53125));
#140=CARTESIAN_POINT($,(2.05641097677289,3.43091444000109,2.953125));
#141=CARTESIAN_POINT($,(1.53073372946036,3.69551813004515,3.375));
#142=CARTESIAN_POINT($,(0.971920719613056,3.88012501277818,3.796875));
#143=CARTESIAN_POINT($,(0.392068561318243,3.98073890668879,4.21875));
#144=CARTESIAN_POINT($,(-0.196270697309672,3.99518182482069,4.640625));
#145=CARTESIAN_POINT($,(-0.780361288064513,3.92314112161292,5.0625));
#146=CARTESIAN_POINT($,(-1.34755941356888,3.76617626073208,5.484375));
#147=CARTESIAN_POINT($,(-1.88558694730399,3.52768505739342,5.90625));
#148=CARTESIAN_POINT($,(-2.38279721796973,3.21283012592258,6.328125));
#149=CARTESIAN_POINT($,(-2.82842712474619,2.82842712474619,6.75));
#150=CARTESIAN_POINT($,(-3.21283012592258,2.38279721796973,7.171875));
#151=CARTESIAN_POINT($,(-3.52768505739342,1.88558694730399,7.59375));
#152=CARTESIAN_POINT($,(-3.76617626073208,1.34755941356888,8.015625));
#153=CARTESIAN_POINT($,(-3.92314112161292,0.780361288064514,8.4375));
#154=CARTESIAN_POINT($,(-3.99518182482069,0.196270697309672,8.859375));
#155=CARTESIAN_POINT($,(-3.98073890668879,-0.392068561318242,9.28125));
#156=CARTESIAN_POINT($,(-3.88012501277818,-0.971920719613055,9.703125));
#157=CARTESIAN_POINT($,(-3.69551813004515,-1.53073372946036,10.125));
#158=CARTESIAN_POINT($,(-3.43091444000109,-2.05641097677289,10.546875));
#159=CARTESIAN_POINT($,(-3.09204181345095,-2.53757313665458,10.96875));
#160=CARTESIAN_POINT($,(-2.68623581938807,-2.96380450141984,11.390625));
#161=CARTESIAN_POINT($,(-2.22228093207841,-3.32587844921018,11.8125));
#162=CARTESIAN_POINT($,(-1.71022037372113,-3.61595717249377,12.234375));
#163=CARTESIAN_POINT($,(-1.16113870901785,-3.82776134292884,12.65625));
#164=CARTESIAN_POINT($,(-0.586921897821449,-3.95670603985912,13.078125));
#165=CARTESIAN_POINT($,(-0.000000000000001,-4,13.5));
#166=CARTESIAN_POINT($,(5,0,0));
#167=CARTESIAN_POINT($,(4.9458825498239,0.733652372276809,0.421875));
#168=CARTESIAN_POINT($,(4.78470167866104,1.45142338627231,0.84375));
#169=CARTESIAN_POINT($,(4.51994646561722,2.13777546715141,1.265625));
#170=CARTESIAN_POINT($,(4.15734806151273,2.77785116509801,1.6875));
#171=CARTESIAN_POINT($,(3.7047556267748,3.35779477423509,2.109375));
#172=CARTESIAN_POINT($,(3.17196642081823,3.86505226681368,2.53125));
#173=CARTESIAN_POINT($,(2.57051372096611,4.28864305000136,2.953125));
#174=CARTESIAN_POINT($,(1.91341716182545,4.61939766255643,3.375));
#175=CARTESIAN_POINT($,(1.21490089951632,4.85015626597272,3.796875));
#176=CARTESIAN_POINT($,(0.490085701647804,4.97592363336098,4.21875));
#177=CARTESIAN_POINT($,(-0.24533837163709,4.99397728102586,4.640625));
#178=CARTESIAN_POINT($,(-0.975451610080641,4.90392640201615,5.0625));
#179=CARTESIAN_POINT($,(-1.6844492669611,4.7077203259151,5.484375));
#180=CARTESIAN_POINT($,(-2.35698368412999,4.40960632174178,5.90625));
#181=CARTESIAN_POINT($,(-2.97849652246217,4.01603765740323,6.328125));
#182=CARTESIAN_POINT($,(-3.53553390593274,3.53553390593274,6.75));
#183=CARTESIAN_POINT($,(-4.01603765740322,2.97849652246217,7.171875));
#184=CARTESIAN_POINT($,(-4.40960632174177,2.35698368412999,7.59375));
#185=CARTESIAN_POINT($,(-4.7077203259151,1.6844492669611,8.015625));
#186=CARTESIAN_POINT($,(-4.90392640201615,0.975451610080643,8.4375));
#187=CARTESIAN_POINT($,(-4.99397728102586,0.24533837163709,8.859375));
#188=CARTESIAN_POINT($,(-4.97592363336098,-0.490085701647803,9.28125));
#189=CARTESIAN_POINT($,(-4.85015626597272,-1.21490089951632,9.703125));
#190=CARTESIAN_POINT($,(-4.61939766255643,-1.91341716182545,10.125));
#191=CARTESIAN_POINT($,(-4.28864305000136,-2.57051372096611,10.546875));
#192=CARTESIAN_POINT($,(-3.86505226681369,-3.17196642081823,10.96875));
#193=CARTESIAN_POINT($,(-3.35779477423509,-3.70475562677479,11.390625));
#194=CARTESIAN_POINT($,(-2.77785116509801,-4.15734806151273,11.8125));
#195=CARTESIAN_POINT($,(-2.13777546715141,-4.51994646561722,12.234375));
#196=CARTESIAN_POINT($,(-1.45142338627231,-4.78470167866104,12.65625));
#197=CARTESIAN_POINT($,(-0.733652372276812,-4.9458825498239,13.078125));
#198=CARTESIAN_POINT($,(-0.000000000000001,-5,13.5));
#199=CARTESIAN_POINT($,(6,0,0));
#200=CARTESIAN_POINT($,(5.93505905978869,0.88038284673217,0.421875));
#201=CARTESIAN_POINT($,(5.74164201439325,1.74170806352677,0.84375));
#202=CARTESIAN_POINT($,(5.42393575874066,2.56533056058169,1.265625));
#203=CARTESIAN_POINT($,(4.98881767381527,3.33342139811761,1.6875));
#204=CARTESIAN_POINT($,(4.44570675212976,4.02935372908211,2.109375));
#205=CARTESIAN_POINT($,(3.80635970498187,4.63806272017642,2.53125));
#206=CARTESIAN_POINT($,(3.08461646515933,5.14637166000163,2.953125));
#207=CARTESIAN_POINT($,(2.29610059419054,5.54327719506772,3.375));
#208=CARTESIAN_POINT($,(1.45788107941958,5.82018751916726,3.796875));
#209=CARTESIAN_POINT($,(0.588102841977365,5.97110836003318,4.21875));
#210=CARTESIAN_POINT($,(-0.294406045964508,5.99277273723103,4.640625));
#211=CARTESIAN_POINT($,(-1.17054193209677,5.88471168241938,5.0625));
#212=CARTESIAN_POINT($,(-2.02133912035332,5.64926439109813,5.484375));
#213=CARTESIAN_POINT($,(-2.82838042095599,5.29152758609013,5.90625));
#214=CARTESIAN_POINT($,(-3.5741958269546,4.81924518888387,6.328125));
#215=CARTESIAN_POINT($,(-4.24264068711928,4.24264068711929,6.75));
#216=CARTESIAN_POINT($,(-4.81924518888387,3.5741958269546,7.171875));
#217=CARTESIAN_POINT($,(-5.29152758609013,2.82838042095599,7.59375));
#218=CARTESIAN_POINT($,(-5.64926439109812,2.02133912035332,8.015625));
#219=CARTESIAN_POINT($,(-5.88471168241938,1.17054193209677,8.4375));
#220=CARTESIAN_POINT($,(-5.99277273723103,0.294406045964508,8.859375));
#221=CARTESIAN_POINT($,(-5.97110836003318,-0.588102841977364,9.28125));
#222=CARTESIAN_POINT($,(-5.82018751916726,-1.45788107941958,9.703125));
#223=CARTESIAN_POINT($,(-5.54327719506772,-2.29610059419054,10.125));
#224=CARTESIAN_POINT($,(-5.14637166000163,-3.08461646515933,10.546875));
#225=CARTESIAN_POINT($,(-4.63806272017642,-3.80635970498187,10.96875));
#226=CARTESIAN_POINT($,(-4.02935372908211,-4.44570675212975,11.390625));
#227=CARTESIAN_POINT($,(-3.33342139811761,-4.98881767381527,11.8125));
#228=CARTESIAN_POINT($,(-2.56533056058169,-5.42393575874066,12.234375));
#229=CARTESIAN_POINT($,(-1.74170806352677,-5.74164201439325,12.65625));
#230=CARTESIAN_POINT($,(-0.880382846732174,-5.93505905978868,13.078125));
#231=CARTESIAN_POINT($,(-0.000000000000001,-6,13.5));
#232=CARTESIAN_POINT($,(7,0,0));
#233=CARTESIAN_POINT($,(6.92423556975347,1.02711332118753,0.421875));
#234=CARTESIAN_POINT($,(6.69858235012546,2.03199274078124,0.84375));
#235=CARTESIAN_POINT($,(6.3279250518641,2.99288565401197,1.265625));
#236=CARTESIAN_POINT($,(5.82028728611782,3.88899163113722,1.6875));
#237=CARTESIAN_POINT($,(5.18665787748471,4.70091268392913,2.109375));
#238=CARTESIAN_POINT($,(4.44075298914552,5.41107317353916,2.53125));
#239=CARTESIAN_POINT($,(3.59871920935255,6.0041002700019,2.953125));
#240=CARTESIAN_POINT($,(2.67878402655563,6.46715672757901,3.375));
#241=CARTESIAN_POINT($,(1.70086125932285,6.79021877236181,3.796875));
#242=CARTESIAN_POINT($,(0.686119982306925,6.96629308670538,4.21875));
#243=CARTESIAN_POINT($,(-0.343473720291926,6.99156819343621,4.640625));
#244=CARTESIAN_POINT($,(-1.3656322541129,6.86549696282261,5.0625));
#245=CARTESIAN_POINT($,(-2.35822897374554,6.59080845628115,5.484375));
#246=CARTESIAN_POINT($,(-3.29977715778198,6.17344885043849,5.90625));
#247=CARTESIAN_POINT($,(-4.16989513144703,5.62245272036451,6.328125));
#248=CARTESIAN_POINT($,(-4.94974746830583,4.94974746830583,6.75));
#249=CARTESIAN_POINT($,(-5.62245272036451,4.16989513144703,7.171875));
#250=CARTESIAN_POINT($,(-6.17344885043848,3.29977715778198,7.59375));
#251=CARTESIAN_POINT($,(-6.59080845628115,2.35822897374554,8.015625));
#252=CARTESIAN_POINT($,(-6.86549696282261,1.3656322541129,8.4375));
#253=CARTESIAN_POINT($,(-6.99156819343621,0.343473720291926,8.859375));
#254=CARTESIAN_POINT($,(-6.96629308670538,-0.686119982306924,9.28125));
#255=CARTESIAN_POINT($,(-6.79021877236181,-1.70086125932285,9.703125));
#256=CARTESIAN_POINT($,(-6.46715672757901,-2.67878402655563,10.125));
#257=CARTESIAN_POINT($,(-6.0041002700019,-3.59871920935255,10.546875));
#258=CARTESIAN_POINT($,(-5.41107317353916,-4.44075298914552,10.96875));
#259=CARTESIAN_POINT($,(-4.70091268392913,-5.18665787748471,11.390625));
#260=CARTESIAN_POINT($,(-3.88899163113722,-5.82028728611782,11.8125));
#261=CARTESIAN_POINT($,(-2.99288565401198,-6.3279250518641,12.234375));
#262=CARTESIAN_POINT($,(-2.03199274078124,-6.69858235012546,12.65625));
#263=CARTESIAN_POINT($,(-1.02711332118754,-6.92423556975347,13.078125));
#264=CARTESIAN_POINT($,(-0.000000000000001,-7,13.5));
#265=CARTESIAN_POINT($,(8,0,0));
#266=CARTESIAN_POINT($,(7.91341207971825,1.17384379564289,0.421875));
#267=CARTESIAN_POINT($,(7.65552268585767,2.3222774180357,0.84375));
#268=CARTESIAN_POINT($,(7.23191434498755,3.42044074744226,1.265625));
#269=CARTESIAN_POINT($,(6.65175689842036,4.44456186415682,1.6875));
#270=CARTESIAN_POINT($,(5.92760900283967,5.37247163877615,2.109375));
#271=CARTESIAN_POINT($,(5.07514627330916,6.1840836269019,2.53125));
#272=CARTESIAN_POINT($,(4.11282195354577,6.86182888000218,2.953125));
#273=CARTESIAN_POINT($,(3.06146745892072,7.39103626009029,3.375));
#274=CARTESIAN_POINT($,(1.94384143922611,7.76025002555635,3.796875));
#275=CARTESIAN_POINT($,(0.784137122636486,7.96147781337757,4.21875));
#276=CARTESIAN_POINT($,(-0.392541394619344,7.99036364964138,4.640625));
#277=CARTESIAN_POINT($,(-1.56072257612903,7.84628224322584,5.0625));
#278=CARTESIAN_POINT($,(-2.69511882713776,7.53235252146417,5.484375));
#279=CARTESIAN_POINT($,(-3.77117389460798,7.05537011478684,5.90625));
#280=CARTESIAN_POINT($,(-4.76559443593947,6.42566025184516,6.328125));
#281=CARTESIAN_POINT($,(-5.65685424949238,5.65685424949238,6.75));
#282=CARTESIAN_POINT($,(-6.42566025184516,4.76559443593947,7.171875));
#283=CARTESIAN_POINT($,(-7.05537011478684,3.77117389460798,7.59375));
#284=CARTESIAN_POINT($,(-7.53235252146417,2.69511882713776,8.015625));
#285=CARTESIAN_POINT($,(-7.84628224322584,1.56072257612903,8.4375));
#286=CARTESIAN_POINT($,(-7.99036364964138,0.392541394619344,8.859375));
#287=CARTESIAN_POINT($,(-7.96147781337758,-0.784137122636485,9.28125));
#288=CARTESIAN_POINT($,(-7.76025002555635,-1.94384143922611,9.703125));
#289=CARTESIAN_POINT($,(-7.39103626009029,-3.06146745892072,10.125));
#290=CARTESIAN_POINT($,(-6.86182888000218,-4.11282195354577,10.546875));
#291=CARTESIAN_POINT($,(-6.1840836269019,-5.07514627330916,10.96875));
#292=CARTESIAN_POINT($,(-5.37247163877615,-5.92760900283967,11.390625));
#293=CARTESIAN_POINT($,(-4.44456186415682,-6.65175689842036,11.8125));
#294=CARTESIAN_POINT($,(-3.42044074744226,-7.23191434498754,12.234375));
#295=CARTESIAN_POINT($,(-2.3222774180357,-7.65552268585767,12.65625));
#296=CARTESIAN_POINT($,(-1.1738437956429,-7.91341207971825,13.078125));
#297=CARTESIAN_POINT($,(-0.000000000000001,-8,13.5));
#298=CARTESIAN_POINT($,(9,0,0));
#299=CARTESIAN_POINT($,(8.90258858968303,1.32057427009826,0.421875));
#300=CARTESIAN_POINT($,(8.61246302158988,2.61256209529016,0.84375));
#301=CARTESIAN_POINT($,(8.13590363811099,3.84799584087254,1.265625));
#302=CARTESIAN_POINT($,(7.48322651072291,5.00013209717642,1.6875));
#303=CARTESIAN_POINT($,(6.66856012819463,6.04403059362317,2.109375));
#304=CARTESIAN_POINT($,(5.70953955747281,6.95709408026463,2.53125));
#305=CARTESIAN_POINT($,(4.626924697739,7.71955749000245,2.953125));
#306=CARTESIAN_POINT($,(3.44415089128581,8.31491579260158,3.375));
#307=CARTESIAN_POINT($,(2.18682161912938,8.7302812787509,3.796875));
#308=CARTESIAN_POINT($,(0.882154262966047,8.95666254004977,4.21875));
#309=CARTESIAN_POINT($,(-0.441609068946762,8.98915910584655,4.640625));
#310=CARTESIAN_POINT($,(-1.75581289814515,8.82706752362907,5.0625));
#311=CARTESIAN_POINT($,(-3.03200868052998,8.47389658664719,5.484375));
#312=CARTESIAN_POINT($,(-4.24257063143398,7.9372913791352,5.90625));
#313=CARTESIAN_POINT($,(-5.3612937404319,7.2288677833258,6.328125));
#314=CARTESIAN_POINT($,(-6.36396103067893,6.36396103067893,6.75));
#315=CARTESIAN_POINT($,(-7.2288677833258,5.3612937404319,7.171875));
#316=CARTESIAN_POINT($,(-7.93729137913519,4.24257063143398,7.59375));
#317=CARTESIAN_POINT($,(-8.47389658664719,3.03200868052998,8.015625));
#318=CARTESIAN_POINT($,(-8.82706752362907,1.75581289814516,8.4375));
#319=CARTESIAN_POINT($,(-8.98915910584655,0.441609068946762,8.859375));
#320=CARTESIAN_POINT($,(-8.95666254004977,-0.882154262966045,9.28125));
#321=CARTESIAN_POINT($,(-8.7302812787509,-2.18682161912937,9.703125));
#322=CARTESIAN_POINT($,(-8.31491579260158,-3.44415089128581,10.125));
#323=CARTESIAN_POINT($,(-7.71955749000245,-4.62692469773899,10.546875));
#324=CARTESIAN_POINT($,(-6.95709408026463,-5.70953955747281,10.96875));
#325=CARTESIAN_POINT($,(-6.04403059362317,-6.66856012819463,11.390625));
#326=CARTESIAN_POINT($,(-5.00013209717642,-7.48322651072291,11.8125));
#327=CARTESIAN_POINT($,(-3.84799584087254,-8.13590363811099,12.234375));
#328=CARTESIAN_POINT($,(-2.61256209529016,-8.61246302158988,12.65625));
#329=CARTESIAN_POINT($,(-1.32057427009826,-8.90258858968303,13.078125));
#330=CARTESIAN_POINT($,(-0.000000000000002,-9,13.5));
#331=CARTESIAN_POINT($,(10,0,0));
#332=CARTESIAN_POINT($,(9.89176509964781,1.46730474455362,0.421875));
#333=CARTESIAN_POINT($,(9.56940335732209,2.90284677254462,0.84375));
#334=CARTESIAN_POINT($,(9.03989293123443,4.27555093430282,1.265625));
#335=CARTESIAN_POINT($,(8.31469612302545,5.55570233019602,1.6875));
#336=CARTESIAN_POINT($,(7.40951125354959,6.71558954847018,2.109375));
#337=CARTESIAN_POINT($,(6.34393284163646,7.73010453362737,2.53125));
#338=CARTESIAN_POINT($,(5.14102744193222,8.57728610000272,2.953125));
#339=CARTESIAN_POINT($,(3.8268343236509,9.23879532511287,3.375));
#340=CARTESIAN_POINT($,(2.42980179903264,9.70031253194544,3.796875));
#341=CARTESIAN_POINT($,(0.980171403295608,9.95184726672197,4.21875));
#342=CARTESIAN_POINT($,(-0.49067674327418,9.98795456205172,4.640625));
#343=CARTESIAN_POINT($,(-1.95090322016128,9.8078528040323,5.0625));
#344=CARTESIAN_POINT($,(-3.3688985339222,9.41544065183021,5.484375));
#345=CARTESIAN_POINT($,(-4.71396736825998,8.81921264348355,5.90625));
#346=CARTESIAN_POINT($,(-5.95699304492433,8.03207531480645,6.328125));
#347=CARTESIAN_POINT($,(-7.07106781186547,7.07106781186548,6.75));
#348=CARTESIAN_POINT($,(-8.03207531480645,5.95699304492434,7.171875));
#349=CARTESIAN_POINT($,(-8.81921264348355,4.71396736825998,7.59375));
#350=CARTESIAN_POINT($,(-9.41544065183021,3.3688985339222,8.015625));
#351=CARTESIAN_POINT($,(-9.8078528040323,1.95090322016129,8.4375));
#352=CARTESIAN_POINT($,(-9.98795456205172,0.49067674327418,8.859375));
#353=CARTESIAN_POINT($,(-9.95184726672197,-0.980171403295606,9.28125));
#354=CARTESIAN_POINT($,(-9.70031253194544,-2.42980179903264,9.703125));
#355=CARTESIAN_POINT($,(-9.23879532511287,-3.8268343236509,10.125));
#356=CARTESIAN_POINT($,(-8.57728610000272,-5.14102744193222,10.546875));
#357=CARTESIAN_POINT($,(-7.73010453362737,-6.34393284163645,10.96875));
#358=CARTESIAN_POINT($,(-6.71558954847019,-7.40951125354959,11.390625));
#359=CARTESIAN_POINT($,(-5.55570233019602,-8.31469612302545,11.8125));
#360=CARTESIAN_POINT($,(-4.27555093430282,-9.03989293123443,12.234375));
#361=CARTESIAN_POINT($,(-2.90284677254462,-9.56940335732209,12.65625));
#362=CARTESIAN_POINT($,(-1.46730474455362,-9.89176509964781,13.078125));
#363=CARTESIAN_POINT($,(-0.000000000000002,-10,13.5));
#364=CARTESIAN_POINT($,(11,0,0));
#365=CARTESIAN_POINT($,(10.8809416096126,1.61403521900898,0.421875));
#366=CARTESIAN_POINT($,(10.5263436930543,3.19313144979909,0.84375));
#367=CARTESIAN_POINT($,(9.94388222435788,4.7031060277331,1.265625));
#368=CARTESIAN_POINT($,(9.146165735328,6.11127256321562,1.6875));
#369=CARTESIAN_POINT($,(8.15046237890455,7.3871485033172,2.109375));
#370=CARTESIAN_POINT($,(6.9783261258001,8.50311498699011,2.53125));
#371=CARTESIAN_POINT($,(5.65513018612544,9.43501471000299,2.953125));
#372=CARTESIAN_POINT($,(4.20951775601599,10.1626748576242,3.375));
#373=CARTESIAN_POINT($,(2.6727819789359,10.67034378514,3.796875));
#374=CARTESIAN_POINT($,(1.07818854362517,10.9470319933942,4.21875));
#375=CARTESIAN_POINT($,(-0.539744417601598,10.9867500182569,4.640625));
#376=CARTESIAN_POINT($,(-2.14599354217741,10.7886380844355,5.0625));
#377=CARTESIAN_POINT($,(-3.70578838731442,10.3569847170132,5.484375));
#378=CARTESIAN_POINT($,(-5.18536410508597,9.70113390783191,5.90625));
#379=CARTESIAN_POINT($,(-6.55269234941677,8.83528284628709,6.328125));
#380=CARTESIAN_POINT($,(-7.77817459305202,7.77817459305202,6.75));
#381=CARTESIAN_POINT($,(-8.83528284628709,6.55269234941677,7.171875));
#382=CARTESIAN_POINT($,(-9.7011339078319,5.18536410508598,7.59375));
#383=CARTESIAN_POINT($,(-10.3569847170132,3.70578838731442,8.015625));
#384=CARTESIAN_POINT($,(-10.7886380844355,2.14599354217741,8.4375));
#385=CARTESIAN_POINT($,(-10.9867500182569,0.539744417601598,8.859375));
#386=CARTESIAN_POINT($,(-10.9470319933942,-1.07818854362517,9.28125));
#387=CARTESIAN_POINT($,(-10.67034378514,-2.6727819789359,9.703125));
#388=CARTESIAN_POINT($,(-10.1626748576242,-4.20951775601599,10.125));
#389=CARTESIAN_POINT($,(-9.43501471000299,-5.65513018612544,10.546875));
#390=CARTESIAN_POINT($,(-8.50311498699011,-6.9783261258001,10.96875));
#391=CARTESIAN_POINT($,(-7.38714850331721,-8.15046237890455,11.390625));
#392=CARTESIAN_POINT($,(-6.11127256321562,-9.146165735328,11.8125));
#393=CARTESIAN_POINT($,(-4.70310602773311,-9.94388222435787,12.234375));
#394=CARTESIAN_POINT($,(-3.19313144979909,-10.5263436930543,12.65625));
#395=CARTESIAN_POINT($,(-1.61403521900899,-10.8809416096126,13.078125));
#396=CARTESIAN_POINT($,(-0.000000000000002,-11,13.5));
#397=CARTESIAN_POINT($,(12,0,0));
#398=CARTESIAN_POINT($,(11.8701181195774,1.76076569346434,0.421875));
#399=CARTESIAN_POINT($,(11.4832840287865,3.48341612705355,0.84375));
#400=CARTESIAN_POINT($,(10.8478715174813,5.13066112116339,1.265625));
#401=CARTESIAN_POINT($,(9.97763534763054,6.66684279623523,1.6875));
#402=CARTESIAN_POINT($,(8.89141350425951,8.05870745816422,2.109375));
#403=CARTESIAN_POINT($,(7.61271940996375,9.27612544035284,2.53125));
#404=CARTESIAN_POINT($,(6.16923293031866,10.2927433200033,2.953125));
#405=CARTESIAN_POINT($,(4.59220118838108,11.0865543901354,3.375));
#406=CARTESIAN_POINT($,(2.91576215883917,11.6403750383345,3.796875));
#407=CARTESIAN_POINT($,(1.17620568395473,11.9422167200664,4.21875));
#408=CARTESIAN_POINT($,(-0.588812091929016,11.9855454744621,4.640625));
#409=CARTESIAN_POINT($,(-2.34108386419354,11.7694233648388,5.0625));
#410=CARTESIAN_POINT($,(-4.04267824070664,11.2985287821963,5.484375));
#411=CARTESIAN_POINT($,(-5.65676084191197,10.5830551721803,5.90625));
#412=CARTESIAN_POINT($,(-7.1483916539092,9.63849037776774,6.328125));
#413=CARTESIAN_POINT($,(-8.48528137423857,8.48528137423857,6.75));
#414=CARTESIAN_POINT($,(-9.63849037776774,7.1483916539092,7.171875));
#415=CARTESIAN_POINT($,(-10.5830551721803,5.65676084191197,7.59375));
#416=CARTESIAN_POINT($,(-11.2985287821962,4.04267824070664,8.015625));
#417=CARTESIAN_POINT($,(-11.7694233648388,2.34108386419354,8.4375));
#418=CARTESIAN_POINT($,(-11.9855454744621,0.588812091929016,8.859375));
#419=CARTESIAN_POINT($,(-11.9422167200664,-1.17620568395473,9.28125));
#420=CARTESIAN_POINT($,(-11.6403750383345,-2.91576215883917,9.703125));
#421=CARTESIAN_POINT($,(-11.0865543901354,-4.59220118838108,10.125));
#422=CARTESIAN_POINT($,(-10.2927433200033,-6.16923293031866,10.546875));
#423=CARTESIAN_POINT($,(-9.27612544035285,-7.61271940996374,10.96875));
#424=CARTESIAN_POINT($,(-8.05870745816422,-8.89141350425951,11.390625));
#425=CARTESIAN_POINT($,(-6.66684279623523,-9.97763534763054,11.8125));
#426=CARTESIAN_POINT($,(-5.13066112116339,-10.8478715174813,12.234375));
#427=CARTESIAN_POINT($,(-3.48341612705355,-11.4832840287865,12.65625));
#428=CARTESIAN_POINT($,(-1.76076569346435,-11.8701181195774,13.078125));
#429=CARTESIAN_POINT($,(-0.000000000000002,-12,13.5));
#430=CARTESIAN_POINT($,(13,0,0));
#431=CARTESIAN_POINT($,(12.8592946295422,1.9074961679197,0.421875));
#432=CARTESIAN_POINT($,(12.4402243645187,3.77370080430801,0.84375));
#433=CARTESIAN_POINT($,(11.7518608106048,5.55821621459367,1.265625));
#434=CARTESIAN_POINT($,(10.8091049599331,7.22241302925483,1.6875));
#435=CARTESIAN_POINT($,(9.63236462961447,8.73026641301124,2.109375));
#436=CARTESIAN_POINT($,(8.24711269412739,10.0491358937156,2.53125));
#437=CARTESIAN_POINT($,(6.68333567451188,11.1504719300035,2.953125));
#438=CARTESIAN_POINT($,(4.97488462074617,12.0104339226467,3.375));
#439=CARTESIAN_POINT($,(3.15874233874243,12.6104062915291,3.796875));
#440=CARTESIAN_POINT($,(1.27422282428429,12.9374014467386,4.21875));
#441=CARTESIAN_POINT($,(-0.637879766256434,12.9843409306672,4.640625));
#442=CARTESIAN_POINT($,(-2.53617418620967,12.750208645242,5.0625));
#443=CARTESIAN_POINT($,(-4.37956809409886,12.2400728473793,5.484375));
#444=CARTESIAN_POINT($,(-6.12815757873797,11.4649764365286,5.90625));
#445=CARTESIAN_POINT($,(-7.74409095840163,10.4416979092484,6.328125));
#446=CARTESIAN_POINT($,(-9.19238815542512,9.19238815542512,6.75));
#447=CARTESIAN_POINT($,(-10.4416979092484,7.74409095840164,7.171875));
#448=CARTESIAN_POINT($,(-11.4649764365286,6.12815757873797,7.59375));
#449=CARTESIAN_POINT($,(-12.2400728473793,4.37956809409886,8.015625));
#450=CARTESIAN_POINT($,(-12.750208645242,2.53617418620967,8.4375));
#451=CARTESIAN_POINT($,(-12.9843409306672,0.637879766256434,8.859375));
#452=CARTESIAN_POINT($,(-12.9374014467386,-1.27422282428429,9.28125));
#453=CARTESIAN_POINT($,(-12.6104062915291,-3.15874233874243,9.703125));
#454=CARTESIAN_POINT($,(-12.0104339226467,-4.97488462074617,10.125));
#455=CARTESIAN_POINT($,(-11.1504719300035,-6.68333567451188,10.546875));
#456=CARTESIAN_POINT($,(-10.0491358937156,-8.24711269412739,10.96875));
#457=CARTESIAN_POINT($,(-8.73026641301124,-9.63236462961447,11.390625));
#458=CARTESIAN_POINT($,(-7.22241302925483,-10.8091049599331,11.8125));
#459=CARTESIAN_POINT($,(-5.55821621459367,-11.7518608106048,12.234375));
#460=CARTESIAN_POINT($,(-3.77370080430801,-12.4402243645187,12.65625));
#461=CARTESIAN_POINT($,(-1.90749616791971,-12.8592946295422,13.078125));
#462=CARTESIAN_POINT($,(-0.000000000000002,-13,13.5));
#463=CARTESIAN_POINT($,(14,0,0));
#464=CARTESIAN_POINT($,(13.8484711395069,2.05422664237506,0.421875));
#465=CARTESIAN_POINT($,(13.3971647002509,4.06398548156247,0.84375));
#466=CARTESIAN_POINT($,(12.6558501037282,5.98577130802395,1.265625));
#467=CARTESIAN_POINT($,(11.6405745722356,7.77798326227443,1.6875));
#468=CARTESIAN_POINT($,(10.3733157549694,9.40182536785826,2.109375));
#469=CARTESIAN_POINT($,(8.88150597829104,10.8221463470783,2.53125));
#470=CARTESIAN_POINT($,(7.1974384187051,12.0082005400038,2.953125));
#471=CARTESIAN_POINT($,(5.35756805311126,12.934313455158,3.375));
#472=CARTESIAN_POINT($,(3.4017225186457,13.5804375447236,3.796875));
#473=CARTESIAN_POINT($,(1.37223996461385,13.9325861734108,4.21875));
#474=CARTESIAN_POINT($,(-0.686947440583852,13.9831363868724,4.640625));
#475=CARTESIAN_POINT($,(-2.73126450822579,13.7309939256452,5.0625));
#476=CARTESIAN_POINT($,(-4.71645794749108,13.1816169125623,5.484375));
#477=CARTESIAN_POINT($,(-6.59955431556397,12.346897700877,5.90625));
#478=CARTESIAN_POINT($,(-8.33979026289407,11.244905440729,6.328125));
#479=CARTESIAN_POINT($,(-9.89949493661166,9.89949493661167,6.75));
#480=CARTESIAN_POINT($,(-11.244905440729,8.33979026289407,7.171875));
#481=CARTESIAN_POINT($,(-12.346897700877,6.59955431556397,7.59375));
#482=CARTESIAN_POINT($,(-13.1816169125623,4.71645794749108,8.015625));
#483=CARTESIAN_POINT($,(-13.7309939256452,2.7312645082258,8.4375));
#484=CARTESIAN_POINT($,(-13.9831363868724,0.686947440583851,8.859375));
#485=CARTESIAN_POINT($,(-13.9325861734108,-1.37223996461385,9.28125));
#486=CARTESIAN_POINT($,(-13.5804375447236,-3.40172251864569,9.703125));
#487=CARTESIAN_POINT($,(-12.934313455158,-5.35756805311126,10.125));
#488=CARTESIAN_POINT($,(-12.0082005400038,-7.1974384187051,10.546875));
#489=CARTESIAN_POINT($,(-10.8221463470783,-8.88150597829103,10.96875));
#490=CARTESIAN_POINT($,(-9.40182536785826,-10.3733157549694,11.390625));
#491=CARTESIAN_POINT($,(-7.77798326227443,-11.6405745722356,11.8125));
#492=CARTESIAN_POINT($,(-5.98577130802395,-12.6558501037282,12.234375));
#493=CARTESIAN_POINT($,(-4.06398548156247,-13.3971647002509,12.65625));
#494=CARTESIAN_POINT($,(-2.05422664237507,-13.8484711395069,13.078125));
#495=CARTESIAN_POINT($,(-0.000000000000003,-14,13.5));
#496=CARTESIAN_POINT($,(15,0,0));
#497=CARTESIAN_POINT($,(14.8376476494717,2.20095711683043,0.421875));
#498=CARTESIAN_POINT($,(14.3541050359831,4.35427015881694,0.84375));
#499=CARTESIAN_POINT($,(13.5598393968517,6.41332640145423,1.265625));
#500=CARTESIAN_POINT($,(12.4720441845382,8.33355349529403,1.6875));
#501=CARTESIAN_POINT($,(11.1142668803244,10.0733843227053,2.109375));
#502=CARTESIAN_POINT($,(9.51589926245468,11.5951568004411,2.53125));
#503=CARTESIAN_POINT($,(7.71154116289832,12.8659291500041,2.953125));
#504=CARTESIAN_POINT($,(5.74025148547635,13.8581929876693,3.375));
#505=CARTESIAN_POINT($,(3.64470269854896,14.5504687979182,3.796875));
#506=CARTESIAN_POINT($,(1.47025710494341,14.927770900083,4.21875));
#507=CARTESIAN_POINT($,(-0.73601511491127,14.9819318430776,4.640625));
#508=CARTESIAN_POINT($,(-2.92635483024192,14.7117792060485,5.0625));
#509=CARTESIAN_POINT($,(-5.0533478008833,14.1231609777453,5.484375));
#510=CARTESIAN_POINT($,(-7.07095105238997,13.2288189652253,5.90625));
#511=CARTESIAN_POINT($,(-8.9354895673865,12.0481129722097,6.328125));
#512=CARTESIAN_POINT($,(-10.6066017177982,10.6066017177982,6.75));
#513=CARTESIAN_POINT($,(-12.0481129722097,8.9354895673865,7.171875));
#514=CARTESIAN_POINT($,(-13.2288189652253,7.07095105238997,7.59375));
#515=CARTESIAN_POINT($,(-14.1231609777453,5.05334780088331,8.015625));
#516=CARTESIAN_POINT($,(-14.7117792060485,2.92635483024193,8.4375));
#517=CARTESIAN_POINT($,(-14.9819318430776,0.736015114911269,8.859375));
#518=CARTESIAN_POINT($,(-14.927770900083,-1.47025710494341,9.28125));
#519=CARTESIAN_POINT($,(-14.5504687979182,-3.64470269854896,9.703125));
#520=CARTESIAN_POINT($,(-13.8581929876693,-5.74025148547635,10.125));
#521=CARTESIAN_POINT($,(-12.8659291500041,-7.71154116289832,10.546875));
#522=CARTESIAN_POINT($,(-11.5951568004411,-9.51589926245468,10.96875));
#523=CARTESIAN_POINT($,(-10.0733843227053,-11.1142668803244,11.390625));
#524=CARTESIAN_POINT($,(-8.33355349529403,-12.4720441845382,11.8125));
#525=CARTESIAN_POINT($,(-6.41332640145424,-13.5598393968516,12.234375));
#526=CARTESIAN_POINT($,(-4.35427015881694,-14.3541050359831,12.65625));
#527=CARTESIAN_POINT($,(-2.20095711683043,-14.8376476494717,13.078125));
#528=CARTESIAN_POINT($,(-0.000000000000003,-15,13.5));
#529=CARTESIAN_POINT($,(16,0,0));
#530=CARTESIAN_POINT($,(15.8268241594365,2.34768759128579,0.421875));
#531=CARTESIAN_POINT($,(15.3110453717153,4.6445548360714,0.84375));
#532=CARTESIAN_POINT($,(14.4638286899751,6.84088149488451,1.265625));
#533=CARTESIAN_POINT($,(13.3035137968407,8.88912372831363,1.6875));
#534=CARTESIAN_POINT($,(11.8552180056793,10.7449432775523,2.109375));
#535=CARTESIAN_POINT($,(10.1502925466183,12.3681672538038,2.53125));
#536=CARTESIAN_POINT($,(8.22564390709155,13.7236577600044,2.953125));
#537=CARTESIAN_POINT($,(6.12293491784144,14.7820725201806,3.375));
#538=CARTESIAN_POINT($,(3.88768287845222,15.5205000511127,3.796875));
#539=CARTESIAN_POINT($,(1.56827424527297,15.9229556267551,4.21875));
#540=CARTESIAN_POINT($,(-0.785082789238688,15.9807272992828,4.640625));
#541=CARTESIAN_POINT($,(-3.12144515225805,15.6925644864517,5.0625));
#542=CARTESIAN_POINT($,(-5.39023765427552,15.0647050429283,5.484375));
#543=CARTESIAN_POINT($,(-7.54234778921596,14.1107402295737,5.90625));
#544=CARTESIAN_POINT($,(-9.53118887187893,12.8513205036903,6.328125));
#545=CARTESIAN_POINT($,(-11.3137084989848,11.3137084989848,6.75));
#546=CARTESIAN_POINT($,(-12.8513205036903,9.53118887187894,7.171875));
#547=CARTESIAN_POINT($,(-14.1107402295737,7.54234778921596,7.59375));
#548=CARTESIAN_POINT($,(-15.0647050429283,5.39023765427553,8.015625));
#549=CARTESIAN_POINT($,(-15.6925644864517,3.12144515225806,8.4375));
#550=CARTESIAN_POINT($,(-15.9807272992828,0.785082789238687,8.859375));
#551=CARTESIAN_POINT($,(-15.9229556267552,-1.56827424527297,9.28125));
#552=CARTESIAN_POINT($,(-15.5205000511127,-3.88768287845222,9.703125));
#553=CARTESIAN_POINT($,(-14.7820725201806,-6.12293491784143,10.125));
#554=CARTESIAN_POINT($,(-13.7236577600044,-8.22564390709154,10.546875));
#555=CARTESIAN_POINT($,(-12.3681672538038,-10.1502925466183,10.96875));
#556=CARTESIAN_POINT($,(-10.7449432775523,-11.8552180056793,11.390625));
#557=CARTESIAN_POINT($,(-8.88912372831363,-13.3035137968407,11.8125));
#558=CARTESIAN_POINT($,(-6.84088149488452,-14.4638286899751,12.234375));
#559=CARTESIAN_POINT($,(-4.6445548360714,-15.3110453717153,12.65625));
#560=CARTESIAN_POINT($,(-2.3476875912858,-15.8268241594365,13.078125));
#561=CARTESIAN_POINT($,(-0.000000000000003,-16,13.5));
#562=CARTESIAN_POINT($,(17,0,0));
#563=CARTESIAN_POINT($,(16.8160006694013,2.49441806574115,0.421875));
#564=CARTESIAN_POINT($,(16.2679857074476,4.93483951332586,0.84375));
#565=CARTESIAN_POINT($,(15.3678179830985,7.2684365883148,1.265625));
#566=CARTESIAN_POINT($,(14.1349834091433,9.44469396133324,1.6875));
#567=CARTESIAN_POINT($,(12.5961691310343,11.4165022323993,2.109375));
#568=CARTESIAN_POINT($,(10.784685830782,13.1411777071665,2.53125));
#569=CARTESIAN_POINT($,(8.73974665128477,14.5813863700046,2.953125));
#570=CARTESIAN_POINT($,(6.50561835020653,15.7059520526919,3.375));
#571=CARTESIAN_POINT($,(4.13066305835549,16.4905313043072,3.796875));
#572=CARTESIAN_POINT($,(1.66629138560253,16.9181403534273,4.21875));
#573=CARTESIAN_POINT($,(-0.834150463566106,16.9795227554879,4.640625));
#574=CARTESIAN_POINT($,(-3.31653547427418,16.6733497668549,5.0625));
#575=CARTESIAN_POINT($,(-5.72712750766774,16.0062491081114,5.484375));
#576=CARTESIAN_POINT($,(-8.01374452604196,14.992661493922,5.90625));
#577=CARTESIAN_POINT($,(-10.1268881763714,13.654528035171,6.328125));
#578=CARTESIAN_POINT($,(-12.0208152801713,12.0208152801713,6.75));
#579=CARTESIAN_POINT($,(-13.654528035171,10.1268881763714,7.171875));
#580=CARTESIAN_POINT($,(-14.992661493922,8.01374452604196,7.59375));
#581=CARTESIAN_POINT($,(-16.0062491081114,5.72712750766775,8.015625));
#582=CARTESIAN_POINT($,(-16.6733497668549,3.31653547427419,8.4375));
#583=CARTESIAN_POINT($,(-16.9795227554879,0.834150463566105,8.859375));
#584=CARTESIAN_POINT($,(-16.9181403534273,-1.66629138560253,9.28125));
#585=CARTESIAN_POINT($,(-16.4905313043072,-4.13066305835549,9.703125));
#586=CARTESIAN_POINT($,(-15.7059520526919,-6.50561835020652,10.125));
#587=CARTESIAN_POINT($,(-14.5813863700046,-8.73974665128477,10.546875));
#588=CARTESIAN_POINT($,(-13.1411777071665,-10.784685830782,10.96875));
#589=CARTESIAN_POINT($,(-11.4165022323993,-12.5961691310343,11.390625));
#590=CARTESIAN_POINT($,(-9.44469396133324,-14.1349834091433,11.8125));
#591=CARTESIAN_POINT($,(-7.2684365883148,-15.3678179830985,12.234375));
#592=CARTESIAN_POINT($,(-4.93483951332586,-16.2679857074476,12.65625));
#593=CARTESIAN_POINT($,(-2.49441806574116,-16.8160006694013,13.078125));
#594=CARTESIAN_POINT($,(-0.000000000000003,-17,13.5));
#595=CARTESIAN_POINT($,(18,0,0));
#596=CARTESIAN_POINT($,(17.8051771793661,2.64114854019651,0.421875));
#597=CARTESIAN_POINT($,(17.2249260431798,5.22512419058032,0.84375));
#598=CARTESIAN_POINT($,(16.271807276222,7.69599168174508,1.265625));
#599=CARTESIAN_POINT($,(14.9664530214458,10.0002641943528,1.6875));
#600=CARTESIAN_POINT($,(13.3371202563893,12.0880611872463,2.109375));
#601=CARTESIAN_POINT($,(11.4190791149456,13.9141881605293,2.53125));
#602=CARTESIAN_POINT($,(9.25384939547799,15.4391149800049,2.953125));
#603=CARTESIAN_POINT($,(6.88830178257162,16.6298315852032,3.375));
#604=CARTESIAN_POINT($,(4.37364323825875,17.4605625575018,3.796875));
#605=CARTESIAN_POINT($,(1.76430852593209,17.9133250800995,4.21875));
#606=CARTESIAN_POINT($,(-0.883218137893524,17.9783182116931,4.640625));
#607=CARTESIAN_POINT($,(-3.51162579629031,17.6541350472581,5.0625));
#608=CARTESIAN_POINT($,(-6.06401736105996,16.9477931732944,5.484375));
#609=CARTESIAN_POINT($,(-8.48514126286796,15.8745827582704,5.90625));
#610=CARTESIAN_POINT($,(-10.7225874808638,14.4577355666516,6.328125));
#611=CARTESIAN_POINT($,(-12.7279220613579,12.7279220613579,6.75));
#612=CARTESIAN_POINT($,(-14.4577355666516,10.7225874808638,7.171875));
#613=CARTESIAN_POINT($,(-15.8745827582704,8.48514126286796,7.59375));
#614=CARTESIAN_POINT($,(-16.9477931732944,6.06401736105997,8.015625));
#615=CARTESIAN_POINT($,(-17.6541350472581,3.51162579629032,8.4375));
#616=CARTESIAN_POINT($,(-17.9783182116931,0.883218137893523,8.859375));
#617=CARTESIAN_POINT($,(-17.9133250800995,-1.76430852593209,9.28125));
#618=CARTESIAN_POINT($,(-17.4605625575018,-4.37364323825875,9.703125));
#619=CARTESIAN_POINT($,(-16.6298315852032,-6.88830178257161,10.125));
#620=CARTESIAN_POINT($,(-15.4391149800049,-9.25384939547799,10.546875));
#621=CARTESIAN_POINT($,(-13.9141881605293,-11.4190791149456,10.96875));
#622=CARTESIAN_POINT($,(-12.0880611872463,-13.3371202563893,11.390625));
#623=CARTESIAN_POINT($,(-10.0002641943528,-14.9664530214458,11.8125));
#624=CARTESIAN_POINT($,(-7.69599168174508,-16.271807276222,12.234375));
#625=CARTESIAN_POINT($,(-5.22512419058032,-17.2249260431798,12.65625));
#626=CARTESIAN_POINT($,(-2.64114854019652,-17.8051771793661,13.078125));
#627=CARTESIAN_POINT($,(-0.000000000000003,-18,13.5));
#628=CARTESIAN_POINT($,(19,0,0));
#629=CARTESIAN_POINT($,(18.7943536893308,2.78787901465187,0.421875));
#630=CARTESIAN_POINT($,(18.181866378912,5.51540886783478,0.84375));
#631=CARTESIAN_POINT($,(17.1757965693454,8.12354677517536,1.265625));
#632=CARTESIAN_POINT($,(15.7979226337484,10.5558344273724,1.6875));
#633=CARTESIAN_POINT($,(14.0780713817442,12.7596201420933,2.109375));
#634=CARTESIAN_POINT($,(12.0534723991093,14.687198613892,2.53125));
#635=CARTESIAN_POINT($,(9.76795213967121,16.2968435900052,2.953125));
#636=CARTESIAN_POINT($,(7.27098521493671,17.5537111177144,3.375));
#637=CARTESIAN_POINT($,(4.61662341816202,18.4305938106963,3.796875));
#638=CARTESIAN_POINT($,(1.86232566626165,18.9085098067717,4.21875));
#639=CARTESIAN_POINT($,(-0.932285812220942,18.9771136678983,4.640625));
#640=CARTESIAN_POINT($,(-3.70671611830644,18.6349203276614,5.0625));
#641=CARTESIAN_POINT($,(-6.40090721445218,17.8893372384774,5.484375));
#642=CARTESIAN_POINT($,(-8.95653799969396,16.7565040226187,5.90625));
#643=CARTESIAN_POINT($,(-11.3182867853562,15.2609430981323,6.328125));
#644=CARTESIAN_POINT($,(-13.4350288425444,13.4350288425444,6.75));
#645=CARTESIAN_POINT($,(-15.2609430981323,11.3182867853562,7.171875));
#646=CARTESIAN_POINT($,(-16.7565040226187,8.95653799969396,7.59375));
#647=CARTESIAN_POINT($,(-17.8893372384774,6.40090721445219,8.015625));
#648=CARTESIAN_POINT($,(-18.6349203276614,3.70671611830644,8.4375));
#649=CARTESIAN_POINT($,(-18.9771136678983,0.932285812220941,8.859375));
#650=CARTESIAN_POINT($,(-18.9085098067717,-1.86232566626165,9.28125));
#651=CARTESIAN_POINT($,(-18.4305938106963,-4.61662341816201,9.703125));
#652=CARTESIAN_POINT($,(-17.5537111177144,-7.2709852149367,10.125));
#653=CARTESIAN_POINT($,(-16.2968435900052,-9.76795213967121,10.546875));
#654=CARTESIAN_POINT($,(-14.687198613892,-12.0534723991093,10.96875));
#655=CARTESIAN_POINT($,(-12.7596201420934,-14.0780713817442,11.390625));
#656=CARTESIAN_POINT($,(-10.5558344273724,-15.7979226337484,11.8125));
#657=CARTESIAN_POINT($,(-8.12354677517537,-17.1757965693454,12.234375));
#658=CARTESIAN_POINT($,(-5.51540886783479,-18.181866378912,12.65625));
#659=CARTESIAN_POINT($,(-2.78787901465188,-18.7943536893308,13.078125));
#660=CARTESIAN_POINT($,(-0.000000000000003,-19,13.5));
#661=CARTESIAN_POINT($,(20,0,0));
#662=CARTESIAN_POINT($,(19.7835301992956,2.93460948910723,0.421875));
#663=CARTESIAN_POINT($,(19.1388067146442,5.80569354508925,0.84375));
#664=CARTESIAN_POINT($,(18.0797858624689,8.55110186860564,1.265625));
#665=CARTESIAN_POINT($,(16.6293922460509,11.111404660392,1.6875));
#666=CARTESIAN_POINT($,(14.8190225070992,13.4311790969404,2.109375));
#667=CARTESIAN_POINT($,(12.6878656832729,15.4602090672547,2.53125));
#668=CARTESIAN_POINT($,(10.2820548838644,17.1545722000054,2.953125));
#669=CARTESIAN_POINT($,(7.6536686473018,18.4775906502257,3.375));
#670=CARTESIAN_POINT($,(4.85960359806528,19.4006250638909,3.796875));
#671=CARTESIAN_POINT($,(1.96034280659122,19.9036945334439,4.21875));
#672=CARTESIAN_POINT($,(-0.98135348654836,19.9759091241034,4.640625));
#673=CARTESIAN_POINT($,(-3.90180644032256,19.6157056080646,5.0625));
#674=CARTESIAN_POINT($,(-6.7377970678444,18.8308813036604,5.484375));
#675=CARTESIAN_POINT($,(-9.42793473651995,17.6384252869671,5.90625));
#676=CARTESIAN_POINT($,(-11.9139860898487,16.0641506296129,6.328125));
#677=CARTESIAN_POINT($,(-14.1421356237309,14.142135623731,6.75));
#678=CARTESIAN_POINT($,(-16.0641506296129,11.9139860898487,7.171875));
#679=CARTESIAN_POINT($,(-17.6384252869671,9.42793473651996,7.59375));
#680=CARTESIAN_POINT($,(-18.8308813036604,6.73779706784441,8.015625));
#681=CARTESIAN_POINT($,(-19.6157056080646,3.90180644032257,8.4375));
#682=CARTESIAN_POINT($,(-19.9759091241034,0.981353486548359,8.859375));
#683=CARTESIAN_POINT($,(-19.9036945334439,-1.96034280659121,9.28125));
#684=CARTESIAN_POINT($,(-19.4006250638909,-4.85960359806528,9.703125));
#685=CARTESIAN_POINT($,(-18.4775906502257,-7.65366864730179,10.125));
#686=CARTESIAN_POINT($,(-17.1545722000054,-10.2820548838644,10.546875));
#687=CARTESIAN_POINT($,(-15.4602090672547,-12.6878656832729,10.96875));
#688=CARTESIAN_POINT($,(-13.4311790969404,-14.8190225070992,11.390625));
#689=CARTESIAN_POINT($,(-11.111404660392,-16.6293922460509,11.8125));
#690=CARTESIAN_POINT($,(-8.55110186860565,-18.0797858624689,12.234375));
#691=CARTESIAN_POINT($,(-5.80569354508925,-19.1388067146442,12.65625));
#692=CARTESIAN_POINT($,(-2.93460948910725,-19.7835301992956,13.078125));
#693=CARTESIAN_POINT($,(-0.000000000000004,-20,13.5));
#694=CARTESIAN_POINT($,(21,0,0));
#695=CARTESIAN_POINT($,(20.7727067092604,3.0813399635626,0.421875));
#696=CARTESIAN_POINT($,(20.0957470503764,6.09597822234371,0.84375));
#697=CARTESIAN_POINT($,(18.9837751555923,8.97865696203592,1.265625));
#698=CARTESIAN_POINT($,(17.4608618583535,11.6669748934116,1.6875));
#699=CARTESIAN_POINT($,(15.5599736324541,14.1027380517874,2.109375));
#700=CARTESIAN_POINT($,(13.3222589674366,16.2332195206175,2.53125));
#701=CARTESIAN_POINT($,(10.7961576280577,18.0123008100057,2.953125));
#702=CARTESIAN_POINT($,(8.03635207966689,19.401470182737,3.375));
#703=CARTESIAN_POINT($,(5.10258377796854,20.3706563170854,3.796875));
#704=CARTESIAN_POINT($,(2.05835994692078,20.8988792601161,4.21875));
#705=CARTESIAN_POINT($,(-1.03042116087578,20.9747045803086,4.640625));
#706=CARTESIAN_POINT($,(-4.09689676233869,20.5964908884678,5.0625));
#707=CARTESIAN_POINT($,(-7.07468692123662,19.7724253688434,5.484375));
#708=CARTESIAN_POINT($,(-9.89933147334595,18.5203465513155,5.90625));
#709=CARTESIAN_POINT($,(-12.5096853943411,16.8673581610935,6.328125));
#710=CARTESIAN_POINT($,(-14.8492424049175,14.8492424049175,6.75));
#711=CARTESIAN_POINT($,(-16.8673581610935,12.5096853943411,7.171875));
#712=CARTESIAN_POINT($,(-18.5203465513155,9.89933147334595,7.59375));
#713=CARTESIAN_POINT($,(-19.7724253688434,7.07468692123663,8.015625));
#714=CARTESIAN_POINT($,(-20.5964908884678,4.0968967623387,8.4375));
#715=CARTESIAN_POINT($,(-20.9747045803086,1.03042116087578,8.859375));
#716=CARTESIAN_POINT($,(-20.8988792601161,-2.05835994692077,9.28125));
#717=CARTESIAN_POINT($,(-20.3706563170854,-5.10258377796854,9.703125));
#718=CARTESIAN_POINT($,(-19.401470182737,-8.03635207966688,10.125));
#719=CARTESIAN_POINT($,(-18.0123008100057,-10.7961576280577,10.546875));
#720=CARTESIAN_POINT($,(-16.2332195206175,-13.3222589674366,10.96875));
#721=CARTESIAN_POINT($,(-14.1027380517874,-15.5599736324541,11.390625));
#722=CARTESIAN_POINT($,(-11.6669748934116,-17.4608618583535,11.8125));
#723=CARTESIAN_POINT($,(-8.97865696203593,-18.9837751555923,12.234375));
#724=CARTESIAN_POINT($,(-6.09597822234371,-20.0957470503764,12.65625));
#725=CARTESIAN_POINT($,(-3.08133996356261,-20.7727067092604,13.078125));
#726=CARTESIAN_POINT($,(-0.000000000000004,-21,13.5));
#727=CARTESIAN_POINT($,(22,0,0));
#728=CARTESIAN_POINT($,(21.7618832192252,3.22807043801796,0.421875));
#729=CARTESIAN_POINT($,(21.0526873861086,6.38626289959817,0.84375));
#730=CARTESIAN_POINT($,(19.8877644487158,9.40621205546621,1.265625));
#731=CARTESIAN_POINT($,(18.292331470656,12.2225451264312,1.6875));
#732=CARTESIAN_POINT($,(16.3009247578091,14.7742970066344,2.109375));
#733=CARTESIAN_POINT($,(13.9566522516002,17.0062299739802,2.53125));
#734=CARTESIAN_POINT($,(11.3102603722509,18.870029420006,2.953125));
#735=CARTESIAN_POINT($,(8.41903551203198,20.3253497152483,3.375));
#736=CARTESIAN_POINT($,(5.34556395787181,21.34068757028,3.796875));
#737=CARTESIAN_POINT($,(2.15637708725034,21.8940639867883,4.21875));
#738=CARTESIAN_POINT($,(-1.0794888352032,21.9735000365138,4.640625));
#739=CARTESIAN_POINT($,(-4.29198708435482,21.5772761688711,5.0625));
#740=CARTESIAN_POINT($,(-7.41157677462884,20.7139694340265,5.484375));
#741=CARTESIAN_POINT($,(-10.3707282101719,19.4022678156638,5.90625));
#742=CARTESIAN_POINT($,(-13.1053846988335,17.6705656925742,6.328125));
#743=CARTESIAN_POINT($,(-15.556349186104,15.556349186104,6.75));
#744=CARTESIAN_POINT($,(-17.6705656925742,13.1053846988335,7.171875));
#745=CARTESIAN_POINT($,(-19.4022678156638,10.370728210172,7.59375));
#746=CARTESIAN_POINT($,(-20.7139694340265,7.41157677462885,8.015625));
#747=CARTESIAN_POINT($,(-21.5772761688711,4.29198708435483,8.4375));
#748=CARTESIAN_POINT($,(-21.9735000365138,1.0794888352032,8.859375));
#749=CARTESIAN_POINT($,(-21.8940639867883,-2.15637708725033,9.28125));
#750=CARTESIAN_POINT($,(-21.34068757028,-5.3455639578718,9.703125));
#751=CARTESIAN_POINT($,(-20.3253497152483,-8.41903551203197,10.125));
#752=CARTESIAN_POINT($,(-18.870029420006,-11.3102603722509,10.546875));
#753=CARTESIAN_POINT($,(-17.0062299739802,-13.9566522516002,10.96875));
#754=CARTESIAN_POINT($,(-14.7742970066344,-16.3009247578091,11.390625));
#755=CARTESIAN_POINT($,(-12.2225451264312,-18.292331470656,11.8125));
#756=CARTESIAN_POINT($,(-9.40621205546621,-19.8877644487157,12.234375));
#757=CARTESIAN_POINT($,(-6.38626289959817,-21.0526873861086,12.65625));
#758=CARTESIAN_POINT($,(-3.22807043801797,-21.7618832192252,13.078125));
#759=CARTESIAN_POINT($,(-0.000000000000004,-22,13.5));
#760=CARTESIAN_POINT($,(23,0,0));
#761=CARTESIAN_POINT($,(22.75105972919,3.37480091247332,0.421875));
#762=CARTESIAN_POINT($,(22.0096277218408,6.67654757685263,0.84375));
#763=CARTESIAN_POINT($,(20.7917537418392,9.83376714889649,1.265625));
#764=CARTESIAN_POINT($,(19.1238010829585,12.7781153594509,1.6875));
#765=CARTESIAN_POINT($,(17.0418758831641,15.4458559614814,2.109375));
#766=CARTESIAN_POINT($,(14.5910455357638,17.7792404273429,2.53125));
#767=CARTESIAN_POINT($,(11.8243631164441,19.7277580300063,2.953125));
#768=CARTESIAN_POINT($,(8.80171894439707,21.2492292477596,3.375));
#769=CARTESIAN_POINT($,(5.58854413777507,22.3107188234745,3.796875));
#770=CARTESIAN_POINT($,(2.2543942275799,22.8892487134605,4.21875));
#771=CARTESIAN_POINT($,(-1.12855650953061,22.972295492719,4.640625));
#772=CARTESIAN_POINT($,(-4.48707740637095,22.5580614492743,5.0625));
#773=CARTESIAN_POINT($,(-7.74846662802106,21.6555134992095,5.484375));
#774=CARTESIAN_POINT($,(-10.8421249469979,20.2841890800122,5.90625));
#775=CARTESIAN_POINT($,(-13.701084003326,18.4737732240548,6.328125));
#776=CARTESIAN_POINT($,(-16.2634559672906,16.2634559672906,6.75));
#777=CARTESIAN_POINT($,(-18.4737732240548,13.701084003326,7.171875));
#778=CARTESIAN_POINT($,(-20.2841890800122,10.842124946998,7.59375));
#779=CARTESIAN_POINT($,(-21.6555134992095,7.74846662802107,8.015625));
#780=CARTESIAN_POINT($,(-22.5580614492743,4.48707740637096,8.4375));
#781=CARTESIAN_POINT($,(-22.972295492719,1.12855650953061,8.859375));
#782=CARTESIAN_POINT($,(-22.8892487134605,-2.25439422757989,9.28125));
#783=CARTESIAN_POINT($,(-22.3107188234745,-5.58854413777507,9.703125));
#784=CARTESIAN_POINT($,(-21.2492292477596,-8.80171894439706,10.125));
#785=CARTESIAN_POINT($,(-19.7277580300063,-11.8243631164441,10.546875));
#786=CARTESIAN_POINT($,(-17.779240427343,-14.5910455357638,10.96875));
#787=CARTESIAN_POINT($,(-15.4458559614814,-17.0418758831641,11.390625));
#788=CARTESIAN_POINT($,(-12.7781153594509,-19.1238010829585,11.8125));
#789=CARTESIAN_POINT($,(-9.8337671488965,-20.7917537418392,12.234375));
#790=CARTESIAN_POINT($,(-6.67654757685264,-22.0096277218408,12.65625));
#791=CARTESIAN_POINT($,(-3.37480091247333,-22.75105972919,13.078125));
#792=CARTESIAN_POINT($,(-0.000000000000004,-23,13.5));
#793=CARTESIAN_POINT($,(24,0,0));
#794=CARTESIAN_POINT($,(23.7402362391547,3.52153138692868,0.421875));
#795=CARTESIAN_POINT($,(22.966568057573,6.9668322541071,0.84375));
#796=CARTESIAN_POINT($,(21.6957430349626,10.2613222423268,1.265625));
#797=CARTESIAN_POINT($,(19.9552706952611,13.3336855924705,1.6875));
#798=CARTESIAN_POINT($,(17.782827008519,16.1174149163284,2.109375));
#799=CARTESIAN_POINT($,(15.2254388199275,18.5522508807057,2.53125));
#800=CARTESIAN_POINT($,(12.3384658606373,20.5854866400065,2.953125));
#801=CARTESIAN_POINT($,(9.18440237676216,22.1731087802709,3.375));
#802=CARTESIAN_POINT($,(5.83152431767834,23.2807500766691,3.796875));
#803=CARTESIAN_POINT($,(2.35241136790946,23.8844334401327,4.21875));
#804=CARTESIAN_POINT($,(-1.17762418385803,23.9710909489241,4.640625));
#805=CARTESIAN_POINT($,(-4.68216772838708,23.5388467296775,5.0625));
#806=CARTESIAN_POINT($,(-8.08535648141328,22.5970575643925,5.484375));
#807=CARTESIAN_POINT($,(-11.3135216838239,21.1661103443605,5.90625));
#808=CARTESIAN_POINT($,(-14.2967833078184,19.2769807555355,6.328125));
#809=CARTESIAN_POINT($,(-16.9705627484771,16.9705627484771,6.75));
#810=CARTESIAN_POINT($,(-19.2769807555355,14.2967833078184,7.171875));
#811=CARTESIAN_POINT($,(-21.1661103443605,11.3135216838239,7.59375));
#812=CARTESIAN_POINT($,(-22.5970575643925,8.08535648141329,8.015625));
#813=CARTESIAN_POINT($,(-23.5388467296775,4.68216772838709,8.4375));
#814=CARTESIAN_POINT($,(-23.9710909489241,1.17762418385803,8.859375));
#815=CARTESIAN_POINT($,(-23.8844334401327,-2.35241136790945,9.28125));
#816=CARTESIAN_POINT($,(-23.2807500766691,-5.83152431767833,9.703125));
#817=CARTESIAN_POINT($,(-22.1731087802709,-9.18440237676215,10.125));
#818=CARTESIAN_POINT($,(-20.5854866400065,-12.3384658606373,10.546875));
#819=CARTESIAN_POINT($,(-18.5522508807057,-15.2254388199275,10.96875));
#820=CARTESIAN_POINT($,(-16.1174149163284,-17.782827008519,11.390625));
#821=CARTESIAN_POINT($,(-13.3336855924705,-19.9552706952611,11.8125));
#822=CARTESIAN_POINT($,(-10.2613222423268,-21.6957430349626,12.234375));
#823=CARTESIAN_POINT($,(-6.9668322541071,-22.966568057573,12.65625));
#824=CARTESIAN_POINT($,(-3.5215313869287,-23.7402362391547,13.078125));
#825=CARTESIAN_POINT($,(-0.000000000000004,-24,13.5));
#826=CARTESIAN_POINT($,(25,0,0));
#827=CARTESIAN_POINT($,(24.7294127491195,3.66826186138404,0.421875));
#828=CARTESIAN_POINT($,(23.9235083933052,7.25711693136156,0.84375));
#829=CARTESIAN_POINT($,(22.5997323280861,10.6888773357571,1.265625));
#830=CARTESIAN_POINT($,(20.7867403075636,13.8892558254901,1.6875));
#831=CARTESIAN_POINT($,(18.523778133874,16.7889738711755,2.109375));
#832=CARTESIAN_POINT($,(15.8598321040911,19.3252613340684,2.53125));
#833=CARTESIAN_POINT($,(12.8525686048305,21.4432152500068,2.953125));
#834=CARTESIAN_POINT($,(9.56708580912725,23.0969883127822,3.375));
#835=CARTESIAN_POINT($,(6.0745044975816,24.2507813298636,3.796875));
#836=CARTESIAN_POINT($,(2.45042850823902,24.8796181668049,4.21875));
#837=CARTESIAN_POINT($,(-1.22669185818545,24.9698864051293,4.640625));
#838=CARTESIAN_POINT($,(-4.8772580504032,24.5196320100808,5.0625));
#839=CARTESIAN_POINT($,(-8.4222463348055,23.5386016295755,5.484375));
#840=CARTESIAN_POINT($,(-11.7849184206499,22.0480316087089,5.90625));
#841=CARTESIAN_POINT($,(-14.8924826123108,20.0801882870161,6.328125));
#842=CARTESIAN_POINT($,(-17.6776695296637,17.6776695296637,6.75));
#843=CARTESIAN_POINT($,(-20.0801882870161,14.8924826123108,7.171875));
#844=CARTESIAN_POINT($,(-22.0480316087089,11.7849184206499,7.59375));
#845=CARTESIAN_POINT($,(-23.5386016295755,8.42224633480551,8.015625));
#846=CARTESIAN_POINT($,(-24.5196320100808,4.87725805040322,8.4375));
#847=CARTESIAN_POINT($,(-24.9698864051293,1.22669185818545,8.859375));
#848=CARTESIAN_POINT($,(-24.8796181668049,-2.45042850823901,9.28125));
#849=CARTESIAN_POINT($,(-24.2507813298636,-6.0745044975816,9.703125));
#850=CARTESIAN_POINT($,(-23.0969883127822,-9.56708580912724,10.125));
#851=CARTESIAN_POINT($,(-21.4432152500068,-12.8525686048305,10.546875));
#852=CARTESIAN_POINT($,(-19.3252613340684,-15.8598321040911,10.96875));
#853=CARTESIAN_POINT($,(-16.7889738711755,-18.523778133874,11.390625));
#854=CARTESIAN_POINT($,(-13.8892558254901,-20.7867403075636,11.8125));
#855=CARTESIAN_POINT($,(-10.6888773357571,-22.5997323280861,12.234375));
#856=CARTESIAN_POINT($,(-7.25711693136156,-23.9235083933052,12.65625));
#857=CARTESIAN_POINT($,(-3.66826186138406,-24.7294127491195,13.078125));
#858=CARTESIAN_POINT($,(-0.000000000000005,-25,13.5));
#859=CARTESIAN_POINT($,(26,0,0));
#860=CARTESIAN_POINT($,(25.7185892590843,3.81499233583941,0.421875));
#861=CARTESIAN_POINT($,(24.8804487290374,7.54740160861602,0.84375));
#862=CARTESIAN_POINT($,(23.5037216212095,11.1164324291873,1.265625));
#863=CARTESIAN_POINT($,(21.6182099198662,14.4448260585097,1.6875));
#864=CARTESIAN_POINT($,(19.2647292592289,17.4605328260225,2.109375));
#865=CARTESIAN_POINT($,(16.4942253882548,20.0982717874312,2.53125));
#866=CARTESIAN_POINT($,(13.3666713490238,22.3009438600071,2.953125));
#867=CARTESIAN_POINT($,(9.94976924149234,24.0208678452935,3.375));
#868=CARTESIAN_POINT($,(6.31748467748486,25.2208125830581,3.796875));
#869=CARTESIAN_POINT($,(2.54844564856858,25.8748028934771,4.21875));
#870=CARTESIAN_POINT($,(-1.27575953251287,25.9686818613345,4.640625));
#871=CARTESIAN_POINT($,(-5.07234837241933,25.500417290484,5.0625));
#872=CARTESIAN_POINT($,(-8.75913618819772,24.4801456947585,5.484375));
#873=CARTESIAN_POINT($,(-12.2563151574759,22.9299528730572,5.90625));
#874=CARTESIAN_POINT($,(-15.4881819168033,20.8833958184968,6.328125));
#875=CARTESIAN_POINT($,(-18.3847763108502,18.3847763108502,6.75));
#876=CARTESIAN_POINT($,(-20.8833958184968,15.4881819168033,7.171875));
#877=CARTESIAN_POINT($,(-22.9299528730572,12.2563151574759,7.59375));
#878=CARTESIAN_POINT($,(-24.4801456947585,8.75913618819773,8.015625));
#879=CARTESIAN_POINT($,(-25.500417290484,5.07234837241934,8.4375));
#880=CARTESIAN_POINT($,(-25.9686818613345,1.27575953251287,8.859375));
#881=CARTESIAN_POINT($,(-25.8748028934771,-2.54844564856858,9.28125));
#882=CARTESIAN_POINT($,(-25.2208125830581,-6.31748467748486,9.703125));
#883=CARTESIAN_POINT($,(-24.0208678452935,-9.94976924149233,10.125));
#884=CARTESIAN_POINT($,(-22.3009438600071,-13.3666713490238,10.546875));
#885=CARTESIAN_POINT($,(-20.0982717874312,-16.4942253882548,10.96875));
#886=CARTESIAN_POINT($,(-17.4605328260225,-19.2647292592289,11.390625));
#887=CARTESIAN_POINT($,(-14.4448260585097,-21.6182099198662,11.8125));
#888=CARTESIAN_POINT($,(-11.1164324291873,-23.5037216212095,12.234375));
#889=CARTESIAN_POINT($,(-7.54740160861602,-24.8804487290374,12.65625));
#890=CARTESIAN_POINT($,(-3.81499233583942,-25.7185892590843,13.078125));
#891=CARTESIAN_POINT($,(-0.000000000000005,-26,13.5));
#892=CARTESIAN_POINT($,(27,0,0));
#893=CARTESIAN_POINT($,(26.7077657690491,3.96172281029477,0.421875));
#894=CARTESIAN_POINT($,(25.8373890647696,7.83768628587048,0.84375));
#895=CARTESIAN_POINT($,(24.407710914333,11.5439875226176,1.265625));
#896=CARTESIAN_POINT($,(22.4496795321687,15.0003962915293,1.6875));
#897=CARTESIAN_POINT($,(20.0056803845839,18.1320917808695,2.109375));
#898=CARTESIAN_POINT($,(17.1286186724184,20.8712822407939,2.53125));
#899=CARTESIAN_POINT($,(13.880774093217,23.1586724700073,2.953125));
#900=CARTESIAN_POINT($,(10.3324526738574,24.9447473778047,3.375));
#901=CARTESIAN_POINT($,(6.56046485738813,26.1908438362527,3.796875));
#902=CARTESIAN_POINT($,(2.64646278889814,26.8699876201493,4.21875));
#903=CARTESIAN_POINT($,(-1.32482720684029,26.9674773175397,4.640625));
#904=CARTESIAN_POINT($,(-5.26743869443546,26.4812025708872,5.0625));
#905=CARTESIAN_POINT($,(-9.09602604158994,25.4216897599416,5.484375));
#906=CARTESIAN_POINT($,(-12.7277118943019,23.8118741374056,5.90625));
#907=CARTESIAN_POINT($,(-16.0838812212957,21.6866033499774,6.328125));
#908=CARTESIAN_POINT($,(-19.0918830920368,19.0918830920368,6.75));
#909=CARTESIAN_POINT($,(-21.6866033499774,16.0838812212957,7.171875));
#910=CARTESIAN_POINT($,(-23.8118741374056,12.7277118943019,7.59375));
#911=CARTESIAN_POINT($,(-25.4216897599416,9.09602604158995,8.015625));
#912=CARTESIAN_POINT($,(-26.4812025708872,5.26743869443547,8.4375));
#913=CARTESIAN_POINT($,(-26.9674773175397,1.32482720684029,8.859375));
#914=CARTESIAN_POINT($,(-26.8699876201493,-2.64646278889814,9.28125));
#915=CARTESIAN_POINT($,(-26.1908438362527,-6.56046485738812,9.703125));
#916=CARTESIAN_POINT($,(-24.9447473778047,-10.3324526738574,10.125));
#917=CARTESIAN_POINT($,(-23.1586724700073,-13.880774093217,10.546875));
#918=CARTESIAN_POINT($,(-20.8712822407939,-17.1286186724184,10.96875));
#919=CARTESIAN_POINT($,(-18.1320917808695,-20.0056803845839,11.390625));
#920=CARTESIAN_POINT($,(-15.0003962915293,-22.4496795321687,11.8125));
#921=CARTESIAN_POINT($,(-11.5439875226176,-24.407710914333,12.234375));
#922=CARTESIAN_POINT($,(-7.83768628587049,-25.8373890647696,12.65625));
#923=CARTESIAN_POINT($,(-3.96172281029478,-26.7077657690491,13.078125));
#924=CARTESIAN_POINT($,(-0.000000000000005,-27,13.5));
#925=CARTESIAN_POINT($,(28,0,0));
#926=CARTESIAN_POINT($,(27.6969422790139,4.10845328475013,0.421875));
#927=CARTESIAN_POINT($,(26.7943294005018,8.12797096312494,0.84375));
#928=CARTESIAN_POINT($,(25.3117002074564,11.9715426160479,1.265625));
#929=CARTESIAN_POINT($,(23.2811491444713,15.5559665245489,1.6875));
#930=CARTESIAN_POINT($,(20.7466315099389,18.8036507357165,2.109375));
#931=CARTESIAN_POINT($,(17.7630119565821,21.6442926941566,2.53125));
#932=CARTESIAN_POINT($,(14.3948768374102,24.0164010800076,2.953125));
#933=CARTESIAN_POINT($,(10.7151361062225,25.868626910316,3.375));
#934=CARTESIAN_POINT($,(6.80344503729139,27.1608750894472,3.796875));
#935=CARTESIAN_POINT($,(2.7444799292277,27.8651723468215,4.21875));
#936=CARTESIAN_POINT($,(-1.3738948811677,27.9662727737448,4.640625));
#937=CARTESIAN_POINT($,(-5.46252901645159,27.4619878512905,5.0625));
#938=CARTESIAN_POINT($,(-9.43291589498216,26.3632338251246,5.484375));
#939=CARTESIAN_POINT($,(-13.1991086311279,24.6937954017539,5.90625));
#940=CARTESIAN_POINT($,(-16.6795805257881,22.4898108814581,6.328125));
#941=CARTESIAN_POINT($,(-19.7989898732233,19.7989898732233,6.75));
#942=CARTESIAN_POINT($,(-22.4898108814581,16.6795805257881,7.171875));
#943=CARTESIAN_POINT($,(-24.6937954017539,13.1991086311279,7.59375));
#944=CARTESIAN_POINT($,(-26.3632338251246,9.43291589498217,8.015625));
#945=CARTESIAN_POINT($,(-27.4619878512905,5.4625290164516,8.4375));
#946=CARTESIAN_POINT($,(-27.9662727737448,1.3738948811677,8.859375));
#947=CARTESIAN_POINT($,(-27.8651723468215,-2.7444799292277,9.28125));
#948=CARTESIAN_POINT($,(-27.1608750894472,-6.80344503729139,9.703125));
#949=CARTESIAN_POINT($,(-25.868626910316,-10.7151361062225,10.125));
#950=CARTESIAN_POINT($,(-24.0164010800076,-14.3948768374102,10.546875));
#951=CARTESIAN_POINT($,(-21.6442926941566,-17.7630119565821,10.96875));
#952=CARTESIAN_POINT($,(-18.8036507357165,-20.7466315099388,11.390625));
#953=CARTESIAN_POINT($,(-15.5559665245489,-23.2811491444713,11.8125));
#954=CARTESIAN_POINT($,(-11.9715426160479,-25.3117002074564,12.234375));
#955=CARTESIAN_POINT($,(-8.12797096312495,-26.7943294005018,12.65625));
#956=CARTESIAN_POINT($,(-4.10845328475014,-27.6969422790139,13.078125));
#957=CARTESIAN_POINT($,(-0.000000000000005,-28,13.5));
#958=CARTESIAN_POINT($,(29,0,0));
#959=CARTESIAN_POINT($,(28.6861187889786,4.25518375920549,0.421875));
#960=CARTESIAN_POINT($,(27.7512697362341,8.41825564037941,0.84375));
#961=CARTESIAN_POINT($,(26.2156895005799,12.3990977094782,1.265625));
#962=CARTESIAN_POINT($,(24.1126187567738,16.1115367575685,1.6875));
#963=CARTESIAN_POINT($,(21.4875826352938,19.4752096905635,2.109375));
#964=CARTESIAN_POINT($,(18.3974052407457,22.4173031475194,2.53125));
#965=CARTESIAN_POINT($,(14.9089795816034,24.8741296900079,2.953125));
#966=CARTESIAN_POINT($,(11.0978195385876,26.7925064428273,3.375));
#967=CARTESIAN_POINT($,(7.04642521719466,28.1309063426418,3.796875));
#968=CARTESIAN_POINT($,(2.84249706955726,28.8603570734937,4.21875));
#969=CARTESIAN_POINT($,(-1.42296255549512,28.96506822995,4.640625));
#970=CARTESIAN_POINT($,(-5.65761933846772,28.4427731316937,5.0625));
#971=CARTESIAN_POINT($,(-9.76980574837438,27.3047778903076,5.484375));
#972=CARTESIAN_POINT($,(-13.6705053679539,25.5757166661023,5.90625));
#973=CARTESIAN_POINT($,(-17.2752798302806,23.2930184129387,6.328125));
#974=CARTESIAN_POINT($,(-20.5060966544099,20.5060966544099,6.75));
#975=CARTESIAN_POINT($,(-23.2930184129387,17.2752798302806,7.171875));
#976=CARTESIAN_POINT($,(-25.5757166661023,13.6705053679539,7.59375));
#977=CARTESIAN_POINT($,(-27.3047778903076,9.76980574837439,8.015625));
#978=CARTESIAN_POINT($,(-28.4427731316937,5.65761933846773,8.4375));
#979=CARTESIAN_POINT($,(-28.96506822995,1.42296255549512,8.859375));
#980=CARTESIAN_POINT($,(-28.8603570734937,-2.84249706955726,9.28125));
#981=CARTESIAN_POINT($,(-28.1309063426418,-7.04642521719465,9.703125));
#982=CARTESIAN_POINT($,(-26.7925064428273,-11.0978195385876,10.125));
#983=CARTESIAN_POINT($,(-24.8741296900079,-14.9089795816034,10.546875));
#984=CARTESIAN_POINT($,(-22.4173031475194,-18.3974052407457,10.96875));
#985=CARTESIAN_POINT($,(-19.4752096905635,-21.4875826352938,11.390625));
#986=CARTESIAN_POINT($,(-16.1115367575685,-24.1126187567738,11.8125));
#987=CARTESIAN_POINT($,(-12.3990977094782,-26.2156895005798,12.234375));
#988=CARTESIAN_POINT($,(-8.41825564037941,-27.7512697362341,12.65625));
#989=CARTESIAN_POINT($,(-4.25518375920551,-28.6861187889786,13.078125));
#990=CARTESIAN_POINT($,(-0.000000000000005,-29,13.5));
#991=CARTESIAN_POINT($,(30,0,0));
#992=CARTESIAN_POINT($,(29.6752952989434,4.40191423366085,0.421875));
#993=CARTESIAN_POINT($,(28.7082100719663,8.70854031763387,0.84375));
#994=CARTESIAN_POINT($,(27.1196787937033,12.8266528029085,1.265625));
#995=CARTESIAN_POINT($,(24.9440883690764,16.6671069905881,1.6875));
#996=CARTESIAN_POINT($,(22.2285337606488,20.1467686454105,2.109375));
#997=CARTESIAN_POINT($,(19.0317985249094,23.1903136008821,2.53125));
#998=CARTESIAN_POINT($,(15.4230823257966,25.7318583000082,2.953125));
#999=CARTESIAN_POINT($,(11.4805029709527,27.7163859753386,3.375));
#1000=CARTESIAN_POINT($,(7.28940539709792,29.1009375958363,3.796875));
#1001=CARTESIAN_POINT($,(2.94051420988682,29.8555418001659,4.21875));
#1002=CARTESIAN_POINT($,(-1.47203022982254,29.9638636861552,4.640625));
#1003=CARTESIAN_POINT($,(-5.85270966048385,29.4235584120969,5.0625));
#1004=CARTESIAN_POINT($,(-10.1066956017666,28.2463219554906,5.484375));
#1005=CARTESIAN_POINT($,(-14.1419021047799,26.4576379304507,5.90625));
#1006=CARTESIAN_POINT($,(-17.870979134773,24.0962259444193,6.328125));
#1007=CARTESIAN_POINT($,(-21.2132034355964,21.2132034355964,6.75));
#1008=CARTESIAN_POINT($,(-24.0962259444193,17.870979134773,7.171875));
#1009=CARTESIAN_POINT($,(-26.4576379304506,14.1419021047799,7.59375));
#1010=CARTESIAN_POINT($,(-28.2463219554906,10.1066956017666,8.015625));
#1011=CARTESIAN_POINT($,(-29.4235584120969,5.85270966048386,8.4375));
#1012=CARTESIAN_POINT($,(-29.9638636861552,1.47203022982254,8.859375));
#1013=CARTESIAN_POINT($,(-29.8555418001659,-2.94051420988682,9.28125));
#1014=CARTESIAN_POINT($,(-29.1009375958363,-7.28940539709791,9.703125));
#1015=CARTESIAN_POINT($,(-27.7163859753386,-11.4805029709527,10.125));
#1016=CARTESIAN_POINT($,(-25.7318583000082,-15.4230823257966,10.546875));
#1017=CARTESIAN_POINT($,(-23.1903136008821,-19.0317985249094,10.96875));
#1018=CARTESIAN_POINT($,(-20.1467686454106,-22.2285337606488,11.390625));
#1019=CARTESIAN_POINT($,(-16.6671069905881,-24.9440883690764,11.8125));
#1020=CARTESIAN_POINT($,(-12.8266528029085,-27.1196787937033,12.234375));
#1021=CARTESIAN_POINT($,(-8.70854031763387,-28.7082100719663,12.65625));
#1022=CARTESIAN_POINT($,(-4.40191423366087,-29.6752952989434,13.078125));
#1023=CARTESIAN_POINT($,(-0.000000000000006,-30,13.5));
#1024=CARTESIAN_POINT($,(31,0,0));
#1025=CARTESIAN_POINT($,(30.6644718089082,4.54864470811621,0.421875));
#1026=CARTESIAN_POINT($,(29.6651504076985,8.99882499488833,0.84375));
#1027=CARTESIAN_POINT($,(28.0236680868267,13.2542078963387,1.265625));
#1028=CARTESIAN_POINT($,(25.7755579813789,17.2226772236077,1.6875));
#1029=CARTESIAN_POINT($,(22.9694848860037,20.8183276002576,2.109375));
#1030=CARTESIAN_POINT($,(19.666191809073,23.9633240542448,2.53125));
#1031=CARTESIAN_POINT($,(15.9371850699899,26.5895869100084,2.953125));
#1032=CARTESIAN_POINT($,(11.8631864033178,28.6402655078499,3.375));
#1033=CARTESIAN_POINT($,(7.53238557700118,30.0709688490309,3.796875));
#1034=CARTESIAN_POINT($,(3.03853135021638,30.8507265268381,4.21875));
#1035=CARTESIAN_POINT($,(-1.52109790414996,30.9626591423603,4.640625));
#1036=CARTESIAN_POINT($,(-6.04779998249997,30.4043436925001,5.0625));
#1037=CARTESIAN_POINT($,(-10.4435854551588,29.1878660206736,5.484375));
#1038=CARTESIAN_POINT($,(-14.6132988416059,27.339559194799,5.90625));
#1039=CARTESIAN_POINT($,(-18.4666784392654,24.8994334759,6.328125));
#1040=CARTESIAN_POINT($,(-21.920310216783,21.920310216783,6.75));
#1041=CARTESIAN_POINT($,(-24.8994334759,18.4666784392654,7.171875));
#1042=CARTESIAN_POINT($,(-27.339559194799,14.6132988416059,7.59375));
#1043=CARTESIAN_POINT($,(-29.1878660206736,10.4435854551588,8.015625));
#1044=CARTESIAN_POINT($,(-30.4043436925001,6.04779998249999,8.4375));
#1045=CARTESIAN_POINT($,(-30.9626591423603,1.52109790414996,8.859375));
#1046=CARTESIAN_POINT($,(-30.8507265268381,-3.03853135021638,9.28125));
#1047=CARTESIAN_POINT($,(-30.0709688490309,-7.53238557700118,9.703125));
#1048=CARTESIAN_POINT($,(-28.6402655078499,-11.8631864033178,10.125));
#1049=CARTESIAN_POINT($,(-26.5895869100084,-15.9371850699899,10.546875));
#1050=CARTESIAN_POINT($,(-23.9633240542449,-19.666191809073,10.96875));
#1051=CARTESIAN_POINT($,(-20.8183276002576,-22.9694848860037,11.390625));
#1052=CARTESIAN_POINT($,(-17.2226772236077,-25.7755579813789,11.8125));
#1053=CARTESIAN_POINT($,(-13.2542078963388,-28.0236680868267,12.234375));
#1054=CARTESIAN_POINT($,(-8.99882499488834,-29.6651504076985,12.65625));
#1055=CARTESIAN_POINT($,(-4.54864470811623,-30.6644718089082,13.078125));
#1056=CARTESIAN_POINT($,(-0.000000000000006,-31,13.5));
#1057=CARTESIAN_POINT($,(32,0,0));
#1058=CARTESIAN_POINT($,(31.653648318873,4.69537518257158,0.421875));
#1059=CARTESIAN_POINT($,(30.6220907434307,9.28910967214279,0.84375));
#1060=CARTESIAN_POINT($,(28.9276573799502,13.681762989769,1.265625));
#1061=CARTESIAN_POINT($,(26.6070275936814,17.7782474566273,1.6875));
#1062=CARTESIAN_POINT($,(23.7104360113587,21.4898865551046,2.109375));
#1063=CARTESIAN_POINT($,(20.3005850932367,24.7363345076076,2.53125));
#1064=CARTESIAN_POINT($,(16.4512878141831,27.4473155200087,2.953125));
#1065=CARTESIAN_POINT($,(12.2458698356829,29.5641450403612,3.375));
#1066=CARTESIAN_POINT($,(7.77536575690445,31.0410001022254,3.796875));
#1067=CARTESIAN_POINT($,(3.13654849054594,31.8459112535103,4.21875));
#1068=CARTESIAN_POINT($,(-1.57016557847738,31.9614545985655,4.640625));
#1069=CARTESIAN_POINT($,(-6.2428903045161,31.3851289729034,5.0625));
#1070=CARTESIAN_POINT($,(-10.780475308551,30.1294100858567,5.484375));
#1071=CARTESIAN_POINT($,(-15.0846955784319,28.2214804591474,5.90625));
#1072=CARTESIAN_POINT($,(-19.0623777437579,25.7026410073806,6.328125));
#1073=CARTESIAN_POINT($,(-22.6274169979695,22.6274169979695,6.75));
#1074=CARTESIAN_POINT($,(-25.7026410073806,19.0623777437579,7.171875));
#1075=CARTESIAN_POINT($,(-28.2214804591474,15.0846955784319,7.59375));
#1076=CARTESIAN_POINT($,(-30.1294100858567,10.7804753085511,8.015625));
#1077=CARTESIAN_POINT($,(-31.3851289729034,6.24289030451612,8.4375));
#1078=CARTESIAN_POINT($,(-31.9614545985655,1.57016557847737,8.859375));
#1079=CARTESIAN_POINT($,(-31.8459112535103,-3.13654849054594,9.28125));
#1080=CARTESIAN_POINT($,(-31.0410001022254,-7.77536575690444,9.703125));
#1081=CARTESIAN_POINT($,(-29.5641450403612,-12.2458698356829,10.125));
#1082=CARTESIAN_POINT($,(-27.4473155200087,-16.4512878141831,10.546875));
#1083=CARTESIAN_POINT($,(-24.7363345076076,-20.3005850932366,10.96875));
#1084=CARTESIAN_POINT($,(-21.4898865551046,-23.7104360113587,11.390625));
#1085=CARTESIAN_POINT($,(-17.7782474566273,-26.6070275936814,11.8125));
#1086=CARTESIAN_POINT($,(-13.681762989769,-28.9276573799502,12.234375));
#1087=CARTESIAN_POINT($,(-9.2891096721428,-30.6220907434307,12.65625));
#1088=CARTESIAN_POINT($,(-4.69537518257159,-31.653648318873,13.078125));
#1089=CARTESIAN_POINT($,(-0.000000000000006,-32,13.5));
#1090=B_SPLINE_SURFACE_WITH_KNOTS($,1,1,((#1,#2,#3,#4,#5,#6,#7,#8,#9,#10,#11,#12,#13,#14,#15,#16,#17,#18,#19,#20,#21,#22,#23,#24,#25,#26,#27,#28,#29,#30,#31,#32,#33),(#34,#35,#36,#37,#38,#39,#40,#41,#42,#43,#44,#45,#46,#47,#48,#49,#50,#51,#52,#53,#54,#55,#56,#57,#58,#59,#60,#61,#62,#63,#64,#65,#66),(#67,#68,#69,#70,#71,#72,#73,#74,#75,#76,#77,#78,#79,#80,#81,#82,#83,#84,#85,#86,#87,#88,#89,#90,#91,#92,#93,#94,#95,#96,#97,#98,#99),(#100,#101,#102,#103,#104,#105,#106,#107,#108,#109,#110,#111,#112,#113,#114,#115,#116,#117,#118,#119,#120,#121,#122,#123,#124,#125,#126,#127,#128,#129,#130,#131,#132),(#133,#134,#135,#136,#137,#138,#139,#140,#141,#142,#143,#144,#145,#146,#147,#148,#149,#150,#151,#152,#153,#154,#155,#156,#157,#158,#159,#160,#161,#162,#163,#164,#165),(#166,#167,#168,#169,#170,#171,#172,#173,#174,#175,#176,#177,#178,#179,#180,#181,#182,#183,#184,#185,#186,#187,#188,#189,#190,#191,#192,#193,#194,#195,#196,#197,#198),(#199,#200,#201,#202,#203,#204,#205,#206,#207,#208,#209,#210,#211,#212,#213,#214,#215,#216,#217,#218,#219,#220,#221,#222,#223,#224,#225,#226,#227,#228,#229,#230,#231),(#232,#233,#234,#235,#236,#237,#238,#239,#240,#241,#242,#243,#244,#245,#246,#247,#248,#249,#250,#251,#252,#253,#254,#255,#256,#257,#258,#259,#260,#261,#262,#263,#264),(#265,#266,#267,#268,#269,#270,#271,#272,#273,#274,#275,#276,#277,#278,#279,#280,#281,#282,#283,#284,#285,#286,#287,#288,#289,#290,#291,#292,#293,#294,#295,#296,#297),(#298,#299,#300,#301,#302,#303,#304,#305,#306,#307,#308,#309,#310,#311,#312,#313,#314,#315,#316,#317,#318,#319,#320,#321,#322,#323,#324,#325,#326,#327,#328,#329,#330),(#331,#332,#333,#334,#335,#336,#337,#338,#339,#340,#341,#342,#343,#344,#345,#346,#347,#348,#349,#350,#351,#352,#353,#354,#355,#356,#357,#358,#359,#360,#361,#362,#363),(#364,#365,#366,#367,#368,#369,#370,#371,#372,#373,#374,#375,#376,#377,#378,#379,#380,#381,#382,#383,#384,#385,#386,#387,#388,#389,#390,#391,#392,#393,#394,#395,#396),(#397,#398,#399,#400,#401,#402,#403,#404,#405,#406,#407,#408,#409,#410,#411,#412,#413,#414,#415,#416,#417,#418,#419,#420,#421,#422,#423,#424,#425,#426,#427,#428,#429),(#430,#431,#432,#433,#434,#435,#436,#437,#438,#439,#440,#441,#442,#443,#444,#445,#446,#447,#448,#449,#450,#451,#452,#453,#454,#455,#456,#457,#458,#459,#460,#461,#462),(#463,#464,#465,#466,#467,#468,#469,#470,#471,#472,#473,#474,#475,#476,#477,#478,#479,#480,#481,#482,#483,#484,#485,#486,#487,#488,#489,#490,#491,#492,#493,#494,#495),(#496,#497,#498,#499,#500,#501,#502,#503,#504,#505,#506,#507,#508,#509,#510,#511,#512,#513,#514,#515,#516,#517,#518,#519,#520,#521,#522,#523,#524,#525,#526,#527,#528),(#529,#530,#531,#532,#533,#534,#535,#536,#537,#538,#539,#540,#541,#542,#543,#544,#545,#546,#547,#548,#549,#550,#551,#552,#553,#554,#555,#556,#557,#558,#559,#560,#561),(#562,#563,#564,#565,#566,#567,#568,#569,#570,#571,#572,#573,#574,#575,#576,#577,#578,#579,#580,#581,#582,#583,#584,#585,#586,#587,#588,#589,#590,#591,#592,#593,#594),(#595,#596,#597,#598,#599,#600,#601,#602,#603,#604,#605,#606,#607,#608,#609,#610,#611,#612,#613,#614,#615,#616,#617,#618,#619,#620,#621,#622,#623,#624,#625,#626,#627),(#628,#629,#630,#631,#632,#633,#634,#635,#636,#637,#638,#639,#640,#641,#642,#643,#644,#645,#646,#647,#648,#649,#650,#651,#652,#653,#654,#655,#656,#657,#658,#659,#660),(#661,#662,#663,#664,#665,#666,#667,#668,#669,#670,#671,#672,#673,#674,#675,#676,#677,#678,#679,#680,#681,#682,#683,#684,#685,#686,#687,#688,#689,#690,#691,#692,#693),(#694,#695,#696,#697,#698,#699,#700,#701,#702,#703,#704,#705,#706,#707,#708,#709,#710,#711,#712,#713,#714,#715,#716,#717,#718,#719,#720,#721,#722,#723,#724,#725,#726),(#727,#728,#729,#730,#731,#732,#733,#734,#735,#736,#737,#738,#739,#740,#741,#742,#743,#744,#745,#746,#747,#748,#749,#750,#751,#752,#753,#754,#755,#756,#757,#758,#759),(#760,#761,#762,#763,#764,#765,#766,#767,#768,#769,#770,#771,#772,#773,#774,#775,#776,#777,#778,#779,#780,#781,#782,#783,#784,#785,#786,#787,#788,#789,#790,#791,#792),(#793,#794,#795,#796,#797,#798,#799,#800,#801,#802,#803,#804,#805,#806,#807,#808,#809,#810,#811,#812,#813,#814,#815,#816,#817,#818,#819,#820,#821,#822,#823,#824,#825),(#826,#827,#828,#829,#830,#831,#832,#833,#834,#835,#836,#837,#838,#839,#840,#841,#842,#843,#844,#845,#846,#847,#848,#849,#850,#851,#852,#853,#854,#855,#856,#857,#858),(#859,#860,#861,#862,#863,#864,#865,#866,#867,#868,#869,#870,#871,#872,#873,#874,#875,#876,#877,#878,#879,#880,#881,#882,#883,#884,#885,#886,#887,#888,#889,#890,#891),(#892,#893,#894,#895,#896,#897,#898,#899,#900,#901,#902,#903,#904,#905,#906,#907,#908,#909,#910,#911,#912,#913,#914,#915,#916,#917,#918,#919,#920,#921,#922,#923,#924),(#925,#926,#927,#928,#929,#930,#931,#932,#933,#934,#935,#936,#937,#938,#939,#940,#941,#942,#943,#944,#945,#946,#947,#948,#949,#950,#951,#952,#953,#954,#955,#956,#957),(#958,#959,#960,#961,#962,#963,#964,#965,#966,#967,#968,#969,#970,#971,#972,#973,#974,#975,#976,#977,#978,#979,#980,#981,#982,#983,#984,#985,#986,#987,#988,#989,#990),(#991,#992,#993,#994,#995,#996,#997,#998,#999,#1000,#1001,#1002,#1003,#1004,#1005,#1006,#1007,#1008,#1009,#1010,#1011,#1012,#1013,#1014,#1015,#1016,#1017,#1018,#1019,#1020,#1021,#1022,#1023),(#1024,#1025,#1026,#1027,#1028,#1029,#1030,#1031,#1032,#1033,#1034,#1035,#1036,#1037,#1038,#1039,#1040,#1041,#1042,#1043,#1044,#1045,#1046,#1047,#1048,#1049,#1050,#1051,#1052,#1053,#1054,#1055,#1056),(#1057,#1058,#1059,#1060,#1061,#1062,#1063,#1064,#1065,#1066,#1067,#1068,#1069,#1070,#1071,#1072,#1073,#1074,#1075,#1076,#1077,#1078,#1079,#1080,#1081,#1082,#1083,#1084,#1085,#1086,#1087,#1088,#1089)),.SURFACE_OF_LINEAR_EXTRUSION.,.F.,.F.,.F.,(2,1,1,1,1,1,1,1,1,1,1,1,1,1,1,1,1,1,1,1,1,1,1,1,1,1,1,1,1,1,1,1,2),(2,1,1,1,1,1,1,1,1,1,1,1,1,1,1,1,1,1,1,1,1,1,1,1,1,1,1,1,1,1,1,1,2),(0,0.03125,0.0625,0.09375,0.125,0.15625,0.1875,0.21875,0.25,0.28125,0.3125,0.34375,0.375,0.40625,0.4375,0.46875,0.5,0.53125,0.5625,0.59375,0.625,0.65625,0.6875,0.71875,0.75,0.78125,0.8125,0.84375,0.875,0.90625,0.9375,0.96875,1),(0,0.03125,0.0625,0.09375,0.125,0.15625,0.1875,0.21875,0.25,0.28125,0.3125,0.34375,0.375,0.40625,0.4375,0.46875,0.5,0.53125,0.5625,0.59375,0.625,0.65625,0.6875,0.71875,0.75,0.78125,0.8125,0.84375,0.875,0.90625,0.9375,0.96875,1),.UNSPECIFIED.);
#1091=CARTESIAN_POINT($,(0,0,0));
#1092=VERTEX_POINT($,#1091);
#1093=CARTESIAN_POINT($,(32,0,0));
#1094=VERTEX_POINT($,#1093);
#1095=CARTESIAN_POINT($,(0,0,0));
#1096=CARTESIAN_POINT($,(1,0,0));
#1097=CARTESIAN_POINT($,(2,0,0));
#1098=CARTESIAN_POINT($,(3,0,0));
#1099=CARTESIAN_POINT($,(4,0,0));
#1100=CARTESIAN_POINT($,(5,0,0));
#1101=CARTESIAN_POINT($,(6,0,0));
#1102=CARTESIAN_POINT($,(7,0,0));
#1103=CARTESIAN_POINT($,(8,0,0));
#1104=CARTESIAN_POINT($,(9,0,0));
#1105=CARTESIAN_POINT($,(10,0,0));
#1106=CARTESIAN_POINT($,(11,0,0));
#1107=CARTESIAN_POINT($,(12,0,0));
#1108=CARTESIAN_POINT($,(13,0,0));
#1109=CARTESIAN_POINT($,(14,0,0));
#1110=CARTESIAN_POINT($,(15,0,0));
#1111=CARTESIAN_POINT($,(16,0,0));
#1112=CARTESIAN_POINT($,(17,0,0));
#1113=CARTESIAN_POINT($,(18,0,0));
#1114=CARTESIAN_POINT($,(19,0,0));
#1115=CARTESIAN_POINT($,(20,0,0));
#1116=CARTESIAN_POINT($,(21,0,0));
#1117=CARTESIAN_POINT($,(22,0,0));
#1118=CARTESIAN_POINT($,(23,0,0));
#1119=CARTESIAN_POINT($,(24,0,0));
#1120=CARTESIAN_POINT($,(25,0,0));
#1121=CARTESIAN_POINT($,(26,0,0));
#1122=CARTESIAN_POINT($,(27,0,0));
#1123=CARTESIAN_POINT($,(28,0,0));
#1124=CARTESIAN_POINT($,(29,0,0));
#1125=CARTESIAN_POINT($,(30,0,0));
#1126=CARTESIAN_POINT($,(31,0,0));
#1127=CARTESIAN_POINT($,(32,0,0));
#1128=B_SPLINE_CURVE_WITH_KNOTS($,1,(#1095,#1096,#1097,#1098,#1099,#1100,#1101,#1102,#1103,#1104,#1105,#1106,#1107,#1108,#1109,#1110,#1111,#1112,#1113,#1114,#1115,#1116,#1117,#1118,#1119,#1120,#1121,#1122,#1123,#1124,#1125,#1126,#1127),.UNSPECIFIED.,.F.,.F.,(2,1,1,1,1,1,1,1,1,1,1,1,1,1,1,1,1,1,1,1,1,1,1,1,1,1,1,1,1,1,1,1,2),(0,0.03125,0.0625,0.09375,0.125,0.15625,0.1875,0.21875,0.25,0.28125,0.3125,0.34375,0.375,0.40625,0.4375,0.46875,0.5,0.53125,0.5625,0.59375,0.625,0.65625,0.6875,0.71875,0.75,0.78125,0.8125,0.84375,0.875,0.90625,0.9375,0.96875,1),.UNSPECIFIED.);
#1129=EDGE_CURVE($,#1092,#1094,#1128,.T.);
#1130=ORIENTED_EDGE($,$,$,#1129,.T.);
#1131=CARTESIAN_POINT($,(-0.000000000000006,-32,13.5));
#1132=VERTEX_POINT($,#1131);
#1133=CARTESIAN_POINT($,(32,0,0));
#1134=CARTESIAN_POINT($,(31.653648318873,4.69537518257158,0.421875));
#1135=CARTESIAN_POINT($,(30.6220907434307,9.28910967214279,0.84375));
#1136=CARTESIAN_POINT($,(28.9276573799502,13.681762989769,1.265625));
#1137=CARTESIAN_POINT($,(26.6070275936814,17.7782474566273,1.6875));
#1138=CARTESIAN_POINT($,(23.7104360113587,21.4898865551046,2.109375));
#1139=CARTESIAN_POINT($,(20.3005850932367,24.7363345076076,2.53125));
#1140=CARTESIAN_POINT($,(16.4512878141831,27.4473155200087,2.953125));
#1141=CARTESIAN_POINT($,(12.2458698356829,29.5641450403612,3.375));
#1142=CARTESIAN_POINT($,(7.77536575690445,31.0410001022254,3.796875));
#1143=CARTESIAN_POINT($,(3.13654849054594,31.8459112535103,4.21875));
#1144=CARTESIAN_POINT($,(-1.57016557847738,31.9614545985655,4.640625));
#1145=CARTESIAN_POINT($,(-6.2428903045161,31.3851289729034,5.0625));
#1146=CARTESIAN_POINT($,(-10.780475308551,30.1294100858567,5.484375));
#1147=CARTESIAN_POINT($,(-15.0846955784319,28.2214804591474,5.90625));
#1148=CARTESIAN_POINT($,(-19.0623777437579,25.7026410073806,6.328125));
#1149=CARTESIAN_POINT($,(-22.6274169979695,22.6274169979695,6.75));
#1150=CARTESIAN_POINT($,(-25.7026410073806,19.0623777437579,7.171875));
#1151=CARTESIAN_POINT($,(-28.2214804591474,15.0846955784319,7.59375));
#1152=CARTESIAN_POINT($,(-30.1294100858567,10.7804753085511,8.015625));
#1153=CARTESIAN_POINT($,(-31.3851289729034,6.24289030451612,8.4375));
#1154=CARTESIAN_POINT($,(-31.9614545985655,1.57016557847737,8.859375));
#1155=CARTESIAN_POINT($,(-31.8459112535103,-3.13654849054594,9.28125));
#1156=CARTESIAN_POINT($,(-31.0410001022254,-7.77536575690444,9.703125));
#1157=CARTESIAN_POINT($,(-29.5641450403612,-12.2458698356829,10.125));
#1158=CARTESIAN_POINT($,(-27.4473155200087,-16.4512878141831,10.546875));
#1159=CARTESIAN_POINT($,(-24.7363345076076,-20.3005850932366,10.96875));
#1160=CARTESIAN_POINT($,(-21.4898865551046,-23.7104360113587,11.390625));
#1161=CARTESIAN_POINT($,(-17.7782474566273,-26.6070275936814,11.8125));
#1162=CARTESIAN_POINT($,(-13.681762989769,-28.9276573799502,12.234375));
#1163=CARTESIAN_POINT($,(-9.2891096721428,-30.6220907434307,12.65625));
#1164=CARTESIAN_POINT($,(-4.69537518257159,-31.653648318873,13.078125));
#1165=CARTESIAN_POINT($,(-0.000000000000006,-32,13.5));
#1166=B_SPLINE_CURVE_WITH_KNOTS($,1,(#1133,#1134,#1135,#1136,#1137,#1138,#1139,#1140,#1141,#1142,#1143,#1144,#1145,#1146,#1147,#1148,#1149,#1150,#1151,#1152,#1153,#1154,#1155,#1156,#1157,#1158,#1159,#1160,#1161,#1162,#1163,#1164,#1165),.UNSPECIFIED.,.F.,.F.,(2,1,1,1,1,1,1,1,1,1,1,1,1,1,1,1,1,1,1,1,1,1,1,1,1,1,1,1,1,1,1,1,2),(0,0.03125,0.0625,0.09375,0.125,0.15625,0.1875,0.21875,0.25,0.28125,0.3125,0.34375,0.375,0.40625,0.4375,0.46875,0.5,0.53125,0.5625,0.59375,0.625,0.65625,0.6875,0.71875,0.75,0.78125,0.8125,0.84375,0.875,0.90625,0.9375,0.96875,1),.UNSPECIFIED.);
#1167=EDGE_CURVE($,#1094,#1132,#1166,.T.);
#1168=ORIENTED_EDGE($,$,$,#1167,.T.);
#1169=CARTESIAN_POINT($,(-0,-0,13.5));
#1170=VERTEX_POINT($,#1169);
#1171=CARTESIAN_POINT($,(-0.000000000000006,-32,13.5));
#1172=CARTESIAN_POINT($,(-0.000000000000006,-31,13.5));
#1173=CARTESIAN_POINT($,(-0.000000000000006,-30,13.5));
#1174=CARTESIAN_POINT($,(-0.000000000000005,-29,13.5));
#1175=CARTESIAN_POINT($,(-0.000000000000005,-28,13.5));
#1176=CARTESIAN_POINT($,(-0.000000000000005,-27,13.5));
#1177=CARTESIAN_POINT($,(-0.000000000000005,-26,13.5));
#1178=CARTESIAN_POINT($,(-0.000000000000005,-25,13.5));
#1179=CARTESIAN_POINT($,(-0.000000000000004,-24,13.5));
#1180=CARTESIAN_POINT($,(-0.000000000000004,-23,13.5));
#1181=CARTESIAN_POINT($,(-0.000000000000004,-22,13.5));
#1182=CARTESIAN_POINT($,(-0.000000000000004,-21,13.5));
#1183=CARTESIAN_POINT($,(-0.000000000000004,-20,13.5));
#1184=CARTESIAN_POINT($,(-0.000000000000003,-19,13.5));
#1185=CARTESIAN_POINT($,(-0.000000000000003,-18,13.5));
#1186=CARTESIAN_POINT($,(-0.000000000000003,-17,13.5));
#1187=CARTESIAN_POINT($,(-0.000000000000003,-16,13.5));
#1188=CARTESIAN_POINT($,(-0.000000000000003,-15,13.5));
#1189=CARTESIAN_POINT($,(-0.000000000000003,-14,13.5));
#1190=CARTESIAN_POINT($,(-0.000000000000002,-13,13.5));
#1191=CARTESIAN_POINT($,(-0.000000000000002,-12,13.5));
#1192=CARTESIAN_POINT($,(-0.000000000000002,-11,13.5));
#1193=CARTESIAN_POINT($,(-0.000000000000002,-10,13.5));
#1194=CARTESIAN_POINT($,(-0.000000000000002,-9,13.5));
#1195=CARTESIAN_POINT($,(-0.000000000000001,-8,13.5));
#1196=CARTESIAN_POINT($,(-0.000000000000001,-7,13.5));
#1197=CARTESIAN_POINT($,(-0.000000000000001,-6,13.5));
#1198=CARTESIAN_POINT($,(-0.000000000000001,-5,13.5));
#1199=CARTESIAN_POINT($,(-0.000000000000001,-4,13.5));
#1200=CARTESIAN_POINT($,(-0.000000000000001,-3,13.5));
#1201=CARTESIAN_POINT($,(-0,-2,13.5));
#1202=CARTESIAN_POINT($,(-0,-1,13.5));
#1203=CARTESIAN_POINT($,(-0,-0,13.5));
#1204=B_SPLINE_CURVE_WITH_KNOTS($,1,(#1171,#1172,#1173,#1174,#1175,#1176,#1177,#1178,#1179,#1180,#1181,#1182,#1183,#1184,#1185,#1186,#1187,#1188,#1189,#1190,#1191,#1192,#1193,#1194,#1195,#1196,#1197,#1198,#1199,#1200,#1201,#1202,#1203),.UNSPECIFIED.,.F.,.F.,(2,1,1,1,1,1,1,1,1,1,1,1,1,1,1,1,1,1,1,1,1,1,1,1,1,1,1,1,1,1,1,1,2),(0,0.03125,0.0625,0.09375,0.125,0.15625,0.1875,0.21875,0.25,0.28125,0.3125,0.34375,0.375,0.40625,0.4375,0.46875,0.5,0.53125,0.5625,0.59375,0.625,0.65625,0.6875,0.71875,0.75,0.78125,0.8125,0.84375,0.875,0.90625,0.9375,0.96875,1),.UNSPECIFIED.);
#1205=EDGE_CURVE($,#1132,#1170,#1204,.T.);
#1206=ORIENTED_EDGE($,$,$,#1205,.T.);
#1207=CARTESIAN_POINT($,(-0,-0,13.5));
#1208=CARTESIAN_POINT($,(-0,-0,13.078125));
#1209=CARTESIAN_POINT($,(-0,-0,12.65625));
#1210=CARTESIAN_POINT($,(-0,-0,12.234375));
#1211=CARTESIAN_POINT($,(-0,-0,11.8125));
#1212=CARTESIAN_POINT($,(-0,-0,11.390625));
#1213=CARTESIAN_POINT($,(-0,-0,10.96875));
#1214=CARTESIAN_POINT($,(-0,-0,10.546875));
#1215=CARTESIAN_POINT($,(-0,-0,10.125));
#1216=CARTESIAN_POINT($,(-0,-0,9.703125));
#1217=CARTESIAN_POINT($,(-0,-0,9.28125));
#1218=CARTESIAN_POINT($,(-0,0,8.859375));
#1219=CARTESIAN_POINT($,(-0,0,8.4375));
#1220=CARTESIAN_POINT($,(-0,0,8.015625));
#1221=CARTESIAN_POINT($,(-0,0,7.59375));
#1222=CARTESIAN_POINT($,(-0,0,7.171875));
#1223=CARTESIAN_POINT($,(-0,0,6.75));
#1224=CARTESIAN_POINT($,(-0,0,6.328125));
#1225=CARTESIAN_POINT($,(-0,0,5.90625));
#1226=CARTESIAN_POINT($,(-0,0,5.484375));
#1227=CARTESIAN_POINT($,(-0,0,5.0625));
#1228=CARTESIAN_POINT($,(-0,0,4.640625));
#1229=CARTESIAN_POINT($,(0,0,4.21875));
#1230=CARTESIAN_POINT($,(0,0,3.796875));
#1231=CARTESIAN_POINT($,(0,0,3.375));
#1232=CARTESIAN_POINT($,(0,0,2.953125));
#1233=CARTESIAN_POINT($,(0,0,2.53125));
#1234=CARTESIAN_POINT($,(0,0,2.109375));
#1235=CARTESIAN_POINT($,(0,0,1.6875));
#1236=CARTESIAN_POINT($,(0,0,1.265625));
#1237=CARTESIAN_POINT($,(0,0,0.84375));
#1238=CARTESIAN_POINT($,(0,0,0.421875));
#1239=CARTESIAN_POINT($,(0,0,0));
#1240=B_SPLINE_CURVE_WITH_KNOTS($,1,(#1207,#1208,#1209,#1210,#1211,#1212,#1213,#1214,#1215,#1216,#1217,#1218,#1219,#1220,#1221,#1222,#1223,#1224,#1225,#1226,#1227,#1228,#1229,#1230,#1231,#1232,#1233,#1234,#1235,#1236,#1237,#1238,#1239),.UNSPECIFIED.,.F.,.F.,(2,1,1,1,1,1,1,1,1,1,1,1,1,1,1,1,1,1,1,1,1,1,1,1,1,1,1,1,1,1,1,1,2),(0,0.03125,0.0625,0.09375,0.125,0.15625,0.1875,0.21875,0.25,0.28125,0.3125,0.34375,0.375,0.40625,0.4375,0.46875,0.5,0.53125,0.5625,0.59375,0.625,0.65625,0.6875,0.71875,0.75,0.78125,0.8125,0.84375,0.875,0.90625,0.9375,0.96875,1),.UNSPECIFIED.);
#1241=EDGE_CURVE($,#1170,#1092,#1240,.T.);
#1242=ORIENTED_EDGE($,$,$,#1241,.T.);
#1243=EDGE_LOOP($,(#1130,#1168,#1206,#1242));
#1244=FACE_OUTER_BOUND('',#1243,.T.);
#1245=ADVANCED_FACE('',(#1244),#1090,.F.);
#1246=CARTESIAN_POINT($,(0,0,1));
#1247=CARTESIAN_POINT($,(0,0,1.421875));
#1248=CARTESIAN_POINT($,(0,0,1.84375));
#1249=CARTESIAN_POINT($,(0,0,2.265625));
#1250=CARTESIAN_POINT($,(0,0,2.6875));
#1251=CARTESIAN_POINT($,(0,0,3.109375));
#1252=CARTESIAN_POINT($,(0,0,3.53125));
#1253=CARTESIAN_POINT($,(0,0,3.953125));
#1254=CARTESIAN_POINT($,(0,0,4.375));
#1255=CARTESIAN_POINT($,(0,0,4.796875));
#1256=CARTESIAN_POINT($,(0,0,5.21875));
#1257=CARTESIAN_POINT($,(0,0,5.640625));
#1258=CARTESIAN_POINT($,(0,0,6.0625));
#1259=CARTESIAN_POINT($,(0,0,6.484375));
#1260=CARTESIAN_POINT($,(0,0,6.90625));
#1261=CARTESIAN_POINT($,(0,0,7.328125));
#1262=CARTESIAN_POINT($,(0,0,7.75));
#1263=CARTESIAN_POINT($,(0,0,8.171875));
#1264=CARTESIAN_POINT($,(0,0,8.59375));
#1265=CARTESIAN_POINT($,(0,0,9.015625));
#1266=CARTESIAN_POINT($,(0,0,9.4375));
#1267=CARTESIAN_POINT($,(0,0,9.859375));
#1268=CARTESIAN_POINT($,(0,0,10.28125));
#1269=CARTESIAN_POINT($,(0,0,10.703125));
#1270=CARTESIAN_POINT($,(0,0,11.125));
#1271=CARTESIAN_POINT($,(0,0,11.546875));
#1272=CARTESIAN_POINT($,(0,0,11.96875));
#1273=CARTESIAN_POINT($,(0,0,12.390625));
#1274=CARTESIAN_POINT($,(0,0,12.8125));
#1275=CARTESIAN_POINT($,(0,0,13.234375));
#1276=CARTESIAN_POINT($,(0,0,13.65625));
#1277=CARTESIAN_POINT($,(0,0,14.078125));
#1278=CARTESIAN_POINT($,(0,0,14.5));
#1279=CARTESIAN_POINT($,(1,0,1));
#1280=CARTESIAN_POINT($,(0.989176509964781,0.146730474455362,1.421875));
#1281=CARTESIAN_POINT($,(0.956940335732209,0.290284677254462,1.84375));
#1282=CARTESIAN_POINT($,(0.903989293123443,0.427555093430282,2.265625));
#1283=CARTESIAN_POINT($,(0.831469612302545,0.555570233019602,2.6875));
#1284=CARTESIAN_POINT($,(0.740951125354959,0.671558954847018,3.109375));
#1285=CARTESIAN_POINT($,(0.634393284163645,0.773010453362737,3.53125));
#1286=CARTESIAN_POINT($,(0.514102744193222,0.857728610000272,3.953125));
#1287=CARTESIAN_POINT($,(0.38268343236509,0.923879532511287,4.375));
#1288=CARTESIAN_POINT($,(0.242980179903264,0.970031253194544,4.796875));
#1289=CARTESIAN_POINT($,(0.098017140329561,0.995184726672197,5.21875));
#1290=CARTESIAN_POINT($,(-0.049067674327418,0.998795456205172,5.640625));
#1291=CARTESIAN_POINT($,(-0.195090322016128,0.98078528040323,6.0625));
#1292=CARTESIAN_POINT($,(-0.33688985339222,0.941544065183021,6.484375));
#1293=CARTESIAN_POINT($,(-0.471396736825998,0.881921264348355,6.90625));
#1294=CARTESIAN_POINT($,(-0.595699304492433,0.803207531480645,7.328125));
#1295=CARTESIAN_POINT($,(-0.707106781186547,0.707106781186548,7.75));
#1296=CARTESIAN_POINT($,(-0.803207531480645,0.595699304492433,8.171875));
#1297=CARTESIAN_POINT($,(-0.881921264348355,0.471396736825998,8.59375));
#1298=CARTESIAN_POINT($,(-0.941544065183021,0.33688985339222,9.015625));
#1299=CARTESIAN_POINT($,(-0.98078528040323,0.195090322016129,9.4375));
#1300=CARTESIAN_POINT($,(-0.998795456205172,0.049067674327418,9.859375));
#1301=CARTESIAN_POINT($,(-0.995184726672197,-0.098017140329561,10.28125));
#1302=CARTESIAN_POINT($,(-0.970031253194544,-0.242980179903264,10.703125));
#1303=CARTESIAN_POINT($,(-0.923879532511287,-0.38268343236509,11.125));
#1304=CARTESIAN_POINT($,(-0.857728610000272,-0.514102744193222,11.546875));
#1305=CARTESIAN_POINT($,(-0.773010453362737,-0.634393284163645,11.96875));
#1306=CARTESIAN_POINT($,(-0.671558954847019,-0.740951125354959,12.390625));
#1307=CARTESIAN_POINT($,(-0.555570233019602,-0.831469612302545,12.8125));
#1308=CARTESIAN_POINT($,(-0.427555093430282,-0.903989293123443,13.234375));
#1309=CARTESIAN_POINT($,(-0.290284677254462,-0.956940335732209,13.65625));
#1310=CARTESIAN_POINT($,(-0.146730474455362,-0.989176509964781,14.078125));
#1311=CARTESIAN_POINT($,(-0,-1,14.5));
#1312=CARTESIAN_POINT($,(2,0,1));
#1313=CARTESIAN_POINT($,(1.97835301992956,0.293460948910723,1.421875));
#1314=CARTESIAN_POINT($,(1.91388067146442,0.580569354508925,1.84375));
#1315=CARTESIAN_POINT($,(1.80797858624689,0.855110186860564,2.265625));
#1316=CARTESIAN_POINT($,(1.66293922460509,1.1111404660392,2.6875));
#1317=CARTESIAN_POINT($,(1.48190225070992,1.34311790969404,3.109375));
#1318=CARTESIAN_POINT($,(1.26878656832729,1.54602090672547,3.53125));
#1319=CARTESIAN_POINT($,(1.02820548838644,1.71545722000054,3.953125));
#1320=CARTESIAN_POINT($,(0.76536686473018,1.84775906502257,4.375));
#1321=CARTESIAN_POINT($,(0.485960359806528,1.94006250638909,4.796875));
#1322=CARTESIAN_POINT($,(0.196034280659122,1.99036945334439,5.21875));
#1323=CARTESIAN_POINT($,(-0.098135348654836,1.99759091241034,5.640625));
#1324=CARTESIAN_POINT($,(-0.390180644032256,1.96157056080646,6.0625));
#1325=CARTESIAN_POINT($,(-0.67377970678444,1.88308813036604,6.484375));
#1326=CARTESIAN_POINT($,(-0.942793473651995,1.76384252869671,6.90625));
#1327=CARTESIAN_POINT($,(-1.19139860898487,1.60641506296129,7.328125));
#1328=CARTESIAN_POINT($,(-1.41421356237309,1.4142135623731,7.75));
#1329=CARTESIAN_POINT($,(-1.60641506296129,1.19139860898487,8.171875));
#1330=CARTESIAN_POINT($,(-1.76384252869671,0.942793473651996,8.59375));
#1331=CARTESIAN_POINT($,(-1.88308813036604,0.673779706784441,9.015625));
#1332=CARTESIAN_POINT($,(-1.96157056080646,0.390180644032257,9.4375));
#1333=CARTESIAN_POINT($,(-1.99759091241034,0.098135348654836,9.859375));
#1334=CARTESIAN_POINT($,(-1.99036945334439,-0.196034280659121,10.28125));
#1335=CARTESIAN_POINT($,(-1.94006250638909,-0.485960359806528,10.703125));
#1336=CARTESIAN_POINT($,(-1.84775906502257,-0.765366864730179,11.125));
#1337=CARTESIAN_POINT($,(-1.71545722000054,-1.02820548838644,11.546875));
#1338=CARTESIAN_POINT($,(-1.54602090672547,-1.26878656832729,11.96875));
#1339=CARTESIAN_POINT($,(-1.34311790969404,-1.48190225070992,12.390625));
#1340=CARTESIAN_POINT($,(-1.1111404660392,-1.66293922460509,12.8125));
#1341=CARTESIAN_POINT($,(-0.855110186860565,-1.80797858624689,13.234375));
#1342=CARTESIAN_POINT($,(-0.580569354508925,-1.91388067146442,13.65625));
#1343=CARTESIAN_POINT($,(-0.293460948910725,-1.97835301992956,14.078125));
#1344=CARTESIAN_POINT($,(-0,-2,14.5));
#1345=CARTESIAN_POINT($,(3,0,1));
#1346=CARTESIAN_POINT($,(2.96752952989434,0.440191423366085,1.421875));
#1347=CARTESIAN_POINT($,(2.87082100719663,0.870854031763387,1.84375));
#1348=CARTESIAN_POINT($,(2.71196787937033,1.28266528029085,2.265625));
#1349=CARTESIAN_POINT($,(2.49440883690764,1.66671069905881,2.6875));
#1350=CARTESIAN_POINT($,(2.22285337606488,2.01467686454105,3.109375));
#1351=CARTESIAN_POINT($,(1.90317985249094,2.31903136008821,3.53125));
#1352=CARTESIAN_POINT($,(1.54230823257967,2.57318583000082,3.953125));
#1353=CARTESIAN_POINT($,(1.14805029709527,2.77163859753386,4.375));
#1354=CARTESIAN_POINT($,(0.728940539709792,2.91009375958363,4.796875));
#1355=CARTESIAN_POINT($,(0.294051420988682,2.98555418001659,5.21875));
#1356=CARTESIAN_POINT($,(-0.147203022982254,2.99638636861552,5.640625));
#1357=CARTESIAN_POINT($,(-0.585270966048385,2.94235584120969,6.0625));
#1358=CARTESIAN_POINT($,(-1.01066956017666,2.82463219554906,6.484375));
#1359=CARTESIAN_POINT($,(-1.41419021047799,2.64576379304507,6.90625));
#1360=CARTESIAN_POINT($,(-1.7870979134773,2.40962259444193,7.328125));
#1361=CARTESIAN_POINT($,(-2.12132034355964,2.12132034355964,7.75));
#1362=CARTESIAN_POINT($,(-2.40962259444193,1.7870979134773,8.171875));
#1363=CARTESIAN_POINT($,(-2.64576379304506,1.41419021047799,8.59375));
#1364=CARTESIAN_POINT($,(-2.82463219554906,1.01066956017666,9.015625));
#1365=CARTESIAN_POINT($,(-2.94235584120969,0.585270966048386,9.4375));
#1366=CARTESIAN_POINT($,(-2.99638636861552,0.147203022982254,9.859375));
#1367=CARTESIAN_POINT($,(-2.98555418001659,-0.294051420988682,10.28125));
#1368=CARTESIAN_POINT($,(-2.91009375958363,-0.728940539709791,10.703125));
#1369=CARTESIAN_POINT($,(-2.77163859753386,-1.14805029709527,11.125));
#1370=CARTESIAN_POINT($,(-2.57318583000082,-1.54230823257966,11.546875));
#1371=CARTESIAN_POINT($,(-2.31903136008821,-1.90317985249094,11.96875));
#1372=CARTESIAN_POINT($,(-2.01467686454106,-2.22285337606488,12.390625));
#1373=CARTESIAN_POINT($,(-1.66671069905881,-2.49440883690764,12.8125));
#1374=CARTESIAN_POINT($,(-1.28266528029085,-2.71196787937033,13.234375));
#1375=CARTESIAN_POINT($,(-0.870854031763387,-2.87082100719663,13.65625));
#1376=CARTESIAN_POINT($,(-0.440191423366087,-2.96752952989434,14.078125));
#1377=CARTESIAN_POINT($,(-0.000000000000001,-3,14.5));
#1378=CARTESIAN_POINT($,(4,0,1));
#1379=CARTESIAN_POINT($,(3.95670603985912,0.586921897821447,1.421875));
#1380=CARTESIAN_POINT($,(3.82776134292884,1.16113870901785,1.84375));
#1381=CARTESIAN_POINT($,(3.61595717249377,1.71022037372113,2.265625));
#1382=CARTESIAN_POINT($,(3.32587844921018,2.22228093207841,2.6875));
#1383=CARTESIAN_POINT($,(2.96380450141984,2.68623581938807,3.109375));
#1384=CARTESIAN_POINT($,(2.53757313665458,3.09204181345095,3.53125));
#1385=CARTESIAN_POINT($,(2.05641097677289,3.43091444000109,3.953125));
#1386=CARTESIAN_POINT($,(1.53073372946036,3.69551813004515,4.375));
#1387=CARTESIAN_POINT($,(0.971920719613056,3.88012501277818,4.796875));
#1388=CARTESIAN_POINT($,(0.392068561318243,3.98073890668879,5.21875));
#1389=CARTESIAN_POINT($,(-0.196270697309672,3.99518182482069,5.640625));
#1390=CARTESIAN_POINT($,(-0.780361288064513,3.92314112161292,6.0625));
#1391=CARTESIAN_POINT($,(-1.34755941356888,3.76617626073208,6.484375));
#1392=CARTESIAN_POINT($,(-1.88558694730399,3.52768505739342,6.90625));
#1393=CARTESIAN_POINT($,(-2.38279721796973,3.21283012592258,7.328125));
#1394=CARTESIAN_POINT($,(-2.82842712474619,2.82842712474619,7.75));
#1395=CARTESIAN_POINT($,(-3.21283012592258,2.38279721796973,8.171875));
#1396=CARTESIAN_POINT($,(-3.52768505739342,1.88558694730399,8.59375));
#1397=CARTESIAN_POINT($,(-3.76617626073208,1.34755941356888,9.015625));
#1398=CARTESIAN_POINT($,(-3.92314112161292,0.780361288064514,9.4375));
#1399=CARTESIAN_POINT($,(-3.99518182482069,0.196270697309672,9.859375));
#1400=CARTESIAN_POINT($,(-3.98073890668879,-0.392068561318242,10.28125));
#1401=CARTESIAN_POINT($,(-3.88012501277818,-0.971920719613055,10.703125));
#1402=CARTESIAN_POINT($,(-3.69551813004515,-1.53073372946036,11.125));
#1403=CARTESIAN_POINT($,(-3.43091444000109,-2.05641097677289,11.546875));
#1404=CARTESIAN_POINT($,(-3.09204181345095,-2.53757313665458,11.96875));
#1405=CARTESIAN_POINT($,(-2.68623581938807,-2.96380450141984,12.390625));
#1406=CARTESIAN_POINT($,(-2.22228093207841,-3.32587844921018,12.8125));
#1407=CARTESIAN_POINT($,(-1.71022037372113,-3.61595717249377,13.234375));
#1408=CARTESIAN_POINT($,(-1.16113870901785,-3.82776134292884,13.65625));
#1409=CARTESIAN_POINT($,(-0.586921897821449,-3.95670603985912,14.078125));
#1410=CARTESIAN_POINT($,(-0.000000000000001,-4,14.5));
#1411=CARTESIAN_POINT($,(5,0,1));
#1412=CARTESIAN_POINT($,(4.9458825498239,0.733652372276809,1.421875));
#1413=CARTESIAN_POINT($,(4.78470167866104,1.45142338627231,1.84375));
#1414=CARTESIAN_POINT($,(4.51994646561722,2.13777546715141,2.265625));
#1415=CARTESIAN_POINT($,(4.15734806151273,2.77785116509801,2.6875));
#1416=CARTESIAN_POINT($,(3.7047556267748,3.35779477423509,3.109375));
#1417=CARTESIAN_POINT($,(3.17196642081823,3.86505226681368,3.53125));
#1418=CARTESIAN_POINT($,(2.57051372096611,4.28864305000136,3.953125));
#1419=CARTESIAN_POINT($,(1.91341716182545,4.61939766255643,4.375));
#1420=CARTESIAN_POINT($,(1.21490089951632,4.85015626597272,4.796875));
#1421=CARTESIAN_POINT($,(0.490085701647804,4.97592363336098,5.21875));
#1422=CARTESIAN_POINT($,(-0.24533837163709,4.99397728102586,5.640625));
#1423=CARTESIAN_POINT($,(-0.975451610080641,4.90392640201615,6.0625));
#1424=CARTESIAN_POINT($,(-1.6844492669611,4.7077203259151,6.484375));
#1425=CARTESIAN_POINT($,(-2.35698368412999,4.40960632174178,6.90625));
#1426=CARTESIAN_POINT($,(-2.97849652246217,4.01603765740323,7.328125));
#1427=CARTESIAN_POINT($,(-3.53553390593274,3.53553390593274,7.75));
#1428=CARTESIAN_POINT($,(-4.01603765740322,2.97849652246217,8.171875));
#1429=CARTESIAN_POINT($,(-4.40960632174177,2.35698368412999,8.59375));
#1430=CARTESIAN_POINT($,(-4.7077203259151,1.6844492669611,9.015625));
#1431=CARTESIAN_POINT($,(-4.90392640201615,0.975451610080643,9.4375));
#1432=CARTESIAN_POINT($,(-4.99397728102586,0.24533837163709,9.859375));
#1433=CARTESIAN_POINT($,(-4.97592363336098,-0.490085701647803,10.28125));
#1434=CARTESIAN_POINT($,(-4.85015626597272,-1.21490089951632,10.703125));
#1435=CARTESIAN_POINT($,(-4.61939766255643,-1.91341716182545,11.125));
#1436=CARTESIAN_POINT($,(-4.28864305000136,-2.57051372096611,11.546875));
#1437=CARTESIAN_POINT($,(-3.86505226681369,-3.17196642081823,11.96875));
#1438=CARTESIAN_POINT($,(-3.35779477423509,-3.70475562677479,12.390625));
#1439=CARTESIAN_POINT($,(-2.77785116509801,-4.15734806151273,12.8125));
#1440=CARTESIAN_POINT($,(-2.13777546715141,-4.51994646561722,13.234375));
#1441=CARTESIAN_POINT($,(-1.45142338627231,-4.78470167866104,13.65625));
#1442=CARTESIAN_POINT($,(-0.733652372276812,-4.9458825498239,14.078125));
#1443=CARTESIAN_POINT($,(-0.000000000000001,-5,14.5));
#1444=CARTESIAN_POINT($,(6,0,1));
#1445=CARTESIAN_POINT($,(5.93505905978869,0.88038284673217,1.421875));
#1446=CARTESIAN_POINT($,(5.74164201439325,1.74170806352677,1.84375));
#1447=CARTESIAN_POINT($,(5.42393575874066,2.56533056058169,2.265625));
#1448=CARTESIAN_POINT($,(4.98881767381527,3.33342139811761,2.6875));
#1449=CARTESIAN_POINT($,(4.44570675212976,4.02935372908211,3.109375));
#1450=CARTESIAN_POINT($,(3.80635970498187,4.63806272017642,3.53125));
#1451=CARTESIAN_POINT($,(3.08461646515933,5.14637166000163,3.953125));
#1452=CARTESIAN_POINT($,(2.29610059419054,5.54327719506772,4.375));
#1453=CARTESIAN_POINT($,(1.45788107941958,5.82018751916726,4.796875));
#1454=CARTESIAN_POINT($,(0.588102841977365,5.97110836003318,5.21875));
#1455=CARTESIAN_POINT($,(-0.294406045964508,5.99277273723103,5.640625));
#1456=CARTESIAN_POINT($,(-1.17054193209677,5.88471168241938,6.0625));
#1457=CARTESIAN_POINT($,(-2.02133912035332,5.64926439109813,6.484375));
#1458=CARTESIAN_POINT($,(-2.82838042095599,5.29152758609013,6.90625));
#1459=CARTESIAN_POINT($,(-3.5741958269546,4.81924518888387,7.328125));
#1460=CARTESIAN_POINT($,(-4.24264068711928,4.24264068711929,7.75));
#1461=CARTESIAN_POINT($,(-4.81924518888387,3.5741958269546,8.171875));
#1462=CARTESIAN_POINT($,(-5.29152758609013,2.82838042095599,8.59375));
#1463=CARTESIAN_POINT($,(-5.64926439109812,2.02133912035332,9.015625));
#1464=CARTESIAN_POINT($,(-5.88471168241938,1.17054193209677,9.4375));
#1465=CARTESIAN_POINT($,(-5.99277273723103,0.294406045964508,9.859375));
#1466=CARTESIAN_POINT($,(-5.97110836003318,-0.588102841977364,10.28125));
#1467=CARTESIAN_POINT($,(-5.82018751916726,-1.45788107941958,10.703125));
#1468=CARTESIAN_POINT($,(-5.54327719506772,-2.29610059419054,11.125));
#1469=CARTESIAN_POINT($,(-5.14637166000163,-3.08461646515933,11.546875));
#1470=CARTESIAN_POINT($,(-4.63806272017642,-3.80635970498187,11.96875));
#1471=CARTESIAN_POINT($,(-4.02935372908211,-4.44570675212975,12.390625));
#1472=CARTESIAN_POINT($,(-3.33342139811761,-4.98881767381527,12.8125));
#1473=CARTESIAN_POINT($,(-2.56533056058169,-5.42393575874066,13.234375));
#1474=CARTESIAN_POINT($,(-1.74170806352677,-5.74164201439325,13.65625));
#1475=CARTESIAN_POINT($,(-0.880382846732174,-5.93505905978868,14.078125));
#1476=CARTESIAN_POINT($,(-0.000000000000001,-6,14.5));
#1477=CARTESIAN_POINT($,(7,0,1));
#1478=CARTESIAN_POINT($,(6.92423556975347,1.02711332118753,1.421875));
#1479=CARTESIAN_POINT($,(6.69858235012546,2.03199274078124,1.84375));
#1480=CARTESIAN_POINT($,(6.3279250518641,2.99288565401197,2.265625));
#1481=CARTESIAN_POINT($,(5.82028728611782,3.88899163113722,2.6875));
#1482=CARTESIAN_POINT($,(5.18665787748471,4.70091268392913,3.109375));
#1483=CARTESIAN_POINT($,(4.44075298914552,5.41107317353916,3.53125));
#1484=CARTESIAN_POINT($,(3.59871920935255,6.0041002700019,3.953125));
#1485=CARTESIAN_POINT($,(2.67878402655563,6.46715672757901,4.375));
#1486=CARTESIAN_POINT($,(1.70086125932285,6.79021877236181,4.796875));
#1487=CARTESIAN_POINT($,(0.686119982306925,6.96629308670538,5.21875));
#1488=CARTESIAN_POINT($,(-0.343473720291926,6.99156819343621,5.640625));
#1489=CARTESIAN_POINT($,(-1.3656322541129,6.86549696282261,6.0625));
#1490=CARTESIAN_POINT($,(-2.35822897374554,6.59080845628115,6.484375));
#1491=CARTESIAN_POINT($,(-3.29977715778198,6.17344885043849,6.90625));
#1492=CARTESIAN_POINT($,(-4.16989513144703,5.62245272036451,7.328125));
#1493=CARTESIAN_POINT($,(-4.94974746830583,4.94974746830583,7.75));
#1494=CARTESIAN_POINT($,(-5.62245272036451,4.16989513144703,8.171875));
#1495=CARTESIAN_POINT($,(-6.17344885043848,3.29977715778198,8.59375));
#1496=CARTESIAN_POINT($,(-6.59080845628115,2.35822897374554,9.015625));
#1497=CARTESIAN_POINT($,(-6.86549696282261,1.3656322541129,9.4375));
#1498=CARTESIAN_POINT($,(-6.99156819343621,0.343473720291926,9.859375));
#1499=CARTESIAN_POINT($,(-6.96629308670538,-0.686119982306924,10.28125));
#1500=CARTESIAN_POINT($,(-6.79021877236181,-1.70086125932285,10.703125));
#1501=CARTESIAN_POINT($,(-6.46715672757901,-2.67878402655563,11.125));
#1502=CARTESIAN_POINT($,(-6.0041002700019,-3.59871920935255,11.546875));
#1503=CARTESIAN_POINT($,(-5.41107317353916,-4.44075298914552,11.96875));
#1504=CARTESIAN_POINT($,(-4.70091268392913,-5.18665787748471,12.390625));
#1505=CARTESIAN_POINT($,(-3.88899163113722,-5.82028728611782,12.8125));
#1506=CARTESIAN_POINT($,(-2.99288565401198,-6.3279250518641,13.234375));
#1507=CARTESIAN_POINT($,(-2.03199274078124,-6.69858235012546,13.65625));
#1508=CARTESIAN_POINT($,(-1.02711332118754,-6.92423556975347,14.078125));
#1509=CARTESIAN_POINT($,(-0.000000000000001,-7,14.5));
#1510=CARTESIAN_POINT($,(8,0,1));
#1511=CARTESIAN_POINT($,(7.91341207971825,1.17384379564289,1.421875));
#1512=CARTESIAN_POINT($,(7.65552268585767,2.3222774180357,1.84375));
#1513=CARTESIAN_POINT($,(7.23191434498755,3.42044074744226,2.265625));
#1514=CARTESIAN_POINT($,(6.65175689842036,4.44456186415682,2.6875));
#1515=CARTESIAN_POINT($,(5.92760900283967,5.37247163877615,3.109375));
#1516=CARTESIAN_POINT($,(5.07514627330916,6.1840836269019,3.53125));
#1517=CARTESIAN_POINT($,(4.11282195354577,6.86182888000218,3.953125));
#1518=CARTESIAN_POINT($,(3.06146745892072,7.39103626009029,4.375));
#1519=CARTESIAN_POINT($,(1.94384143922611,7.76025002555635,4.796875));
#1520=CARTESIAN_POINT($,(0.784137122636486,7.96147781337757,5.21875));
#1521=CARTESIAN_POINT($,(-0.392541394619344,7.99036364964138,5.640625));
#1522=CARTESIAN_POINT($,(-1.56072257612903,7.84628224322584,6.0625));
#1523=CARTESIAN_POINT($,(-2.69511882713776,7.53235252146417,6.484375));
#1524=CARTESIAN_POINT($,(-3.77117389460798,7.05537011478684,6.90625));
#1525=CARTESIAN_POINT($,(-4.76559443593947,6.42566025184516,7.328125));
#1526=CARTESIAN_POINT($,(-5.65685424949238,5.65685424949238,7.75));
#1527=CARTESIAN_POINT($,(-6.42566025184516,4.76559443593947,8.171875));
#1528=CARTESIAN_POINT($,(-7.05537011478684,3.77117389460798,8.59375));
#1529=CARTESIAN_POINT($,(-7.53235252146417,2.69511882713776,9.015625));
#1530=CARTESIAN_POINT($,(-7.84628224322584,1.56072257612903,9.4375));
#1531=CARTESIAN_POINT($,(-7.99036364964138,0.392541394619344,9.859375));
#1532=CARTESIAN_POINT($,(-7.96147781337758,-0.784137122636485,10.28125));
#1533=CARTESIAN_POINT($,(-7.76025002555635,-1.94384143922611,10.703125));
#1534=CARTESIAN_POINT($,(-7.39103626009029,-3.06146745892072,11.125));
#1535=CARTESIAN_POINT($,(-6.86182888000218,-4.11282195354577,11.546875));
#1536=CARTESIAN_POINT($,(-6.1840836269019,-5.07514627330916,11.96875));
#1537=CARTESIAN_POINT($,(-5.37247163877615,-5.92760900283967,12.390625));
#1538=CARTESIAN_POINT($,(-4.44456186415682,-6.65175689842036,12.8125));
#1539=CARTESIAN_POINT($,(-3.42044074744226,-7.23191434498754,13.234375));
#1540=CARTESIAN_POINT($,(-2.3222774180357,-7.65552268585767,13.65625));
#1541=CARTESIAN_POINT($,(-1.1738437956429,-7.91341207971825,14.078125));
#1542=CARTESIAN_POINT($,(-0.000000000000001,-8,14.5));
#1543=CARTESIAN_POINT($,(9,0,1));
#1544=CARTESIAN_POINT($,(8.90258858968303,1.32057427009826,1.421875));
#1545=CARTESIAN_POINT($,(8.61246302158988,2.61256209529016,1.84375));
#1546=CARTESIAN_POINT($,(8.13590363811099,3.84799584087254,2.265625));
#1547=CARTESIAN_POINT($,(7.48322651072291,5.00013209717642,2.6875));
#1548=CARTESIAN_POINT($,(6.66856012819463,6.04403059362317,3.109375));
#1549=CARTESIAN_POINT($,(5.70953955747281,6.95709408026463,3.53125));
#1550=CARTESIAN_POINT($,(4.626924697739,7.71955749000245,3.953125));
#1551=CARTESIAN_POINT($,(3.44415089128581,8.31491579260158,4.375));
#1552=CARTESIAN_POINT($,(2.18682161912938,8.7302812787509,4.796875));
#1553=CARTESIAN_POINT($,(0.882154262966047,8.95666254004977,5.21875));
#1554=CARTESIAN_POINT($,(-0.441609068946762,8.98915910584655,5.640625));
#1555=CARTESIAN_POINT($,(-1.75581289814515,8.82706752362907,6.0625));
#1556=CARTESIAN_POINT($,(-3.03200868052998,8.47389658664719,6.484375));
#1557=CARTESIAN_POINT($,(-4.24257063143398,7.9372913791352,6.90625));
#1558=CARTESIAN_POINT($,(-5.3612937404319,7.2288677833258,7.328125));
#1559=CARTESIAN_POINT($,(-6.36396103067893,6.36396103067893,7.75));
#1560=CARTESIAN_POINT($,(-7.2288677833258,5.3612937404319,8.171875));
#1561=CARTESIAN_POINT($,(-7.93729137913519,4.24257063143398,8.59375));
#1562=CARTESIAN_POINT($,(-8.47389658664719,3.03200868052998,9.015625));
#1563=CARTESIAN_POINT($,(-8.82706752362907,1.75581289814516,9.4375));
#1564=CARTESIAN_POINT($,(-8.98915910584655,0.441609068946762,9.859375));
#1565=CARTESIAN_POINT($,(-8.95666254004977,-0.882154262966045,10.28125));
#1566=CARTESIAN_POINT($,(-8.7302812787509,-2.18682161912937,10.703125));
#1567=CARTESIAN_POINT($,(-8.31491579260158,-3.44415089128581,11.125));
#1568=CARTESIAN_POINT($,(-7.71955749000245,-4.62692469773899,11.546875));
#1569=CARTESIAN_POINT($,(-6.95709408026463,-5.70953955747281,11.96875));
#1570=CARTESIAN_POINT($,(-6.04403059362317,-6.66856012819463,12.390625));
#1571=CARTESIAN_POINT($,(-5.00013209717642,-7.48322651072291,12.8125));
#1572=CARTESIAN_POINT($,(-3.84799584087254,-8.13590363811099,13.234375));
#1573=CARTESIAN_POINT($,(-2.61256209529016,-8.61246302158988,13.65625));
#1574=CARTESIAN_POINT($,(-1.32057427009826,-8.90258858968303,14.078125));
#1575=CARTESIAN_POINT($,(-0.000000000000002,-9,14.5));
#1576=CARTESIAN_POINT($,(10,0,1));
#1577=CARTESIAN_POINT($,(9.89176509964781,1.46730474455362,1.421875));
#1578=CARTESIAN_POINT($,(9.56940335732209,2.90284677254462,1.84375));
#1579=CARTESIAN_POINT($,(9.03989293123443,4.27555093430282,2.265625));
#1580=CARTESIAN_POINT($,(8.31469612302545,5.55570233019602,2.6875));
#1581=CARTESIAN_POINT($,(7.40951125354959,6.71558954847018,3.109375));
#1582=CARTESIAN_POINT($,(6.34393284163646,7.73010453362737,3.53125));
#1583=CARTESIAN_POINT($,(5.14102744193222,8.57728610000272,3.953125));
#1584=CARTESIAN_POINT($,(3.8268343236509,9.23879532511287,4.375));
#1585=CARTESIAN_POINT($,(2.42980179903264,9.70031253194544,4.796875));
#1586=CARTESIAN_POINT($,(0.980171403295608,9.95184726672197,5.21875));
#1587=CARTESIAN_POINT($,(-0.49067674327418,9.98795456205172,5.640625));
#1588=CARTESIAN_POINT($,(-1.95090322016128,9.8078528040323,6.0625));
#1589=CARTESIAN_POINT($,(-3.3688985339222,9.41544065183021,6.484375));
#1590=CARTESIAN_POINT($,(-4.71396736825998,8.81921264348355,6.90625));
#1591=CARTESIAN_POINT($,(-5.95699304492433,8.03207531480645,7.328125));
#1592=CARTESIAN_POINT($,(-7.07106781186547,7.07106781186548,7.75));
#1593=CARTESIAN_POINT($,(-8.03207531480645,5.95699304492434,8.171875));
#1594=CARTESIAN_POINT($,(-8.81921264348355,4.71396736825998,8.59375));
#1595=CARTESIAN_POINT($,(-9.41544065183021,3.3688985339222,9.015625));
#1596=CARTESIAN_POINT($,(-9.8078528040323,1.95090322016129,9.4375));
#1597=CARTESIAN_POINT($,(-9.98795456205172,0.49067674327418,9.859375));
#1598=CARTESIAN_POINT($,(-9.95184726672197,-0.980171403295606,10.28125));
#1599=CARTESIAN_POINT($,(-9.70031253194544,-2.42980179903264,10.703125));
#1600=CARTESIAN_POINT($,(-9.23879532511287,-3.8268343236509,11.125));
#1601=CARTESIAN_POINT($,(-8.57728610000272,-5.14102744193222,11.546875));
#1602=CARTESIAN_POINT($,(-7.73010453362737,-6.34393284163645,11.96875));
#1603=CARTESIAN_POINT($,(-6.71558954847019,-7.40951125354959,12.390625));
#1604=CARTESIAN_POINT($,(-5.55570233019602,-8.31469612302545,12.8125));
#1605=CARTESIAN_POINT($,(-4.27555093430282,-9.03989293123443,13.234375));
#1606=CARTESIAN_POINT($,(-2.90284677254462,-9.56940335732209,13.65625));
#1607=CARTESIAN_POINT($,(-1.46730474455362,-9.89176509964781,14.078125));
#1608=CARTESIAN_POINT($,(-0.000000000000002,-10,14.5));
#1609=CARTESIAN_POINT($,(11,0,1));
#1610=CARTESIAN_POINT($,(10.8809416096126,1.61403521900898,1.421875));
#1611=CARTESIAN_POINT($,(10.5263436930543,3.19313144979909,1.84375));
#1612=CARTESIAN_POINT($,(9.94388222435788,4.7031060277331,2.265625));
#1613=CARTESIAN_POINT($,(9.146165735328,6.11127256321562,2.6875));
#1614=CARTESIAN_POINT($,(8.15046237890455,7.3871485033172,3.109375));
#1615=CARTESIAN_POINT($,(6.9783261258001,8.50311498699011,3.53125));
#1616=CARTESIAN_POINT($,(5.65513018612544,9.43501471000299,3.953125));
#1617=CARTESIAN_POINT($,(4.20951775601599,10.1626748576242,4.375));
#1618=CARTESIAN_POINT($,(2.6727819789359,10.67034378514,4.796875));
#1619=CARTESIAN_POINT($,(1.07818854362517,10.9470319933942,5.21875));
#1620=CARTESIAN_POINT($,(-0.539744417601598,10.9867500182569,5.640625));
#1621=CARTESIAN_POINT($,(-2.14599354217741,10.7886380844355,6.0625));
#1622=CARTESIAN_POINT($,(-3.70578838731442,10.3569847170132,6.484375));
#1623=CARTESIAN_POINT($,(-5.18536410508597,9.70113390783191,6.90625));
#1624=CARTESIAN_POINT($,(-6.55269234941677,8.83528284628709,7.328125));
#1625=CARTESIAN_POINT($,(-7.77817459305202,7.77817459305202,7.75));
#1626=CARTESIAN_POINT($,(-8.83528284628709,6.55269234941677,8.171875));
#1627=CARTESIAN_POINT($,(-9.7011339078319,5.18536410508598,8.59375));
#1628=CARTESIAN_POINT($,(-10.3569847170132,3.70578838731442,9.015625));
#1629=CARTESIAN_POINT($,(-10.7886380844355,2.14599354217741,9.4375));
#1630=CARTESIAN_POINT($,(-10.9867500182569,0.539744417601598,9.859375));
#1631=CARTESIAN_POINT($,(-10.9470319933942,-1.07818854362517,10.28125));
#1632=CARTESIAN_POINT($,(-10.67034378514,-2.6727819789359,10.703125));
#1633=CARTESIAN_POINT($,(-10.1626748576242,-4.20951775601599,11.125));
#1634=CARTESIAN_POINT($,(-9.43501471000299,-5.65513018612544,11.546875));
#1635=CARTESIAN_POINT($,(-8.50311498699011,-6.9783261258001,11.96875));
#1636=CARTESIAN_POINT($,(-7.38714850331721,-8.15046237890455,12.390625));
#1637=CARTESIAN_POINT($,(-6.11127256321562,-9.146165735328,12.8125));
#1638=CARTESIAN_POINT($,(-4.70310602773311,-9.94388222435787,13.234375));
#1639=CARTESIAN_POINT($,(-3.19313144979909,-10.5263436930543,13.65625));
#1640=CARTESIAN_POINT($,(-1.61403521900899,-10.8809416096126,14.078125));
#1641=CARTESIAN_POINT($,(-0.000000000000002,-11,14.5));
#1642=CARTESIAN_POINT($,(12,0,1));
#1643=CARTESIAN_POINT($,(11.8701181195774,1.76076569346434,1.421875));
#1644=CARTESIAN_POINT($,(11.4832840287865,3.48341612705355,1.84375));
#1645=CARTESIAN_POINT($,(10.8478715174813,5.13066112116339,2.265625));
#1646=CARTESIAN_POINT($,(9.97763534763054,6.66684279623523,2.6875));
#1647=CARTESIAN_POINT($,(8.89141350425951,8.05870745816422,3.109375));
#1648=CARTESIAN_POINT($,(7.61271940996375,9.27612544035284,3.53125));
#1649=CARTESIAN_POINT($,(6.16923293031866,10.2927433200033,3.953125));
#1650=CARTESIAN_POINT($,(4.59220118838108,11.0865543901354,4.375));
#1651=CARTESIAN_POINT($,(2.91576215883917,11.6403750383345,4.796875));
#1652=CARTESIAN_POINT($,(1.17620568395473,11.9422167200664,5.21875));
#1653=CARTESIAN_POINT($,(-0.588812091929016,11.9855454744621,5.640625));
#1654=CARTESIAN_POINT($,(-2.34108386419354,11.7694233648388,6.0625));
#1655=CARTESIAN_POINT($,(-4.04267824070664,11.2985287821963,6.484375));
#1656=CARTESIAN_POINT($,(-5.65676084191197,10.5830551721803,6.90625));
#1657=CARTESIAN_POINT($,(-7.1483916539092,9.63849037776774,7.328125));
#1658=CARTESIAN_POINT($,(-8.48528137423857,8.48528137423857,7.75));
#1659=CARTESIAN_POINT($,(-9.63849037776774,7.1483916539092,8.171875));
#1660=CARTESIAN_POINT($,(-10.5830551721803,5.65676084191197,8.59375));
#1661=CARTESIAN_POINT($,(-11.2985287821962,4.04267824070664,9.015625));
#1662=CARTESIAN_POINT($,(-11.7694233648388,2.34108386419354,9.4375));
#1663=CARTESIAN_POINT($,(-11.9855454744621,0.588812091929016,9.859375));
#1664=CARTESIAN_POINT($,(-11.9422167200664,-1.17620568395473,10.28125));
#1665=CARTESIAN_POINT($,(-11.6403750383345,-2.91576215883917,10.703125));
#1666=CARTESIAN_POINT($,(-11.0865543901354,-4.59220118838108,11.125));
#1667=CARTESIAN_POINT($,(-10.2927433200033,-6.16923293031866,11.546875));
#1668=CARTESIAN_POINT($,(-9.27612544035285,-7.61271940996374,11.96875));
#1669=CARTESIAN_POINT($,(-8.05870745816422,-8.89141350425951,12.390625));
#1670=CARTESIAN_POINT($,(-6.66684279623523,-9.97763534763054,12.8125));
#1671=CARTESIAN_POINT($,(-5.13066112116339,-10.8478715174813,13.234375));
#1672=CARTESIAN_POINT($,(-3.48341612705355,-11.4832840287865,13.65625));
#1673=CARTESIAN_POINT($,(-1.76076569346435,-11.8701181195774,14.078125));
#1674=CARTESIAN_POINT($,(-0.000000000000002,-12,14.5));
#1675=CARTESIAN_POINT($,(13,0,1));
#1676=CARTESIAN_POINT($,(12.8592946295422,1.9074961679197,1.421875));
#1677=CARTESIAN_POINT($,(12.4402243645187,3.77370080430801,1.84375));
#1678=CARTESIAN_POINT($,(11.7518608106048,5.55821621459367,2.265625));
#1679=CARTESIAN_POINT($,(10.8091049599331,7.22241302925483,2.6875));
#1680=CARTESIAN_POINT($,(9.63236462961447,8.73026641301124,3.109375));
#1681=CARTESIAN_POINT($,(8.24711269412739,10.0491358937156,3.53125));
#1682=CARTESIAN_POINT($,(6.68333567451188,11.1504719300035,3.953125));
#1683=CARTESIAN_POINT($,(4.97488462074617,12.0104339226467,4.375));
#1684=CARTESIAN_POINT($,(3.15874233874243,12.6104062915291,4.796875));
#1685=CARTESIAN_POINT($,(1.27422282428429,12.9374014467386,5.21875));
#1686=CARTESIAN_POINT($,(-0.637879766256434,12.9843409306672,5.640625));
#1687=CARTESIAN_POINT($,(-2.53617418620967,12.750208645242,6.0625));
#1688=CARTESIAN_POINT($,(-4.37956809409886,12.2400728473793,6.484375));
#1689=CARTESIAN_POINT($,(-6.12815757873797,11.4649764365286,6.90625));
#1690=CARTESIAN_POINT($,(-7.74409095840163,10.4416979092484,7.328125));
#1691=CARTESIAN_POINT($,(-9.19238815542512,9.19238815542512,7.75));
#1692=CARTESIAN_POINT($,(-10.4416979092484,7.74409095840164,8.171875));
#1693=CARTESIAN_POINT($,(-11.4649764365286,6.12815757873797,8.59375));
#1694=CARTESIAN_POINT($,(-12.2400728473793,4.37956809409886,9.015625));
#1695=CARTESIAN_POINT($,(-12.750208645242,2.53617418620967,9.4375));
#1696=CARTESIAN_POINT($,(-12.9843409306672,0.637879766256434,9.859375));
#1697=CARTESIAN_POINT($,(-12.9374014467386,-1.27422282428429,10.28125));
#1698=CARTESIAN_POINT($,(-12.6104062915291,-3.15874233874243,10.703125));
#1699=CARTESIAN_POINT($,(-12.0104339226467,-4.97488462074617,11.125));
#1700=CARTESIAN_POINT($,(-11.1504719300035,-6.68333567451188,11.546875));
#1701=CARTESIAN_POINT($,(-10.0491358937156,-8.24711269412739,11.96875));
#1702=CARTESIAN_POINT($,(-8.73026641301124,-9.63236462961447,12.390625));
#1703=CARTESIAN_POINT($,(-7.22241302925483,-10.8091049599331,12.8125));
#1704=CARTESIAN_POINT($,(-5.55821621459367,-11.7518608106048,13.234375));
#1705=CARTESIAN_POINT($,(-3.77370080430801,-12.4402243645187,13.65625));
#1706=CARTESIAN_POINT($,(-1.90749616791971,-12.8592946295422,14.078125));
#1707=CARTESIAN_POINT($,(-0.000000000000002,-13,14.5));
#1708=CARTESIAN_POINT($,(14,0,1));
#1709=CARTESIAN_POINT($,(13.8484711395069,2.05422664237506,1.421875));
#1710=CARTESIAN_POINT($,(13.3971647002509,4.06398548156247,1.84375));
#1711=CARTESIAN_POINT($,(12.6558501037282,5.98577130802395,2.265625));
#1712=CARTESIAN_POINT($,(11.6405745722356,7.77798326227443,2.6875));
#1713=CARTESIAN_POINT($,(10.3733157549694,9.40182536785826,3.109375));
#1714=CARTESIAN_POINT($,(8.88150597829104,10.8221463470783,3.53125));
#1715=CARTESIAN_POINT($,(7.1974384187051,12.0082005400038,3.953125));
#1716=CARTESIAN_POINT($,(5.35756805311126,12.934313455158,4.375));
#1717=CARTESIAN_POINT($,(3.4017225186457,13.5804375447236,4.796875));
#1718=CARTESIAN_POINT($,(1.37223996461385,13.9325861734108,5.21875));
#1719=CARTESIAN_POINT($,(-0.686947440583852,13.9831363868724,5.640625));
#1720=CARTESIAN_POINT($,(-2.73126450822579,13.7309939256452,6.0625));
#1721=CARTESIAN_POINT($,(-4.71645794749108,13.1816169125623,6.484375));
#1722=CARTESIAN_POINT($,(-6.59955431556397,12.346897700877,6.90625));
#1723=CARTESIAN_POINT($,(-8.33979026289407,11.244905440729,7.328125));
#1724=CARTESIAN_POINT($,(-9.89949493661166,9.89949493661167,7.75));
#1725=CARTESIAN_POINT($,(-11.244905440729,8.33979026289407,8.171875));
#1726=CARTESIAN_POINT($,(-12.346897700877,6.59955431556397,8.59375));
#1727=CARTESIAN_POINT($,(-13.1816169125623,4.71645794749108,9.015625));
#1728=CARTESIAN_POINT($,(-13.7309939256452,2.7312645082258,9.4375));
#1729=CARTESIAN_POINT($,(-13.9831363868724,0.686947440583851,9.859375));
#1730=CARTESIAN_POINT($,(-13.9325861734108,-1.37223996461385,10.28125));
#1731=CARTESIAN_POINT($,(-13.5804375447236,-3.40172251864569,10.703125));
#1732=CARTESIAN_POINT($,(-12.934313455158,-5.35756805311126,11.125));
#1733=CARTESIAN_POINT($,(-12.0082005400038,-7.1974384187051,11.546875));
#1734=CARTESIAN_POINT($,(-10.8221463470783,-8.88150597829103,11.96875));
#1735=CARTESIAN_POINT($,(-9.40182536785826,-10.3733157549694,12.390625));
#1736=CARTESIAN_POINT($,(-7.77798326227443,-11.6405745722356,12.8125));
#1737=CARTESIAN_POINT($,(-5.98577130802395,-12.6558501037282,13.234375));
#1738=CARTESIAN_POINT($,(-4.06398548156247,-13.3971647002509,13.65625));
#1739=CARTESIAN_POINT($,(-2.05422664237507,-13.8484711395069,14.078125));
#1740=CARTESIAN_POINT($,(-0.000000000000003,-14,14.5));
#1741=CARTESIAN_POINT($,(15,0,1));
#1742=CARTESIAN_POINT($,(14.8376476494717,2.20095711683043,1.421875));
#1743=CARTESIAN_POINT($,(14.3541050359831,4.35427015881694,1.84375));
#1744=CARTESIAN_POINT($,(13.5598393968517,6.41332640145423,2.265625));
#1745=CARTESIAN_POINT($,(12.4720441845382,8.33355349529403,2.6875));
#1746=CARTESIAN_POINT($,(11.1142668803244,10.0733843227053,3.109375));
#1747=CARTESIAN_POINT($,(9.51589926245468,11.5951568004411,3.53125));
#1748=CARTESIAN_POINT($,(7.71154116289832,12.8659291500041,3.953125));
#1749=CARTESIAN_POINT($,(5.74025148547635,13.8581929876693,4.375));
#1750=CARTESIAN_POINT($,(3.64470269854896,14.5504687979182,4.796875));
#1751=CARTESIAN_POINT($,(1.47025710494341,14.927770900083,5.21875));
#1752=CARTESIAN_POINT($,(-0.73601511491127,14.9819318430776,5.640625));
#1753=CARTESIAN_POINT($,(-2.92635483024192,14.7117792060485,6.0625));
#1754=CARTESIAN_POINT($,(-5.0533478008833,14.1231609777453,6.484375));
#1755=CARTESIAN_POINT($,(-7.07095105238997,13.2288189652253,6.90625));
#1756=CARTESIAN_POINT($,(-8.9354895673865,12.0481129722097,7.328125));
#1757=CARTESIAN_POINT($,(-10.6066017177982,10.6066017177982,7.75));
#1758=CARTESIAN_POINT($,(-12.0481129722097,8.9354895673865,8.171875));
#1759=CARTESIAN_POINT($,(-13.2288189652253,7.07095105238997,8.59375));
#1760=CARTESIAN_POINT($,(-14.1231609777453,5.05334780088331,9.015625));
#1761=CARTESIAN_POINT($,(-14.7117792060485,2.92635483024193,9.4375));
#1762=CARTESIAN_POINT($,(-14.9819318430776,0.736015114911269,9.859375));
#1763=CARTESIAN_POINT($,(-14.927770900083,-1.47025710494341,10.28125));
#1764=CARTESIAN_POINT($,(-14.5504687979182,-3.64470269854896,10.703125));
#1765=CARTESIAN_POINT($,(-13.8581929876693,-5.74025148547635,11.125));
#1766=CARTESIAN_POINT($,(-12.8659291500041,-7.71154116289832,11.546875));
#1767=CARTESIAN_POINT($,(-11.5951568004411,-9.51589926245468,11.96875));
#1768=CARTESIAN_POINT($,(-10.0733843227053,-11.1142668803244,12.390625));
#1769=CARTESIAN_POINT($,(-8.33355349529403,-12.4720441845382,12.8125));
#1770=CARTESIAN_POINT($,(-6.41332640145424,-13.5598393968516,13.234375));
#1771=CARTESIAN_POINT($,(-4.35427015881694,-14.3541050359831,13.65625));
#1772=CARTESIAN_POINT($,(-2.20095711683043,-14.8376476494717,14.078125));
#1773=CARTESIAN_POINT($,(-0.000000000000003,-15,14.5));
#1774=CARTESIAN_POINT($,(16,0,1));
#1775=CARTESIAN_POINT($,(15.8268241594365,2.34768759128579,1.421875));
#1776=CARTESIAN_POINT($,(15.3110453717153,4.6445548360714,1.84375));
#1777=CARTESIAN_POINT($,(14.4638286899751,6.84088149488451,2.265625));
#1778=CARTESIAN_POINT($,(13.3035137968407,8.88912372831363,2.6875));
#1779=CARTESIAN_POINT($,(11.8552180056793,10.7449432775523,3.109375));
#1780=CARTESIAN_POINT($,(10.1502925466183,12.3681672538038,3.53125));
#1781=CARTESIAN_POINT($,(8.22564390709155,13.7236577600044,3.953125));
#1782=CARTESIAN_POINT($,(6.12293491784144,14.7820725201806,4.375));
#1783=CARTESIAN_POINT($,(3.88768287845222,15.5205000511127,4.796875));
#1784=CARTESIAN_POINT($,(1.56827424527297,15.9229556267551,5.21875));
#1785=CARTESIAN_POINT($,(-0.785082789238688,15.9807272992828,5.640625));
#1786=CARTESIAN_POINT($,(-3.12144515225805,15.6925644864517,6.0625));
#1787=CARTESIAN_POINT($,(-5.39023765427552,15.0647050429283,6.484375));
#1788=CARTESIAN_POINT($,(-7.54234778921596,14.1107402295737,6.90625));
#1789=CARTESIAN_POINT($,(-9.53118887187893,12.8513205036903,7.328125));
#1790=CARTESIAN_POINT($,(-11.3137084989848,11.3137084989848,7.75));
#1791=CARTESIAN_POINT($,(-12.8513205036903,9.53118887187894,8.171875));
#1792=CARTESIAN_POINT($,(-14.1107402295737,7.54234778921596,8.59375));
#1793=CARTESIAN_POINT($,(-15.0647050429283,5.39023765427553,9.015625));
#1794=CARTESIAN_POINT($,(-15.6925644864517,3.12144515225806,9.4375));
#1795=CARTESIAN_POINT($,(-15.9807272992828,0.785082789238687,9.859375));
#1796=CARTESIAN_POINT($,(-15.9229556267552,-1.56827424527297,10.28125));
#1797=CARTESIAN_POINT($,(-15.5205000511127,-3.88768287845222,10.703125));
#1798=CARTESIAN_POINT($,(-14.7820725201806,-6.12293491784143,11.125));
#1799=CARTESIAN_POINT($,(-13.7236577600044,-8.22564390709154,11.546875));
#1800=CARTESIAN_POINT($,(-12.3681672538038,-10.1502925466183,11.96875));
#1801=CARTESIAN_POINT($,(-10.7449432775523,-11.8552180056793,12.390625));
#1802=CARTESIAN_POINT($,(-8.88912372831363,-13.3035137968407,12.8125));
#1803=CARTESIAN_POINT($,(-6.84088149488452,-14.4638286899751,13.234375));
#1804=CARTESIAN_POINT($,(-4.6445548360714,-15.3110453717153,13.65625));
#1805=CARTESIAN_POINT($,(-2.3476875912858,-15.8268241594365,14.078125));
#1806=CARTESIAN_POINT($,(-0.000000000000003,-16,14.5));
#1807=CARTESIAN_POINT($,(17,0,1));
#1808=CARTESIAN_POINT($,(16.8160006694013,2.49441806574115,1.421875));
#1809=CARTESIAN_POINT($,(16.2679857074476,4.93483951332586,1.84375));
#1810=CARTESIAN_POINT($,(15.3678179830985,7.2684365883148,2.265625));
#1811=CARTESIAN_POINT($,(14.1349834091433,9.44469396133324,2.6875));
#1812=CARTESIAN_POINT($,(12.5961691310343,11.4165022323993,3.109375));
#1813=CARTESIAN_POINT($,(10.784685830782,13.1411777071665,3.53125));
#1814=CARTESIAN_POINT($,(8.73974665128477,14.5813863700046,3.953125));
#1815=CARTESIAN_POINT($,(6.50561835020653,15.7059520526919,4.375));
#1816=CARTESIAN_POINT($,(4.13066305835549,16.4905313043072,4.796875));
#1817=CARTESIAN_POINT($,(1.66629138560253,16.9181403534273,5.21875));
#1818=CARTESIAN_POINT($,(-0.834150463566106,16.9795227554879,5.640625));
#1819=CARTESIAN_POINT($,(-3.31653547427418,16.6733497668549,6.0625));
#1820=CARTESIAN_POINT($,(-5.72712750766774,16.0062491081114,6.484375));
#1821=CARTESIAN_POINT($,(-8.01374452604196,14.992661493922,6.90625));
#1822=CARTESIAN_POINT($,(-10.1268881763714,13.654528035171,7.328125));
#1823=CARTESIAN_POINT($,(-12.0208152801713,12.0208152801713,7.75));
#1824=CARTESIAN_POINT($,(-13.654528035171,10.1268881763714,8.171875));
#1825=CARTESIAN_POINT($,(-14.992661493922,8.01374452604196,8.59375));
#1826=CARTESIAN_POINT($,(-16.0062491081114,5.72712750766775,9.015625));
#1827=CARTESIAN_POINT($,(-16.6733497668549,3.31653547427419,9.4375));
#1828=CARTESIAN_POINT($,(-16.9795227554879,0.834150463566105,9.859375));
#1829=CARTESIAN_POINT($,(-16.9181403534273,-1.66629138560253,10.28125));
#1830=CARTESIAN_POINT($,(-16.4905313043072,-4.13066305835549,10.703125));
#1831=CARTESIAN_POINT($,(-15.7059520526919,-6.50561835020652,11.125));
#1832=CARTESIAN_POINT($,(-14.5813863700046,-8.73974665128477,11.546875));
#1833=CARTESIAN_POINT($,(-13.1411777071665,-10.784685830782,11.96875));
#1834=CARTESIAN_POINT($,(-11.4165022323993,-12.5961691310343,12.390625));
#1835=CARTESIAN_POINT($,(-9.44469396133324,-14.1349834091433,12.8125));
#1836=CARTESIAN_POINT($,(-7.2684365883148,-15.3678179830985,13.234375));
#1837=CARTESIAN_POINT($,(-4.93483951332586,-16.2679857074476,13.65625));
#1838=CARTESIAN_POINT($,(-2.49441806574116,-16.8160006694013,14.078125));
#1839=CARTESIAN_POINT($,(-0.000000000000003,-17,14.5));
#1840=CARTESIAN_POINT($,(18,0,1));
#1841=CARTESIAN_POINT($,(17.8051771793661,2.64114854019651,1.421875));
#1842=CARTESIAN_POINT($,(17.2249260431798,5.22512419058032,1.84375));
#1843=CARTESIAN_POINT($,(16.271807276222,7.69599168174508,2.265625));
#1844=CARTESIAN_POINT($,(14.9664530214458,10.0002641943528,2.6875));
#1845=CARTESIAN_POINT($,(13.3371202563893,12.0880611872463,3.109375));
#1846=CARTESIAN_POINT($,(11.4190791149456,13.9141881605293,3.53125));
#1847=CARTESIAN_POINT($,(9.25384939547799,15.4391149800049,3.953125));
#1848=CARTESIAN_POINT($,(6.88830178257162,16.6298315852032,4.375));
#1849=CARTESIAN_POINT($,(4.37364323825875,17.4605625575018,4.796875));
#1850=CARTESIAN_POINT($,(1.76430852593209,17.9133250800995,5.21875));
#1851=CARTESIAN_POINT($,(-0.883218137893524,17.9783182116931,5.640625));
#1852=CARTESIAN_POINT($,(-3.51162579629031,17.6541350472581,6.0625));
#1853=CARTESIAN_POINT($,(-6.06401736105996,16.9477931732944,6.484375));
#1854=CARTESIAN_POINT($,(-8.48514126286796,15.8745827582704,6.90625));
#1855=CARTESIAN_POINT($,(-10.7225874808638,14.4577355666516,7.328125));
#1856=CARTESIAN_POINT($,(-12.7279220613579,12.7279220613579,7.75));
#1857=CARTESIAN_POINT($,(-14.4577355666516,10.7225874808638,8.171875));
#1858=CARTESIAN_POINT($,(-15.8745827582704,8.48514126286796,8.59375));
#1859=CARTESIAN_POINT($,(-16.9477931732944,6.06401736105997,9.015625));
#1860=CARTESIAN_POINT($,(-17.6541350472581,3.51162579629032,9.4375));
#1861=CARTESIAN_POINT($,(-17.9783182116931,0.883218137893523,9.859375));
#1862=CARTESIAN_POINT($,(-17.9133250800995,-1.76430852593209,10.28125));
#1863=CARTESIAN_POINT($,(-17.4605625575018,-4.37364323825875,10.703125));
#1864=CARTESIAN_POINT($,(-16.6298315852032,-6.88830178257161,11.125));
#1865=CARTESIAN_POINT($,(-15.4391149800049,-9.25384939547799,11.546875));
#1866=CARTESIAN_POINT($,(-13.9141881605293,-11.4190791149456,11.96875));
#1867=CARTESIAN_POINT($,(-12.0880611872463,-13.3371202563893,12.390625));
#1868=CARTESIAN_POINT($,(-10.0002641943528,-14.9664530214458,12.8125));
#1869=CARTESIAN_POINT($,(-7.69599168174508,-16.271807276222,13.234375));
#1870=CARTESIAN_POINT($,(-5.22512419058032,-17.2249260431798,13.65625));
#1871=CARTESIAN_POINT($,(-2.64114854019652,-17.8051771793661,14.078125));
#1872=CARTESIAN_POINT($,(-0.000000000000003,-18,14.5));
#1873=CARTESIAN_POINT($,(19,0,1));
#1874=CARTESIAN_POINT($,(18.7943536893308,2.78787901465187,1.421875));
#1875=CARTESIAN_POINT($,(18.181866378912,5.51540886783478,1.84375));
#1876=CARTESIAN_POINT($,(17.1757965693454,8.12354677517536,2.265625));
#1877=CARTESIAN_POINT($,(15.7979226337484,10.5558344273724,2.6875));
#1878=CARTESIAN_POINT($,(14.0780713817442,12.7596201420933,3.109375));
#1879=CARTESIAN_POINT($,(12.0534723991093,14.687198613892,3.53125));
#1880=CARTESIAN_POINT($,(9.76795213967121,16.2968435900052,3.953125));
#1881=CARTESIAN_POINT($,(7.27098521493671,17.5537111177144,4.375));
#1882=CARTESIAN_POINT($,(4.61662341816202,18.4305938106963,4.796875));
#1883=CARTESIAN_POINT($,(1.86232566626165,18.9085098067717,5.21875));
#1884=CARTESIAN_POINT($,(-0.932285812220942,18.9771136678983,5.640625));
#1885=CARTESIAN_POINT($,(-3.70671611830644,18.6349203276614,6.0625));
#1886=CARTESIAN_POINT($,(-6.40090721445218,17.8893372384774,6.484375));
#1887=CARTESIAN_POINT($,(-8.95653799969396,16.7565040226187,6.90625));
#1888=CARTESIAN_POINT($,(-11.3182867853562,15.2609430981323,7.328125));
#1889=CARTESIAN_POINT($,(-13.4350288425444,13.4350288425444,7.75));
#1890=CARTESIAN_POINT($,(-15.2609430981323,11.3182867853562,8.171875));
#1891=CARTESIAN_POINT($,(-16.7565040226187,8.95653799969396,8.59375));
#1892=CARTESIAN_POINT($,(-17.8893372384774,6.40090721445219,9.015625));
#1893=CARTESIAN_POINT($,(-18.6349203276614,3.70671611830644,9.4375));
#1894=CARTESIAN_POINT($,(-18.9771136678983,0.932285812220941,9.859375));
#1895=CARTESIAN_POINT($,(-18.9085098067717,-1.86232566626165,10.28125));
#1896=CARTESIAN_POINT($,(-18.4305938106963,-4.61662341816201,10.703125));
#1897=CARTESIAN_POINT($,(-17.5537111177144,-7.2709852149367,11.125));
#1898=CARTESIAN_POINT($,(-16.2968435900052,-9.76795213967121,11.546875));
#1899=CARTESIAN_POINT($,(-14.687198613892,-12.0534723991093,11.96875));
#1900=CARTESIAN_POINT($,(-12.7596201420934,-14.0780713817442,12.390625));
#1901=CARTESIAN_POINT($,(-10.5558344273724,-15.7979226337484,12.8125));
#1902=CARTESIAN_POINT($,(-8.12354677517537,-17.1757965693454,13.234375));
#1903=CARTESIAN_POINT($,(-5.51540886783479,-18.181866378912,13.65625));
#1904=CARTESIAN_POINT($,(-2.78787901465188,-18.7943536893308,14.078125));
#1905=CARTESIAN_POINT($,(-0.000000000000003,-19,14.5));
#1906=CARTESIAN_POINT($,(20,0,1));
#1907=CARTESIAN_POINT($,(19.7835301992956,2.93460948910723,1.421875));
#1908=CARTESIAN_POINT($,(19.1388067146442,5.80569354508925,1.84375));
#1909=CARTESIAN_POINT($,(18.0797858624689,8.55110186860564,2.265625));
#1910=CARTESIAN_POINT($,(16.6293922460509,11.111404660392,2.6875));
#1911=CARTESIAN_POINT($,(14.8190225070992,13.4311790969404,3.109375));
#1912=CARTESIAN_POINT($,(12.6878656832729,15.4602090672547,3.53125));
#1913=CARTESIAN_POINT($,(10.2820548838644,17.1545722000054,3.953125));
#1914=CARTESIAN_POINT($,(7.6536686473018,18.4775906502257,4.375));
#1915=CARTESIAN_POINT($,(4.85960359806528,19.4006250638909,4.796875));
#1916=CARTESIAN_POINT($,(1.96034280659122,19.9036945334439,5.21875));
#1917=CARTESIAN_POINT($,(-0.98135348654836,19.9759091241034,5.640625));
#1918=CARTESIAN_POINT($,(-3.90180644032256,19.6157056080646,6.0625));
#1919=CARTESIAN_POINT($,(-6.7377970678444,18.8308813036604,6.484375));
#1920=CARTESIAN_POINT($,(-9.42793473651995,17.6384252869671,6.90625));
#1921=CARTESIAN_POINT($,(-11.9139860898487,16.0641506296129,7.328125));
#1922=CARTESIAN_POINT($,(-14.1421356237309,14.142135623731,7.75));
#1923=CARTESIAN_POINT($,(-16.0641506296129,11.9139860898487,8.171875));
#1924=CARTESIAN_POINT($,(-17.6384252869671,9.42793473651996,8.59375));
#1925=CARTESIAN_POINT($,(-18.8308813036604,6.73779706784441,9.015625));
#1926=CARTESIAN_POINT($,(-19.6157056080646,3.90180644032257,9.4375));
#1927=CARTESIAN_POINT($,(-19.9759091241034,0.981353486548359,9.859375));
#1928=CARTESIAN_POINT($,(-19.9036945334439,-1.96034280659121,10.28125));
#1929=CARTESIAN_POINT($,(-19.4006250638909,-4.85960359806528,10.703125));
#1930=CARTESIAN_POINT($,(-18.4775906502257,-7.65366864730179,11.125));
#1931=CARTESIAN_POINT($,(-17.1545722000054,-10.2820548838644,11.546875));
#1932=CARTESIAN_POINT($,(-15.4602090672547,-12.6878656832729,11.96875));
#1933=CARTESIAN_POINT($,(-13.4311790969404,-14.8190225070992,12.390625));
#1934=CARTESIAN_POINT($,(-11.111404660392,-16.6293922460509,12.8125));
#1935=CARTESIAN_POINT($,(-8.55110186860565,-18.0797858624689,13.234375));
#1936=CARTESIAN_POINT($,(-5.80569354508925,-19.1388067146442,13.65625));
#1937=CARTESIAN_POINT($,(-2.93460948910725,-19.7835301992956,14.078125));
#1938=CARTESIAN_POINT($,(-0.000000000000004,-20,14.5));
#1939=CARTESIAN_POINT($,(21,0,1));
#1940=CARTESIAN_POINT($,(20.7727067092604,3.0813399635626,1.421875));
#1941=CARTESIAN_POINT($,(20.0957470503764,6.09597822234371,1.84375));
#1942=CARTESIAN_POINT($,(18.9837751555923,8.97865696203592,2.265625));
#1943=CARTESIAN_POINT($,(17.4608618583535,11.6669748934116,2.6875));
#1944=CARTESIAN_POINT($,(15.5599736324541,14.1027380517874,3.109375));
#1945=CARTESIAN_POINT($,(13.3222589674366,16.2332195206175,3.53125));
#1946=CARTESIAN_POINT($,(10.7961576280577,18.0123008100057,3.953125));
#1947=CARTESIAN_POINT($,(8.03635207966689,19.401470182737,4.375));
#1948=CARTESIAN_POINT($,(5.10258377796854,20.3706563170854,4.796875));
#1949=CARTESIAN_POINT($,(2.05835994692078,20.8988792601161,5.21875));
#1950=CARTESIAN_POINT($,(-1.03042116087578,20.9747045803086,5.640625));
#1951=CARTESIAN_POINT($,(-4.09689676233869,20.5964908884678,6.0625));
#1952=CARTESIAN_POINT($,(-7.07468692123662,19.7724253688434,6.484375));
#1953=CARTESIAN_POINT($,(-9.89933147334595,18.5203465513155,6.90625));
#1954=CARTESIAN_POINT($,(-12.5096853943411,16.8673581610935,7.328125));
#1955=CARTESIAN_POINT($,(-14.8492424049175,14.8492424049175,7.75));
#1956=CARTESIAN_POINT($,(-16.8673581610935,12.5096853943411,8.171875));
#1957=CARTESIAN_POINT($,(-18.5203465513155,9.89933147334595,8.59375));
#1958=CARTESIAN_POINT($,(-19.7724253688434,7.07468692123663,9.015625));
#1959=CARTESIAN_POINT($,(-20.5964908884678,4.0968967623387,9.4375));
#1960=CARTESIAN_POINT($,(-20.9747045803086,1.03042116087578,9.859375));
#1961=CARTESIAN_POINT($,(-20.8988792601161,-2.05835994692077,10.28125));
#1962=CARTESIAN_POINT($,(-20.3706563170854,-5.10258377796854,10.703125));
#1963=CARTESIAN_POINT($,(-19.401470182737,-8.03635207966688,11.125));
#1964=CARTESIAN_POINT($,(-18.0123008100057,-10.7961576280577,11.546875));
#1965=CARTESIAN_POINT($,(-16.2332195206175,-13.3222589674366,11.96875));
#1966=CARTESIAN_POINT($,(-14.1027380517874,-15.5599736324541,12.390625));
#1967=CARTESIAN_POINT($,(-11.6669748934116,-17.4608618583535,12.8125));
#1968=CARTESIAN_POINT($,(-8.97865696203593,-18.9837751555923,13.234375));
#1969=CARTESIAN_POINT($,(-6.09597822234371,-20.0957470503764,13.65625));
#1970=CARTESIAN_POINT($,(-3.08133996356261,-20.7727067092604,14.078125));
#1971=CARTESIAN_POINT($,(-0.000000000000004,-21,14.5));
#1972=CARTESIAN_POINT($,(22,0,1));
#1973=CARTESIAN_POINT($,(21.7618832192252,3.22807043801796,1.421875));
#1974=CARTESIAN_POINT($,(21.0526873861086,6.38626289959817,1.84375));
#1975=CARTESIAN_POINT($,(19.8877644487158,9.40621205546621,2.265625));
#1976=CARTESIAN_POINT($,(18.292331470656,12.2225451264312,2.6875));
#1977=CARTESIAN_POINT($,(16.3009247578091,14.7742970066344,3.109375));
#1978=CARTESIAN_POINT($,(13.9566522516002,17.0062299739802,3.53125));
#1979=CARTESIAN_POINT($,(11.3102603722509,18.870029420006,3.953125));
#1980=CARTESIAN_POINT($,(8.41903551203198,20.3253497152483,4.375));
#1981=CARTESIAN_POINT($,(5.34556395787181,21.34068757028,4.796875));
#1982=CARTESIAN_POINT($,(2.15637708725034,21.8940639867883,5.21875));
#1983=CARTESIAN_POINT($,(-1.0794888352032,21.9735000365138,5.640625));
#1984=CARTESIAN_POINT($,(-4.29198708435482,21.5772761688711,6.0625));
#1985=CARTESIAN_POINT($,(-7.41157677462884,20.7139694340265,6.484375));
#1986=CARTESIAN_POINT($,(-10.3707282101719,19.4022678156638,6.90625));
#1987=CARTESIAN_POINT($,(-13.1053846988335,17.6705656925742,7.328125));
#1988=CARTESIAN_POINT($,(-15.556349186104,15.556349186104,7.75));
#1989=CARTESIAN_POINT($,(-17.6705656925742,13.1053846988335,8.171875));
#1990=CARTESIAN_POINT($,(-19.4022678156638,10.370728210172,8.59375));
#1991=CARTESIAN_POINT($,(-20.7139694340265,7.41157677462885,9.015625));
#1992=CARTESIAN_POINT($,(-21.5772761688711,4.29198708435483,9.4375));
#1993=CARTESIAN_POINT($,(-21.9735000365138,1.0794888352032,9.859375));
#1994=CARTESIAN_POINT($,(-21.8940639867883,-2.15637708725033,10.28125));
#1995=CARTESIAN_POINT($,(-21.34068757028,-5.3455639578718,10.703125));
#1996=CARTESIAN_POINT($,(-20.3253497152483,-8.41903551203197,11.125));
#1997=CARTESIAN_POINT($,(-18.870029420006,-11.3102603722509,11.546875));
#1998=CARTESIAN_POINT($,(-17.0062299739802,-13.9566522516002,11.96875));
#1999=CARTESIAN_POINT($,(-14.7742970066344,-16.3009247578091,12.390625));
#2000=CARTESIAN_POINT($,(-12.2225451264312,-18.292331470656,12.8125));
#2001=CARTESIAN_POINT($,(-9.40621205546621,-19.8877644487157,13.234375));
#2002=CARTESIAN_POINT($,(-6.38626289959817,-21.0526873861086,13.65625));
#2003=CARTESIAN_POINT($,(-3.22807043801797,-21.7618832192252,14.078125));
#2004=CARTESIAN_POINT($,(-0.000000000000004,-22,14.5));
#2005=CARTESIAN_POINT($,(23,0,1));
#2006=CARTESIAN_POINT($,(22.75105972919,3.37480091247332,1.421875));
#2007=CARTESIAN_POINT($,(22.0096277218408,6.67654757685263,1.84375));
#2008=CARTESIAN_POINT($,(20.7917537418392,9.83376714889649,2.265625));
#2009=CARTESIAN_POINT($,(19.1238010829585,12.7781153594509,2.6875));
#2010=CARTESIAN_POINT($,(17.0418758831641,15.4458559614814,3.109375));
#2011=CARTESIAN_POINT($,(14.5910455357638,17.7792404273429,3.53125));
#2012=CARTESIAN_POINT($,(11.8243631164441,19.7277580300063,3.953125));
#2013=CARTESIAN_POINT($,(8.80171894439707,21.2492292477596,4.375));
#2014=CARTESIAN_POINT($,(5.58854413777507,22.3107188234745,4.796875));
#2015=CARTESIAN_POINT($,(2.2543942275799,22.8892487134605,5.21875));
#2016=CARTESIAN_POINT($,(-1.12855650953061,22.972295492719,5.640625));
#2017=CARTESIAN_POINT($,(-4.48707740637095,22.5580614492743,6.0625));
#2018=CARTESIAN_POINT($,(-7.74846662802106,21.6555134992095,6.484375));
#2019=CARTESIAN_POINT($,(-10.8421249469979,20.2841890800122,6.90625));
#2020=CARTESIAN_POINT($,(-13.701084003326,18.4737732240548,7.328125));
#2021=CARTESIAN_POINT($,(-16.2634559672906,16.2634559672906,7.75));
#2022=CARTESIAN_POINT($,(-18.4737732240548,13.701084003326,8.171875));
#2023=CARTESIAN_POINT($,(-20.2841890800122,10.842124946998,8.59375));
#2024=CARTESIAN_POINT($,(-21.6555134992095,7.74846662802107,9.015625));
#2025=CARTESIAN_POINT($,(-22.5580614492743,4.48707740637096,9.4375));
#2026=CARTESIAN_POINT($,(-22.972295492719,1.12855650953061,9.859375));
#2027=CARTESIAN_POINT($,(-22.8892487134605,-2.25439422757989,10.28125));
#2028=CARTESIAN_POINT($,(-22.3107188234745,-5.58854413777507,10.703125));
#2029=CARTESIAN_POINT($,(-21.2492292477596,-8.80171894439706,11.125));
#2030=CARTESIAN_POINT($,(-19.7277580300063,-11.8243631164441,11.546875));
#2031=CARTESIAN_POINT($,(-17.779240427343,-14.5910455357638,11.96875));
#2032=CARTESIAN_POINT($,(-15.4458559614814,-17.0418758831641,12.390625));
#2033=CARTESIAN_POINT($,(-12.7781153594509,-19.1238010829585,12.8125));
#2034=CARTESIAN_POINT($,(-9.8337671488965,-20.7917537418392,13.234375));
#2035=CARTESIAN_POINT($,(-6.67654757685264,-22.0096277218408,13.65625));
#2036=CARTESIAN_POINT($,(-3.37480091247333,-22.75105972919,14.078125));
#2037=CARTESIAN_POINT($,(-0.000000000000004,-23,14.5));
#2038=CARTESIAN_POINT($,(24,0,1));
#2039=CARTESIAN_POINT($,(23.7402362391547,3.52153138692868,1.421875));
#2040=CARTESIAN_POINT($,(22.966568057573,6.9668322541071,1.84375));
#2041=CARTESIAN_POINT($,(21.6957430349626,10.2613222423268,2.265625));
#2042=CARTESIAN_POINT($,(19.9552706952611,13.3336855924705,2.6875));
#2043=CARTESIAN_POINT($,(17.782827008519,16.1174149163284,3.109375));
#2044=CARTESIAN_POINT($,(15.2254388199275,18.5522508807057,3.53125));
#2045=CARTESIAN_POINT($,(12.3384658606373,20.5854866400065,3.953125));
#2046=CARTESIAN_POINT($,(9.18440237676216,22.1731087802709,4.375));
#2047=CARTESIAN_POINT($,(5.83152431767834,23.2807500766691,4.796875));
#2048=CARTESIAN_POINT($,(2.35241136790946,23.8844334401327,5.21875));
#2049=CARTESIAN_POINT($,(-1.17762418385803,23.9710909489241,5.640625));
#2050=CARTESIAN_POINT($,(-4.68216772838708,23.5388467296775,6.0625));
#2051=CARTESIAN_POINT($,(-8.08535648141328,22.5970575643925,6.484375));
#2052=CARTESIAN_POINT($,(-11.3135216838239,21.1661103443605,6.90625));
#2053=CARTESIAN_POINT($,(-14.2967833078184,19.2769807555355,7.328125));
#2054=CARTESIAN_POINT($,(-16.9705627484771,16.9705627484771,7.75));
#2055=CARTESIAN_POINT($,(-19.2769807555355,14.2967833078184,8.171875));
#2056=CARTESIAN_POINT($,(-21.1661103443605,11.3135216838239,8.59375));
#2057=CARTESIAN_POINT($,(-22.5970575643925,8.08535648141329,9.015625));
#2058=CARTESIAN_POINT($,(-23.5388467296775,4.68216772838709,9.4375));
#2059=CARTESIAN_POINT($,(-23.9710909489241,1.17762418385803,9.859375));
#2060=CARTESIAN_POINT($,(-23.8844334401327,-2.35241136790945,10.28125));
#2061=CARTESIAN_POINT($,(-23.2807500766691,-5.83152431767833,10.703125));
#2062=CARTESIAN_POINT($,(-22.1731087802709,-9.18440237676215,11.125));
#2063=CARTESIAN_POINT($,(-20.5854866400065,-12.3384658606373,11.546875));
#2064=CARTESIAN_POINT($,(-18.5522508807057,-15.2254388199275,11.96875));
#2065=CARTESIAN_POINT($,(-16.1174149163284,-17.782827008519,12.390625));
#2066=CARTESIAN_POINT($,(-13.3336855924705,-19.9552706952611,12.8125));
#2067=CARTESIAN_POINT($,(-10.2613222423268,-21.6957430349626,13.234375));
#2068=CARTESIAN_POINT($,(-6.9668322541071,-22.966568057573,13.65625));
#2069=CARTESIAN_POINT($,(-3.5215313869287,-23.7402362391547,14.078125));
#2070=CARTESIAN_POINT($,(-0.000000000000004,-24,14.5));
#2071=CARTESIAN_POINT($,(25,0,1));
#2072=CARTESIAN_POINT($,(24.7294127491195,3.66826186138404,1.421875));
#2073=CARTESIAN_POINT($,(23.9235083933052,7.25711693136156,1.84375));
#2074=CARTESIAN_POINT($,(22.5997323280861,10.6888773357571,2.265625));
#2075=CARTESIAN_POINT($,(20.7867403075636,13.8892558254901,2.6875));
#2076=CARTESIAN_POINT($,(18.523778133874,16.7889738711755,3.109375));
#2077=CARTESIAN_POINT($,(15.8598321040911,19.3252613340684,3.53125));
#2078=CARTESIAN_POINT($,(12.8525686048305,21.4432152500068,3.953125));
#2079=CARTESIAN_POINT($,(9.56708580912725,23.0969883127822,4.375));
#2080=CARTESIAN_POINT($,(6.0745044975816,24.2507813298636,4.796875));
#2081=CARTESIAN_POINT($,(2.45042850823902,24.8796181668049,5.21875));
#2082=CARTESIAN_POINT($,(-1.22669185818545,24.9698864051293,5.640625));
#2083=CARTESIAN_POINT($,(-4.8772580504032,24.5196320100808,6.0625));
#2084=CARTESIAN_POINT($,(-8.4222463348055,23.5386016295755,6.484375));
#2085=CARTESIAN_POINT($,(-11.7849184206499,22.0480316087089,6.90625));
#2086=CARTESIAN_POINT($,(-14.8924826123108,20.0801882870161,7.328125));
#2087=CARTESIAN_POINT($,(-17.6776695296637,17.6776695296637,7.75));
#2088=CARTESIAN_POINT($,(-20.0801882870161,14.8924826123108,8.171875));
#2089=CARTESIAN_POINT($,(-22.0480316087089,11.7849184206499,8.59375));
#2090=CARTESIAN_POINT($,(-23.5386016295755,8.42224633480551,9.015625));
#2091=CARTESIAN_POINT($,(-24.5196320100808,4.87725805040322,9.4375));
#2092=CARTESIAN_POINT($,(-24.9698864051293,1.22669185818545,9.859375));
#2093=CARTESIAN_POINT($,(-24.8796181668049,-2.45042850823901,10.28125));
#2094=CARTESIAN_POINT($,(-24.2507813298636,-6.0745044975816,10.703125));
#2095=CARTESIAN_POINT($,(-23.0969883127822,-9.56708580912724,11.125));
#2096=CARTESIAN_POINT($,(-21.4432152500068,-12.8525686048305,11.546875));
#2097=CARTESIAN_POINT($,(-19.3252613340684,-15.8598321040911,11.96875));
#2098=CARTESIAN_POINT($,(-16.7889738711755,-18.523778133874,12.390625));
#2099=CARTESIAN_POINT($,(-13.8892558254901,-20.7867403075636,12.8125));
#2100=CARTESIAN_POINT($,(-10.6888773357571,-22.5997323280861,13.234375));
#2101=CARTESIAN_POINT($,(-7.25711693136156,-23.9235083933052,13.65625));
#2102=CARTESIAN_POINT($,(-3.66826186138406,-24.7294127491195,14.078125));
#2103=CARTESIAN_POINT($,(-0.000000000000005,-25,14.5));
#2104=CARTESIAN_POINT($,(26,0,1));
#2105=CARTESIAN_POINT($,(25.7185892590843,3.81499233583941,1.421875));
#2106=CARTESIAN_POINT($,(24.8804487290374,7.54740160861602,1.84375));
#2107=CARTESIAN_POINT($,(23.5037216212095,11.1164324291873,2.265625));
#2108=CARTESIAN_POINT($,(21.6182099198662,14.4448260585097,2.6875));
#2109=CARTESIAN_POINT($,(19.2647292592289,17.4605328260225,3.109375));
#2110=CARTESIAN_POINT($,(16.4942253882548,20.0982717874312,3.53125));
#2111=CARTESIAN_POINT($,(13.3666713490238,22.3009438600071,3.953125));
#2112=CARTESIAN_POINT($,(9.94976924149234,24.0208678452935,4.375));
#2113=CARTESIAN_POINT($,(6.31748467748486,25.2208125830581,4.796875));
#2114=CARTESIAN_POINT($,(2.54844564856858,25.8748028934771,5.21875));
#2115=CARTESIAN_POINT($,(-1.27575953251287,25.9686818613345,5.640625));
#2116=CARTESIAN_POINT($,(-5.07234837241933,25.500417290484,6.0625));
#2117=CARTESIAN_POINT($,(-8.75913618819772,24.4801456947585,6.484375));
#2118=CARTESIAN_POINT($,(-12.2563151574759,22.9299528730572,6.90625));
#2119=CARTESIAN_POINT($,(-15.4881819168033,20.8833958184968,7.328125));
#2120=CARTESIAN_POINT($,(-18.3847763108502,18.3847763108502,7.75));
#2121=CARTESIAN_POINT($,(-20.8833958184968,15.4881819168033,8.171875));
#2122=CARTESIAN_POINT($,(-22.9299528730572,12.2563151574759,8.59375));
#2123=CARTESIAN_POINT($,(-24.4801456947585,8.75913618819773,9.015625));
#2124=CARTESIAN_POINT($,(-25.500417290484,5.07234837241934,9.4375));
#2125=CARTESIAN_POINT($,(-25.9686818613345,1.27575953251287,9.859375));
#2126=CARTESIAN_POINT($,(-25.8748028934771,-2.54844564856858,10.28125));
#2127=CARTESIAN_POINT($,(-25.2208125830581,-6.31748467748486,10.703125));
#2128=CARTESIAN_POINT($,(-24.0208678452935,-9.94976924149233,11.125));
#2129=CARTESIAN_POINT($,(-22.3009438600071,-13.3666713490238,11.546875));
#2130=CARTESIAN_POINT($,(-20.0982717874312,-16.4942253882548,11.96875));
#2131=CARTESIAN_POINT($,(-17.4605328260225,-19.2647292592289,12.390625));
#2132=CARTESIAN_POINT($,(-14.4448260585097,-21.6182099198662,12.8125));
#2133=CARTESIAN_POINT($,(-11.1164324291873,-23.5037216212095,13.234375));
#2134=CARTESIAN_POINT($,(-7.54740160861602,-24.8804487290374,13.65625));
#2135=CARTESIAN_POINT($,(-3.81499233583942,-25.7185892590843,14.078125));
#2136=CARTESIAN_POINT($,(-0.000000000000005,-26,14.5));
#2137=CARTESIAN_POINT($,(27,0,1));
#2138=CARTESIAN_POINT($,(26.7077657690491,3.96172281029477,1.421875));
#2139=CARTESIAN_POINT($,(25.8373890647696,7.83768628587048,1.84375));
#2140=CARTESIAN_POINT($,(24.407710914333,11.5439875226176,2.265625));
#2141=CARTESIAN_POINT($,(22.4496795321687,15.0003962915293,2.6875));
#2142=CARTESIAN_POINT($,(20.0056803845839,18.1320917808695,3.109375));
#2143=CARTESIAN_POINT($,(17.1286186724184,20.8712822407939,3.53125));
#2144=CARTESIAN_POINT($,(13.880774093217,23.1586724700073,3.953125));
#2145=CARTESIAN_POINT($,(10.3324526738574,24.9447473778047,4.375));
#2146=CARTESIAN_POINT($,(6.56046485738813,26.1908438362527,4.796875));
#2147=CARTESIAN_POINT($,(2.64646278889814,26.8699876201493,5.21875));
#2148=CARTESIAN_POINT($,(-1.32482720684029,26.9674773175397,5.640625));
#2149=CARTESIAN_POINT($,(-5.26743869443546,26.4812025708872,6.0625));
#2150=CARTESIAN_POINT($,(-9.09602604158994,25.4216897599416,6.484375));
#2151=CARTESIAN_POINT($,(-12.7277118943019,23.8118741374056,6.90625));
#2152=CARTESIAN_POINT($,(-16.0838812212957,21.6866033499774,7.328125));
#2153=CARTESIAN_POINT($,(-19.0918830920368,19.0918830920368,7.75));
#2154=CARTESIAN_POINT($,(-21.6866033499774,16.0838812212957,8.171875));
#2155=CARTESIAN_POINT($,(-23.8118741374056,12.7277118943019,8.59375));
#2156=CARTESIAN_POINT($,(-25.4216897599416,9.09602604158995,9.015625));
#2157=CARTESIAN_POINT($,(-26.4812025708872,5.26743869443547,9.4375));
#2158=CARTESIAN_POINT($,(-26.9674773175397,1.32482720684029,9.859375));
#2159=CARTESIAN_POINT($,(-26.8699876201493,-2.64646278889814,10.28125));
#2160=CARTESIAN_POINT($,(-26.1908438362527,-6.56046485738812,10.703125));
#2161=CARTESIAN_POINT($,(-24.9447473778047,-10.3324526738574,11.125));
#2162=CARTESIAN_POINT($,(-23.1586724700073,-13.880774093217,11.546875));
#2163=CARTESIAN_POINT($,(-20.8712822407939,-17.1286186724184,11.96875));
#2164=CARTESIAN_POINT($,(-18.1320917808695,-20.0056803845839,12.390625));
#2165=CARTESIAN_POINT($,(-15.0003962915293,-22.4496795321687,12.8125));
#2166=CARTESIAN_POINT($,(-11.5439875226176,-24.407710914333,13.234375));
#2167=CARTESIAN_POINT($,(-7.83768628587049,-25.8373890647696,13.65625));
#2168=CARTESIAN_POINT($,(-3.96172281029478,-26.7077657690491,14.078125));
#2169=CARTESIAN_POINT($,(-0.000000000000005,-27,14.5));
#2170=CARTESIAN_POINT($,(28,0,1));
#2171=CARTESIAN_POINT($,(27.6969422790139,4.10845328475013,1.421875));
#2172=CARTESIAN_POINT($,(26.7943294005018,8.12797096312494,1.84375));
#2173=CARTESIAN_POINT($,(25.3117002074564,11.9715426160479,2.265625));
#2174=CARTESIAN_POINT($,(23.2811491444713,15.5559665245489,2.6875));
#2175=CARTESIAN_POINT($,(20.7466315099389,18.8036507357165,3.109375));
#2176=CARTESIAN_POINT($,(17.7630119565821,21.6442926941566,3.53125));
#2177=CARTESIAN_POINT($,(14.3948768374102,24.0164010800076,3.953125));
#2178=CARTESIAN_POINT($,(10.7151361062225,25.868626910316,4.375));
#2179=CARTESIAN_POINT($,(6.80344503729139,27.1608750894472,4.796875));
#2180=CARTESIAN_POINT($,(2.7444799292277,27.8651723468215,5.21875));
#2181=CARTESIAN_POINT($,(-1.3738948811677,27.9662727737448,5.640625));
#2182=CARTESIAN_POINT($,(-5.46252901645159,27.4619878512905,6.0625));
#2183=CARTESIAN_POINT($,(-9.43291589498216,26.3632338251246,6.484375));
#2184=CARTESIAN_POINT($,(-13.1991086311279,24.6937954017539,6.90625));
#2185=CARTESIAN_POINT($,(-16.6795805257881,22.4898108814581,7.328125));
#2186=CARTESIAN_POINT($,(-19.7989898732233,19.7989898732233,7.75));
#2187=CARTESIAN_POINT($,(-22.4898108814581,16.6795805257881,8.171875));
#2188=CARTESIAN_POINT($,(-24.6937954017539,13.1991086311279,8.59375));
#2189=CARTESIAN_POINT($,(-26.3632338251246,9.43291589498217,9.015625));
#2190=CARTESIAN_POINT($,(-27.4619878512905,5.4625290164516,9.4375));
#2191=CARTESIAN_POINT($,(-27.9662727737448,1.3738948811677,9.859375));
#2192=CARTESIAN_POINT($,(-27.8651723468215,-2.7444799292277,10.28125));
#2193=CARTESIAN_POINT($,(-27.1608750894472,-6.80344503729139,10.703125));
#2194=CARTESIAN_POINT($,(-25.868626910316,-10.7151361062225,11.125));
#2195=CARTESIAN_POINT($,(-24.0164010800076,-14.3948768374102,11.546875));
#2196=CARTESIAN_POINT($,(-21.6442926941566,-17.7630119565821,11.96875));
#2197=CARTESIAN_POINT($,(-18.8036507357165,-20.7466315099388,12.390625));
#2198=CARTESIAN_POINT($,(-15.5559665245489,-23.2811491444713,12.8125));
#2199=CARTESIAN_POINT($,(-11.9715426160479,-25.3117002074564,13.234375));
#2200=CARTESIAN_POINT($,(-8.12797096312495,-26.7943294005018,13.65625));
#2201=CARTESIAN_POINT($,(-4.10845328475014,-27.6969422790139,14.078125));
#2202=CARTESIAN_POINT($,(-0.000000000000005,-28,14.5));
#2203=CARTESIAN_POINT($,(29,0,1));
#2204=CARTESIAN_POINT($,(28.6861187889786,4.25518375920549,1.421875));
#2205=CARTESIAN_POINT($,(27.7512697362341,8.41825564037941,1.84375));
#2206=CARTESIAN_POINT($,(26.2156895005799,12.3990977094782,2.265625));
#2207=CARTESIAN_POINT($,(24.1126187567738,16.1115367575685,2.6875));
#2208=CARTESIAN_POINT($,(21.4875826352938,19.4752096905635,3.109375));
#2209=CARTESIAN_POINT($,(18.3974052407457,22.4173031475194,3.53125));
#2210=CARTESIAN_POINT($,(14.9089795816034,24.8741296900079,3.953125));
#2211=CARTESIAN_POINT($,(11.0978195385876,26.7925064428273,4.375));
#2212=CARTESIAN_POINT($,(7.04642521719466,28.1309063426418,4.796875));
#2213=CARTESIAN_POINT($,(2.84249706955726,28.8603570734937,5.21875));
#2214=CARTESIAN_POINT($,(-1.42296255549512,28.96506822995,5.640625));
#2215=CARTESIAN_POINT($,(-5.65761933846772,28.4427731316937,6.0625));
#2216=CARTESIAN_POINT($,(-9.76980574837438,27.3047778903076,6.484375));
#2217=CARTESIAN_POINT($,(-13.6705053679539,25.5757166661023,6.90625));
#2218=CARTESIAN_POINT($,(-17.2752798302806,23.2930184129387,7.328125));
#2219=CARTESIAN_POINT($,(-20.5060966544099,20.5060966544099,7.75));
#2220=CARTESIAN_POINT($,(-23.2930184129387,17.2752798302806,8.171875));
#2221=CARTESIAN_POINT($,(-25.5757166661023,13.6705053679539,8.59375));
#2222=CARTESIAN_POINT($,(-27.3047778903076,9.76980574837439,9.015625));
#2223=CARTESIAN_POINT($,(-28.4427731316937,5.65761933846773,9.4375));
#2224=CARTESIAN_POINT($,(-28.96506822995,1.42296255549512,9.859375));
#2225=CARTESIAN_POINT($,(-28.8603570734937,-2.84249706955726,10.28125));
#2226=CARTESIAN_POINT($,(-28.1309063426418,-7.04642521719465,10.703125));
#2227=CARTESIAN_POINT($,(-26.7925064428273,-11.0978195385876,11.125));
#2228=CARTESIAN_POINT($,(-24.8741296900079,-14.9089795816034,11.546875));
#2229=CARTESIAN_POINT($,(-22.4173031475194,-18.3974052407457,11.96875));
#2230=CARTESIAN_POINT($,(-19.4752096905635,-21.4875826352938,12.390625));
#2231=CARTESIAN_POINT($,(-16.1115367575685,-24.1126187567738,12.8125));
#2232=CARTESIAN_POINT($,(-12.3990977094782,-26.2156895005798,13.234375));
#2233=CARTESIAN_POINT($,(-8.41825564037941,-27.7512697362341,13.65625));
#2234=CARTESIAN_POINT($,(-4.25518375920551,-28.6861187889786,14.078125));
#2235=CARTESIAN_POINT($,(-0.000000000000005,-29,14.5));
#2236=CARTESIAN_POINT($,(30,0,1));
#2237=CARTESIAN_POINT($,(29.6752952989434,4.40191423366085,1.421875));
#2238=CARTESIAN_POINT($,(28.7082100719663,8.70854031763387,1.84375));
#2239=CARTESIAN_POINT($,(27.1196787937033,12.8266528029085,2.265625));
#2240=CARTESIAN_POINT($,(24.9440883690764,16.6671069905881,2.6875));
#2241=CARTESIAN_POINT($,(22.2285337606488,20.1467686454105,3.109375));
#2242=CARTESIAN_POINT($,(19.0317985249094,23.1903136008821,3.53125));
#2243=CARTESIAN_POINT($,(15.4230823257966,25.7318583000082,3.953125));
#2244=CARTESIAN_POINT($,(11.4805029709527,27.7163859753386,4.375));
#2245=CARTESIAN_POINT($,(7.28940539709792,29.1009375958363,4.796875));
#2246=CARTESIAN_POINT($,(2.94051420988682,29.8555418001659,5.21875));
#2247=CARTESIAN_POINT($,(-1.47203022982254,29.9638636861552,5.640625));
#2248=CARTESIAN_POINT($,(-5.85270966048385,29.4235584120969,6.0625));
#2249=CARTESIAN_POINT($,(-10.1066956017666,28.2463219554906,6.484375));
#2250=CARTESIAN_POINT($,(-14.1419021047799,26.4576379304507,6.90625));
#2251=CARTESIAN_POINT($,(-17.870979134773,24.0962259444193,7.328125));
#2252=CARTESIAN_POINT($,(-21.2132034355964,21.2132034355964,7.75));
#2253=CARTESIAN_POINT($,(-24.0962259444193,17.870979134773,8.171875));
#2254=CARTESIAN_POINT($,(-26.4576379304506,14.1419021047799,8.59375));
#2255=CARTESIAN_POINT($,(-28.2463219554906,10.1066956017666,9.015625));
#2256=CARTESIAN_POINT($,(-29.4235584120969,5.85270966048386,9.4375));
#2257=CARTESIAN_POINT($,(-29.9638636861552,1.47203022982254,9.859375));
#2258=CARTESIAN_POINT($,(-29.8555418001659,-2.94051420988682,10.28125));
#2259=CARTESIAN_POINT($,(-29.1009375958363,-7.28940539709791,10.703125));
#2260=CARTESIAN_POINT($,(-27.7163859753386,-11.4805029709527,11.125));
#2261=CARTESIAN_POINT($,(-25.7318583000082,-15.4230823257966,11.546875));
#2262=CARTESIAN_POINT($,(-23.1903136008821,-19.0317985249094,11.96875));
#2263=CARTESIAN_POINT($,(-20.1467686454106,-22.2285337606488,12.390625));
#2264=CARTESIAN_POINT($,(-16.6671069905881,-24.9440883690764,12.8125));
#2265=CARTESIAN_POINT($,(-12.8266528029085,-27.1196787937033,13.234375));
#2266=CARTESIAN_POINT($,(-8.70854031763387,-28.7082100719663,13.65625));
#2267=CARTESIAN_POINT($,(-4.40191423366087,-29.6752952989434,14.078125));
#2268=CARTESIAN_POINT($,(-0.000000000000006,-30,14.5));
#2269=CARTESIAN_POINT($,(31,0,1));
#2270=CARTESIAN_POINT($,(30.6644718089082,4.54864470811621,1.421875));
#2271=CARTESIAN_POINT($,(29.6651504076985,8.99882499488833,1.84375));
#2272=CARTESIAN_POINT($,(28.0236680868267,13.2542078963387,2.265625));
#2273=CARTESIAN_POINT($,(25.7755579813789,17.2226772236077,2.6875));
#2274=CARTESIAN_POINT($,(22.9694848860037,20.8183276002576,3.109375));
#2275=CARTESIAN_POINT($,(19.666191809073,23.9633240542448,3.53125));
#2276=CARTESIAN_POINT($,(15.9371850699899,26.5895869100084,3.953125));
#2277=CARTESIAN_POINT($,(11.8631864033178,28.6402655078499,4.375));
#2278=CARTESIAN_POINT($,(7.53238557700118,30.0709688490309,4.796875));
#2279=CARTESIAN_POINT($,(3.03853135021638,30.8507265268381,5.21875));
#2280=CARTESIAN_POINT($,(-1.52109790414996,30.9626591423603,5.640625));
#2281=CARTESIAN_POINT($,(-6.04779998249997,30.4043436925001,6.0625));
#2282=CARTESIAN_POINT($,(-10.4435854551588,29.1878660206736,6.484375));
#2283=CARTESIAN_POINT($,(-14.6132988416059,27.339559194799,6.90625));
#2284=CARTESIAN_POINT($,(-18.4666784392654,24.8994334759,7.328125));
#2285=CARTESIAN_POINT($,(-21.920310216783,21.920310216783,7.75));
#2286=CARTESIAN_POINT($,(-24.8994334759,18.4666784392654,8.171875));
#2287=CARTESIAN_POINT($,(-27.339559194799,14.6132988416059,8.59375));
#2288=CARTESIAN_POINT($,(-29.1878660206736,10.4435854551588,9.015625));
#2289=CARTESIAN_POINT($,(-30.4043436925001,6.04779998249999,9.4375));
#2290=CARTESIAN_POINT($,(-30.9626591423603,1.52109790414996,9.859375));
#2291=CARTESIAN_POINT($,(-30.8507265268381,-3.03853135021638,10.28125));
#2292=CARTESIAN_POINT($,(-30.0709688490309,-7.53238557700118,10.703125));
#2293=CARTESIAN_POINT($,(-28.6402655078499,-11.8631864033178,11.125));
#2294=CARTESIAN_POINT($,(-26.5895869100084,-15.9371850699899,11.546875));
#2295=CARTESIAN_POINT($,(-23.9633240542449,-19.666191809073,11.96875));
#2296=CARTESIAN_POINT($,(-20.8183276002576,-22.9694848860037,12.390625));
#2297=CARTESIAN_POINT($,(-17.2226772236077,-25.7755579813789,12.8125));
#2298=CARTESIAN_POINT($,(-13.2542078963388,-28.0236680868267,13.234375));
#2299=CARTESIAN_POINT($,(-8.99882499488834,-29.6651504076985,13.65625));
#2300=CARTESIAN_POINT($,(-4.54864470811623,-30.6644718089082,14.078125));
#2301=CARTESIAN_POINT($,(-0.000000000000006,-31,14.5));
#2302=CARTESIAN_POINT($,(32,0,1));
#2303=CARTESIAN_POINT($,(31.653648318873,4.69537518257158,1.421875));
#2304=CARTESIAN_POINT($,(30.6220907434307,9.28910967214279,1.84375));
#2305=CARTESIAN_POINT($,(28.9276573799502,13.681762989769,2.265625));
#2306=CARTESIAN_POINT($,(26.6070275936814,17.7782474566273,2.6875));
#2307=CARTESIAN_POINT($,(23.7104360113587,21.4898865551046,3.109375));
#2308=CARTESIAN_POINT($,(20.3005850932367,24.7363345076076,3.53125));
#2309=CARTESIAN_POINT($,(16.4512878141831,27.4473155200087,3.953125));
#2310=CARTESIAN_POINT($,(12.2458698356829,29.5641450403612,4.375));
#2311=CARTESIAN_POINT($,(7.77536575690445,31.0410001022254,4.796875));
#2312=CARTESIAN_POINT($,(3.13654849054594,31.8459112535103,5.21875));
#2313=CARTESIAN_POINT($,(-1.57016557847738,31.9614545985655,5.640625));
#2314=CARTESIAN_POINT($,(-6.2428903045161,31.3851289729034,6.0625));
#2315=CARTESIAN_POINT($,(-10.780475308551,30.1294100858567,6.484375));
#2316=CARTESIAN_POINT($,(-15.0846955784319,28.2214804591474,6.90625));
#2317=CARTESIAN_POINT($,(-19.0623777437579,25.7026410073806,7.328125));
#2318=CARTESIAN_POINT($,(-22.6274169979695,22.6274169979695,7.75));
#2319=CARTESIAN_POINT($,(-25.7026410073806,19.0623777437579,8.171875));
#2320=CARTESIAN_POINT($,(-28.2214804591474,15.0846955784319,8.59375));
#2321=CARTESIAN_POINT($,(-30.1294100858567,10.7804753085511,9.015625));
#2322=CARTESIAN_POINT($,(-31.3851289729034,6.24289030451612,9.4375));
#2323=CARTESIAN_POINT($,(-31.9614545985655,1.57016557847737,9.859375));
#2324=CARTESIAN_POINT($,(-31.8459112535103,-3.13654849054594,10.28125));
#2325=CARTESIAN_POINT($,(-31.0410001022254,-7.77536575690444,10.703125));
#2326=CARTESIAN_POINT($,(-29.5641450403612,-12.2458698356829,11.125));
#2327=CARTESIAN_POINT($,(-27.4473155200087,-16.4512878141831,11.546875));
#2328=CARTESIAN_POINT($,(-24.7363345076076,-20.3005850932366,11.96875));
#2329=CARTESIAN_POINT($,(-21.4898865551046,-23.7104360113587,12.390625));
#2330=CARTESIAN_POINT($,(-17.7782474566273,-26.6070275936814,12.8125));
#2331=CARTESIAN_POINT($,(-13.681762989769,-28.9276573799502,13.234375));
#2332=CARTESIAN_POINT($,(-9.2891096721428,-30.6220907434307,13.65625));
#2333=CARTESIAN_POINT($,(-4.69537518257159,-31.653648318873,14.078125));
#2334=CARTESIAN_POINT($,(-0.000000000000006,-32,14.5));
#2335=B_SPLINE_SURFACE_WITH_KNOTS($,1,1,((#1246,#1247,#1248,#1249,#1250,#1251,#1252,#1253,#1254,#1255,#1256,#1257,#1258,#1259,#1260,#1261,#1262,#1263,#1264,#1265,#1266,#1267,#1268,#1269,#1270,#1271,#1272,#1273,#1274,#1275,#1276,#1277,#1278),(#1279,#1280,#1281,#1282,#1283,#1284,#1285,#1286,#1287,#1288,#1289,#1290,#1291,#1292,#1293,#1294,#1295,#1296,#1297,#1298,#1299,#1300,#1301,#1302,#1303,#1304,#1305,#1306,#1307,#1308,#1309,#1310,#1311),(#1312,#1313,#1314,#1315,#1316,#1317,#1318,#1319,#1320,#1321,#1322,#1323,#1324,#1325,#1326,#1327,#1328,#1329,#1330,#1331,#1332,#1333,#1334,#1335,#1336,#1337,#1338,#1339,#1340,#1341,#1342,#1343,#1344),(#1345,#1346,#1347,#1348,#1349,#1350,#1351,#1352,#1353,#1354,#1355,#1356,#1357,#1358,#1359,#1360,#1361,#1362,#1363,#1364,#1365,#1366,#1367,#1368,#1369,#1370,#1371,#1372,#1373,#1374,#1375,#1376,#1377),(#1378,#1379,#1380,#1381,#1382,#1383,#1384,#1385,#1386,#1387,#1388,#1389,#1390,#1391,#1392,#1393,#1394,#1395,#1396,#1397,#1398,#1399,#1400,#1401,#1402,#1403,#1404,#1405,#1406,#1407,#1408,#1409,#1410),(#1411,#1412,#1413,#1414,#1415,#1416,#1417,#1418,#1419,#1420,#1421,#1422,#1423,#1424,#1425,#1426,#1427,#1428,#1429,#1430,#1431,#1432,#1433,#1434,#1435,#1436,#1437,#1438,#1439,#1440,#1441,#1442,#1443),(#1444,#1445,#1446,#1447,#1448,#1449,#1450,#1451,#1452,#1453,#1454,#1455,#1456,#1457,#1458,#1459,#1460,#1461,#1462,#1463,#1464,#1465,#1466,#1467,#1468,#1469,#1470,#1471,#1472,#1473,#1474,#1475,#1476),(#1477,#1478,#1479,#1480,#1481,#1482,#1483,#1484,#1485,#1486,#1487,#1488,#1489,#1490,#1491,#1492,#1493,#1494,#1495,#1496,#1497,#1498,#1499,#1500,#1501,#1502,#1503,#1504,#1505,#1506,#1507,#1508,#1509),(#1510,#1511,#1512,#1513,#1514,#1515,#1516,#1517,#1518,#1519,#1520,#1521,#1522,#1523,#1524,#1525,#1526,#1527,#1528,#1529,#1530,#1531,#1532,#1533,#1534,#1535,#1536,#1537,#1538,#1539,#1540,#1541,#1542),(#1543,#1544,#1545,#1546,#1547,#1548,#1549,#1550,#1551,#1552,#1553,#1554,#1555,#1556,#1557,#1558,#1559,#1560,#1561,#1562,#1563,#1564,#1565,#1566,#1567,#1568,#1569,#1570,#1571,#1572,#1573,#1574,#1575),(#1576,#1577,#1578,#1579,#1580,#1581,#1582,#1583,#1584,#1585,#1586,#1587,#1588,#1589,#1590,#1591,#1592,#1593,#1594,#1595,#1596,#1597,#1598,#1599,#1600,#1601,#1602,#1603,#1604,#1605,#1606,#1607,#1608),(#1609,#1610,#1611,#1612,#1613,#1614,#1615,#1616,#1617,#1618,#1619,#1620,#1621,#1622,#1623,#1624,#1625,#1626,#1627,#1628,#1629,#1630,#1631,#1632,#1633,#1634,#1635,#1636,#1637,#1638,#1639,#1640,#1641),(#1642,#1643,#1644,#1645,#1646,#1647,#1648,#1649,#1650,#1651,#1652,#1653,#1654,#1655,#1656,#1657,#1658,#1659,#1660,#1661,#1662,#1663,#1664,#1665,#1666,#1667,#1668,#1669,#1670,#1671,#1672,#1673,#1674),(#1675,#1676,#1677,#1678,#1679,#1680,#1681,#1682,#1683,#1684,#1685,#1686,#1687,#1688,#1689,#1690,#1691,#1692,#1693,#1694,#1695,#1696,#1697,#1698,#1699,#1700,#1701,#1702,#1703,#1704,#1705,#1706,#1707),(#1708,#1709,#1710,#1711,#1712,#1713,#1714,#1715,#1716,#1717,#1718,#1719,#1720,#1721,#1722,#1723,#1724,#1725,#1726,#1727,#1728,#1729,#1730,#1731,#1732,#1733,#1734,#1735,#1736,#1737,#1738,#1739,#1740),(#1741,#1742,#1743,#1744,#1745,#1746,#1747,#1748,#1749,#1750,#1751,#1752,#1753,#1754,#1755,#1756,#1757,#1758,#1759,#1760,#1761,#1762,#1763,#1764,#1765,#1766,#1767,#1768,#1769,#1770,#1771,#1772,#1773),(#1774,#1775,#1776,#1777,#1778,#1779,#1780,#1781,#1782,#1783,#1784,#1785,#1786,#1787,#1788,#1789,#1790,#1791,#1792,#1793,#1794,#1795,#1796,#1797,#1798,#1799,#1800,#1801,#1802,#1803,#1804,#1805,#1806),(#1807,#1808,#1809,#1810,#1811,#1812,#1813,#1814,#1815,#1816,#1817,#1818,#1819,#1820,#1821,#1822,#1823,#1824,#1825,#1826,#1827,#1828,#1829,#1830,#1831,#1832,#1833,#1834,#1835,#1836,#1837,#1838,#1839),(#1840,#1841,#1842,#1843,#1844,#1845,#1846,#1847,#1848,#1849,#1850,#1851,#1852,#1853,#1854,#1855,#1856,#1857,#1858,#1859,#1860,#1861,#1862,#1863,#1864,#1865,#1866,#1867,#1868,#1869,#1870,#1871,#1872),(#1873,#1874,#1875,#1876,#1877,#1878,#1879,#1880,#1881,#1882,#1883,#1884,#1885,#1886,#1887,#1888,#1889,#1890,#1891,#1892,#1893,#1894,#1895,#1896,#1897,#1898,#1899,#1900,#1901,#1902,#1903,#1904,#1905),(#1906,#1907,#1908,#1909,#1910,#1911,#1912,#1913,#1914,#1915,#1916,#1917,#1918,#1919,#1920,#1921,#1922,#1923,#1924,#1925,#1926,#1927,#1928,#1929,#1930,#1931,#1932,#1933,#1934,#1935,#1936,#1937,#1938),(#1939,#1940,#1941,#1942,#1943,#1944,#1945,#1946,#1947,#1948,#1949,#1950,#1951,#1952,#1953,#1954,#1955,#1956,#1957,#1958,#1959,#1960,#1961,#1962,#1963,#1964,#1965,#1966,#1967,#1968,#1969,#1970,#1971),(#1972,#1973,#1974,#1975,#1976,#1977,#1978,#1979,#1980,#1981,#1982,#1983,#1984,#1985,#1986,#1987,#1988,#1989,#1990,#1991,#1992,#1993,#1994,#1995,#1996,#1997,#1998,#1999,#2000,#2001,#2002,#2003,#2004),(#2005,#2006,#2007,#2008,#2009,#2010,#2011,#2012,#2013,#2014,#2015,#2016,#2017,#2018,#2019,#2020,#2021,#2022,#2023,#2024,#2025,#2026,#2027,#2028,#2029,#2030,#2031,#2032,#2033,#2034,#2035,#2036,#2037),(#2038,#2039,#2040,#2041,#2042,#2043,#2044,#2045,#2046,#2047,#2048,#2049,#2050,#2051,#2052,#2053,#2054,#2055,#2056,#2057,#2058,#2059,#2060,#2061,#2062,#2063,#2064,#2065,#2066,#2067,#2068,#2069,#2070),(#2071,#2072,#2073,#2074,#2075,#2076,#2077,#2078,#2079,#2080,#2081,#2082,#2083,#2084,#2085,#2086,#2087,#2088,#2089,#2090,#2091,#2092,#2093,#2094,#2095,#2096,#2097,#2098,#2099,#2100,#2101,#2102,#2103),(#2104,#2105,#2106,#2107,#2108,#2109,#2110,#2111,#2112,#2113,#2114,#2115,#2116,#2117,#2118,#2119,#2120,#2121,#2122,#2123,#2124,#2125,#2126,#2127,#2128,#2129,#2130,#2131,#2132,#2133,#2134,#2135,#2136),(#2137,#2138,#2139,#2140,#2141,#2142,#2143,#2144,#2145,#2146,#2147,#2148,#2149,#2150,#2151,#2152,#2153,#2154,#2155,#2156,#2157,#2158,#2159,#2160,#2161,#2162,#2163,#2164,#2165,#2166,#2167,#2168,#2169),(#2170,#2171,#2172,#2173,#2174,#2175,#2176,#2177,#2178,#2179,#2180,#2181,#2182,#2183,#2184,#2185,#2186,#2187,#2188,#2189,#2190,#2191,#2192,#2193,#2194,#2195,#2196,#2197,#2198,#2199,#2200,#2201,#2202),(#2203,#2204,#2205,#2206,#2207,#2208,#2209,#2210,#2211,#2212,#2213,#2214,#2215,#2216,#2217,#2218,#2219,#2220,#2221,#2222,#2223,#2224,#2225,#2226,#2227,#2228,#2229,#2230,#2231,#2232,#2233,#2234,#2235),(#2236,#2237,#2238,#2239,#2240,#2241,#2242,#2243,#2244,#2245,#2246,#2247,#2248,#2249,#2250,#2251,#2252,#2253,#2254,#2255,#2256,#2257,#2258,#2259,#2260,#2261,#2262,#2263,#2264,#2265,#2266,#2267,#2268),(#2269,#2270,#2271,#2272,#2273,#2274,#2275,#2276,#2277,#2278,#2279,#2280,#2281,#2282,#2283,#2284,#2285,#2286,#2287,#2288,#2289,#2290,#2291,#2292,#2293,#2294,#2295,#2296,#2297,#2298,#2299,#2300,#2301),(#2302,#2303,#2304,#2305,#2306,#2307,#2308,#2309,#2310,#2311,#2312,#2313,#2314,#2315,#2316,#2317,#2318,#2319,#2320,#2321,#2322,#2323,#2324,#2325,#2326,#2327,#2328,#2329,#2330,#2331,#2332,#2333,#2334)),.SURFACE_OF_LINEAR_EXTRUSION.,.F.,.F.,.F.,(2,1,1,1,1,1,1,1,1,1,1,1,1,1,1,1,1,1,1,1,1,1,1,1,1,1,1,1,1,1,1,1,2),(2,1,1,1,1,1,1,1,1,1,1,1,1,1,1,1,1,1,1,1,1,1,1,1,1,1,1,1,1,1,1,1,2),(0,0.03125,0.0625,0.09375,0.125,0.15625,0.1875,0.21875,0.25,0.28125,0.3125,0.34375,0.375,0.40625,0.4375,0.46875,0.5,0.53125,0.5625,0.59375,0.625,0.65625,0.6875,0.71875,0.75,0.78125,0.8125,0.84375,0.875,0.90625,0.9375,0.96875,1),(0,0.03125,0.0625,0.09375,0.125,0.15625,0.1875,0.21875,0.25,0.28125,0.3125,0.34375,0.375,0.40625,0.4375,0.46875,0.5,0.53125,0.5625,0.59375,0.625,0.65625,0.6875,0.71875,0.75,0.78125,0.8125,0.84375,0.875,0.90625,0.9375,0.96875,1),.UNSPECIFIED.);
#2336=CARTESIAN_POINT($,(0,0,14.5));
#2337=VERTEX_POINT($,#2336);
#2338=CARTESIAN_POINT($,(0,0,1));
#2339=VERTEX_POINT($,#2338);
#2340=CARTESIAN_POINT($,(0,0,14.5));
#2341=CARTESIAN_POINT($,(0,0,14.078125));
#2342=CARTESIAN_POINT($,(0,0,13.65625));
#2343=CARTESIAN_POINT($,(0,0,13.234375));
#2344=CARTESIAN_POINT($,(0,0,12.8125));
#2345=CARTESIAN_POINT($,(0,0,12.390625));
#2346=CARTESIAN_POINT($,(0,0,11.96875));
#2347=CARTESIAN_POINT($,(0,0,11.546875));
#2348=CARTESIAN_POINT($,(0,0,11.125));
#2349=CARTESIAN_POINT($,(0,0,10.703125));
#2350=CARTESIAN_POINT($,(0,0,10.28125));
#2351=CARTESIAN_POINT($,(0,0,9.859375));
#2352=CARTESIAN_POINT($,(0,0,9.4375));
#2353=CARTESIAN_POINT($,(0,0,9.015625));
#2354=CARTESIAN_POINT($,(0,0,8.59375));
#2355=CARTESIAN_POINT($,(0,0,8.171875));
#2356=CARTESIAN_POINT($,(0,0,7.75));
#2357=CARTESIAN_POINT($,(0,0,7.328125));
#2358=CARTESIAN_POINT($,(0,0,6.90625));
#2359=CARTESIAN_POINT($,(0,0,6.484375));
#2360=CARTESIAN_POINT($,(0,0,6.0625));
#2361=CARTESIAN_POINT($,(0,0,5.640625));
#2362=CARTESIAN_POINT($,(0,0,5.21875));
#2363=CARTESIAN_POINT($,(0,0,4.796875));
#2364=CARTESIAN_POINT($,(0,0,4.375));
#2365=CARTESIAN_POINT($,(0,0,3.953125));
#2366=CARTESIAN_POINT($,(0,0,3.53125));
#2367=CARTESIAN_POINT($,(0,0,3.109375));
#2368=CARTESIAN_POINT($,(0,0,2.6875));
#2369=CARTESIAN_POINT($,(0,0,2.265625));
#2370=CARTESIAN_POINT($,(0,0,1.84375));
#2371=CARTESIAN_POINT($,(0,0,1.421875));
#2372=CARTESIAN_POINT($,(0,0,1));
#2373=B_SPLINE_CURVE_WITH_KNOTS($,1,(#2340,#2341,#2342,#2343,#2344,#2345,#2346,#2347,#2348,#2349,#2350,#2351,#2352,#2353,#2354,#2355,#2356,#2357,#2358,#2359,#2360,#2361,#2362,#2363,#2364,#2365,#2366,#2367,#2368,#2369,#2370,#2371,#2372),.UNSPECIFIED.,.F.,.F.,(2,1,1,1,1,1,1,1,1,1,1,1,1,1,1,1,1,1,1,1,1,1,1,1,1,1,1,1,1,1,1,1,2),(0,0.03125,0.0625,0.09375,0.125,0.15625,0.1875,0.21875,0.25,0.28125,0.3125,0.34375,0.375,0.40625,0.4375,0.46875,0.5,0.53125,0.5625,0.59375,0.625,0.65625,0.6875,0.71875,0.75,0.78125,0.8125,0.84375,0.875,0.90625,0.9375,0.96875,1),.UNSPECIFIED.);
#2374=EDGE_CURVE($,#2337,#2339,#2373,.T.);
#2375=ORIENTED_EDGE($,$,$,#2374,.F.);
#2376=CARTESIAN_POINT($,(-0.000000000000006,-32,14.5));
#2377=VERTEX_POINT($,#2376);
#2378=CARTESIAN_POINT($,(-0.000000000000006,-32,14.5));
#2379=CARTESIAN_POINT($,(-0.000000000000006,-31,14.5));
#2380=CARTESIAN_POINT($,(-0.000000000000006,-30,14.5));
#2381=CARTESIAN_POINT($,(-0.000000000000005,-29,14.5));
#2382=CARTESIAN_POINT($,(-0.000000000000005,-28,14.5));
#2383=CARTESIAN_POINT($,(-0.000000000000005,-27,14.5));
#2384=CARTESIAN_POINT($,(-0.000000000000005,-26,14.5));
#2385=CARTESIAN_POINT($,(-0.000000000000005,-25,14.5));
#2386=CARTESIAN_POINT($,(-0.000000000000004,-24,14.5));
#2387=CARTESIAN_POINT($,(-0.000000000000004,-23,14.5));
#2388=CARTESIAN_POINT($,(-0.000000000000004,-22,14.5));
#2389=CARTESIAN_POINT($,(-0.000000000000004,-21,14.5));
#2390=CARTESIAN_POINT($,(-0.000000000000004,-20,14.5));
#2391=CARTESIAN_POINT($,(-0.000000000000003,-19,14.5));
#2392=CARTESIAN_POINT($,(-0.000000000000003,-18,14.5));
#2393=CARTESIAN_POINT($,(-0.000000000000003,-17,14.5));
#2394=CARTESIAN_POINT($,(-0.000000000000003,-16,14.5));
#2395=CARTESIAN_POINT($,(-0.000000000000003,-15,14.5));
#2396=CARTESIAN_POINT($,(-0.000000000000003,-14,14.5));
#2397=CARTESIAN_POINT($,(-0.000000000000002,-13,14.5));
#2398=CARTESIAN_POINT($,(-0.000000000000002,-12,14.5));
#2399=CARTESIAN_POINT($,(-0.000000000000002,-11,14.5));
#2400=CARTESIAN_POINT($,(-0.000000000000002,-10,14.5));
#2401=CARTESIAN_POINT($,(-0.000000000000002,-9,14.5));
#2402=CARTESIAN_POINT($,(-0.000000000000001,-8,14.5));
#2403=CARTESIAN_POINT($,(-0.000000000000001,-7,14.5));
#2404=CARTESIAN_POINT($,(-0.000000000000001,-6,14.5));
#2405=CARTESIAN_POINT($,(-0.000000000000001,-5,14.5));
#2406=CARTESIAN_POINT($,(-0.000000000000001,-4,14.5));
#2407=CARTESIAN_POINT($,(-0.000000000000001,-3,14.5));
#2408=CARTESIAN_POINT($,(-0,-2,14.5));
#2409=CARTESIAN_POINT($,(-0,-1,14.5));
#2410=CARTESIAN_POINT($,(0,0,14.5));
#2411=B_SPLINE_CURVE_WITH_KNOTS($,1,(#2378,#2379,#2380,#2381,#2382,#2383,#2384,#2385,#2386,#2387,#2388,#2389,#2390,#2391,#2392,#2393,#2394,#2395,#2396,#2397,#2398,#2399,#2400,#2401,#2402,#2403,#2404,#2405,#2406,#2407,#2408,#2409,#2410),.UNSPECIFIED.,.F.,.F.,(2,1,1,1,1,1,1,1,1,1,1,1,1,1,1,1,1,1,1,1,1,1,1,1,1,1,1,1,1,1,1,1,2),(0,0.03125,0.0625,0.09375,0.125,0.15625,0.1875,0.21875,0.25,0.28125,0.3125,0.34375,0.375,0.40625,0.4375,0.46875,0.5,0.53125,0.5625,0.59375,0.625,0.65625,0.6875,0.71875,0.75,0.78125,0.8125,0.84375,0.875,0.90625,0.9375,0.96875,1),.UNSPECIFIED.);
#2412=EDGE_CURVE($,#2377,#2337,#2411,.T.);
#2413=ORIENTED_EDGE($,$,$,#2412,.F.);
#2414=CARTESIAN_POINT($,(32,0,1));
#2415=VERTEX_POINT($,#2414);
#2416=CARTESIAN_POINT($,(32,0,1));
#2417=CARTESIAN_POINT($,(31.653648318873,4.69537518257158,1.421875));
#2418=CARTESIAN_POINT($,(30.6220907434307,9.28910967214279,1.84375));
#2419=CARTESIAN_POINT($,(28.9276573799502,13.681762989769,2.265625));
#2420=CARTESIAN_POINT($,(26.6070275936814,17.7782474566273,2.6875));
#2421=CARTESIAN_POINT($,(23.7104360113587,21.4898865551046,3.109375));
#2422=CARTESIAN_POINT($,(20.3005850932367,24.7363345076076,3.53125));
#2423=CARTESIAN_POINT($,(16.4512878141831,27.4473155200087,3.953125));
#2424=CARTESIAN_POINT($,(12.2458698356829,29.5641450403612,4.375));
#2425=CARTESIAN_POINT($,(7.77536575690445,31.0410001022254,4.796875));
#2426=CARTESIAN_POINT($,(3.13654849054594,31.8459112535103,5.21875));
#2427=CARTESIAN_POINT($,(-1.57016557847738,31.9614545985655,5.640625));
#2428=CARTESIAN_POINT($,(-6.2428903045161,31.3851289729034,6.0625));
#2429=CARTESIAN_POINT($,(-10.780475308551,30.1294100858567,6.484375));
#2430=CARTESIAN_POINT($,(-15.0846955784319,28.2214804591474,6.90625));
#2431=CARTESIAN_POINT($,(-19.0623777437579,25.7026410073806,7.328125));
#2432=CARTESIAN_POINT($,(-22.6274169979695,22.6274169979695,7.75));
#2433=CARTESIAN_POINT($,(-25.7026410073806,19.0623777437579,8.171875));
#2434=CARTESIAN_POINT($,(-28.2214804591474,15.0846955784319,8.59375));
#2435=CARTESIAN_POINT($,(-30.1294100858567,10.7804753085511,9.015625));
#2436=CARTESIAN_POINT($,(-31.3851289729034,6.24289030451612,9.4375));
#2437=CARTESIAN_POINT($,(-31.9614545985655,1.57016557847737,9.859375));
#2438=CARTESIAN_POINT($,(-31.8459112535103,-3.13654849054594,10.28125));
#2439=CARTESIAN_POINT($,(-31.0410001022254,-7.77536575690444,10.703125));
#2440=CARTESIAN_POINT($,(-29.5641450403612,-12.2458698356829,11.125));
#2441=CARTESIAN_POINT($,(-27.4473155200087,-16.4512878141831,11.546875));
#2442=CARTESIAN_POINT($,(-24.7363345076076,-20.3005850932366,11.96875));
#2443=CARTESIAN_POINT($,(-21.4898865551046,-23.7104360113587,12.390625));
#2444=CARTESIAN_POINT($,(-17.7782474566273,-26.6070275936814,12.8125));
#2445=CARTESIAN_POINT($,(-13.681762989769,-28.9276573799502,13.234375));
#2446=CARTESIAN_POINT($,(-9.2891096721428,-30.6220907434307,13.65625));
#2447=CARTESIAN_POINT($,(-4.69537518257159,-31.653648318873,14.078125));
#2448=CARTESIAN_POINT($,(-0.000000000000006,-32,14.5));
#2449=B_SPLINE_CURVE_WITH_KNOTS($,1,(#2416,#2417,#2418,#2419,#2420,#2421,#2422,#2423,#2424,#2425,#2426,#2427,#2428,#2429,#2430,#2431,#2432,#2433,#2434,#2435,#2436,#2437,#2438,#2439,#2440,#2441,#2442,#2443,#2444,#2445,#2446,#2447,#2448),.UNSPECIFIED.,.F.,.F.,(2,1,1,1,1,1,1,1,1,1,1,1,1,1,1,1,1,1,1,1,1,1,1,1,1,1,1,1,1,1,1,1,2),(0,0.03125,0.0625,0.09375,0.125,0.15625,0.1875,0.21875,0.25,0.28125,0.3125,0.34375,0.375,0.40625,0.4375,0.46875,0.5,0.53125,0.5625,0.59375,0.625,0.65625,0.6875,0.71875,0.75,0.78125,0.8125,0.84375,0.875,0.90625,0.9375,0.96875,1),.UNSPECIFIED.);
#2450=EDGE_CURVE($,#2415,#2377,#2449,.T.);
#2451=ORIENTED_EDGE($,$,$,#2450,.F.);
#2452=CARTESIAN_POINT($,(0,0,1));
#2453=CARTESIAN_POINT($,(1,0,1));
#2454=CARTESIAN_POINT($,(2,0,1));
#2455=CARTESIAN_POINT($,(3,0,1));
#2456=CARTESIAN_POINT($,(4,0,1));
#2457=CARTESIAN_POINT($,(5,0,1));
#2458=CARTESIAN_POINT($,(6,0,1));
#2459=CARTESIAN_POINT($,(7,0,1));
#2460=CARTESIAN_POINT($,(8,0,1));
#2461=CARTESIAN_POINT($,(9,0,1));
#2462=CARTESIAN_POINT($,(10,0,1));
#2463=CARTESIAN_POINT($,(11,0,1));
#2464=CARTESIAN_POINT($,(12,0,1));
#2465=CARTESIAN_POINT($,(13,0,1));
#2466=CARTESIAN_POINT($,(14,0,1));
#2467=CARTESIAN_POINT($,(15,0,1));
#2468=CARTESIAN_POINT($,(16,0,1));
#2469=CARTESIAN_POINT($,(17,0,1));
#2470=CARTESIAN_POINT($,(18,0,1));
#2471=CARTESIAN_POINT($,(19,0,1));
#2472=CARTESIAN_POINT($,(20,0,1));
#2473=CARTESIAN_POINT($,(21,0,1));
#2474=CARTESIAN_POINT($,(22,0,1));
#2475=CARTESIAN_POINT($,(23,0,1));
#2476=CARTESIAN_POINT($,(24,0,1));
#2477=CARTESIAN_POINT($,(25,0,1));
#2478=CARTESIAN_POINT($,(26,0,1));
#2479=CARTESIAN_POINT($,(27,0,1));
#2480=CARTESIAN_POINT($,(28,0,1));
#2481=CARTESIAN_POINT($,(29,0,1));
#2482=CARTESIAN_POINT($,(30,0,1));
#2483=CARTESIAN_POINT($,(31,0,1));
#2484=CARTESIAN_POINT($,(32,0,1));
#2485=B_SPLINE_CURVE_WITH_KNOTS($,1,(#2452,#2453,#2454,#2455,#2456,#2457,#2458,#2459,#2460,#2461,#2462,#2463,#2464,#2465,#2466,#2467,#2468,#2469,#2470,#2471,#2472,#2473,#2474,#2475,#2476,#2477,#2478,#2479,#2480,#2481,#2482,#2483,#2484),.UNSPECIFIED.,.F.,.F.,(2,1,1,1,1,1,1,1,1,1,1,1,1,1,1,1,1,1,1,1,1,1,1,1,1,1,1,1,1,1,1,1,2),(0,0.03125,0.0625,0.09375,0.125,0.15625,0.1875,0.21875,0.25,0.28125,0.3125,0.34375,0.375,0.40625,0.4375,0.46875,0.5,0.53125,0.5625,0.59375,0.625,0.65625,0.6875,0.71875,0.75,0.78125,0.8125,0.84375,0.875,0.90625,0.9375,0.96875,1),.UNSPECIFIED.);
#2486=EDGE_CURVE($,#2339,#2415,#2485,.T.);
#2487=ORIENTED_EDGE($,$,$,#2486,.F.);
#2488=EDGE_LOOP($,(#2375,#2413,#2451,#2487));
#2489=FACE_OUTER_BOUND('',#2488,.T.);
#2490=ADVANCED_FACE('',(#2489),#2335,.T.);
#2491=CARTESIAN_POINT($,(0,0,0));
#2492=CARTESIAN_POINT($,(0,0,1));
#2493=CARTESIAN_POINT($,(1,0,0));
#2494=CARTESIAN_POINT($,(1,0,1));
#2495=CARTESIAN_POINT($,(2,0,0));
#2496=CARTESIAN_POINT($,(2,0,1));
#2497=CARTESIAN_POINT($,(3,0,0));
#2498=CARTESIAN_POINT($,(3,0,1));
#2499=CARTESIAN_POINT($,(4,0,0));
#2500=CARTESIAN_POINT($,(4,0,1));
#2501=CARTESIAN_POINT($,(5,0,0));
#2502=CARTESIAN_POINT($,(5,0,1));
#2503=CARTESIAN_POINT($,(6,0,0));
#2504=CARTESIAN_POINT($,(6,0,1));
#2505=CARTESIAN_POINT($,(7,0,0));
#2506=CARTESIAN_POINT($,(7,0,1));
#2507=CARTESIAN_POINT($,(8,0,0));
#2508=CARTESIAN_POINT($,(8,0,1));
#2509=CARTESIAN_POINT($,(9,0,0));
#2510=CARTESIAN_POINT($,(9,0,1));
#2511=CARTESIAN_POINT($,(10,0,0));
#2512=CARTESIAN_POINT($,(10,0,1));
#2513=CARTESIAN_POINT($,(11,0,0));
#2514=CARTESIAN_POINT($,(11,0,1));
#2515=CARTESIAN_POINT($,(12,0,0));
#2516=CARTESIAN_POINT($,(12,0,1));
#2517=CARTESIAN_POINT($,(13,0,0));
#2518=CARTESIAN_POINT($,(13,0,1));
#2519=CARTESIAN_POINT($,(14,0,0));
#2520=CARTESIAN_POINT($,(14,0,1));
#2521=CARTESIAN_POINT($,(15,0,0));
#2522=CARTESIAN_POINT($,(15,0,1));
#2523=CARTESIAN_POINT($,(16,0,0));
#2524=CARTESIAN_POINT($,(16,0,1));
#2525=CARTESIAN_POINT($,(17,0,0));
#2526=CARTESIAN_POINT($,(17,0,1));
#2527=CARTESIAN_POINT($,(18,0,0));
#2528=CARTESIAN_POINT($,(18,0,1));
#2529=CARTESIAN_POINT($,(19,0,0));
#2530=CARTESIAN_POINT($,(19,0,1));
#2531=CARTESIAN_POINT($,(20,0,0));
#2532=CARTESIAN_POINT($,(20,0,1));
#2533=CARTESIAN_POINT($,(21,0,0));
#2534=CARTESIAN_POINT($,(21,0,1));
#2535=CARTESIAN_POINT($,(22,0,0));
#2536=CARTESIAN_POINT($,(22,0,1));
#2537=CARTESIAN_POINT($,(23,0,0));
#2538=CARTESIAN_POINT($,(23,0,1));
#2539=CARTESIAN_POINT($,(24,0,0));
#2540=CARTESIAN_POINT($,(24,0,1));
#2541=CARTESIAN_POINT($,(25,0,0));
#2542=CARTESIAN_POINT($,(25,0,1));
#2543=CARTESIAN_POINT($,(26,0,0));
#2544=CARTESIAN_POINT($,(26,0,1));
#2545=CARTESIAN_POINT($,(27,0,0));
#2546=CARTESIAN_POINT($,(27,0,1));
#2547=CARTESIAN_POINT($,(28,0,0));
#2548=CARTESIAN_POINT($,(28,0,1));
#2549=CARTESIAN_POINT($,(29,0,0));
#2550=CARTESIAN_POINT($,(29,0,1));
#2551=CARTESIAN_POINT($,(30,0,0));
#2552=CARTESIAN_POINT($,(30,0,1));
#2553=CARTESIAN_POINT($,(31,0,0));
#2554=CARTESIAN_POINT($,(31,0,1));
#2555=CARTESIAN_POINT($,(32,0,0));
#2556=CARTESIAN_POINT($,(32,0,1));
#2557=B_SPLINE_SURFACE_WITH_KNOTS($,1,1,((#2491,#2492),(#2493,#2494),(#2495,#2496),(#2497,#2498),(#2499,#2500),(#2501,#2502),(#2503,#2504),(#2505,#2506),(#2507,#2508),(#2509,#2510),(#2511,#2512),(#2513,#2514),(#2515,#2516),(#2517,#2518),(#2519,#2520),(#2521,#2522),(#2523,#2524),(#2525,#2526),(#2527,#2528),(#2529,#2530),(#2531,#2532),(#2533,#2534),(#2535,#2536),(#2537,#2538),(#2539,#2540),(#2541,#2542),(#2543,#2544),(#2545,#2546),(#2547,#2548),(#2549,#2550),(#2551,#2552),(#2553,#2554),(#2555,#2556)),.RULED_SURFACE.,.F.,.F.,.F.,(2,1,1,1,1,1,1,1,1,1,1,1,1,1,1,1,1,1,1,1,1,1,1,1,1,1,1,1,1,1,1,1,2),(2,2),(0,0.03125,0.0625,0.09375,0.125,0.15625,0.1875,0.21875,0.25,0.28125,0.3125,0.34375,0.375,0.40625,0.4375,0.46875,0.5,0.53125,0.5625,0.59375,0.625,0.65625,0.6875,0.71875,0.75,0.78125,0.8125,0.84375,0.875,0.90625,0.9375,0.96875,1),(0,1),.UNSPECIFIED.);
#2558=ORIENTED_EDGE($,$,$,#1129,.T.);
#2559=CARTESIAN_POINT($,(32,0,0));
#2560=DIRECTION($,(0,0,1));
#2561=VECTOR($,#2560,1);
#2562=LINE($,#2559,#2561);
#2563=EDGE_CURVE($,#1094,#2415,#2562,.T.);
#2564=ORIENTED_EDGE($,$,$,#2563,.T.);
#2565=ORIENTED_EDGE($,$,$,#2486,.F.);
#2566=CARTESIAN_POINT($,(0,0,0));
#2567=DIRECTION($,(0,0,1));
#2568=VECTOR($,#2567,1);
#2569=LINE($,#2566,#2568);
#2570=EDGE_CURVE($,#1092,#2339,#2569,.T.);
#2571=ORIENTED_EDGE($,$,$,#2570,.F.);
#2572=EDGE_LOOP($,(#2558,#2564,#2565,#2571));
#2573=FACE_OUTER_BOUND('',#2572,.T.);
#2574=ADVANCED_FACE('',(#2573),#2557,.T.);
#2575=CARTESIAN_POINT($,(32,0,0));
#2576=CARTESIAN_POINT($,(32,0,1));
#2577=CARTESIAN_POINT($,(31.653648318873,4.69537518257158,0.421875));
#2578=CARTESIAN_POINT($,(31.653648318873,4.69537518257158,1.421875));
#2579=CARTESIAN_POINT($,(30.6220907434307,9.28910967214279,0.84375));
#2580=CARTESIAN_POINT($,(30.6220907434307,9.28910967214279,1.84375));
#2581=CARTESIAN_POINT($,(28.9276573799502,13.681762989769,1.265625));
#2582=CARTESIAN_POINT($,(28.9276573799502,13.681762989769,2.265625));
#2583=CARTESIAN_POINT($,(26.6070275936814,17.7782474566273,1.6875));
#2584=CARTESIAN_POINT($,(26.6070275936814,17.7782474566273,2.6875));
#2585=CARTESIAN_POINT($,(23.7104360113587,21.4898865551046,2.109375));
#2586=CARTESIAN_POINT($,(23.7104360113587,21.4898865551046,3.109375));
#2587=CARTESIAN_POINT($,(20.3005850932367,24.7363345076076,2.53125));
#2588=CARTESIAN_POINT($,(20.3005850932367,24.7363345076076,3.53125));
#2589=CARTESIAN_POINT($,(16.4512878141831,27.4473155200087,2.953125));
#2590=CARTESIAN_POINT($,(16.4512878141831,27.4473155200087,3.953125));
#2591=CARTESIAN_POINT($,(12.2458698356829,29.5641450403612,3.375));
#2592=CARTESIAN_POINT($,(12.2458698356829,29.5641450403612,4.375));
#2593=CARTESIAN_POINT($,(7.77536575690445,31.0410001022254,3.796875));
#2594=CARTESIAN_POINT($,(7.77536575690445,31.0410001022254,4.796875));
#2595=CARTESIAN_POINT($,(3.13654849054594,31.8459112535103,4.21875));
#2596=CARTESIAN_POINT($,(3.13654849054594,31.8459112535103,5.21875));
#2597=CARTESIAN_POINT($,(-1.57016557847738,31.9614545985655,4.640625));
#2598=CARTESIAN_POINT($,(-1.57016557847738,31.9614545985655,5.640625));
#2599=CARTESIAN_POINT($,(-6.2428903045161,31.3851289729034,5.0625));
#2600=CARTESIAN_POINT($,(-6.2428903045161,31.3851289729034,6.0625));
#2601=CARTESIAN_POINT($,(-10.780475308551,30.1294100858567,5.484375));
#2602=CARTESIAN_POINT($,(-10.780475308551,30.1294100858567,6.484375));
#2603=CARTESIAN_POINT($,(-15.0846955784319,28.2214804591474,5.90625));
#2604=CARTESIAN_POINT($,(-15.0846955784319,28.2214804591474,6.90625));
#2605=CARTESIAN_POINT($,(-19.0623777437579,25.7026410073806,6.328125));
#2606=CARTESIAN_POINT($,(-19.0623777437579,25.7026410073806,7.328125));
#2607=CARTESIAN_POINT($,(-22.6274169979695,22.6274169979695,6.75));
#2608=CARTESIAN_POINT($,(-22.6274169979695,22.6274169979695,7.75));
#2609=CARTESIAN_POINT($,(-25.7026410073806,19.0623777437579,7.171875));
#2610=CARTESIAN_POINT($,(-25.7026410073806,19.0623777437579,8.171875));
#2611=CARTESIAN_POINT($,(-28.2214804591474,15.0846955784319,7.59375));
#2612=CARTESIAN_POINT($,(-28.2214804591474,15.0846955784319,8.59375));
#2613=CARTESIAN_POINT($,(-30.1294100858567,10.7804753085511,8.015625));
#2614=CARTESIAN_POINT($,(-30.1294100858567,10.7804753085511,9.015625));
#2615=CARTESIAN_POINT($,(-31.3851289729034,6.24289030451612,8.4375));
#2616=CARTESIAN_POINT($,(-31.3851289729034,6.24289030451612,9.4375));
#2617=CARTESIAN_POINT($,(-31.9614545985655,1.57016557847737,8.859375));
#2618=CARTESIAN_POINT($,(-31.9614545985655,1.57016557847737,9.859375));
#2619=CARTESIAN_POINT($,(-31.8459112535103,-3.13654849054594,9.28125));
#2620=CARTESIAN_POINT($,(-31.8459112535103,-3.13654849054594,10.28125));
#2621=CARTESIAN_POINT($,(-31.0410001022254,-7.77536575690444,9.703125));
#2622=CARTESIAN_POINT($,(-31.0410001022254,-7.77536575690444,10.703125));
#2623=CARTESIAN_POINT($,(-29.5641450403612,-12.2458698356829,10.125));
#2624=CARTESIAN_POINT($,(-29.5641450403612,-12.2458698356829,11.125));
#2625=CARTESIAN_POINT($,(-27.4473155200087,-16.4512878141831,10.546875));
#2626=CARTESIAN_POINT($,(-27.4473155200087,-16.4512878141831,11.546875));
#2627=CARTESIAN_POINT($,(-24.7363345076076,-20.3005850932366,10.96875));
#2628=CARTESIAN_POINT($,(-24.7363345076076,-20.3005850932366,11.96875));
#2629=CARTESIAN_POINT($,(-21.4898865551046,-23.7104360113587,11.390625));
#2630=CARTESIAN_POINT($,(-21.4898865551046,-23.7104360113587,12.390625));
#2631=CARTESIAN_POINT($,(-17.7782474566273,-26.6070275936814,11.8125));
#2632=CARTESIAN_POINT($,(-17.7782474566273,-26.6070275936814,12.8125));
#2633=CARTESIAN_POINT($,(-13.681762989769,-28.9276573799502,12.234375));
#2634=CARTESIAN_POINT($,(-13.681762989769,-28.9276573799502,13.234375));
#2635=CARTESIAN_POINT($,(-9.2891096721428,-30.6220907434307,12.65625));
#2636=CARTESIAN_POINT($,(-9.2891096721428,-30.6220907434307,13.65625));
#2637=CARTESIAN_POINT($,(-4.69537518257159,-31.653648318873,13.078125));
#2638=CARTESIAN_POINT($,(-4.69537518257159,-31.653648318873,14.078125));
#2639=CARTESIAN_POINT($,(-0.000000000000006,-32,13.5));
#2640=CARTESIAN_POINT($,(-0.000000000000006,-32,14.5));
#2641=B_SPLINE_SURFACE_WITH_KNOTS($,1,1,((#2575,#2576),(#2577,#2578),(#2579,#2580),(#2581,#2582),(#2583,#2584),(#2585,#2586),(#2587,#2588),(#2589,#2590),(#2591,#2592),(#2593,#2594),(#2595,#2596),(#2597,#2598),(#2599,#2600),(#2601,#2602),(#2603,#2604),(#2605,#2606),(#2607,#2608),(#2609,#2610),(#2611,#2612),(#2613,#2614),(#2615,#2616),(#2617,#2618),(#2619,#2620),(#2621,#2622),(#2623,#2624),(#2625,#2626),(#2627,#2628),(#2629,#2630),(#2631,#2632),(#2633,#2634),(#2635,#2636),(#2637,#2638),(#2639,#2640)),.RULED_SURFACE.,.F.,.F.,.F.,(2,1,1,1,1,1,1,1,1,1,1,1,1,1,1,1,1,1,1,1,1,1,1,1,1,1,1,1,1,1,1,1,2),(2,2),(0,0.03125,0.0625,0.09375,0.125,0.15625,0.1875,0.21875,0.25,0.28125,0.3125,0.34375,0.375,0.40625,0.4375,0.46875,0.5,0.53125,0.5625,0.59375,0.625,0.65625,0.6875,0.71875,0.75,0.78125,0.8125,0.84375,0.875,0.90625,0.9375,0.96875,1),(0,1),.UNSPECIFIED.);
#2642=ORIENTED_EDGE($,$,$,#1167,.T.);
#2643=CARTESIAN_POINT($,(-0.000000000000006,-32,13.5));
#2644=DIRECTION($,(0,0,1));
#2645=VECTOR($,#2644,1);
#2646=LINE($,#2643,#2645);
#2647=EDGE_CURVE($,#1132,#2377,#2646,.T.);
#2648=ORIENTED_EDGE($,$,$,#2647,.T.);
#2649=ORIENTED_EDGE($,$,$,#2450,.F.);
#2650=ORIENTED_EDGE($,$,$,#2563,.F.);
#2651=EDGE_LOOP($,(#2642,#2648,#2649,#2650));
#2652=FACE_OUTER_BOUND('',#2651,.T.);
#2653=ADVANCED_FACE('',(#2652),#2641,.T.);
#2654=CARTESIAN_POINT($,(-0.000000000000006,-32,13.5));
#2655=CARTESIAN_POINT($,(-0.000000000000006,-32,14.5));
#2656=CARTESIAN_POINT($,(-0.000000000000006,-31,13.5));
#2657=CARTESIAN_POINT($,(-0.000000000000006,-31,14.5));
#2658=CARTESIAN_POINT($,(-0.000000000000006,-30,13.5));
#2659=CARTESIAN_POINT($,(-0.000000000000006,-30,14.5));
#2660=CARTESIAN_POINT($,(-0.000000000000005,-29,13.5));
#2661=CARTESIAN_POINT($,(-0.000000000000005,-29,14.5));
#2662=CARTESIAN_POINT($,(-0.000000000000005,-28,13.5));
#2663=CARTESIAN_POINT($,(-0.000000000000005,-28,14.5));
#2664=CARTESIAN_POINT($,(-0.000000000000005,-27,13.5));
#2665=CARTESIAN_POINT($,(-0.000000000000005,-27,14.5));
#2666=CARTESIAN_POINT($,(-0.000000000000005,-26,13.5));
#2667=CARTESIAN_POINT($,(-0.000000000000005,-26,14.5));
#2668=CARTESIAN_POINT($,(-0.000000000000005,-25,13.5));
#2669=CARTESIAN_POINT($,(-0.000000000000005,-25,14.5));
#2670=CARTESIAN_POINT($,(-0.000000000000004,-24,13.5));
#2671=CARTESIAN_POINT($,(-0.000000000000004,-24,14.5));
#2672=CARTESIAN_POINT($,(-0.000000000000004,-23,13.5));
#2673=CARTESIAN_POINT($,(-0.000000000000004,-23,14.5));
#2674=CARTESIAN_POINT($,(-0.000000000000004,-22,13.5));
#2675=CARTESIAN_POINT($,(-0.000000000000004,-22,14.5));
#2676=CARTESIAN_POINT($,(-0.000000000000004,-21,13.5));
#2677=CARTESIAN_POINT($,(-0.000000000000004,-21,14.5));
#2678=CARTESIAN_POINT($,(-0.000000000000004,-20,13.5));
#2679=CARTESIAN_POINT($,(-0.000000000000004,-20,14.5));
#2680=CARTESIAN_POINT($,(-0.000000000000003,-19,13.5));
#2681=CARTESIAN_POINT($,(-0.000000000000003,-19,14.5));
#2682=CARTESIAN_POINT($,(-0.000000000000003,-18,13.5));
#2683=CARTESIAN_POINT($,(-0.000000000000003,-18,14.5));
#2684=CARTESIAN_POINT($,(-0.000000000000003,-17,13.5));
#2685=CARTESIAN_POINT($,(-0.000000000000003,-17,14.5));
#2686=CARTESIAN_POINT($,(-0.000000000000003,-16,13.5));
#2687=CARTESIAN_POINT($,(-0.000000000000003,-16,14.5));
#2688=CARTESIAN_POINT($,(-0.000000000000003,-15,13.5));
#2689=CARTESIAN_POINT($,(-0.000000000000003,-15,14.5));
#2690=CARTESIAN_POINT($,(-0.000000000000003,-14,13.5));
#2691=CARTESIAN_POINT($,(-0.000000000000003,-14,14.5));
#2692=CARTESIAN_POINT($,(-0.000000000000002,-13,13.5));
#2693=CARTESIAN_POINT($,(-0.000000000000002,-13,14.5));
#2694=CARTESIAN_POINT($,(-0.000000000000002,-12,13.5));
#2695=CARTESIAN_POINT($,(-0.000000000000002,-12,14.5));
#2696=CARTESIAN_POINT($,(-0.000000000000002,-11,13.5));
#2697=CARTESIAN_POINT($,(-0.000000000000002,-11,14.5));
#2698=CARTESIAN_POINT($,(-0.000000000000002,-10,13.5));
#2699=CARTESIAN_POINT($,(-0.000000000000002,-10,14.5));
#2700=CARTESIAN_POINT($,(-0.000000000000002,-9,13.5));
#2701=CARTESIAN_POINT($,(-0.000000000000002,-9,14.5));
#2702=CARTESIAN_POINT($,(-0.000000000000001,-8,13.5));
#2703=CARTESIAN_POINT($,(-0.000000000000001,-8,14.5));
#2704=CARTESIAN_POINT($,(-0.000000000000001,-7,13.5));
#2705=CARTESIAN_POINT($,(-0.000000000000001,-7,14.5));
#2706=CARTESIAN_POINT($,(-0.000000000000001,-6,13.5));
#2707=CARTESIAN_POINT($,(-0.000000000000001,-6,14.5));
#2708=CARTESIAN_POINT($,(-0.000000000000001,-5,13.5));
#2709=CARTESIAN_POINT($,(-0.000000000000001,-5,14.5));
#2710=CARTESIAN_POINT($,(-0.000000000000001,-4,13.5));
#2711=CARTESIAN_POINT($,(-0.000000000000001,-4,14.5));
#2712=CARTESIAN_POINT($,(-0.000000000000001,-3,13.5));
#2713=CARTESIAN_POINT($,(-0.000000000000001,-3,14.5));
#2714=CARTESIAN_POINT($,(-0,-2,13.5));
#2715=CARTESIAN_POINT($,(-0,-2,14.5));
#2716=CARTESIAN_POINT($,(-0,-1,13.5));
#2717=CARTESIAN_POINT($,(-0,-1,14.5));
#2718=CARTESIAN_POINT($,(-0,-0,13.5));
#2719=CARTESIAN_POINT($,(0,0,14.5));
#2720=B_SPLINE_SURFACE_WITH_KNOTS($,1,1,((#2654,#2655),(#2656,#2657),(#2658,#2659),(#2660,#2661),(#2662,#2663),(#2664,#2665),(#2666,#2667),(#2668,#2669),(#2670,#2671),(#2672,#2673),(#2674,#2675),(#2676,#2677),(#2678,#2679),(#2680,#2681),(#2682,#2683),(#2684,#2685),(#2686,#2687),(#2688,#2689),(#2690,#2691),(#2692,#2693),(#2694,#2695),(#2696,#2697),(#2698,#2699),(#2700,#2701),(#2702,#2703),(#2704,#2705),(#2706,#2707),(#2708,#2709),(#2710,#2711),(#2712,#2713),(#2714,#2715),(#2716,#2717),(#2718,#2719)),.RULED_SURFACE.,.F.,.F.,.F.,(2,1,1,1,1,1,1,1,1,1,1,1,1,1,1,1,1,1,1,1,1,1,1,1,1,1,1,1,1,1,1,1,2),(2,2),(0,0.03125,0.0625,0.09375,0.125,0.15625,0.1875,0.21875,0.25,0.28125,0.3125,0.34375,0.375,0.40625,0.4375,0.46875,0.5,0.53125,0.5625,0.59375,0.625,0.65625,0.6875,0.71875,0.75,0.78125,0.8125,0.84375,0.875,0.90625,0.9375,0.96875,1),(0,1),.UNSPECIFIED.);
#2721=ORIENTED_EDGE($,$,$,#1205,.T.);
#2722=CARTESIAN_POINT($,(-0,-0,13.5));
#2723=DIRECTION($,(0,0,1));
#2724=VECTOR($,#2723,1);
#2725=LINE($,#2722,#2724);
#2726=EDGE_CURVE($,#1170,#2337,#2725,.T.);
#2727=ORIENTED_EDGE($,$,$,#2726,.T.);
#2728=ORIENTED_EDGE($,$,$,#2412,.F.);
#2729=ORIENTED_EDGE($,$,$,#2647,.F.);
#2730=EDGE_LOOP($,(#2721,#2727,#2728,#2729));
#2731=FACE_OUTER_BOUND('',#2730,.T.);
#2732=ADVANCED_FACE('',(#2731),#2720,.T.);
#2733=CARTESIAN_POINT($,(-0,-0,13.5));
#2734=CARTESIAN_POINT($,(0,0,14.5));
#2735=CARTESIAN_POINT($,(-0,-0,13.078125));
#2736=CARTESIAN_POINT($,(0,0,14.078125));
#2737=CARTESIAN_POINT($,(-0,-0,12.65625));
#2738=CARTESIAN_POINT($,(0,0,13.65625));
#2739=CARTESIAN_POINT($,(-0,-0,12.234375));
#2740=CARTESIAN_POINT($,(0,0,13.234375));
#2741=CARTESIAN_POINT($,(-0,-0,11.8125));
#2742=CARTESIAN_POINT($,(0,0,12.8125));
#2743=CARTESIAN_POINT($,(-0,-0,11.390625));
#2744=CARTESIAN_POINT($,(0,0,12.390625));
#2745=CARTESIAN_POINT($,(-0,-0,10.96875));
#2746=CARTESIAN_POINT($,(0,0,11.96875));
#2747=CARTESIAN_POINT($,(-0,-0,10.546875));
#2748=CARTESIAN_POINT($,(0,0,11.546875));
#2749=CARTESIAN_POINT($,(-0,-0,10.125));
#2750=CARTESIAN_POINT($,(0,0,11.125));
#2751=CARTESIAN_POINT($,(-0,-0,9.703125));
#2752=CARTESIAN_POINT($,(0,0,10.703125));
#2753=CARTESIAN_POINT($,(-0,-0,9.28125));
#2754=CARTESIAN_POINT($,(0,0,10.28125));
#2755=CARTESIAN_POINT($,(-0,0,8.859375));
#2756=CARTESIAN_POINT($,(0,0,9.859375));
#2757=CARTESIAN_POINT($,(-0,0,8.4375));
#2758=CARTESIAN_POINT($,(0,0,9.4375));
#2759=CARTESIAN_POINT($,(-0,0,8.015625));
#2760=CARTESIAN_POINT($,(0,0,9.015625));
#2761=CARTESIAN_POINT($,(-0,0,7.59375));
#2762=CARTESIAN_POINT($,(0,0,8.59375));
#2763=CARTESIAN_POINT($,(-0,0,7.171875));
#2764=CARTESIAN_POINT($,(0,0,8.171875));
#2765=CARTESIAN_POINT($,(-0,0,6.75));
#2766=CARTESIAN_POINT($,(0,0,7.75));
#2767=CARTESIAN_POINT($,(-0,0,6.328125));
#2768=CARTESIAN_POINT($,(0,0,7.328125));
#2769=CARTESIAN_POINT($,(-0,0,5.90625));
#2770=CARTESIAN_POINT($,(0,0,6.90625));
#2771=CARTESIAN_POINT($,(-0,0,5.484375));
#2772=CARTESIAN_POINT($,(0,0,6.484375));
#2773=CARTESIAN_POINT($,(-0,0,5.0625));
#2774=CARTESIAN_POINT($,(0,0,6.0625));
#2775=CARTESIAN_POINT($,(-0,0,4.640625));
#2776=CARTESIAN_POINT($,(0,0,5.640625));
#2777=CARTESIAN_POINT($,(0,0,4.21875));
#2778=CARTESIAN_POINT($,(0,0,5.21875));
#2779=CARTESIAN_POINT($,(0,0,3.796875));
#2780=CARTESIAN_POINT($,(0,0,4.796875));
#2781=CARTESIAN_POINT($,(0,0,3.375));
#2782=CARTESIAN_POINT($,(0,0,4.375));
#2783=CARTESIAN_POINT($,(0,0,2.953125));
#2784=CARTESIAN_POINT($,(0,0,3.953125));
#2785=CARTESIAN_POINT($,(0,0,2.53125));
#2786=CARTESIAN_POINT($,(0,0,3.53125));
#2787=CARTESIAN_POINT($,(0,0,2.109375));
#2788=CARTESIAN_POINT($,(0,0,3.109375));
#2789=CARTESIAN_POINT($,(0,0,1.6875));
#2790=CARTESIAN_POINT($,(0,0,2.6875));
#2791=CARTESIAN_POINT($,(0,0,1.265625));
#2792=CARTESIAN_POINT($,(0,0,2.265625));
#2793=CARTESIAN_POINT($,(0,0,0.84375));
#2794=CARTESIAN_POINT($,(0,0,1.84375));
#2795=CARTESIAN_POINT($,(0,0,0.421875));
#2796=CARTESIAN_POINT($,(0,0,1.421875));
#2797=CARTESIAN_POINT($,(0,0,0));
#2798=CARTESIAN_POINT($,(0,0,1));
#2799=B_SPLINE_SURFACE_WITH_KNOTS($,1,1,((#2733,#2734),(#2735,#2736),(#2737,#2738),(#2739,#2740),(#2741,#2742),(#2743,#2744),(#2745,#2746),(#2747,#2748),(#2749,#2750),(#2751,#2752),(#2753,#2754),(#2755,#2756),(#2757,#2758),(#2759,#2760),(#2761,#2762),(#2763,#2764),(#2765,#2766),(#2767,#2768),(#2769,#2770),(#2771,#2772),(#2773,#2774),(#2775,#2776),(#2777,#2778),(#2779,#2780),(#2781,#2782),(#2783,#2784),(#2785,#2786),(#2787,#2788),(#2789,#2790),(#2791,#2792),(#2793,#2794),(#2795,#2796),(#2797,#2798)),.RULED_SURFACE.,.F.,.F.,.F.,(2,1,1,1,1,1,1,1,1,1,1,1,1,1,1,1,1,1,1,1,1,1,1,1,1,1,1,1,1,1,1,1,2),(2,2),(0,0.03125,0.0625,0.09375,0.125,0.15625,0.1875,0.21875,0.25,0.28125,0.3125,0.34375,0.375,0.40625,0.4375,0.46875,0.5,0.53125,0.5625,0.59375,0.625,0.65625,0.6875,0.71875,0.75,0.78125,0.8125,0.84375,0.875,0.90625,0.9375,0.96875,1),(0,1),.UNSPECIFIED.);
#2800=ORIENTED_EDGE($,$,$,#1241,.T.);
#2801=ORIENTED_EDGE($,$,$,#2570,.T.);
#2802=ORIENTED_EDGE($,$,$,#2374,.F.);
#2803=ORIENTED_EDGE($,$,$,#2726,.F.);
#2804=EDGE_LOOP($,(#2800,#2801,#2802,#2803));
#2805=FACE_OUTER_BOUND('',#2804,.T.);
#2806=ADVANCED_FACE('',(#2805),#2799,.T.);
#2807=CLOSED_SHELL($,(#1245,#2490,#2574,#2653,#2732,#2806));
#2808=MANIFOLD_SOLID_BREP('AetherisBody',#2807);
#2809=APPLICATION_CONTEXT('mechanical design');
#2810=PRODUCT_CONTEXT('',#2809,'mechanical');
#2811=PRODUCT('AETHERIS','AetherisBody','',(#2810));
#2812=PRODUCT_DEFINITION_FORMATION('','',#2811);
#2813=PRODUCT_DEFINITION_CONTEXT('design',#2809,'design');
#2814=PRODUCT_DEFINITION('','',#2812,#2813);
#2815=PRODUCT_DEFINITION_SHAPE('','',#2814);
#2816=(LENGTH_UNIT()NAMED_UNIT(*)SI_UNIT(.MILLI.,.METRE.));
#2817=(NAMED_UNIT(*)PLANE_ANGLE_UNIT()SI_UNIT($,.RADIAN.));
#2818=(NAMED_UNIT(*)SI_UNIT($,.STERADIAN.)SOLID_ANGLE_UNIT());
#2819=(GEOMETRIC_REPRESENTATION_CONTEXT(3)GLOBAL_UNIT_ASSIGNED_CONTEXT((#2816,#2817,#2818))REPRESENTATION_CONTEXT('3','3D'));
#2820=SHAPE_REPRESENTATION('AetherisBody',(#2808),#2819);
#2821=SHAPE_DEFINITION_REPRESENTATION(#2815,#2820);
ENDSEC;
END-ISO-10303-21;
